ISO-10303-21;
HEADER;
/* Generated by software containing ST-Developer
 * from STEP Tools, Inc. (www.steptools.com) 
 */
/* OPTION: using custom renumber hook */

FILE_DESCRIPTION(
/* description */ ('STEP AP242 Edition 2',
'CAx-IF Rec.Pracs.---Representation and Presentation of Product Manufa
cturing Information (PMI)---4.0---2014-10-13',
'CAx-IF Rec.Pracs.---3D Tessellated Geometry---0.4---2014-09-14','2;1',
'CAx-IF Rec.Pracs.---User Defined Attributes---1.5---2016-08-15'),
/* implementation_level */ '2;1');

FILE_NAME(
/* name */ 'Havoc F v5 Long - Part 1',
/* time_stamp */ '2026-05-25T18:05:24Z',
/* author */ (''),
/* organization */ (''),
/* preprocessor_version */ 'ST-DEVELOPER v20',
/* originating_system */ 'ONSHAPE BY PTC INC, 1.215',
/* authorisation */ '  ');

FILE_SCHEMA (('AP242_MANAGED_MODEL_BASED_3D_ENGINEERING_MIM_LF { 1 0 10303 442 3 1 4 }'));
ENDSEC;

DATA;
#10=SHAPE_REPRESENTATION_RELATIONSHIP('','',#3781,#11);
#11=ADVANCED_BREP_SHAPE_REPRESENTATION('',(#3779),#6187);
#12=B_SPLINE_SURFACE_WITH_KNOTS('',3,1,((#5781,#5782),(#5783,#5784),(#5785,
#5786),(#5787,#5788)),.RULED_SURF.,.F.,.F.,.F.,(4,4),(2,2),(0.,1.),(0.,
1.),.PIECEWISE_BEZIER_KNOTS.);
#13=B_SPLINE_SURFACE_WITH_KNOTS('',3,1,((#5789,#5790),(#5791,#5792),(#5793,
#5794),(#5795,#5796)),.RULED_SURF.,.F.,.F.,.F.,(4,4),(2,2),(0.821008944518385,
1.),(0.791666666666667,1.),.PIECEWISE_BEZIER_KNOTS.);
#14=B_SPLINE_SURFACE_WITH_KNOTS('',3,1,((#5797,#5798),(#5799,#5800),(#5801,
#5802),(#5803,#5804)),.RULED_SURF.,.F.,.F.,.F.,(4,4),(2,2),(0.895464271381454,
1.),(0.,0.259646317170642),.PIECEWISE_BEZIER_KNOTS.);
#15=B_SPLINE_SURFACE_WITH_KNOTS('',3,1,((#5855,#5856),(#5857,#5858),(#5859,
#5860),(#5861,#5862)),.RULED_SURF.,.F.,.F.,.F.,(4,4),(2,2),(0.,0.251499999999999),
(0.,1.),.PIECEWISE_BEZIER_KNOTS.);
#16=B_SPLINE_SURFACE_WITH_KNOTS('',3,1,((#6089,#6090),(#6091,#6092),(#6093,
#6094),(#6095,#6096)),.RULED_SURF.,.F.,.F.,.F.,(4,4),(2,2),(0.,1.),(0.,
1.),.PIECEWISE_BEZIER_KNOTS.);
#17=B_SPLINE_SURFACE_WITH_KNOTS('',3,1,((#6097,#6098),(#6099,#6100),(#6101,
#6102),(#6103,#6104)),.RULED_SURF.,.F.,.F.,.F.,(4,4),(2,2),(0.895464271381454,
1.),(0.,0.259646317170641),.PIECEWISE_BEZIER_KNOTS.);
#18=B_SPLINE_SURFACE_WITH_KNOTS('',3,1,((#6106,#6107),(#6108,#6109),(#6110,
#6111),(#6112,#6113)),.RULED_SURF.,.F.,.F.,.F.,(4,4),(2,2),(0.,0.251499999999999),
(0.,1.),.PIECEWISE_BEZIER_KNOTS.);
#19=B_SPLINE_SURFACE_WITH_KNOTS('',1,3,((#6151,#6152,#6153,#6154,#6155,
#6156),(#6157,#6158,#6159,#6160,#6161,#6162)),.RULED_SURF.,.F.,.F.,.F.,
(2,2),(4,2,4),(0.,1.),(1.4170730214863,2.27933283753804,3.1415926535898),
 .UNSPECIFIED.);
#20=B_SPLINE_SURFACE_WITH_KNOTS('',1,3,((#6167,#6168,#6169,#6170,#6171,
#6172),(#6173,#6174,#6175,#6176,#6177,#6178)),.RULED_SURF.,.F.,.F.,.F.,
(2,2),(4,2,4),(0.,1.),(3.1415926535898,4.00385246964154,4.86611228569329),
 .UNSPECIFIED.);
#21=CYLINDRICAL_SURFACE('',#3886,0.0015);
#22=CYLINDRICAL_SURFACE('',#3888,0.0015);
#23=CYLINDRICAL_SURFACE('',#3890,0.0015);
#24=CYLINDRICAL_SURFACE('',#3892,0.001);
#25=CYLINDRICAL_SURFACE('',#3894,0.001);
#26=CYLINDRICAL_SURFACE('',#3896,0.001);
#27=CYLINDRICAL_SURFACE('',#3904,0.003);
#28=CYLINDRICAL_SURFACE('',#3906,0.003);
#29=CYLINDRICAL_SURFACE('',#3909,0.0015);
#30=CYLINDRICAL_SURFACE('',#3913,0.001);
#31=CYLINDRICAL_SURFACE('',#3914,0.00250000000000008);
#32=CYLINDRICAL_SURFACE('',#3916,0.0015);
#33=CYLINDRICAL_SURFACE('',#3920,0.0015);
#34=CYLINDRICAL_SURFACE('',#3924,0.0015);
#35=CYLINDRICAL_SURFACE('',#3928,0.001);
#36=CYLINDRICAL_SURFACE('',#3931,0.001);
#37=CYLINDRICAL_SURFACE('',#3934,0.001);
#38=CYLINDRICAL_SURFACE('',#3986,0.0015);
#39=CYLINDRICAL_SURFACE('',#3988,0.0015);
#40=CYLINDRICAL_SURFACE('',#3990,0.0015);
#41=CYLINDRICAL_SURFACE('',#3992,0.001);
#42=CYLINDRICAL_SURFACE('',#3994,0.001);
#43=CYLINDRICAL_SURFACE('',#3996,0.001);
#44=CYLINDRICAL_SURFACE('',#4003,0.003);
#45=CYLINDRICAL_SURFACE('',#4005,0.0015);
#46=CYLINDRICAL_SURFACE('',#4009,0.0015);
#47=CYLINDRICAL_SURFACE('',#4013,0.001);
#48=CYLINDRICAL_SURFACE('',#4016,0.001);
#49=ELLIPSE('',#3813,0.00353553390593284,0.00250000000000008);
#50=ELLIPSE('',#3826,0.00144397695426362,0.001);
#51=ELLIPSE('',#3900,0.00390512483795333,0.003);
#52=ELLIPSE('',#3902,0.00390512483795333,0.003);
#53=ELLIPSE('',#3950,0.00144397695426362,0.001);
#54=ELLIPSE('',#4000,0.00390512483795333,0.003);
#55=ELLIPSE('',#4002,0.00390512483795333,0.003);
#56=B_SPLINE_CURVE_WITH_KNOTS('',3,(#5328,#5329,#5330,#5331,#5332,#5333),
 .UNSPECIFIED.,.F.,.F.,(4,1,1,4),(0.,0.25,0.5,1.),.UNSPECIFIED.);
#57=B_SPLINE_CURVE_WITH_KNOTS('',3,(#5425,#5426,#5427,#5428),
 .UNSPECIFIED.,.F.,.F.,(4,4),(0.0424728678847227,1.),.UNSPECIFIED.);
#58=B_SPLINE_CURVE_WITH_KNOTS('',3,(#5430,#5431,#5432,#5433),
 .UNSPECIFIED.,.F.,.F.,(4,4),(0.0424728678847227,1.),.UNSPECIFIED.);
#59=B_SPLINE_CURVE_WITH_KNOTS('',3,(#5538,#5539,#5540,#5541),
 .UNSPECIFIED.,.F.,.F.,(4,4),(0.,0.00180442599756309),.UNSPECIFIED.);
#60=B_SPLINE_CURVE_WITH_KNOTS('',3,(#5550,#5551,#5552,#5553),
 .UNSPECIFIED.,.F.,.F.,(4,4),(3.46944695195361E-18,0.00190679328084493),
 .UNSPECIFIED.);
#61=B_SPLINE_CURVE_WITH_KNOTS('',3,(#5636,#5637,#5638,#5639),
 .UNSPECIFIED.,.F.,.F.,(4,4),(0.00226329017105498,0.00830589236972999),
 .UNSPECIFIED.);
#62=B_SPLINE_CURVE_WITH_KNOTS('',3,(#5661,#5662,#5663,#5664),
 .UNSPECIFIED.,.F.,.F.,(4,4),(0.,0.00161917782684631),.UNSPECIFIED.);
#63=B_SPLINE_CURVE_WITH_KNOTS('',3,(#5705,#5706,#5707,#5708,#5709),
 .UNSPECIFIED.,.F.,.F.,(4,1,4),(0.,0.00347374637414878,0.00694749274829757),
 .UNSPECIFIED.);
#64=B_SPLINE_CURVE_WITH_KNOTS('',3,(#5806,#5807,#5808,#5809,#5810,#5811,
#5812,#5813,#5814,#5815,#5816),.UNSPECIFIED.,.F.,.F.,(4,1,1,1,1,1,1,1,4),
(0.,0.25,0.375,0.4375,0.5,0.5625,0.625,0.75,1.),.UNSPECIFIED.);
#65=B_SPLINE_CURVE_WITH_KNOTS('',3,(#5819,#5820,#5821,#5822,#5823,#5824,
#5825,#5826,#5827,#5828,#5829),.UNSPECIFIED.,.F.,.F.,(4,1,1,1,1,1,1,1,4),
(0.,0.25,0.375,0.4375,0.5,0.5625,0.625,0.75,1.),.UNSPECIFIED.);
#66=B_SPLINE_CURVE_WITH_KNOTS('',3,(#5836,#5837,#5838,#5839),
 .UNSPECIFIED.,.F.,.F.,(4,4),(2.32792084607069E-7,0.00168345465122046),
 .UNSPECIFIED.);
#67=B_SPLINE_CURVE_WITH_KNOTS('',3,(#5844,#5845,#5846,#5847),
 .UNSPECIFIED.,.F.,.F.,(4,4),(0.,0.00168106500920785),.UNSPECIFIED.);
#68=B_SPLINE_CURVE_WITH_KNOTS('',3,(#5979,#5980,#5981,#5982),
 .UNSPECIFIED.,.F.,.F.,(4,4),(0.,0.00180442599756309),.UNSPECIFIED.);
#69=B_SPLINE_CURVE_WITH_KNOTS('',3,(#6016,#6017,#6018,#6019,#6020,#6021),
 .UNSPECIFIED.,.F.,.F.,(4,1,1,4),(0.,0.5,0.75,1.),.UNSPECIFIED.);
#70=B_SPLINE_CURVE_WITH_KNOTS('',3,(#6029,#6030,#6031,#6032),
 .UNSPECIFIED.,.F.,.F.,(4,4),(0.00226329017105498,0.00830589236972999),
 .UNSPECIFIED.);
#71=B_SPLINE_CURVE_WITH_KNOTS('',3,(#6052,#6053,#6054,#6055,#6056),
 .UNSPECIFIED.,.F.,.F.,(4,1,4),(0.,0.00347374637414878,0.00694749274829757),
 .UNSPECIFIED.);
#72=B_SPLINE_CURVE_WITH_KNOTS('',3,(#6147,#6148,#6149,#6150),
 .UNSPECIFIED.,.F.,.F.,(4,4),(0.,1.),.UNSPECIFIED.);
#73=B_SPLINE_CURVE_WITH_KNOTS('',3,(#6163,#6164,#6165,#6166),
 .UNSPECIFIED.,.F.,.F.,(4,4),(0.,1.),.UNSPECIFIED.);
#74=B_SPLINE_CURVE_WITH_KNOTS('',3,(#6179,#6180,#6181,#6182),
 .UNSPECIFIED.,.F.,.F.,(4,4),(0.,1.),.UNSPECIFIED.);
#75=CIRCLE('',#3790,0.0015);
#76=CIRCLE('',#3792,0.0015);
#77=CIRCLE('',#3809,0.0015);
#78=CIRCLE('',#3810,0.00250000000000008);
#79=CIRCLE('',#3815,0.0015);
#80=CIRCLE('',#3816,0.0015);
#81=CIRCLE('',#3828,0.001);
#82=CIRCLE('',#3829,0.001);
#83=CIRCLE('',#3845,0.0015);
#84=CIRCLE('',#3846,0.0015);
#85=CIRCLE('',#3859,0.003);
#86=CIRCLE('',#3860,0.003);
#87=CIRCLE('',#3861,0.0015);
#88=CIRCLE('',#3882,0.0015);
#89=CIRCLE('',#3887,0.0015);
#90=CIRCLE('',#3889,0.0015);
#91=CIRCLE('',#3891,0.0015);
#92=CIRCLE('',#3893,0.001);
#93=CIRCLE('',#3895,0.001);
#94=CIRCLE('',#3897,0.001);
#95=CIRCLE('',#3905,0.003);
#96=CIRCLE('',#3908,0.001);
#97=CIRCLE('',#3910,0.0015);
#98=CIRCLE('',#3912,0.001);
#99=CIRCLE('',#3917,0.0015);
#100=CIRCLE('',#3919,0.001);
#101=CIRCLE('',#3921,0.0015);
#102=CIRCLE('',#3923,0.001);
#103=CIRCLE('',#3925,0.0015);
#104=CIRCLE('',#3927,0.001);
#105=CIRCLE('',#3929,0.001);
#106=CIRCLE('',#3932,0.001);
#107=CIRCLE('',#3935,0.001);
#108=CIRCLE('',#3952,0.001);
#109=CIRCLE('',#3953,0.001);
#110=CIRCLE('',#3961,0.0015);
#111=CIRCLE('',#3962,0.0015);
#112=CIRCLE('',#3983,0.0015);
#113=CIRCLE('',#3987,0.0015);
#114=CIRCLE('',#3989,0.0015);
#115=CIRCLE('',#3991,0.0015);
#116=CIRCLE('',#3993,0.001);
#117=CIRCLE('',#3995,0.001);
#118=CIRCLE('',#3997,0.001);
#119=CIRCLE('',#4006,0.0015);
#120=CIRCLE('',#4008,0.001);
#121=CIRCLE('',#4010,0.0015);
#122=CIRCLE('',#4012,0.001);
#123=CIRCLE('',#4014,0.001);
#124=CIRCLE('',#4017,0.001);
#125=ORIENTED_EDGE('',*,*,#1153,.T.);
#126=ORIENTED_EDGE('',*,*,#1154,.T.);
#127=ORIENTED_EDGE('',*,*,#1155,.T.);
#128=ORIENTED_EDGE('',*,*,#1156,.F.);
#129=ORIENTED_EDGE('',*,*,#1157,.T.);
#130=ORIENTED_EDGE('',*,*,#1158,.T.);
#131=ORIENTED_EDGE('',*,*,#1153,.F.);
#132=ORIENTED_EDGE('',*,*,#1159,.T.);
#133=ORIENTED_EDGE('',*,*,#1160,.F.);
#134=ORIENTED_EDGE('',*,*,#1161,.T.);
#135=ORIENTED_EDGE('',*,*,#1162,.T.);
#136=ORIENTED_EDGE('',*,*,#1163,.T.);
#137=ORIENTED_EDGE('',*,*,#1164,.T.);
#138=ORIENTED_EDGE('',*,*,#1165,.F.);
#139=ORIENTED_EDGE('',*,*,#1166,.F.);
#140=ORIENTED_EDGE('',*,*,#1167,.T.);
#141=ORIENTED_EDGE('',*,*,#1168,.T.);
#142=ORIENTED_EDGE('',*,*,#1169,.T.);
#143=ORIENTED_EDGE('',*,*,#1170,.F.);
#144=ORIENTED_EDGE('',*,*,#1157,.F.);
#145=ORIENTED_EDGE('',*,*,#1171,.F.);
#146=ORIENTED_EDGE('',*,*,#1167,.F.);
#147=ORIENTED_EDGE('',*,*,#1162,.F.);
#148=ORIENTED_EDGE('',*,*,#1172,.T.);
#149=ORIENTED_EDGE('',*,*,#1173,.F.);
#150=ORIENTED_EDGE('',*,*,#1174,.F.);
#151=ORIENTED_EDGE('',*,*,#1175,.T.);
#152=ORIENTED_EDGE('',*,*,#1176,.T.);
#153=ORIENTED_EDGE('',*,*,#1177,.F.);
#154=ORIENTED_EDGE('',*,*,#1178,.T.);
#155=ORIENTED_EDGE('',*,*,#1179,.T.);
#156=ORIENTED_EDGE('',*,*,#1180,.T.);
#157=ORIENTED_EDGE('',*,*,#1181,.T.);
#158=ORIENTED_EDGE('',*,*,#1182,.T.);
#159=ORIENTED_EDGE('',*,*,#1183,.T.);
#160=ORIENTED_EDGE('',*,*,#1184,.F.);
#161=ORIENTED_EDGE('',*,*,#1185,.F.);
#162=ORIENTED_EDGE('',*,*,#1186,.F.);
#163=ORIENTED_EDGE('',*,*,#1187,.T.);
#164=ORIENTED_EDGE('',*,*,#1188,.T.);
#165=ORIENTED_EDGE('',*,*,#1189,.F.);
#166=ORIENTED_EDGE('',*,*,#1190,.F.);
#167=ORIENTED_EDGE('',*,*,#1191,.F.);
#168=ORIENTED_EDGE('',*,*,#1192,.F.);
#169=ORIENTED_EDGE('',*,*,#1193,.T.);
#170=ORIENTED_EDGE('',*,*,#1194,.T.);
#171=ORIENTED_EDGE('',*,*,#1195,.T.);
#172=ORIENTED_EDGE('',*,*,#1196,.F.);
#173=ORIENTED_EDGE('',*,*,#1197,.F.);
#174=ORIENTED_EDGE('',*,*,#1198,.F.);
#175=ORIENTED_EDGE('',*,*,#1199,.F.);
#176=ORIENTED_EDGE('',*,*,#1200,.F.);
#177=ORIENTED_EDGE('',*,*,#1201,.F.);
#178=ORIENTED_EDGE('',*,*,#1202,.T.);
#179=ORIENTED_EDGE('',*,*,#1203,.T.);
#180=ORIENTED_EDGE('',*,*,#1204,.F.);
#181=ORIENTED_EDGE('',*,*,#1205,.T.);
#182=ORIENTED_EDGE('',*,*,#1206,.F.);
#183=ORIENTED_EDGE('',*,*,#1207,.T.);
#184=ORIENTED_EDGE('',*,*,#1208,.F.);
#185=ORIENTED_EDGE('',*,*,#1209,.F.);
#186=ORIENTED_EDGE('',*,*,#1210,.T.);
#187=ORIENTED_EDGE('',*,*,#1211,.T.);
#188=ORIENTED_EDGE('',*,*,#1212,.F.);
#189=ORIENTED_EDGE('',*,*,#1213,.F.);
#190=ORIENTED_EDGE('',*,*,#1214,.T.);
#191=ORIENTED_EDGE('',*,*,#1215,.F.);
#192=ORIENTED_EDGE('',*,*,#1216,.F.);
#193=ORIENTED_EDGE('',*,*,#1217,.T.);
#194=ORIENTED_EDGE('',*,*,#1218,.T.);
#195=ORIENTED_EDGE('',*,*,#1219,.F.);
#196=ORIENTED_EDGE('',*,*,#1220,.F.);
#197=ORIENTED_EDGE('',*,*,#1221,.T.);
#198=ORIENTED_EDGE('',*,*,#1222,.T.);
#199=ORIENTED_EDGE('',*,*,#1223,.F.);
#200=ORIENTED_EDGE('',*,*,#1224,.T.);
#201=ORIENTED_EDGE('',*,*,#1225,.F.);
#202=ORIENTED_EDGE('',*,*,#1226,.T.);
#203=ORIENTED_EDGE('',*,*,#1227,.T.);
#204=ORIENTED_EDGE('',*,*,#1228,.T.);
#205=ORIENTED_EDGE('',*,*,#1229,.F.);
#206=ORIENTED_EDGE('',*,*,#1230,.F.);
#207=ORIENTED_EDGE('',*,*,#1231,.F.);
#208=ORIENTED_EDGE('',*,*,#1232,.T.);
#209=ORIENTED_EDGE('',*,*,#1233,.T.);
#210=ORIENTED_EDGE('',*,*,#1234,.F.);
#211=ORIENTED_EDGE('',*,*,#1178,.F.);
#212=ORIENTED_EDGE('',*,*,#1235,.T.);
#213=ORIENTED_EDGE('',*,*,#1227,.F.);
#214=ORIENTED_EDGE('',*,*,#1236,.T.);
#215=ORIENTED_EDGE('',*,*,#1237,.T.);
#216=ORIENTED_EDGE('',*,*,#1238,.F.);
#217=ORIENTED_EDGE('',*,*,#1192,.T.);
#218=ORIENTED_EDGE('',*,*,#1239,.T.);
#219=ORIENTED_EDGE('',*,*,#1231,.T.);
#220=ORIENTED_EDGE('',*,*,#1240,.T.);
#221=ORIENTED_EDGE('',*,*,#1241,.F.);
#222=ORIENTED_EDGE('',*,*,#1242,.F.);
#223=ORIENTED_EDGE('',*,*,#1243,.F.);
#224=ORIENTED_EDGE('',*,*,#1244,.T.);
#225=ORIENTED_EDGE('',*,*,#1245,.T.);
#226=ORIENTED_EDGE('',*,*,#1246,.T.);
#227=ORIENTED_EDGE('',*,*,#1247,.T.);
#228=ORIENTED_EDGE('',*,*,#1248,.F.);
#229=ORIENTED_EDGE('',*,*,#1155,.F.);
#230=ORIENTED_EDGE('',*,*,#1249,.T.);
#231=ORIENTED_EDGE('',*,*,#1169,.F.);
#232=ORIENTED_EDGE('',*,*,#1250,.F.);
#233=ORIENTED_EDGE('',*,*,#1251,.F.);
#234=ORIENTED_EDGE('',*,*,#1252,.F.);
#235=ORIENTED_EDGE('',*,*,#1253,.F.);
#236=ORIENTED_EDGE('',*,*,#1254,.T.);
#237=ORIENTED_EDGE('',*,*,#1255,.T.);
#238=ORIENTED_EDGE('',*,*,#1256,.T.);
#239=ORIENTED_EDGE('',*,*,#1257,.F.);
#240=ORIENTED_EDGE('',*,*,#1203,.F.);
#241=ORIENTED_EDGE('',*,*,#1258,.F.);
#242=ORIENTED_EDGE('',*,*,#1259,.F.);
#243=ORIENTED_EDGE('',*,*,#1260,.T.);
#244=ORIENTED_EDGE('',*,*,#1261,.T.);
#245=ORIENTED_EDGE('',*,*,#1262,.T.);
#246=ORIENTED_EDGE('',*,*,#1263,.F.);
#247=ORIENTED_EDGE('',*,*,#1264,.T.);
#248=ORIENTED_EDGE('',*,*,#1265,.F.);
#249=ORIENTED_EDGE('',*,*,#1266,.T.);
#250=ORIENTED_EDGE('',*,*,#1267,.T.);
#251=ORIENTED_EDGE('',*,*,#1268,.F.);
#252=ORIENTED_EDGE('',*,*,#1269,.F.);
#253=ORIENTED_EDGE('',*,*,#1270,.F.);
#254=ORIENTED_EDGE('',*,*,#1271,.T.);
#255=ORIENTED_EDGE('',*,*,#1272,.T.);
#256=ORIENTED_EDGE('',*,*,#1215,.T.);
#257=ORIENTED_EDGE('',*,*,#1273,.T.);
#258=ORIENTED_EDGE('',*,*,#1274,.F.);
#259=ORIENTED_EDGE('',*,*,#1275,.F.);
#260=ORIENTED_EDGE('',*,*,#1276,.F.);
#261=ORIENTED_EDGE('',*,*,#1277,.T.);
#262=ORIENTED_EDGE('',*,*,#1278,.T.);
#263=ORIENTED_EDGE('',*,*,#1279,.T.);
#264=ORIENTED_EDGE('',*,*,#1280,.F.);
#265=ORIENTED_EDGE('',*,*,#1281,.F.);
#266=ORIENTED_EDGE('',*,*,#1282,.F.);
#267=ORIENTED_EDGE('',*,*,#1283,.T.);
#268=ORIENTED_EDGE('',*,*,#1284,.F.);
#269=ORIENTED_EDGE('',*,*,#1233,.F.);
#270=ORIENTED_EDGE('',*,*,#1285,.T.);
#271=ORIENTED_EDGE('',*,*,#1190,.T.);
#272=ORIENTED_EDGE('',*,*,#1286,.F.);
#273=ORIENTED_EDGE('',*,*,#1287,.F.);
#274=ORIENTED_EDGE('',*,*,#1288,.T.);
#275=ORIENTED_EDGE('',*,*,#1289,.T.);
#276=ORIENTED_EDGE('',*,*,#1290,.T.);
#277=ORIENTED_EDGE('',*,*,#1291,.F.);
#278=ORIENTED_EDGE('',*,*,#1292,.T.);
#279=ORIENTED_EDGE('',*,*,#1293,.F.);
#280=ORIENTED_EDGE('',*,*,#1294,.F.);
#281=ORIENTED_EDGE('',*,*,#1295,.F.);
#282=ORIENTED_EDGE('',*,*,#1229,.T.);
#283=ORIENTED_EDGE('',*,*,#1296,.T.);
#284=ORIENTED_EDGE('',*,*,#1176,.F.);
#285=ORIENTED_EDGE('',*,*,#1297,.F.);
#286=ORIENTED_EDGE('',*,*,#1298,.T.);
#287=ORIENTED_EDGE('',*,*,#1299,.T.);
#288=ORIENTED_EDGE('',*,*,#1300,.F.);
#289=ORIENTED_EDGE('',*,*,#1301,.F.);
#290=ORIENTED_EDGE('',*,*,#1302,.F.);
#291=ORIENTED_EDGE('',*,*,#1303,.T.);
#292=ORIENTED_EDGE('',*,*,#1304,.T.);
#293=ORIENTED_EDGE('',*,*,#1305,.T.);
#294=ORIENTED_EDGE('',*,*,#1306,.T.);
#295=ORIENTED_EDGE('',*,*,#1307,.F.);
#296=ORIENTED_EDGE('',*,*,#1308,.T.);
#297=ORIENTED_EDGE('',*,*,#1309,.F.);
#298=ORIENTED_EDGE('',*,*,#1310,.T.);
#299=ORIENTED_EDGE('',*,*,#1311,.T.);
#300=ORIENTED_EDGE('',*,*,#1312,.T.);
#301=ORIENTED_EDGE('',*,*,#1313,.T.);
#302=ORIENTED_EDGE('',*,*,#1314,.F.);
#303=ORIENTED_EDGE('',*,*,#1315,.F.);
#304=ORIENTED_EDGE('',*,*,#1316,.T.);
#305=ORIENTED_EDGE('',*,*,#1317,.T.);
#306=ORIENTED_EDGE('',*,*,#1318,.F.);
#307=ORIENTED_EDGE('',*,*,#1319,.F.);
#308=ORIENTED_EDGE('',*,*,#1320,.T.);
#309=ORIENTED_EDGE('',*,*,#1321,.T.);
#310=ORIENTED_EDGE('',*,*,#1322,.F.);
#311=ORIENTED_EDGE('',*,*,#1323,.T.);
#312=ORIENTED_EDGE('',*,*,#1324,.F.);
#313=ORIENTED_EDGE('',*,*,#1325,.T.);
#314=ORIENTED_EDGE('',*,*,#1326,.T.);
#315=ORIENTED_EDGE('',*,*,#1327,.T.);
#316=ORIENTED_EDGE('',*,*,#1328,.T.);
#317=ORIENTED_EDGE('',*,*,#1329,.T.);
#318=ORIENTED_EDGE('',*,*,#1330,.T.);
#319=ORIENTED_EDGE('',*,*,#1331,.T.);
#320=ORIENTED_EDGE('',*,*,#1332,.T.);
#321=ORIENTED_EDGE('',*,*,#1333,.T.);
#322=ORIENTED_EDGE('',*,*,#1263,.T.);
#323=ORIENTED_EDGE('',*,*,#1334,.F.);
#324=ORIENTED_EDGE('',*,*,#1335,.T.);
#325=ORIENTED_EDGE('',*,*,#1246,.F.);
#326=ORIENTED_EDGE('',*,*,#1336,.T.);
#327=ORIENTED_EDGE('',*,*,#1278,.F.);
#328=ORIENTED_EDGE('',*,*,#1337,.F.);
#329=ORIENTED_EDGE('',*,*,#1338,.F.);
#330=ORIENTED_EDGE('',*,*,#1339,.F.);
#331=ORIENTED_EDGE('',*,*,#1340,.F.);
#332=ORIENTED_EDGE('',*,*,#1341,.T.);
#333=ORIENTED_EDGE('',*,*,#1339,.T.);
#334=ORIENTED_EDGE('',*,*,#1342,.T.);
#335=ORIENTED_EDGE('',*,*,#1343,.F.);
#336=ORIENTED_EDGE('',*,*,#1241,.T.);
#337=ORIENTED_EDGE('',*,*,#1344,.T.);
#338=ORIENTED_EDGE('',*,*,#1345,.T.);
#339=ORIENTED_EDGE('',*,*,#1283,.F.);
#340=ORIENTED_EDGE('',*,*,#1346,.T.);
#341=ORIENTED_EDGE('',*,*,#1341,.F.);
#342=ORIENTED_EDGE('',*,*,#1308,.F.);
#343=ORIENTED_EDGE('',*,*,#1347,.T.);
#344=ORIENTED_EDGE('',*,*,#1348,.F.);
#345=ORIENTED_EDGE('',*,*,#1349,.F.);
#346=ORIENTED_EDGE('',*,*,#1350,.F.);
#347=ORIENTED_EDGE('',*,*,#1351,.T.);
#348=ORIENTED_EDGE('',*,*,#1303,.F.);
#349=ORIENTED_EDGE('',*,*,#1352,.F.);
#350=ORIENTED_EDGE('',*,*,#1353,.F.);
#351=ORIENTED_EDGE('',*,*,#1354,.T.);
#352=ORIENTED_EDGE('',*,*,#1355,.F.);
#353=ORIENTED_EDGE('',*,*,#1356,.T.);
#354=ORIENTED_EDGE('',*,*,#1357,.T.);
#355=ORIENTED_EDGE('',*,*,#1358,.T.);
#356=ORIENTED_EDGE('',*,*,#1359,.F.);
#357=ORIENTED_EDGE('',*,*,#1360,.T.);
#358=ORIENTED_EDGE('',*,*,#1361,.T.);
#359=ORIENTED_EDGE('',*,*,#1362,.T.);
#360=ORIENTED_EDGE('',*,*,#1363,.F.);
#361=ORIENTED_EDGE('',*,*,#1364,.F.);
#362=ORIENTED_EDGE('',*,*,#1365,.T.);
#363=ORIENTED_EDGE('',*,*,#1366,.F.);
#364=ORIENTED_EDGE('',*,*,#1367,.F.);
#365=ORIENTED_EDGE('',*,*,#1368,.F.);
#366=ORIENTED_EDGE('',*,*,#1369,.F.);
#367=ORIENTED_EDGE('',*,*,#1370,.T.);
#368=ORIENTED_EDGE('',*,*,#1371,.F.);
#369=ORIENTED_EDGE('',*,*,#1372,.F.);
#370=ORIENTED_EDGE('',*,*,#1373,.T.);
#371=ORIENTED_EDGE('',*,*,#1364,.T.);
#372=ORIENTED_EDGE('',*,*,#1374,.F.);
#373=ORIENTED_EDGE('',*,*,#1375,.T.);
#374=ORIENTED_EDGE('',*,*,#1376,.T.);
#375=ORIENTED_EDGE('',*,*,#1377,.T.);
#376=ORIENTED_EDGE('',*,*,#1378,.T.);
#377=ORIENTED_EDGE('',*,*,#1379,.T.);
#378=ORIENTED_EDGE('',*,*,#1380,.F.);
#379=ORIENTED_EDGE('',*,*,#1381,.F.);
#380=ORIENTED_EDGE('',*,*,#1370,.F.);
#381=ORIENTED_EDGE('',*,*,#1382,.F.);
#382=ORIENTED_EDGE('',*,*,#1383,.F.);
#383=ORIENTED_EDGE('',*,*,#1384,.F.);
#384=ORIENTED_EDGE('',*,*,#1385,.T.);
#385=ORIENTED_EDGE('',*,*,#1386,.F.);
#386=ORIENTED_EDGE('',*,*,#1387,.F.);
#387=ORIENTED_EDGE('',*,*,#1388,.F.);
#388=ORIENTED_EDGE('',*,*,#1389,.T.);
#389=ORIENTED_EDGE('',*,*,#1335,.F.);
#390=ORIENTED_EDGE('',*,*,#1390,.T.);
#391=ORIENTED_EDGE('',*,*,#1391,.T.);
#392=ORIENTED_EDGE('',*,*,#1392,.T.);
#393=ORIENTED_EDGE('',*,*,#1393,.T.);
#394=ORIENTED_EDGE('',*,*,#1188,.F.);
#395=ORIENTED_EDGE('',*,*,#1394,.T.);
#396=ORIENTED_EDGE('',*,*,#1395,.T.);
#397=ORIENTED_EDGE('',*,*,#1297,.T.);
#398=ORIENTED_EDGE('',*,*,#1228,.F.);
#399=ORIENTED_EDGE('',*,*,#1235,.F.);
#400=ORIENTED_EDGE('',*,*,#1177,.T.);
#401=ORIENTED_EDGE('',*,*,#1296,.F.);
#402=ORIENTED_EDGE('',*,*,#1238,.T.);
#403=ORIENTED_EDGE('',*,*,#1396,.T.);
#404=ORIENTED_EDGE('',*,*,#1372,.T.);
#405=ORIENTED_EDGE('',*,*,#1397,.F.);
#406=ORIENTED_EDGE('',*,*,#1398,.T.);
#407=ORIENTED_EDGE('',*,*,#1179,.F.);
#408=ORIENTED_EDGE('',*,*,#1399,.F.);
#409=ORIENTED_EDGE('',*,*,#1237,.F.);
#410=ORIENTED_EDGE('',*,*,#1400,.F.);
#411=ORIENTED_EDGE('',*,*,#1401,.F.);
#412=ORIENTED_EDGE('',*,*,#1173,.T.);
#413=ORIENTED_EDGE('',*,*,#1402,.T.);
#414=ORIENTED_EDGE('',*,*,#1403,.T.);
#415=ORIENTED_EDGE('',*,*,#1404,.F.);
#416=ORIENTED_EDGE('',*,*,#1205,.F.);
#417=ORIENTED_EDGE('',*,*,#1405,.T.);
#418=ORIENTED_EDGE('',*,*,#1406,.F.);
#419=ORIENTED_EDGE('',*,*,#1407,.F.);
#420=ORIENTED_EDGE('',*,*,#1408,.T.);
#421=ORIENTED_EDGE('',*,*,#1409,.F.);
#422=ORIENTED_EDGE('',*,*,#1410,.F.);
#423=ORIENTED_EDGE('',*,*,#1213,.T.);
#424=ORIENTED_EDGE('',*,*,#1411,.T.);
#425=ORIENTED_EDGE('',*,*,#1412,.F.);
#426=ORIENTED_EDGE('',*,*,#1413,.T.);
#427=ORIENTED_EDGE('',*,*,#1414,.F.);
#428=ORIENTED_EDGE('',*,*,#1186,.T.);
#429=ORIENTED_EDGE('',*,*,#1415,.T.);
#430=ORIENTED_EDGE('',*,*,#1416,.T.);
#431=ORIENTED_EDGE('',*,*,#1417,.T.);
#432=ORIENTED_EDGE('',*,*,#1418,.T.);
#433=ORIENTED_EDGE('',*,*,#1394,.F.);
#434=ORIENTED_EDGE('',*,*,#1187,.F.);
#435=ORIENTED_EDGE('',*,*,#1414,.T.);
#436=ORIENTED_EDGE('',*,*,#1419,.T.);
#437=ORIENTED_EDGE('',*,*,#1420,.F.);
#438=ORIENTED_EDGE('',*,*,#1421,.F.);
#439=ORIENTED_EDGE('',*,*,#1422,.F.);
#440=ORIENTED_EDGE('',*,*,#1397,.T.);
#441=ORIENTED_EDGE('',*,*,#1371,.T.);
#442=ORIENTED_EDGE('',*,*,#1381,.T.);
#443=ORIENTED_EDGE('',*,*,#1423,.T.);
#444=ORIENTED_EDGE('',*,*,#1424,.T.);
#445=ORIENTED_EDGE('',*,*,#1425,.T.);
#446=ORIENTED_EDGE('',*,*,#1426,.T.);
#447=ORIENTED_EDGE('',*,*,#1427,.T.);
#448=ORIENTED_EDGE('',*,*,#1428,.F.);
#449=ORIENTED_EDGE('',*,*,#1429,.T.);
#450=ORIENTED_EDGE('',*,*,#1417,.F.);
#451=ORIENTED_EDGE('',*,*,#1430,.T.);
#452=ORIENTED_EDGE('',*,*,#1431,.F.);
#453=ORIENTED_EDGE('',*,*,#1432,.T.);
#454=ORIENTED_EDGE('',*,*,#1329,.F.);
#455=ORIENTED_EDGE('',*,*,#1433,.F.);
#456=ORIENTED_EDGE('',*,*,#1328,.F.);
#457=ORIENTED_EDGE('',*,*,#1434,.F.);
#458=ORIENTED_EDGE('',*,*,#1412,.T.);
#459=ORIENTED_EDGE('',*,*,#1435,.T.);
#460=ORIENTED_EDGE('',*,*,#1326,.F.);
#461=ORIENTED_EDGE('',*,*,#1436,.T.);
#462=ORIENTED_EDGE('',*,*,#1437,.T.);
#463=ORIENTED_EDGE('',*,*,#1438,.F.);
#464=ORIENTED_EDGE('',*,*,#1439,.T.);
#465=ORIENTED_EDGE('',*,*,#1440,.T.);
#466=ORIENTED_EDGE('',*,*,#1441,.T.);
#467=ORIENTED_EDGE('',*,*,#1324,.T.);
#468=ORIENTED_EDGE('',*,*,#1442,.F.);
#469=ORIENTED_EDGE('',*,*,#1443,.T.);
#470=ORIENTED_EDGE('',*,*,#1444,.T.);
#471=ORIENTED_EDGE('',*,*,#1322,.T.);
#472=ORIENTED_EDGE('',*,*,#1445,.F.);
#473=ORIENTED_EDGE('',*,*,#1442,.T.);
#474=ORIENTED_EDGE('',*,*,#1321,.F.);
#475=ORIENTED_EDGE('',*,*,#1446,.F.);
#476=ORIENTED_EDGE('',*,*,#1447,.F.);
#477=ORIENTED_EDGE('',*,*,#1446,.T.);
#478=ORIENTED_EDGE('',*,*,#1320,.F.);
#479=ORIENTED_EDGE('',*,*,#1448,.F.);
#480=ORIENTED_EDGE('',*,*,#1449,.T.);
#481=ORIENTED_EDGE('',*,*,#1450,.T.);
#482=ORIENTED_EDGE('',*,*,#1451,.T.);
#483=ORIENTED_EDGE('',*,*,#1318,.T.);
#484=ORIENTED_EDGE('',*,*,#1441,.F.);
#485=ORIENTED_EDGE('',*,*,#1452,.T.);
#486=ORIENTED_EDGE('',*,*,#1436,.F.);
#487=ORIENTED_EDGE('',*,*,#1325,.F.);
#488=ORIENTED_EDGE('',*,*,#1418,.F.);
#489=ORIENTED_EDGE('',*,*,#1429,.F.);
#490=ORIENTED_EDGE('',*,*,#1327,.F.);
#491=ORIENTED_EDGE('',*,*,#1435,.F.);
#492=ORIENTED_EDGE('',*,*,#1426,.F.);
#493=ORIENTED_EDGE('',*,*,#1453,.T.);
#494=ORIENTED_EDGE('',*,*,#1181,.F.);
#495=ORIENTED_EDGE('',*,*,#1454,.F.);
#496=ORIENTED_EDGE('',*,*,#1455,.F.);
#497=ORIENTED_EDGE('',*,*,#1165,.T.);
#498=ORIENTED_EDGE('',*,*,#1456,.T.);
#499=ORIENTED_EDGE('',*,*,#1253,.T.);
#500=ORIENTED_EDGE('',*,*,#1457,.F.);
#501=ORIENTED_EDGE('',*,*,#1160,.T.);
#502=ORIENTED_EDGE('',*,*,#1455,.T.);
#503=ORIENTED_EDGE('',*,*,#1252,.T.);
#504=ORIENTED_EDGE('',*,*,#1159,.F.);
#505=ORIENTED_EDGE('',*,*,#1156,.T.);
#506=ORIENTED_EDGE('',*,*,#1250,.T.);
#507=ORIENTED_EDGE('',*,*,#1168,.F.);
#508=ORIENTED_EDGE('',*,*,#1171,.T.);
#509=ORIENTED_EDGE('',*,*,#1402,.F.);
#510=ORIENTED_EDGE('',*,*,#1172,.F.);
#511=ORIENTED_EDGE('',*,*,#1161,.F.);
#512=ORIENTED_EDGE('',*,*,#1457,.T.);
#513=ORIENTED_EDGE('',*,*,#1251,.T.);
#514=ORIENTED_EDGE('',*,*,#1458,.T.);
#515=ORIENTED_EDGE('',*,*,#1459,.F.);
#516=ORIENTED_EDGE('',*,*,#1460,.T.);
#517=ORIENTED_EDGE('',*,*,#1415,.F.);
#518=ORIENTED_EDGE('',*,*,#1185,.T.);
#519=ORIENTED_EDGE('',*,*,#1461,.F.);
#520=ORIENTED_EDGE('',*,*,#1462,.T.);
#521=ORIENTED_EDGE('',*,*,#1463,.T.);
#522=ORIENTED_EDGE('',*,*,#1464,.F.);
#523=ORIENTED_EDGE('',*,*,#1465,.T.);
#524=ORIENTED_EDGE('',*,*,#1459,.T.);
#525=ORIENTED_EDGE('',*,*,#1466,.F.);
#526=ORIENTED_EDGE('',*,*,#1204,.T.);
#527=ORIENTED_EDGE('',*,*,#1257,.T.);
#528=ORIENTED_EDGE('',*,*,#1467,.F.);
#529=ORIENTED_EDGE('',*,*,#1405,.F.);
#530=ORIENTED_EDGE('',*,*,#1467,.T.);
#531=ORIENTED_EDGE('',*,*,#1256,.F.);
#532=ORIENTED_EDGE('',*,*,#1468,.F.);
#533=ORIENTED_EDGE('',*,*,#1406,.T.);
#534=ORIENTED_EDGE('',*,*,#1163,.F.);
#535=ORIENTED_EDGE('',*,*,#1174,.T.);
#536=ORIENTED_EDGE('',*,*,#1401,.T.);
#537=ORIENTED_EDGE('',*,*,#1468,.T.);
#538=ORIENTED_EDGE('',*,*,#1255,.F.);
#539=ORIENTED_EDGE('',*,*,#1469,.F.);
#540=ORIENTED_EDGE('',*,*,#1469,.T.);
#541=ORIENTED_EDGE('',*,*,#1254,.F.);
#542=ORIENTED_EDGE('',*,*,#1456,.F.);
#543=ORIENTED_EDGE('',*,*,#1164,.F.);
#544=ORIENTED_EDGE('',*,*,#1470,.T.);
#545=ORIENTED_EDGE('',*,*,#1471,.T.);
#546=ORIENTED_EDGE('',*,*,#1311,.F.);
#547=ORIENTED_EDGE('',*,*,#1472,.F.);
#548=ORIENTED_EDGE('',*,*,#1208,.T.);
#549=ORIENTED_EDGE('',*,*,#1473,.F.);
#550=ORIENTED_EDGE('',*,*,#1466,.T.);
#551=ORIENTED_EDGE('',*,*,#1461,.T.);
#552=ORIENTED_EDGE('',*,*,#1184,.T.);
#553=ORIENTED_EDGE('',*,*,#1474,.F.);
#554=ORIENTED_EDGE('',*,*,#1195,.F.);
#555=ORIENTED_EDGE('',*,*,#1475,.F.);
#556=ORIENTED_EDGE('',*,*,#1476,.F.);
#557=ORIENTED_EDGE('',*,*,#1477,.T.);
#558=ORIENTED_EDGE('',*,*,#1222,.F.);
#559=ORIENTED_EDGE('',*,*,#1478,.T.);
#560=ORIENTED_EDGE('',*,*,#1390,.F.);
#561=ORIENTED_EDGE('',*,*,#1334,.T.);
#562=ORIENTED_EDGE('',*,*,#1262,.F.);
#563=ORIENTED_EDGE('',*,*,#1479,.F.);
#564=ORIENTED_EDGE('',*,*,#1479,.T.);
#565=ORIENTED_EDGE('',*,*,#1261,.F.);
#566=ORIENTED_EDGE('',*,*,#1480,.F.);
#567=ORIENTED_EDGE('',*,*,#1391,.F.);
#568=ORIENTED_EDGE('',*,*,#1480,.T.);
#569=ORIENTED_EDGE('',*,*,#1260,.F.);
#570=ORIENTED_EDGE('',*,*,#1481,.F.);
#571=ORIENTED_EDGE('',*,*,#1408,.F.);
#572=ORIENTED_EDGE('',*,*,#1482,.F.);
#573=ORIENTED_EDGE('',*,*,#1392,.F.);
#574=ORIENTED_EDGE('',*,*,#1481,.T.);
#575=ORIENTED_EDGE('',*,*,#1259,.T.);
#576=ORIENTED_EDGE('',*,*,#1483,.F.);
#577=ORIENTED_EDGE('',*,*,#1409,.T.);
#578=ORIENTED_EDGE('',*,*,#1483,.T.);
#579=ORIENTED_EDGE('',*,*,#1258,.T.);
#580=ORIENTED_EDGE('',*,*,#1214,.F.);
#581=ORIENTED_EDGE('',*,*,#1410,.T.);
#582=ORIENTED_EDGE('',*,*,#1478,.F.);
#583=ORIENTED_EDGE('',*,*,#1221,.F.);
#584=ORIENTED_EDGE('',*,*,#1484,.T.);
#585=ORIENTED_EDGE('',*,*,#1485,.F.);
#586=ORIENTED_EDGE('',*,*,#1486,.F.);
#587=ORIENTED_EDGE('',*,*,#1218,.F.);
#588=ORIENTED_EDGE('',*,*,#1487,.T.);
#589=ORIENTED_EDGE('',*,*,#1488,.T.);
#590=ORIENTED_EDGE('',*,*,#1384,.T.);
#591=ORIENTED_EDGE('',*,*,#1489,.F.);
#592=ORIENTED_EDGE('',*,*,#1411,.F.);
#593=ORIENTED_EDGE('',*,*,#1212,.T.);
#594=ORIENTED_EDGE('',*,*,#1490,.T.);
#595=ORIENTED_EDGE('',*,*,#1491,.T.);
#596=ORIENTED_EDGE('',*,*,#1492,.F.);
#597=ORIENTED_EDGE('',*,*,#1209,.T.);
#598=ORIENTED_EDGE('',*,*,#1493,.F.);
#599=ORIENTED_EDGE('',*,*,#1494,.F.);
#600=ORIENTED_EDGE('',*,*,#1438,.T.);
#601=ORIENTED_EDGE('',*,*,#1323,.F.);
#602=ORIENTED_EDGE('',*,*,#1444,.F.);
#603=ORIENTED_EDGE('',*,*,#1495,.F.);
#604=ORIENTED_EDGE('',*,*,#1451,.F.);
#605=ORIENTED_EDGE('',*,*,#1496,.T.);
#606=ORIENTED_EDGE('',*,*,#1448,.T.);
#607=ORIENTED_EDGE('',*,*,#1319,.T.);
#608=ORIENTED_EDGE('',*,*,#1497,.F.);
#609=ORIENTED_EDGE('',*,*,#1498,.T.);
#610=ORIENTED_EDGE('',*,*,#1316,.F.);
#611=ORIENTED_EDGE('',*,*,#1499,.F.);
#612=ORIENTED_EDGE('',*,*,#1500,.F.);
#613=ORIENTED_EDGE('',*,*,#1501,.T.);
#614=ORIENTED_EDGE('',*,*,#1352,.T.);
#615=ORIENTED_EDGE('',*,*,#1302,.T.);
#616=ORIENTED_EDGE('',*,*,#1502,.F.);
#617=ORIENTED_EDGE('',*,*,#1503,.T.);
#618=ORIENTED_EDGE('',*,*,#1500,.T.);
#619=ORIENTED_EDGE('',*,*,#1301,.T.);
#620=ORIENTED_EDGE('',*,*,#1502,.T.);
#621=ORIENTED_EDGE('',*,*,#1300,.T.);
#622=ORIENTED_EDGE('',*,*,#1504,.F.);
#623=ORIENTED_EDGE('',*,*,#1505,.T.);
#624=ORIENTED_EDGE('',*,*,#1506,.T.);
#625=ORIENTED_EDGE('',*,*,#1507,.F.);
#626=ORIENTED_EDGE('',*,*,#1504,.T.);
#627=ORIENTED_EDGE('',*,*,#1299,.F.);
#628=ORIENTED_EDGE('',*,*,#1508,.F.);
#629=ORIENTED_EDGE('',*,*,#1420,.T.);
#630=ORIENTED_EDGE('',*,*,#1395,.F.);
#631=ORIENTED_EDGE('',*,*,#1421,.T.);
#632=ORIENTED_EDGE('',*,*,#1508,.T.);
#633=ORIENTED_EDGE('',*,*,#1298,.F.);
#634=ORIENTED_EDGE('',*,*,#1207,.F.);
#635=ORIENTED_EDGE('',*,*,#1509,.T.);
#636=ORIENTED_EDGE('',*,*,#1510,.F.);
#637=ORIENTED_EDGE('',*,*,#1464,.T.);
#638=ORIENTED_EDGE('',*,*,#1473,.T.);
#639=ORIENTED_EDGE('',*,*,#1511,.T.);
#640=ORIENTED_EDGE('',*,*,#1294,.T.);
#641=ORIENTED_EDGE('',*,*,#1512,.F.);
#642=ORIENTED_EDGE('',*,*,#1367,.T.);
#643=ORIENTED_EDGE('',*,*,#1513,.F.);
#644=ORIENTED_EDGE('',*,*,#1368,.T.);
#645=ORIENTED_EDGE('',*,*,#1512,.T.);
#646=ORIENTED_EDGE('',*,*,#1293,.T.);
#647=ORIENTED_EDGE('',*,*,#1514,.F.);
#648=ORIENTED_EDGE('',*,*,#1354,.F.);
#649=ORIENTED_EDGE('',*,*,#1513,.T.);
#650=ORIENTED_EDGE('',*,*,#1292,.F.);
#651=ORIENTED_EDGE('',*,*,#1230,.T.);
#652=ORIENTED_EDGE('',*,*,#1295,.T.);
#653=ORIENTED_EDGE('',*,*,#1511,.F.);
#654=ORIENTED_EDGE('',*,*,#1366,.T.);
#655=ORIENTED_EDGE('',*,*,#1515,.T.);
#656=ORIENTED_EDGE('',*,*,#1400,.T.);
#657=ORIENTED_EDGE('',*,*,#1236,.F.);
#658=ORIENTED_EDGE('',*,*,#1516,.F.);
#659=ORIENTED_EDGE('',*,*,#1517,.T.);
#660=ORIENTED_EDGE('',*,*,#1472,.T.);
#661=ORIENTED_EDGE('',*,*,#1310,.F.);
#662=ORIENTED_EDGE('',*,*,#1349,.T.);
#663=ORIENTED_EDGE('',*,*,#1518,.T.);
#664=ORIENTED_EDGE('',*,*,#1516,.T.);
#665=ORIENTED_EDGE('',*,*,#1309,.T.);
#666=ORIENTED_EDGE('',*,*,#1519,.F.);
#667=ORIENTED_EDGE('',*,*,#1424,.F.);
#668=ORIENTED_EDGE('',*,*,#1520,.T.);
#669=ORIENTED_EDGE('',*,*,#1521,.T.);
#670=ORIENTED_EDGE('',*,*,#1522,.T.);
#671=ORIENTED_EDGE('',*,*,#1196,.T.);
#672=ORIENTED_EDGE('',*,*,#1474,.T.);
#673=ORIENTED_EDGE('',*,*,#1183,.F.);
#674=ORIENTED_EDGE('',*,*,#1454,.T.);
#675=ORIENTED_EDGE('',*,*,#1180,.F.);
#676=ORIENTED_EDGE('',*,*,#1398,.F.);
#677=ORIENTED_EDGE('',*,*,#1427,.F.);
#678=ORIENTED_EDGE('',*,*,#1380,.T.);
#679=ORIENTED_EDGE('',*,*,#1379,.F.);
#680=ORIENTED_EDGE('',*,*,#1523,.T.);
#681=ORIENTED_EDGE('',*,*,#1520,.F.);
#682=ORIENTED_EDGE('',*,*,#1423,.F.);
#683=ORIENTED_EDGE('',*,*,#1524,.F.);
#684=ORIENTED_EDGE('',*,*,#1525,.T.);
#685=ORIENTED_EDGE('',*,*,#1526,.T.);
#686=ORIENTED_EDGE('',*,*,#1527,.T.);
#687=ORIENTED_EDGE('',*,*,#1350,.T.);
#688=ORIENTED_EDGE('',*,*,#1501,.F.);
#689=ORIENTED_EDGE('',*,*,#1503,.F.);
#690=ORIENTED_EDGE('',*,*,#1505,.F.);
#691=ORIENTED_EDGE('',*,*,#1507,.T.);
#692=ORIENTED_EDGE('',*,*,#1528,.T.);
#693=ORIENTED_EDGE('',*,*,#1529,.F.);
#694=ORIENTED_EDGE('',*,*,#1495,.T.);
#695=ORIENTED_EDGE('',*,*,#1443,.F.);
#696=ORIENTED_EDGE('',*,*,#1445,.T.);
#697=ORIENTED_EDGE('',*,*,#1447,.T.);
#698=ORIENTED_EDGE('',*,*,#1496,.F.);
#699=ORIENTED_EDGE('',*,*,#1450,.F.);
#700=ORIENTED_EDGE('',*,*,#1530,.F.);
#701=ORIENTED_EDGE('',*,*,#1497,.T.);
#702=ORIENTED_EDGE('',*,*,#1531,.F.);
#703=ORIENTED_EDGE('',*,*,#1532,.T.);
#704=ORIENTED_EDGE('',*,*,#1533,.T.);
#705=ORIENTED_EDGE('',*,*,#1534,.T.);
#706=ORIENTED_EDGE('',*,*,#1470,.F.);
#707=ORIENTED_EDGE('',*,*,#1517,.F.);
#708=ORIENTED_EDGE('',*,*,#1518,.F.);
#709=ORIENTED_EDGE('',*,*,#1348,.T.);
#710=ORIENTED_EDGE('',*,*,#1535,.F.);
#711=ORIENTED_EDGE('',*,*,#1416,.F.);
#712=ORIENTED_EDGE('',*,*,#1460,.F.);
#713=ORIENTED_EDGE('',*,*,#1465,.F.);
#714=ORIENTED_EDGE('',*,*,#1510,.T.);
#715=ORIENTED_EDGE('',*,*,#1536,.T.);
#716=ORIENTED_EDGE('',*,*,#1430,.F.);
#717=ORIENTED_EDGE('',*,*,#1404,.T.);
#718=ORIENTED_EDGE('',*,*,#1537,.T.);
#719=ORIENTED_EDGE('',*,*,#1431,.T.);
#720=ORIENTED_EDGE('',*,*,#1536,.F.);
#721=ORIENTED_EDGE('',*,*,#1509,.F.);
#722=ORIENTED_EDGE('',*,*,#1206,.T.);
#723=ORIENTED_EDGE('',*,*,#1403,.F.);
#724=ORIENTED_EDGE('',*,*,#1458,.F.);
#725=ORIENTED_EDGE('',*,*,#1330,.F.);
#726=ORIENTED_EDGE('',*,*,#1432,.F.);
#727=ORIENTED_EDGE('',*,*,#1537,.F.);
#728=ORIENTED_EDGE('',*,*,#1498,.F.);
#729=ORIENTED_EDGE('',*,*,#1530,.T.);
#730=ORIENTED_EDGE('',*,*,#1449,.F.);
#731=ORIENTED_EDGE('',*,*,#1317,.F.);
#732=ORIENTED_EDGE('',*,*,#1463,.F.);
#733=ORIENTED_EDGE('',*,*,#1538,.T.);
#734=ORIENTED_EDGE('',*,*,#1462,.F.);
#735=ORIENTED_EDGE('',*,*,#1539,.T.);
#736=ORIENTED_EDGE('',*,*,#1175,.F.);
#737=ORIENTED_EDGE('',*,*,#1540,.T.);
#738=ORIENTED_EDGE('',*,*,#1541,.F.);
#739=ORIENTED_EDGE('',*,*,#1422,.T.);
#740=ORIENTED_EDGE('',*,*,#1542,.F.);
#741=ORIENTED_EDGE('',*,*,#1433,.T.);
#742=ORIENTED_EDGE('',*,*,#1543,.F.);
#743=ORIENTED_EDGE('',*,*,#1428,.T.);
#744=ORIENTED_EDGE('',*,*,#1519,.T.);
#745=ORIENTED_EDGE('',*,*,#1182,.F.);
#746=ORIENTED_EDGE('',*,*,#1453,.F.);
#747=ORIENTED_EDGE('',*,*,#1425,.F.);
#748=ORIENTED_EDGE('',*,*,#1544,.F.);
#749=ORIENTED_EDGE('',*,*,#1545,.F.);
#750=ORIENTED_EDGE('',*,*,#1210,.F.);
#751=ORIENTED_EDGE('',*,*,#1492,.T.);
#752=ORIENTED_EDGE('',*,*,#1546,.F.);
#753=ORIENTED_EDGE('',*,*,#1490,.F.);
#754=ORIENTED_EDGE('',*,*,#1211,.F.);
#755=ORIENTED_EDGE('',*,*,#1545,.T.);
#756=ORIENTED_EDGE('',*,*,#1419,.F.);
#757=ORIENTED_EDGE('',*,*,#1547,.T.);
#758=ORIENTED_EDGE('',*,*,#1437,.F.);
#759=ORIENTED_EDGE('',*,*,#1452,.F.);
#760=ORIENTED_EDGE('',*,*,#1440,.F.);
#761=ORIENTED_EDGE('',*,*,#1548,.T.);
#762=ORIENTED_EDGE('',*,*,#1528,.F.);
#763=ORIENTED_EDGE('',*,*,#1506,.F.);
#764=ORIENTED_EDGE('',*,*,#1365,.F.);
#765=ORIENTED_EDGE('',*,*,#1373,.F.);
#766=ORIENTED_EDGE('',*,*,#1396,.F.);
#767=ORIENTED_EDGE('',*,*,#1399,.T.);
#768=ORIENTED_EDGE('',*,*,#1515,.F.);
#769=ORIENTED_EDGE('',*,*,#1494,.T.);
#770=ORIENTED_EDGE('',*,*,#1529,.T.);
#771=ORIENTED_EDGE('',*,*,#1548,.F.);
#772=ORIENTED_EDGE('',*,*,#1439,.F.);
#773=ORIENTED_EDGE('',*,*,#1434,.T.);
#774=ORIENTED_EDGE('',*,*,#1547,.F.);
#775=ORIENTED_EDGE('',*,*,#1413,.F.);
#776=ORIENTED_EDGE('',*,*,#1549,.T.);
#777=ORIENTED_EDGE('',*,*,#1550,.T.);
#778=ORIENTED_EDGE('',*,*,#1551,.T.);
#779=ORIENTED_EDGE('',*,*,#1546,.T.);
#780=ORIENTED_EDGE('',*,*,#1544,.T.);
#781=ORIENTED_EDGE('',*,*,#1491,.F.);
#782=ORIENTED_EDGE('',*,*,#1552,.T.);
#783=ORIENTED_EDGE('',*,*,#1551,.F.);
#784=ORIENTED_EDGE('',*,*,#1553,.T.);
#785=ORIENTED_EDGE('',*,*,#1554,.T.);
#786=ORIENTED_EDGE('',*,*,#1265,.T.);
#787=ORIENTED_EDGE('',*,*,#1555,.T.);
#788=ORIENTED_EDGE('',*,*,#1556,.T.);
#789=ORIENTED_EDGE('',*,*,#1557,.F.);
#790=ORIENTED_EDGE('',*,*,#1493,.T.);
#791=ORIENTED_EDGE('',*,*,#1557,.T.);
#792=ORIENTED_EDGE('',*,*,#1558,.F.);
#793=ORIENTED_EDGE('',*,*,#1552,.F.);
#794=ORIENTED_EDGE('',*,*,#1558,.T.);
#795=ORIENTED_EDGE('',*,*,#1482,.T.);
#796=ORIENTED_EDGE('',*,*,#1407,.T.);
#797=ORIENTED_EDGE('',*,*,#1489,.T.);
#798=ORIENTED_EDGE('',*,*,#1383,.T.);
#799=ORIENTED_EDGE('',*,*,#1375,.F.);
#800=ORIENTED_EDGE('',*,*,#1559,.T.);
#801=ORIENTED_EDGE('',*,*,#1362,.F.);
#802=ORIENTED_EDGE('',*,*,#1560,.F.);
#803=ORIENTED_EDGE('',*,*,#1559,.F.);
#804=ORIENTED_EDGE('',*,*,#1374,.T.);
#805=ORIENTED_EDGE('',*,*,#1369,.T.);
#806=ORIENTED_EDGE('',*,*,#1363,.T.);
#807=ORIENTED_EDGE('',*,*,#1561,.F.);
#808=ORIENTED_EDGE('',*,*,#1535,.T.);
#809=ORIENTED_EDGE('',*,*,#1562,.F.);
#810=ORIENTED_EDGE('',*,*,#1561,.T.);
#811=ORIENTED_EDGE('',*,*,#1353,.T.);
#812=ORIENTED_EDGE('',*,*,#1563,.F.);
#813=ORIENTED_EDGE('',*,*,#1563,.T.);
#814=ORIENTED_EDGE('',*,*,#1564,.F.);
#815=ORIENTED_EDGE('',*,*,#1565,.F.);
#816=ORIENTED_EDGE('',*,*,#1382,.T.);
#817=ORIENTED_EDGE('',*,*,#1566,.F.);
#818=ORIENTED_EDGE('',*,*,#1565,.T.);
#819=ORIENTED_EDGE('',*,*,#1566,.T.);
#820=ORIENTED_EDGE('',*,*,#1567,.F.);
#821=ORIENTED_EDGE('',*,*,#1567,.T.);
#822=ORIENTED_EDGE('',*,*,#1562,.T.);
#823=ORIENTED_EDGE('',*,*,#1568,.F.);
#824=ORIENTED_EDGE('',*,*,#1568,.T.);
#825=ORIENTED_EDGE('',*,*,#1564,.T.);
#826=ORIENTED_EDGE('',*,*,#1569,.F.);
#827=ORIENTED_EDGE('',*,*,#1569,.T.);
#828=ORIENTED_EDGE('',*,*,#1543,.T.);
#829=ORIENTED_EDGE('',*,*,#1538,.F.);
#830=ORIENTED_EDGE('',*,*,#1542,.T.);
#831=ORIENTED_EDGE('',*,*,#1539,.F.);
#832=ORIENTED_EDGE('',*,*,#1541,.T.);
#833=ORIENTED_EDGE('',*,*,#1540,.F.);
#834=ORIENTED_EDGE('',*,*,#1570,.T.);
#835=ORIENTED_EDGE('',*,*,#1360,.F.);
#836=ORIENTED_EDGE('',*,*,#1571,.F.);
#837=ORIENTED_EDGE('',*,*,#1572,.T.);
#838=ORIENTED_EDGE('',*,*,#1573,.T.);
#839=ORIENTED_EDGE('',*,*,#1377,.F.);
#840=ORIENTED_EDGE('',*,*,#1232,.F.);
#841=ORIENTED_EDGE('',*,*,#1239,.F.);
#842=ORIENTED_EDGE('',*,*,#1191,.T.);
#843=ORIENTED_EDGE('',*,*,#1285,.F.);
#844=ORIENTED_EDGE('',*,*,#1574,.T.);
#845=ORIENTED_EDGE('',*,*,#1286,.T.);
#846=ORIENTED_EDGE('',*,*,#1202,.F.);
#847=ORIENTED_EDGE('',*,*,#1575,.T.);
#848=ORIENTED_EDGE('',*,*,#1576,.F.);
#849=ORIENTED_EDGE('',*,*,#1200,.T.);
#850=ORIENTED_EDGE('',*,*,#1577,.F.);
#851=ORIENTED_EDGE('',*,*,#1578,.T.);
#852=ORIENTED_EDGE('',*,*,#1572,.F.);
#853=ORIENTED_EDGE('',*,*,#1579,.F.);
#854=ORIENTED_EDGE('',*,*,#1580,.T.);
#855=ORIENTED_EDGE('',*,*,#1581,.T.);
#856=ORIENTED_EDGE('',*,*,#1582,.T.);
#857=ORIENTED_EDGE('',*,*,#1583,.F.);
#858=ORIENTED_EDGE('',*,*,#1584,.F.);
#859=ORIENTED_EDGE('',*,*,#1585,.F.);
#860=ORIENTED_EDGE('',*,*,#1586,.T.);
#861=ORIENTED_EDGE('',*,*,#1587,.T.);
#862=ORIENTED_EDGE('',*,*,#1588,.F.);
#863=ORIENTED_EDGE('',*,*,#1225,.T.);
#864=ORIENTED_EDGE('',*,*,#1589,.T.);
#865=ORIENTED_EDGE('',*,*,#1590,.T.);
#866=ORIENTED_EDGE('',*,*,#1487,.F.);
#867=ORIENTED_EDGE('',*,*,#1217,.F.);
#868=ORIENTED_EDGE('',*,*,#1591,.T.);
#869=ORIENTED_EDGE('',*,*,#1592,.T.);
#870=ORIENTED_EDGE('',*,*,#1593,.F.);
#871=ORIENTED_EDGE('',*,*,#1594,.T.);
#872=ORIENTED_EDGE('',*,*,#1595,.F.);
#873=ORIENTED_EDGE('',*,*,#1596,.F.);
#874=ORIENTED_EDGE('',*,*,#1597,.F.);
#875=ORIENTED_EDGE('',*,*,#1193,.F.);
#876=ORIENTED_EDGE('',*,*,#1242,.T.);
#877=ORIENTED_EDGE('',*,*,#1598,.F.);
#878=ORIENTED_EDGE('',*,*,#1575,.F.);
#879=ORIENTED_EDGE('',*,*,#1201,.T.);
#880=ORIENTED_EDGE('',*,*,#1576,.T.);
#881=ORIENTED_EDGE('',*,*,#1582,.F.);
#882=ORIENTED_EDGE('',*,*,#1599,.F.);
#883=ORIENTED_EDGE('',*,*,#1600,.T.);
#884=ORIENTED_EDGE('',*,*,#1601,.T.);
#885=ORIENTED_EDGE('',*,*,#1578,.F.);
#886=ORIENTED_EDGE('',*,*,#1602,.F.);
#887=ORIENTED_EDGE('',*,*,#1603,.F.);
#888=ORIENTED_EDGE('',*,*,#1604,.F.);
#889=ORIENTED_EDGE('',*,*,#1521,.F.);
#890=ORIENTED_EDGE('',*,*,#1523,.F.);
#891=ORIENTED_EDGE('',*,*,#1378,.F.);
#892=ORIENTED_EDGE('',*,*,#1573,.F.);
#893=ORIENTED_EDGE('',*,*,#1605,.T.);
#894=ORIENTED_EDGE('',*,*,#1595,.T.);
#895=ORIENTED_EDGE('',*,*,#1606,.T.);
#896=ORIENTED_EDGE('',*,*,#1281,.T.);
#897=ORIENTED_EDGE('',*,*,#1607,.T.);
#898=ORIENTED_EDGE('',*,*,#1280,.T.);
#899=ORIENTED_EDGE('',*,*,#1608,.F.);
#900=ORIENTED_EDGE('',*,*,#1583,.T.);
#901=ORIENTED_EDGE('',*,*,#1609,.T.);
#902=ORIENTED_EDGE('',*,*,#1610,.F.);
#903=ORIENTED_EDGE('',*,*,#1611,.T.);
#904=ORIENTED_EDGE('',*,*,#1342,.F.);
#905=ORIENTED_EDGE('',*,*,#1338,.T.);
#906=ORIENTED_EDGE('',*,*,#1346,.F.);
#907=ORIENTED_EDGE('',*,*,#1282,.T.);
#908=ORIENTED_EDGE('',*,*,#1606,.F.);
#909=ORIENTED_EDGE('',*,*,#1594,.F.);
#910=ORIENTED_EDGE('',*,*,#1313,.F.);
#911=ORIENTED_EDGE('',*,*,#1612,.T.);
#912=ORIENTED_EDGE('',*,*,#1533,.F.);
#913=ORIENTED_EDGE('',*,*,#1613,.F.);
#914=ORIENTED_EDGE('',*,*,#1603,.T.);
#915=ORIENTED_EDGE('',*,*,#1614,.T.);
#916=ORIENTED_EDGE('',*,*,#1198,.T.);
#917=ORIENTED_EDGE('',*,*,#1615,.F.);
#918=ORIENTED_EDGE('',*,*,#1337,.T.);
#919=ORIENTED_EDGE('',*,*,#1277,.F.);
#920=ORIENTED_EDGE('',*,*,#1616,.F.);
#921=ORIENTED_EDGE('',*,*,#1247,.F.);
#922=ORIENTED_EDGE('',*,*,#1245,.F.);
#923=ORIENTED_EDGE('',*,*,#1617,.T.);
#924=ORIENTED_EDGE('',*,*,#1584,.T.);
#925=ORIENTED_EDGE('',*,*,#1608,.T.);
#926=ORIENTED_EDGE('',*,*,#1279,.F.);
#927=ORIENTED_EDGE('',*,*,#1336,.F.);
#928=ORIENTED_EDGE('',*,*,#1618,.T.);
#929=ORIENTED_EDGE('',*,*,#1475,.T.);
#930=ORIENTED_EDGE('',*,*,#1194,.F.);
#931=ORIENTED_EDGE('',*,*,#1597,.T.);
#932=ORIENTED_EDGE('',*,*,#1619,.F.);
#933=ORIENTED_EDGE('',*,*,#1620,.F.);
#934=ORIENTED_EDGE('',*,*,#1621,.F.);
#935=ORIENTED_EDGE('',*,*,#1622,.T.);
#936=ORIENTED_EDGE('',*,*,#1476,.T.);
#937=ORIENTED_EDGE('',*,*,#1618,.F.);
#938=ORIENTED_EDGE('',*,*,#1623,.F.);
#939=ORIENTED_EDGE('',*,*,#1226,.F.);
#940=ORIENTED_EDGE('',*,*,#1588,.T.);
#941=ORIENTED_EDGE('',*,*,#1624,.T.);
#942=ORIENTED_EDGE('',*,*,#1273,.F.);
#943=ORIENTED_EDGE('',*,*,#1625,.T.);
#944=ORIENTED_EDGE('',*,*,#1274,.T.);
#945=ORIENTED_EDGE('',*,*,#1624,.F.);
#946=ORIENTED_EDGE('',*,*,#1587,.F.);
#947=ORIENTED_EDGE('',*,*,#1626,.F.);
#948=ORIENTED_EDGE('',*,*,#1243,.T.);
#949=ORIENTED_EDGE('',*,*,#1627,.T.);
#950=ORIENTED_EDGE('',*,*,#1275,.T.);
#951=ORIENTED_EDGE('',*,*,#1625,.F.);
#952=ORIENTED_EDGE('',*,*,#1586,.F.);
#953=ORIENTED_EDGE('',*,*,#1616,.T.);
#954=ORIENTED_EDGE('',*,*,#1276,.T.);
#955=ORIENTED_EDGE('',*,*,#1627,.F.);
#956=ORIENTED_EDGE('',*,*,#1248,.T.);
#957=ORIENTED_EDGE('',*,*,#1267,.F.);
#958=ORIENTED_EDGE('',*,*,#1628,.T.);
#959=ORIENTED_EDGE('',*,*,#1629,.T.);
#960=ORIENTED_EDGE('',*,*,#1331,.F.);
#961=ORIENTED_EDGE('',*,*,#1389,.F.);
#962=ORIENTED_EDGE('',*,*,#1630,.T.);
#963=ORIENTED_EDGE('',*,*,#1388,.T.);
#964=ORIENTED_EDGE('',*,*,#1631,.T.);
#965=ORIENTED_EDGE('',*,*,#1268,.T.);
#966=ORIENTED_EDGE('',*,*,#1630,.F.);
#967=ORIENTED_EDGE('',*,*,#1632,.T.);
#968=ORIENTED_EDGE('',*,*,#1269,.T.);
#969=ORIENTED_EDGE('',*,*,#1631,.F.);
#970=ORIENTED_EDGE('',*,*,#1387,.T.);
#971=ORIENTED_EDGE('',*,*,#1633,.T.);
#972=ORIENTED_EDGE('',*,*,#1270,.T.);
#973=ORIENTED_EDGE('',*,*,#1632,.F.);
#974=ORIENTED_EDGE('',*,*,#1386,.T.);
#975=ORIENTED_EDGE('',*,*,#1634,.T.);
#976=ORIENTED_EDGE('',*,*,#1593,.T.);
#977=ORIENTED_EDGE('',*,*,#1633,.F.);
#978=ORIENTED_EDGE('',*,*,#1592,.F.);
#979=ORIENTED_EDGE('',*,*,#1635,.T.);
#980=ORIENTED_EDGE('',*,*,#1271,.F.);
#981=ORIENTED_EDGE('',*,*,#1635,.F.);
#982=ORIENTED_EDGE('',*,*,#1591,.F.);
#983=ORIENTED_EDGE('',*,*,#1216,.T.);
#984=ORIENTED_EDGE('',*,*,#1272,.F.);
#985=ORIENTED_EDGE('',*,*,#1531,.T.);
#986=ORIENTED_EDGE('',*,*,#1499,.T.);
#987=ORIENTED_EDGE('',*,*,#1315,.T.);
#988=ORIENTED_EDGE('',*,*,#1636,.F.);
#989=ORIENTED_EDGE('',*,*,#1344,.F.);
#990=ORIENTED_EDGE('',*,*,#1240,.F.);
#991=ORIENTED_EDGE('',*,*,#1234,.T.);
#992=ORIENTED_EDGE('',*,*,#1284,.T.);
#993=ORIENTED_EDGE('',*,*,#1345,.F.);
#994=ORIENTED_EDGE('',*,*,#1340,.T.);
#995=ORIENTED_EDGE('',*,*,#1574,.F.);
#996=ORIENTED_EDGE('',*,*,#1600,.F.);
#997=ORIENTED_EDGE('',*,*,#1637,.T.);
#998=ORIENTED_EDGE('',*,*,#1287,.T.);
#999=ORIENTED_EDGE('',*,*,#1223,.T.);
#1000=ORIENTED_EDGE('',*,*,#1477,.F.);
#1001=ORIENTED_EDGE('',*,*,#1622,.F.);
#1002=ORIENTED_EDGE('',*,*,#1638,.T.);
#1003=ORIENTED_EDGE('',*,*,#1639,.F.);
#1004=ORIENTED_EDGE('',*,*,#1640,.F.);
#1005=ORIENTED_EDGE('',*,*,#1357,.F.);
#1006=ORIENTED_EDGE('',*,*,#1641,.T.);
#1007=ORIENTED_EDGE('',*,*,#1289,.F.);
#1008=ORIENTED_EDGE('',*,*,#1642,.T.);
#1009=ORIENTED_EDGE('',*,*,#1290,.F.);
#1010=ORIENTED_EDGE('',*,*,#1641,.F.);
#1011=ORIENTED_EDGE('',*,*,#1356,.F.);
#1012=ORIENTED_EDGE('',*,*,#1514,.T.);
#1013=ORIENTED_EDGE('',*,*,#1291,.T.);
#1014=ORIENTED_EDGE('',*,*,#1642,.F.);
#1015=ORIENTED_EDGE('',*,*,#1355,.T.);
#1016=ORIENTED_EDGE('',*,*,#1637,.F.);
#1017=ORIENTED_EDGE('',*,*,#1599,.T.);
#1018=ORIENTED_EDGE('',*,*,#1581,.F.);
#1019=ORIENTED_EDGE('',*,*,#1643,.F.);
#1020=ORIENTED_EDGE('',*,*,#1358,.F.);
#1021=ORIENTED_EDGE('',*,*,#1640,.T.);
#1022=ORIENTED_EDGE('',*,*,#1288,.F.);
#1023=ORIENTED_EDGE('',*,*,#1614,.F.);
#1024=ORIENTED_EDGE('',*,*,#1602,.T.);
#1025=ORIENTED_EDGE('',*,*,#1577,.T.);
#1026=ORIENTED_EDGE('',*,*,#1199,.T.);
#1027=ORIENTED_EDGE('',*,*,#1644,.T.);
#1028=ORIENTED_EDGE('',*,*,#1596,.T.);
#1029=ORIENTED_EDGE('',*,*,#1610,.T.);
#1030=ORIENTED_EDGE('',*,*,#1645,.F.);
#1031=ORIENTED_EDGE('',*,*,#1638,.F.);
#1032=ORIENTED_EDGE('',*,*,#1623,.T.);
#1033=ORIENTED_EDGE('',*,*,#1619,.T.);
#1034=ORIENTED_EDGE('',*,*,#1609,.F.);
#1035=ORIENTED_EDGE('',*,*,#1589,.F.);
#1036=ORIENTED_EDGE('',*,*,#1224,.F.);
#1037=ORIENTED_EDGE('',*,*,#1639,.T.);
#1038=ORIENTED_EDGE('',*,*,#1645,.T.);
#1039=ORIENTED_EDGE('',*,*,#1636,.T.);
#1040=ORIENTED_EDGE('',*,*,#1314,.T.);
#1041=ORIENTED_EDGE('',*,*,#1613,.T.);
#1042=ORIENTED_EDGE('',*,*,#1532,.F.);
#1043=ORIENTED_EDGE('',*,*,#1621,.T.);
#1044=ORIENTED_EDGE('',*,*,#1646,.F.);
#1045=ORIENTED_EDGE('',*,*,#1620,.T.);
#1046=ORIENTED_EDGE('',*,*,#1647,.F.);
#1047=ORIENTED_EDGE('',*,*,#1189,.T.);
#1048=ORIENTED_EDGE('',*,*,#1648,.F.);
#1049=ORIENTED_EDGE('',*,*,#1649,.T.);
#1050=ORIENTED_EDGE('',*,*,#1601,.F.);
#1051=ORIENTED_EDGE('',*,*,#1650,.T.);
#1052=ORIENTED_EDGE('',*,*,#1607,.F.);
#1053=ORIENTED_EDGE('',*,*,#1651,.T.);
#1054=ORIENTED_EDGE('',*,*,#1605,.F.);
#1055=ORIENTED_EDGE('',*,*,#1522,.F.);
#1056=ORIENTED_EDGE('',*,*,#1604,.T.);
#1057=ORIENTED_EDGE('',*,*,#1615,.T.);
#1058=ORIENTED_EDGE('',*,*,#1197,.T.);
#1059=ORIENTED_EDGE('',*,*,#1652,.T.);
#1060=ORIENTED_EDGE('',*,*,#1484,.F.);
#1061=ORIENTED_EDGE('',*,*,#1220,.T.);
#1062=ORIENTED_EDGE('',*,*,#1653,.T.);
#1063=ORIENTED_EDGE('',*,*,#1654,.T.);
#1064=ORIENTED_EDGE('',*,*,#1653,.F.);
#1065=ORIENTED_EDGE('',*,*,#1219,.T.);
#1066=ORIENTED_EDGE('',*,*,#1486,.T.);
#1067=ORIENTED_EDGE('',*,*,#1359,.T.);
#1068=ORIENTED_EDGE('',*,*,#1643,.T.);
#1069=ORIENTED_EDGE('',*,*,#1580,.F.);
#1070=ORIENTED_EDGE('',*,*,#1579,.T.);
#1071=ORIENTED_EDGE('',*,*,#1571,.T.);
#1072=ORIENTED_EDGE('',*,*,#1611,.F.);
#1073=ORIENTED_EDGE('',*,*,#1598,.T.);
#1074=ORIENTED_EDGE('',*,*,#1343,.T.);
#1075=ORIENTED_EDGE('',*,*,#1654,.F.);
#1076=ORIENTED_EDGE('',*,*,#1485,.T.);
#1077=ORIENTED_EDGE('',*,*,#1652,.F.);
#1078=ORIENTED_EDGE('',*,*,#1634,.F.);
#1079=ORIENTED_EDGE('',*,*,#1385,.F.);
#1080=ORIENTED_EDGE('',*,*,#1488,.F.);
#1081=ORIENTED_EDGE('',*,*,#1590,.F.);
#1082=ORIENTED_EDGE('',*,*,#1560,.T.);
#1083=ORIENTED_EDGE('',*,*,#1361,.F.);
#1084=ORIENTED_EDGE('',*,*,#1570,.F.);
#1085=ORIENTED_EDGE('',*,*,#1376,.F.);
#1086=ORIENTED_EDGE('',*,*,#1655,.T.);
#1087=ORIENTED_EDGE('',*,*,#1644,.F.);
#1088=ORIENTED_EDGE('',*,*,#1656,.T.);
#1089=ORIENTED_EDGE('',*,*,#1655,.F.);
#1090=ORIENTED_EDGE('',*,*,#1657,.T.);
#1091=ORIENTED_EDGE('',*,*,#1393,.F.);
#1092=ORIENTED_EDGE('',*,*,#1658,.T.);
#1093=ORIENTED_EDGE('',*,*,#1657,.F.);
#1094=ORIENTED_EDGE('',*,*,#1658,.F.);
#1095=ORIENTED_EDGE('',*,*,#1659,.T.);
#1096=ORIENTED_EDGE('',*,*,#1659,.F.);
#1097=ORIENTED_EDGE('',*,*,#1656,.F.);
#1098=ORIENTED_EDGE('',*,*,#1660,.T.);
#1099=ORIENTED_EDGE('',*,*,#1660,.F.);
#1100=ORIENTED_EDGE('',*,*,#1651,.F.);
#1101=ORIENTED_EDGE('',*,*,#1646,.T.);
#1102=ORIENTED_EDGE('',*,*,#1650,.F.);
#1103=ORIENTED_EDGE('',*,*,#1647,.T.);
#1104=ORIENTED_EDGE('',*,*,#1649,.F.);
#1105=ORIENTED_EDGE('',*,*,#1648,.T.);
#1106=ORIENTED_EDGE('',*,*,#1526,.F.);
#1107=ORIENTED_EDGE('',*,*,#1661,.T.);
#1108=ORIENTED_EDGE('',*,*,#1305,.F.);
#1109=ORIENTED_EDGE('',*,*,#1662,.T.);
#1110=ORIENTED_EDGE('',*,*,#1307,.T.);
#1111=ORIENTED_EDGE('',*,*,#1663,.T.);
#1112=ORIENTED_EDGE('',*,*,#1524,.T.);
#1113=ORIENTED_EDGE('',*,*,#1347,.F.);
#1114=ORIENTED_EDGE('',*,*,#1312,.F.);
#1115=ORIENTED_EDGE('',*,*,#1471,.F.);
#1116=ORIENTED_EDGE('',*,*,#1534,.F.);
#1117=ORIENTED_EDGE('',*,*,#1612,.F.);
#1118=ORIENTED_EDGE('',*,*,#1306,.F.);
#1119=ORIENTED_EDGE('',*,*,#1661,.F.);
#1120=ORIENTED_EDGE('',*,*,#1525,.F.);
#1121=ORIENTED_EDGE('',*,*,#1663,.F.);
#1122=ORIENTED_EDGE('',*,*,#1304,.F.);
#1123=ORIENTED_EDGE('',*,*,#1351,.F.);
#1124=ORIENTED_EDGE('',*,*,#1527,.F.);
#1125=ORIENTED_EDGE('',*,*,#1662,.F.);
#1126=ORIENTED_EDGE('',*,*,#1264,.F.);
#1127=ORIENTED_EDGE('',*,*,#1333,.F.);
#1128=ORIENTED_EDGE('',*,*,#1664,.F.);
#1129=ORIENTED_EDGE('',*,*,#1555,.F.);
#1130=ORIENTED_EDGE('',*,*,#1664,.T.);
#1131=ORIENTED_EDGE('',*,*,#1332,.F.);
#1132=ORIENTED_EDGE('',*,*,#1665,.F.);
#1133=ORIENTED_EDGE('',*,*,#1549,.F.);
#1134=ORIENTED_EDGE('',*,*,#1556,.F.);
#1135=ORIENTED_EDGE('',*,*,#1665,.T.);
#1136=ORIENTED_EDGE('',*,*,#1629,.F.);
#1137=ORIENTED_EDGE('',*,*,#1666,.F.);
#1138=ORIENTED_EDGE('',*,*,#1553,.F.);
#1139=ORIENTED_EDGE('',*,*,#1550,.F.);
#1140=ORIENTED_EDGE('',*,*,#1266,.F.);
#1141=ORIENTED_EDGE('',*,*,#1554,.F.);
#1142=ORIENTED_EDGE('',*,*,#1666,.T.);
#1143=ORIENTED_EDGE('',*,*,#1628,.F.);
#1144=ORIENTED_EDGE('',*,*,#1585,.T.);
#1145=ORIENTED_EDGE('',*,*,#1617,.F.);
#1146=ORIENTED_EDGE('',*,*,#1244,.F.);
#1147=ORIENTED_EDGE('',*,*,#1626,.T.);
#1148=ORIENTED_EDGE('',*,*,#1170,.T.);
#1149=ORIENTED_EDGE('',*,*,#1166,.T.);
#1150=ORIENTED_EDGE('',*,*,#1249,.F.);
#1151=ORIENTED_EDGE('',*,*,#1154,.F.);
#1152=ORIENTED_EDGE('',*,*,#1158,.F.);
#1153=EDGE_CURVE('',#1667,#1668,#2023,.T.);
#1154=EDGE_CURVE('',#1668,#1669,#2024,.T.);
#1155=EDGE_CURVE('',#1669,#1670,#2025,.T.);
#1156=EDGE_CURVE('',#1667,#1670,#2026,.T.);
#1157=EDGE_CURVE('',#1671,#1672,#2027,.T.);
#1158=EDGE_CURVE('',#1672,#1668,#2028,.T.);
#1159=EDGE_CURVE('',#1667,#1671,#2029,.T.);
#1160=EDGE_CURVE('',#1673,#1674,#2030,.T.);
#1161=EDGE_CURVE('',#1673,#1675,#2031,.T.);
#1162=EDGE_CURVE('',#1675,#1676,#2032,.T.);
#1163=EDGE_CURVE('',#1676,#1677,#2033,.T.);
#1164=EDGE_CURVE('',#1677,#1678,#2034,.T.);
#1165=EDGE_CURVE('',#1674,#1678,#2035,.T.);
#1166=EDGE_CURVE('',#1679,#1680,#2036,.T.);
#1167=EDGE_CURVE('',#1679,#1681,#2037,.T.);
#1168=EDGE_CURVE('',#1681,#1682,#2038,.T.);
#1169=EDGE_CURVE('',#1682,#1680,#2039,.T.);
#1170=EDGE_CURVE('',#1672,#1679,#2040,.T.);
#1171=EDGE_CURVE('',#1681,#1671,#2041,.T.);
#1172=EDGE_CURVE('',#1675,#1683,#2042,.T.);
#1173=EDGE_CURVE('',#1684,#1683,#2043,.T.);
#1174=EDGE_CURVE('',#1676,#1684,#2044,.T.);
#1175=EDGE_CURVE('',#1685,#1685,#75,.T.);
#1176=EDGE_CURVE('',#1686,#1687,#2045,.T.);
#1177=EDGE_CURVE('',#1688,#1687,#2046,.T.);
#1178=EDGE_CURVE('',#1688,#1689,#2047,.T.);
#1179=EDGE_CURVE('',#1689,#1690,#2048,.T.);
#1180=EDGE_CURVE('',#1690,#1691,#2049,.T.);
#1181=EDGE_CURVE('',#1691,#1692,#2050,.T.);
#1182=EDGE_CURVE('',#1692,#1693,#2051,.T.);
#1183=EDGE_CURVE('',#1693,#1694,#2052,.T.);
#1184=EDGE_CURVE('',#1695,#1694,#2053,.T.);
#1185=EDGE_CURVE('',#1696,#1695,#2054,.T.);
#1186=EDGE_CURVE('',#1697,#1696,#2055,.T.);
#1187=EDGE_CURVE('',#1697,#1698,#2056,.T.);
#1188=EDGE_CURVE('',#1698,#1686,#2057,.T.);
#1189=EDGE_CURVE('',#1699,#1699,#76,.T.);
#1190=EDGE_CURVE('',#1700,#1701,#2058,.T.);
#1191=EDGE_CURVE('',#1702,#1700,#2059,.T.);
#1192=EDGE_CURVE('',#1703,#1702,#2060,.T.);
#1193=EDGE_CURVE('',#1703,#1704,#2061,.T.);
#1194=EDGE_CURVE('',#1704,#1705,#2062,.T.);
#1195=EDGE_CURVE('',#1705,#1706,#2063,.T.);
#1196=EDGE_CURVE('',#1707,#1706,#2064,.T.);
#1197=EDGE_CURVE('',#1708,#1707,#2065,.T.);
#1198=EDGE_CURVE('',#1709,#1708,#2066,.T.);
#1199=EDGE_CURVE('',#1710,#1709,#2067,.T.);
#1200=EDGE_CURVE('',#1711,#1710,#2068,.T.);
#1201=EDGE_CURVE('',#1712,#1711,#2069,.T.);
#1202=EDGE_CURVE('',#1712,#1701,#2070,.T.);
#1203=EDGE_CURVE('',#1713,#1714,#2071,.T.);
#1204=EDGE_CURVE('',#1715,#1714,#2072,.T.);
#1205=EDGE_CURVE('',#1715,#1716,#2073,.T.);
#1206=EDGE_CURVE('',#1717,#1716,#2074,.T.);
#1207=EDGE_CURVE('',#1717,#1718,#2075,.T.);
#1208=EDGE_CURVE('',#1719,#1718,#2076,.T.);
#1209=EDGE_CURVE('',#1720,#1719,#2077,.T.);
#1210=EDGE_CURVE('',#1720,#1721,#2078,.T.);
#1211=EDGE_CURVE('',#1721,#1722,#2079,.T.);
#1212=EDGE_CURVE('',#1723,#1722,#2080,.T.);
#1213=EDGE_CURVE('',#1724,#1723,#2081,.T.);
#1214=EDGE_CURVE('',#1724,#1713,#2082,.T.);
#1215=EDGE_CURVE('',#1725,#1726,#2083,.T.);
#1216=EDGE_CURVE('',#1727,#1725,#2084,.T.);
#1217=EDGE_CURVE('',#1727,#1728,#2085,.T.);
#1218=EDGE_CURVE('',#1728,#1729,#2086,.T.);
#1219=EDGE_CURVE('',#1730,#1729,#2087,.T.);
#1220=EDGE_CURVE('',#1731,#1730,#2088,.T.);
#1221=EDGE_CURVE('',#1731,#1732,#2089,.T.);
#1222=EDGE_CURVE('',#1732,#1733,#2090,.T.);
#1223=EDGE_CURVE('',#1734,#1733,#2091,.T.);
#1224=EDGE_CURVE('',#1734,#1735,#2092,.T.);
#1225=EDGE_CURVE('',#1736,#1735,#2093,.T.);
#1226=EDGE_CURVE('',#1736,#1726,#2094,.T.);
#1227=EDGE_CURVE('',#1737,#1738,#2095,.T.);
#1228=EDGE_CURVE('',#1738,#1739,#2096,.T.);
#1229=EDGE_CURVE('',#1740,#1739,#2097,.T.);
#1230=EDGE_CURVE('',#1737,#1740,#2098,.T.);
#1231=EDGE_CURVE('',#1741,#1742,#2099,.T.);
#1232=EDGE_CURVE('',#1741,#1743,#2100,.T.);
#1233=EDGE_CURVE('',#1743,#1744,#2101,.T.);
#1234=EDGE_CURVE('',#1742,#1744,#2102,.T.);
#1235=EDGE_CURVE('',#1688,#1738,#2103,.T.);
#1236=EDGE_CURVE('',#1737,#1745,#2104,.T.);
#1237=EDGE_CURVE('',#1745,#1746,#2105,.T.);
#1238=EDGE_CURVE('',#1689,#1746,#2106,.T.);
#1239=EDGE_CURVE('',#1702,#1741,#2107,.T.);
#1240=EDGE_CURVE('',#1742,#1747,#2108,.T.);
#1241=EDGE_CURVE('',#1748,#1747,#2109,.T.);
#1242=EDGE_CURVE('',#1703,#1748,#2110,.T.);
#1243=EDGE_CURVE('',#1749,#1750,#2111,.T.);
#1244=EDGE_CURVE('',#1749,#1751,#2112,.T.);
#1245=EDGE_CURVE('',#1751,#1752,#2113,.T.);
#1246=EDGE_CURVE('',#1752,#1753,#2114,.T.);
#1247=EDGE_CURVE('',#1753,#1754,#2115,.T.);
#1248=EDGE_CURVE('',#1750,#1754,#2116,.T.);
#1249=EDGE_CURVE('',#1669,#1680,#2117,.T.);
#1250=EDGE_CURVE('',#1670,#1682,#2118,.T.);
#1251=EDGE_CURVE('',#1755,#1756,#2119,.T.);
#1252=EDGE_CURVE('',#1757,#1755,#2120,.T.);
#1253=EDGE_CURVE('',#1758,#1757,#2121,.T.);
#1254=EDGE_CURVE('',#1758,#1759,#2122,.T.);
#1255=EDGE_CURVE('',#1759,#1760,#2123,.T.);
#1256=EDGE_CURVE('',#1760,#1761,#2124,.T.);
#1257=EDGE_CURVE('',#1714,#1761,#2125,.T.);
#1258=EDGE_CURVE('',#1762,#1713,#2126,.T.);
#1259=EDGE_CURVE('',#1763,#1762,#2127,.T.);
#1260=EDGE_CURVE('',#1763,#1764,#2128,.T.);
#1261=EDGE_CURVE('',#1764,#1765,#2129,.T.);
#1262=EDGE_CURVE('',#1765,#1766,#2130,.T.);
#1263=EDGE_CURVE('',#1767,#1766,#2131,.T.);
#1264=EDGE_CURVE('',#1767,#1768,#2132,.F.);
#1265=EDGE_CURVE('',#1769,#1768,#2133,.T.);
#1266=EDGE_CURVE('',#1769,#1770,#2134,.T.);
#1267=EDGE_CURVE('',#1770,#1771,#2135,.T.);
#1268=EDGE_CURVE('',#1772,#1771,#2136,.T.);
#1269=EDGE_CURVE('',#1773,#1772,#2137,.T.);
#1270=EDGE_CURVE('',#1774,#1773,#2138,.T.);
#1271=EDGE_CURVE('',#1774,#1775,#2139,.T.);
#1272=EDGE_CURVE('',#1775,#1725,#2140,.T.);
#1273=EDGE_CURVE('',#1726,#1776,#2141,.T.);
#1274=EDGE_CURVE('',#1777,#1776,#2142,.T.);
#1275=EDGE_CURVE('',#1778,#1777,#2143,.T.);
#1276=EDGE_CURVE('',#1779,#1778,#2144,.T.);
#1277=EDGE_CURVE('',#1779,#1780,#2145,.T.);
#1278=EDGE_CURVE('',#1780,#1781,#2146,.T.);
#1279=EDGE_CURVE('',#1781,#1782,#2147,.T.);
#1280=EDGE_CURVE('',#1783,#1782,#2148,.T.);
#1281=EDGE_CURVE('',#1784,#1783,#2149,.T.);
#1282=EDGE_CURVE('',#1785,#1784,#2150,.T.);
#1283=EDGE_CURVE('',#1785,#1786,#2151,.T.);
#1284=EDGE_CURVE('',#1744,#1786,#2152,.T.);
#1285=EDGE_CURVE('',#1743,#1700,#2153,.T.);
#1286=EDGE_CURVE('',#1787,#1701,#2154,.T.);
#1287=EDGE_CURVE('',#1788,#1787,#2155,.T.);
#1288=EDGE_CURVE('',#1788,#1789,#2156,.T.);
#1289=EDGE_CURVE('',#1789,#1790,#2157,.T.);
#1290=EDGE_CURVE('',#1790,#1791,#2158,.T.);
#1291=EDGE_CURVE('',#1792,#1791,#2159,.T.);
#1292=EDGE_CURVE('',#1792,#1793,#2160,.T.);
#1293=EDGE_CURVE('',#1794,#1793,#2161,.T.);
#1294=EDGE_CURVE('',#1795,#1794,#2162,.T.);
#1295=EDGE_CURVE('',#1740,#1795,#2163,.T.);
#1296=EDGE_CURVE('',#1739,#1687,#2164,.T.);
#1297=EDGE_CURVE('',#1796,#1686,#2165,.T.);
#1298=EDGE_CURVE('',#1796,#1797,#2166,.T.);
#1299=EDGE_CURVE('',#1797,#1798,#2167,.T.);
#1300=EDGE_CURVE('',#1799,#1798,#2168,.T.);
#1301=EDGE_CURVE('',#1800,#1799,#2169,.T.);
#1302=EDGE_CURVE('',#1801,#1800,#2170,.T.);
#1303=EDGE_CURVE('',#1801,#1802,#2171,.T.);
#1304=EDGE_CURVE('',#1802,#1803,#2172,.T.);
#1305=EDGE_CURVE('',#1803,#1804,#2173,.T.);
#1306=EDGE_CURVE('',#1804,#1805,#2174,.T.);
#1307=EDGE_CURVE('',#1806,#1805,#2175,.T.);
#1308=EDGE_CURVE('',#1806,#1807,#2176,.F.);
#1309=EDGE_CURVE('',#1808,#1807,#2177,.T.);
#1310=EDGE_CURVE('',#1808,#1809,#2178,.T.);
#1311=EDGE_CURVE('',#1809,#1810,#2179,.T.);
#1312=EDGE_CURVE('',#1810,#1811,#2180,.T.);
#1313=EDGE_CURVE('',#1811,#1812,#2181,.T.);
#1314=EDGE_CURVE('',#1813,#1812,#2182,.T.);
#1315=EDGE_CURVE('',#1814,#1813,#2183,.T.);
#1316=EDGE_CURVE('',#1814,#1815,#2184,.T.);
#1317=EDGE_CURVE('',#1815,#1816,#2185,.T.);
#1318=EDGE_CURVE('',#1817,#1816,#2186,.T.);
#1319=EDGE_CURVE('',#1818,#1817,#2187,.T.);
#1320=EDGE_CURVE('',#1818,#1819,#2188,.T.);
#1321=EDGE_CURVE('',#1819,#1820,#2189,.T.);
#1322=EDGE_CURVE('',#1821,#1820,#2190,.T.);
#1323=EDGE_CURVE('',#1821,#1822,#2191,.T.);
#1324=EDGE_CURVE('',#1823,#1822,#2192,.T.);
#1325=EDGE_CURVE('',#1823,#1824,#2193,.T.);
#1326=EDGE_CURVE('',#1824,#1825,#2194,.T.);
#1327=EDGE_CURVE('',#1825,#1826,#2195,.F.);
#1328=EDGE_CURVE('',#1826,#1827,#2196,.T.);
#1329=EDGE_CURVE('',#1827,#1828,#2197,.T.);
#1330=EDGE_CURVE('',#1828,#1756,#2198,.T.);
#1331=EDGE_CURVE('',#1829,#1830,#2199,.T.);
#1332=EDGE_CURVE('',#1830,#1831,#56,.T.);
#1333=EDGE_CURVE('',#1831,#1767,#2200,.T.);
#1334=EDGE_CURVE('',#1832,#1766,#2201,.T.);
#1335=EDGE_CURVE('',#1832,#1829,#2202,.T.);
#1336=EDGE_CURVE('',#1752,#1781,#2203,.T.);
#1337=EDGE_CURVE('',#1753,#1780,#2204,.T.);
#1338=EDGE_CURVE('',#1833,#1834,#2205,.T.);
#1339=EDGE_CURVE('',#1835,#1833,#2206,.T.);
#1340=EDGE_CURVE('',#1836,#1835,#2207,.T.);
#1341=EDGE_CURVE('',#1836,#1834,#2208,.T.);
#1342=EDGE_CURVE('',#1833,#1837,#2209,.T.);
#1343=EDGE_CURVE('',#1748,#1837,#2210,.T.);
#1344=EDGE_CURVE('',#1747,#1835,#2211,.T.);
#1345=EDGE_CURVE('',#1836,#1786,#2212,.T.);
#1346=EDGE_CURVE('',#1785,#1834,#2213,.T.);
#1347=EDGE_CURVE('',#1806,#1838,#2214,.T.);
#1348=EDGE_CURVE('',#1839,#1838,#2215,.F.);
#1349=EDGE_CURVE('',#1807,#1839,#2216,.T.);
#1350=EDGE_CURVE('',#1840,#1841,#2217,.T.);
#1351=EDGE_CURVE('',#1840,#1802,#2218,.T.);
#1352=EDGE_CURVE('',#1841,#1801,#2219,.T.);
#1353=EDGE_CURVE('',#1842,#1842,#77,.T.);
#1354=EDGE_CURVE('',#1843,#1844,#2220,.T.);
#1355=EDGE_CURVE('',#1845,#1844,#2221,.T.);
#1356=EDGE_CURVE('',#1845,#1846,#2222,.T.);
#1357=EDGE_CURVE('',#1846,#1847,#2223,.T.);
#1358=EDGE_CURVE('',#1847,#1848,#2224,.T.);
#1359=EDGE_CURVE('',#1849,#1848,#2225,.T.);
#1360=EDGE_CURVE('',#1849,#1850,#2226,.T.);
#1361=EDGE_CURVE('',#1850,#1851,#2227,.T.);
#1362=EDGE_CURVE('',#1851,#1852,#78,.T.);
#1363=EDGE_CURVE('',#1853,#1852,#2228,.T.);
#1364=EDGE_CURVE('',#1854,#1853,#2229,.T.);
#1365=EDGE_CURVE('',#1854,#1855,#2230,.T.);
#1366=EDGE_CURVE('',#1856,#1855,#2231,.T.);
#1367=EDGE_CURVE('',#1857,#1856,#2232,.T.);
#1368=EDGE_CURVE('',#1843,#1857,#2233,.T.);
#1369=EDGE_CURVE('',#1858,#1853,#2234,.T.);
#1370=EDGE_CURVE('',#1858,#1859,#2235,.T.);
#1371=EDGE_CURVE('',#1860,#1859,#2236,.T.);
#1372=EDGE_CURVE('',#1861,#1860,#2237,.T.);
#1373=EDGE_CURVE('',#1861,#1854,#2238,.T.);
#1374=EDGE_CURVE('',#1862,#1858,#2239,.T.);
#1375=EDGE_CURVE('',#1862,#1863,#49,.T.);
#1376=EDGE_CURVE('',#1863,#1864,#2240,.T.);
#1377=EDGE_CURVE('',#1864,#1865,#2241,.T.);
#1378=EDGE_CURVE('',#1865,#1866,#2242,.T.);
#1379=EDGE_CURVE('',#1866,#1867,#57,.T.);
#1380=EDGE_CURVE('',#1868,#1867,#58,.T.);
#1381=EDGE_CURVE('',#1859,#1868,#2243,.T.);
#1382=EDGE_CURVE('',#1869,#1869,#79,.T.);
#1383=EDGE_CURVE('',#1870,#1871,#2244,.F.);
#1384=EDGE_CURVE('',#1872,#1870,#2245,.T.);
#1385=EDGE_CURVE('',#1872,#1873,#2246,.F.);
#1386=EDGE_CURVE('',#1874,#1873,#2247,.T.);
#1387=EDGE_CURVE('',#1875,#1874,#2248,.T.);
#1388=EDGE_CURVE('',#1876,#1875,#2249,.T.);
#1389=EDGE_CURVE('',#1876,#1829,#2250,.T.);
#1390=EDGE_CURVE('',#1832,#1877,#2251,.T.);
#1391=EDGE_CURVE('',#1877,#1878,#2252,.T.);
#1392=EDGE_CURVE('',#1878,#1871,#2253,.T.);
#1393=EDGE_CURVE('',#1879,#1879,#80,.T.);
#1394=EDGE_CURVE('',#1698,#1880,#2254,.T.);
#1395=EDGE_CURVE('',#1880,#1796,#2255,.T.);
#1396=EDGE_CURVE('',#1746,#1861,#2256,.T.);
#1397=EDGE_CURVE('',#1881,#1860,#2257,.T.);
#1398=EDGE_CURVE('',#1881,#1690,#2258,.T.);
#1399=EDGE_CURVE('',#1746,#1882,#2259,.T.);
#1400=EDGE_CURVE('',#1882,#1745,#2260,.T.);
#1401=EDGE_CURVE('',#1684,#1883,#2261,.T.);
#1402=EDGE_CURVE('',#1683,#1884,#2262,.T.);
#1403=EDGE_CURVE('',#1884,#1885,#2263,.T.);
#1404=EDGE_CURVE('',#1716,#1885,#2264,.T.);
#1405=EDGE_CURVE('',#1715,#1886,#2265,.T.);
#1406=EDGE_CURVE('',#1883,#1886,#2266,.T.);
#1407=EDGE_CURVE('',#1887,#1888,#2267,.T.);
#1408=EDGE_CURVE('',#1887,#1889,#2268,.T.);
#1409=EDGE_CURVE('',#1890,#1889,#2269,.T.);
#1410=EDGE_CURVE('',#1724,#1890,#2270,.T.);
#1411=EDGE_CURVE('',#1723,#1888,#2271,.T.);
#1412=EDGE_CURVE('',#1891,#1892,#2272,.T.);
#1413=EDGE_CURVE('',#1891,#1893,#2273,.T.);
#1414=EDGE_CURVE('',#1697,#1893,#2274,.T.);
#1415=EDGE_CURVE('',#1696,#1894,#2275,.T.);
#1416=EDGE_CURVE('',#1894,#1895,#2276,.T.);
#1417=EDGE_CURVE('',#1895,#1896,#2277,.T.);
#1418=EDGE_CURVE('',#1896,#1892,#2278,.F.);
#1419=EDGE_CURVE('',#1893,#1897,#2279,.T.);
#1420=EDGE_CURVE('',#1898,#1897,#2280,.T.);
#1421=EDGE_CURVE('',#1880,#1898,#2281,.T.);
#1422=EDGE_CURVE('',#1899,#1899,#50,.T.);
#1423=EDGE_CURVE('',#1868,#1900,#2282,.F.);
#1424=EDGE_CURVE('',#1900,#1901,#2283,.T.);
#1425=EDGE_CURVE('',#1901,#1902,#2284,.T.);
#1426=EDGE_CURVE('',#1902,#1903,#2285,.T.);
#1427=EDGE_CURVE('',#1903,#1881,#2286,.T.);
#1428=EDGE_CURVE('',#1904,#1904,#81,.T.);
#1429=EDGE_CURVE('',#1826,#1896,#2287,.T.);
#1430=EDGE_CURVE('',#1895,#1905,#2288,.T.);
#1431=EDGE_CURVE('',#1906,#1905,#2289,.T.);
#1432=EDGE_CURVE('',#1906,#1828,#2290,.T.);
#1433=EDGE_CURVE('',#1827,#1827,#82,.T.);
#1434=EDGE_CURVE('',#1891,#1907,#59,.T.);
#1435=EDGE_CURVE('',#1892,#1825,#2291,.T.);
#1436=EDGE_CURVE('',#1824,#1908,#2292,.T.);
#1437=EDGE_CURVE('',#1908,#1907,#2293,.T.);
#1438=EDGE_CURVE('',#1909,#1822,#2294,.T.);
#1439=EDGE_CURVE('',#1909,#1910,#60,.T.);
#1440=EDGE_CURVE('',#1910,#1911,#2295,.T.);
#1441=EDGE_CURVE('',#1911,#1823,#2296,.T.);
#1442=EDGE_CURVE('',#1912,#1820,#2297,.T.);
#1443=EDGE_CURVE('',#1912,#1913,#2298,.T.);
#1444=EDGE_CURVE('',#1913,#1821,#2299,.T.);
#1445=EDGE_CURVE('',#1912,#1914,#2300,.T.);
#1446=EDGE_CURVE('',#1914,#1819,#2301,.T.);
#1447=EDGE_CURVE('',#1914,#1915,#2302,.T.);
#1448=EDGE_CURVE('',#1915,#1818,#2303,.T.);
#1449=EDGE_CURVE('',#1816,#1916,#2304,.T.);
#1450=EDGE_CURVE('',#1916,#1917,#2305,.T.);
#1451=EDGE_CURVE('',#1917,#1817,#2306,.T.);
#1452=EDGE_CURVE('',#1911,#1908,#2307,.T.);
#1453=EDGE_CURVE('',#1902,#1692,#2308,.T.);
#1454=EDGE_CURVE('',#1903,#1691,#2309,.T.);
#1455=EDGE_CURVE('',#1674,#1757,#2310,.T.);
#1456=EDGE_CURVE('',#1678,#1758,#2311,.T.);
#1457=EDGE_CURVE('',#1673,#1755,#2312,.T.);
#1458=EDGE_CURVE('',#1756,#1884,#2313,.T.);
#1459=EDGE_CURVE('',#1918,#1919,#2314,.T.);
#1460=EDGE_CURVE('',#1918,#1894,#2315,.T.);
#1461=EDGE_CURVE('',#1919,#1695,#2316,.T.);
#1462=EDGE_CURVE('',#1920,#1920,#83,.T.);
#1463=EDGE_CURVE('',#1921,#1921,#84,.T.);
#1464=EDGE_CURVE('',#1922,#1923,#2317,.T.);
#1465=EDGE_CURVE('',#1922,#1918,#2318,.T.);
#1466=EDGE_CURVE('',#1923,#1919,#2319,.T.);
#1467=EDGE_CURVE('',#1886,#1761,#2320,.T.);
#1468=EDGE_CURVE('',#1883,#1760,#2321,.T.);
#1469=EDGE_CURVE('',#1677,#1759,#2322,.T.);
#1470=EDGE_CURVE('',#1924,#1925,#2323,.T.);
#1471=EDGE_CURVE('',#1925,#1810,#2324,.T.);
#1472=EDGE_CURVE('',#1924,#1809,#2325,.T.);
#1473=EDGE_CURVE('',#1923,#1718,#2326,.T.);
#1474=EDGE_CURVE('',#1706,#1694,#2327,.T.);
#1475=EDGE_CURVE('',#1926,#1705,#2328,.T.);
#1476=EDGE_CURVE('',#1927,#1926,#2329,.T.);
#1477=EDGE_CURVE('',#1927,#1733,#2330,.T.);
#1478=EDGE_CURVE('',#1732,#1719,#2331,.T.);
#1479=EDGE_CURVE('',#1877,#1765,#2332,.T.);
#1480=EDGE_CURVE('',#1878,#1764,#2333,.T.);
#1481=EDGE_CURVE('',#1889,#1763,#2334,.T.);
#1482=EDGE_CURVE('',#1871,#1887,#61,.T.);
#1483=EDGE_CURVE('',#1890,#1762,#2335,.T.);
#1484=EDGE_CURVE('',#1731,#1928,#2336,.T.);
#1485=EDGE_CURVE('',#1929,#1928,#85,.T.);
#1486=EDGE_CURVE('',#1729,#1929,#2337,.T.);
#1487=EDGE_CURVE('',#1728,#1930,#2338,.T.);
#1488=EDGE_CURVE('',#1930,#1872,#2339,.F.);
#1489=EDGE_CURVE('',#1888,#1870,#2340,.F.);
#1490=EDGE_CURVE('',#1722,#1931,#2341,.T.);
#1491=EDGE_CURVE('',#1931,#1932,#86,.T.);
#1492=EDGE_CURVE('',#1720,#1932,#2342,.T.);
#1493=EDGE_CURVE('',#1933,#1933,#87,.T.);
#1494=EDGE_CURVE('',#1909,#1934,#62,.T.);
#1495=EDGE_CURVE('',#1934,#1913,#2343,.T.);
#1496=EDGE_CURVE('',#1917,#1915,#2344,.T.);
#1497=EDGE_CURVE('',#1935,#1936,#2345,.T.);
#1498=EDGE_CURVE('',#1935,#1815,#2346,.T.);
#1499=EDGE_CURVE('',#1936,#1814,#2347,.T.);
#1500=EDGE_CURVE('',#1937,#1800,#2348,.T.);
#1501=EDGE_CURVE('',#1937,#1841,#2349,.T.);
#1502=EDGE_CURVE('',#1938,#1799,#2350,.T.);
#1503=EDGE_CURVE('',#1938,#1937,#2351,.T.);
#1504=EDGE_CURVE('',#1939,#1798,#2352,.T.);
#1505=EDGE_CURVE('',#1939,#1938,#2353,.T.);
#1506=EDGE_CURVE('',#1897,#1940,#2354,.T.);
#1507=EDGE_CURVE('',#1939,#1940,#2355,.T.);
#1508=EDGE_CURVE('',#1898,#1797,#2356,.T.);
#1509=EDGE_CURVE('',#1717,#1941,#2357,.T.);
#1510=EDGE_CURVE('',#1922,#1941,#2358,.T.);
#1511=EDGE_CURVE('',#1856,#1795,#2359,.T.);
#1512=EDGE_CURVE('',#1857,#1794,#2360,.T.);
#1513=EDGE_CURVE('',#1843,#1793,#2361,.T.);
#1514=EDGE_CURVE('',#1844,#1792,#2362,.T.);
#1515=EDGE_CURVE('',#1855,#1882,#63,.T.);
#1516=EDGE_CURVE('',#1942,#1808,#2363,.T.);
#1517=EDGE_CURVE('',#1942,#1924,#2364,.T.);
#1518=EDGE_CURVE('',#1839,#1942,#2365,.T.);
#1519=EDGE_CURVE('',#1901,#1693,#2366,.T.);
#1520=EDGE_CURVE('',#1900,#1943,#2367,.T.);
#1521=EDGE_CURVE('',#1943,#1944,#2368,.T.);
#1522=EDGE_CURVE('',#1944,#1707,#2369,.T.);
#1523=EDGE_CURVE('',#1866,#1943,#2370,.F.);
#1524=EDGE_CURVE('',#1945,#1838,#2371,.T.);
#1525=EDGE_CURVE('',#1945,#1946,#2372,.T.);
#1526=EDGE_CURVE('',#1946,#1947,#2373,.T.);
#1527=EDGE_CURVE('',#1947,#1840,#2374,.T.);
#1528=EDGE_CURVE('',#1940,#1948,#2375,.T.);
#1529=EDGE_CURVE('',#1934,#1948,#2376,.T.);
#1530=EDGE_CURVE('',#1935,#1916,#2377,.T.);
#1531=EDGE_CURVE('',#1949,#1936,#2378,.T.);
#1532=EDGE_CURVE('',#1949,#1950,#2379,.T.);
#1533=EDGE_CURVE('',#1950,#1951,#2380,.T.);
#1534=EDGE_CURVE('',#1951,#1925,#2381,.T.);
#1535=EDGE_CURVE('',#1952,#1952,#88,.T.);
#1536=EDGE_CURVE('',#1941,#1905,#2382,.T.);
#1537=EDGE_CURVE('',#1885,#1906,#2383,.T.);
#1538=EDGE_CURVE('',#1953,#1953,#89,.T.);
#1539=EDGE_CURVE('',#1954,#1954,#90,.T.);
#1540=EDGE_CURVE('',#1955,#1955,#91,.T.);
#1541=EDGE_CURVE('',#1956,#1956,#92,.T.);
#1542=EDGE_CURVE('',#1957,#1957,#93,.T.);
#1543=EDGE_CURVE('',#1958,#1958,#94,.T.);
#1544=EDGE_CURVE('',#1959,#1932,#51,.T.);
#1545=EDGE_CURVE('',#1721,#1959,#2384,.T.);
#1546=EDGE_CURVE('',#1931,#1959,#52,.T.);
#1547=EDGE_CURVE('',#1893,#1907,#2385,.T.);
#1548=EDGE_CURVE('',#1910,#1948,#2386,.T.);
#1549=EDGE_CURVE('',#1960,#1961,#64,.T.);
#1550=EDGE_CURVE('',#1961,#1962,#65,.T.);
#1551=EDGE_CURVE('',#1962,#1960,#95,.T.);
#1552=EDGE_CURVE('',#1963,#1963,#96,.T.);
#1553=EDGE_CURVE('',#1962,#1964,#66,.T.);
#1554=EDGE_CURVE('',#1964,#1769,#2387,.T.);
#1555=EDGE_CURVE('',#1768,#1965,#2388,.F.);
#1556=EDGE_CURVE('',#1965,#1960,#67,.T.);
#1557=EDGE_CURVE('',#1966,#1966,#97,.T.);
#1558=EDGE_CURVE('',#1967,#1967,#98,.T.);
#1559=EDGE_CURVE('',#1862,#1852,#2389,.T.);
#1560=EDGE_CURVE('',#1863,#1851,#2390,.T.);
#1561=EDGE_CURVE('',#1968,#1968,#99,.T.);
#1562=EDGE_CURVE('',#1969,#1969,#100,.T.);
#1563=EDGE_CURVE('',#1970,#1970,#101,.T.);
#1564=EDGE_CURVE('',#1971,#1971,#102,.T.);
#1565=EDGE_CURVE('',#1972,#1972,#103,.T.);
#1566=EDGE_CURVE('',#1973,#1973,#104,.T.);
#1567=EDGE_CURVE('',#1974,#1974,#105,.T.);
#1568=EDGE_CURVE('',#1975,#1975,#106,.T.);
#1569=EDGE_CURVE('',#1976,#1976,#107,.T.);
#1570=EDGE_CURVE('',#1864,#1850,#2391,.T.);
#1571=EDGE_CURVE('',#1977,#1849,#2392,.T.);
#1572=EDGE_CURVE('',#1977,#1978,#2393,.T.);
#1573=EDGE_CURVE('',#1978,#1865,#2394,.T.);
#1574=EDGE_CURVE('',#1979,#1787,#2395,.T.);
#1575=EDGE_CURVE('',#1712,#1979,#2396,.T.);
#1576=EDGE_CURVE('',#1711,#1980,#2397,.T.);
#1577=EDGE_CURVE('',#1981,#1710,#2398,.T.);
#1578=EDGE_CURVE('',#1981,#1978,#2399,.T.);
#1579=EDGE_CURVE('',#1980,#1977,#2400,.T.);
#1580=EDGE_CURVE('',#1980,#1982,#2401,.T.);
#1581=EDGE_CURVE('',#1982,#1983,#2402,.T.);
#1582=EDGE_CURVE('',#1983,#1980,#2403,.T.);
#1583=EDGE_CURVE('',#1984,#1985,#2404,.T.);
#1584=EDGE_CURVE('',#1986,#1984,#2405,.T.);
#1585=EDGE_CURVE('',#1987,#1986,#2406,.T.);
#1586=EDGE_CURVE('',#1987,#1988,#2407,.T.);
#1587=EDGE_CURVE('',#1988,#1989,#2408,.T.);
#1588=EDGE_CURVE('',#1736,#1989,#2409,.T.);
#1589=EDGE_CURVE('',#1735,#1985,#2410,.T.);
#1590=EDGE_CURVE('',#1990,#1930,#2411,.T.);
#1591=EDGE_CURVE('',#1727,#1991,#2412,.T.);
#1592=EDGE_CURVE('',#1991,#1992,#2413,.T.);
#1593=EDGE_CURVE('',#1990,#1992,#2414,.T.);
#1594=EDGE_CURVE('',#1993,#1994,#2415,.T.);
#1595=EDGE_CURVE('',#1995,#1994,#2416,.T.);
#1596=EDGE_CURVE('',#1996,#1995,#2417,.T.);
#1597=EDGE_CURVE('',#1704,#1996,#2418,.T.);
#1598=EDGE_CURVE('',#1993,#1748,#2419,.T.);
#1599=EDGE_CURVE('',#1997,#1983,#2420,.T.);
#1600=EDGE_CURVE('',#1997,#1979,#2421,.T.);
#1601=EDGE_CURVE('',#1998,#1998,#53,.T.);
#1602=EDGE_CURVE('',#1999,#1981,#2422,.T.);
#1603=EDGE_CURVE('',#2000,#1999,#2423,.T.);
#1604=EDGE_CURVE('',#1944,#2000,#2424,.T.);
#1605=EDGE_CURVE('',#2001,#2001,#108,.T.);
#1606=EDGE_CURVE('',#1994,#1784,#2425,.T.);
#1607=EDGE_CURVE('',#1783,#1783,#109,.T.);
#1608=EDGE_CURVE('',#1984,#1782,#2426,.T.);
#1609=EDGE_CURVE('',#1985,#2002,#2427,.T.);
#1610=EDGE_CURVE('',#1995,#2002,#2428,.T.);
#1611=EDGE_CURVE('',#1993,#1837,#68,.T.);
#1612=EDGE_CURVE('',#1811,#1951,#2429,.T.);
#1613=EDGE_CURVE('',#1812,#1950,#2430,.T.);
#1614=EDGE_CURVE('',#1999,#1709,#2431,.T.);
#1615=EDGE_CURVE('',#2000,#1708,#2432,.T.);
#1616=EDGE_CURVE('',#1754,#1779,#2433,.T.);
#1617=EDGE_CURVE('',#1751,#1986,#2434,.T.);
#1618=EDGE_CURVE('',#2003,#1926,#2435,.T.);
#1619=EDGE_CURVE('',#2003,#1996,#2436,.T.);
#1620=EDGE_CURVE('',#2004,#2004,#110,.T.);
#1621=EDGE_CURVE('',#2005,#2005,#111,.T.);
#1622=EDGE_CURVE('',#2006,#1927,#2437,.T.);
#1623=EDGE_CURVE('',#2006,#2003,#2438,.T.);
#1624=EDGE_CURVE('',#1989,#1776,#2439,.T.);
#1625=EDGE_CURVE('',#1988,#1777,#2440,.T.);
#1626=EDGE_CURVE('',#1749,#1987,#2441,.T.);
#1627=EDGE_CURVE('',#1750,#1778,#2442,.T.);
#1628=EDGE_CURVE('',#1770,#2007,#2443,.T.);
#1629=EDGE_CURVE('',#2007,#1830,#69,.T.);
#1630=EDGE_CURVE('',#1876,#1771,#2444,.T.);
#1631=EDGE_CURVE('',#1875,#1772,#2445,.T.);
#1632=EDGE_CURVE('',#1874,#1773,#2446,.T.);
#1633=EDGE_CURVE('',#1992,#1774,#2447,.T.);
#1634=EDGE_CURVE('',#1873,#1990,#70,.T.);
#1635=EDGE_CURVE('',#1991,#1775,#2448,.T.);
#1636=EDGE_CURVE('',#1949,#1813,#2449,.T.);
#1637=EDGE_CURVE('',#1997,#1788,#2450,.T.);
#1638=EDGE_CURVE('',#2006,#2008,#2451,.T.);
#1639=EDGE_CURVE('',#1734,#2008,#2452,.T.);
#1640=EDGE_CURVE('',#1847,#1789,#2453,.T.);
#1641=EDGE_CURVE('',#1846,#1790,#2454,.T.);
#1642=EDGE_CURVE('',#1845,#1791,#2455,.T.);
#1643=EDGE_CURVE('',#1848,#1982,#71,.T.);
#1644=EDGE_CURVE('',#2009,#2009,#112,.T.);
#1645=EDGE_CURVE('',#2008,#2002,#2456,.T.);
#1646=EDGE_CURVE('',#2010,#2010,#113,.T.);
#1647=EDGE_CURVE('',#2011,#2011,#114,.T.);
#1648=EDGE_CURVE('',#2012,#2012,#115,.T.);
#1649=EDGE_CURVE('',#2013,#2013,#116,.T.);
#1650=EDGE_CURVE('',#2014,#2014,#117,.T.);
#1651=EDGE_CURVE('',#2015,#2015,#118,.T.);
#1652=EDGE_CURVE('',#2016,#1928,#54,.T.);
#1653=EDGE_CURVE('',#1730,#2016,#2457,.T.);
#1654=EDGE_CURVE('',#1929,#2016,#55,.T.);
#1655=EDGE_CURVE('',#2017,#2017,#119,.T.);
#1656=EDGE_CURVE('',#2018,#2018,#120,.T.);
#1657=EDGE_CURVE('',#2019,#2019,#121,.T.);
#1658=EDGE_CURVE('',#2020,#2020,#122,.T.);
#1659=EDGE_CURVE('',#2021,#2021,#123,.T.);
#1660=EDGE_CURVE('',#2022,#2022,#124,.T.);
#1661=EDGE_CURVE('',#1946,#1804,#2458,.T.);
#1662=EDGE_CURVE('',#1803,#1947,#2459,.T.);
#1663=EDGE_CURVE('',#1805,#1945,#2460,.T.);
#1664=EDGE_CURVE('',#1965,#1831,#72,.F.);
#1665=EDGE_CURVE('',#1961,#1830,#73,.F.);
#1666=EDGE_CURVE('',#1964,#2007,#74,.T.);
#1667=VERTEX_POINT('',#4970);
#1668=VERTEX_POINT('',#4971);
#1669=VERTEX_POINT('',#4973);
#1670=VERTEX_POINT('',#4975);
#1671=VERTEX_POINT('',#4979);
#1672=VERTEX_POINT('',#4980);
#1673=VERTEX_POINT('',#4985);
#1674=VERTEX_POINT('',#4986);
#1675=VERTEX_POINT('',#4988);
#1676=VERTEX_POINT('',#4990);
#1677=VERTEX_POINT('',#4992);
#1678=VERTEX_POINT('',#4994);
#1679=VERTEX_POINT('',#4998);
#1680=VERTEX_POINT('',#4999);
#1681=VERTEX_POINT('',#5001);
#1682=VERTEX_POINT('',#5003);
#1683=VERTEX_POINT('',#5010);
#1684=VERTEX_POINT('',#5012);
#1685=VERTEX_POINT('',#5016);
#1686=VERTEX_POINT('',#5018);
#1687=VERTEX_POINT('',#5019);
#1688=VERTEX_POINT('',#5021);
#1689=VERTEX_POINT('',#5023);
#1690=VERTEX_POINT('',#5025);
#1691=VERTEX_POINT('',#5027);
#1692=VERTEX_POINT('',#5029);
#1693=VERTEX_POINT('',#5031);
#1694=VERTEX_POINT('',#5033);
#1695=VERTEX_POINT('',#5035);
#1696=VERTEX_POINT('',#5037);
#1697=VERTEX_POINT('',#5039);
#1698=VERTEX_POINT('',#5041);
#1699=VERTEX_POINT('',#5045);
#1700=VERTEX_POINT('',#5047);
#1701=VERTEX_POINT('',#5048);
#1702=VERTEX_POINT('',#5050);
#1703=VERTEX_POINT('',#5052);
#1704=VERTEX_POINT('',#5054);
#1705=VERTEX_POINT('',#5056);
#1706=VERTEX_POINT('',#5058);
#1707=VERTEX_POINT('',#5060);
#1708=VERTEX_POINT('',#5062);
#1709=VERTEX_POINT('',#5064);
#1710=VERTEX_POINT('',#5066);
#1711=VERTEX_POINT('',#5068);
#1712=VERTEX_POINT('',#5070);
#1713=VERTEX_POINT('',#5074);
#1714=VERTEX_POINT('',#5075);
#1715=VERTEX_POINT('',#5077);
#1716=VERTEX_POINT('',#5079);
#1717=VERTEX_POINT('',#5081);
#1718=VERTEX_POINT('',#5083);
#1719=VERTEX_POINT('',#5085);
#1720=VERTEX_POINT('',#5087);
#1721=VERTEX_POINT('',#5089);
#1722=VERTEX_POINT('',#5091);
#1723=VERTEX_POINT('',#5093);
#1724=VERTEX_POINT('',#5095);
#1725=VERTEX_POINT('',#5099);
#1726=VERTEX_POINT('',#5100);
#1727=VERTEX_POINT('',#5102);
#1728=VERTEX_POINT('',#5104);
#1729=VERTEX_POINT('',#5106);
#1730=VERTEX_POINT('',#5108);
#1731=VERTEX_POINT('',#5110);
#1732=VERTEX_POINT('',#5112);
#1733=VERTEX_POINT('',#5114);
#1734=VERTEX_POINT('',#5116);
#1735=VERTEX_POINT('',#5118);
#1736=VERTEX_POINT('',#5120);
#1737=VERTEX_POINT('',#5124);
#1738=VERTEX_POINT('',#5125);
#1739=VERTEX_POINT('',#5127);
#1740=VERTEX_POINT('',#5129);
#1741=VERTEX_POINT('',#5133);
#1742=VERTEX_POINT('',#5134);
#1743=VERTEX_POINT('',#5136);
#1744=VERTEX_POINT('',#5138);
#1745=VERTEX_POINT('',#5143);
#1746=VERTEX_POINT('',#5145);
#1747=VERTEX_POINT('',#5150);
#1748=VERTEX_POINT('',#5152);
#1749=VERTEX_POINT('',#5156);
#1750=VERTEX_POINT('',#5157);
#1751=VERTEX_POINT('',#5159);
#1752=VERTEX_POINT('',#5161);
#1753=VERTEX_POINT('',#5163);
#1754=VERTEX_POINT('',#5165);
#1755=VERTEX_POINT('',#5171);
#1756=VERTEX_POINT('',#5172);
#1757=VERTEX_POINT('',#5174);
#1758=VERTEX_POINT('',#5176);
#1759=VERTEX_POINT('',#5178);
#1760=VERTEX_POINT('',#5180);
#1761=VERTEX_POINT('',#5182);
#1762=VERTEX_POINT('',#5185);
#1763=VERTEX_POINT('',#5187);
#1764=VERTEX_POINT('',#5189);
#1765=VERTEX_POINT('',#5191);
#1766=VERTEX_POINT('',#5193);
#1767=VERTEX_POINT('',#5195);
#1768=VERTEX_POINT('',#5197);
#1769=VERTEX_POINT('',#5199);
#1770=VERTEX_POINT('',#5201);
#1771=VERTEX_POINT('',#5203);
#1772=VERTEX_POINT('',#5205);
#1773=VERTEX_POINT('',#5207);
#1774=VERTEX_POINT('',#5209);
#1775=VERTEX_POINT('',#5211);
#1776=VERTEX_POINT('',#5214);
#1777=VERTEX_POINT('',#5216);
#1778=VERTEX_POINT('',#5218);
#1779=VERTEX_POINT('',#5220);
#1780=VERTEX_POINT('',#5222);
#1781=VERTEX_POINT('',#5224);
#1782=VERTEX_POINT('',#5226);
#1783=VERTEX_POINT('',#5228);
#1784=VERTEX_POINT('',#5230);
#1785=VERTEX_POINT('',#5232);
#1786=VERTEX_POINT('',#5234);
#1787=VERTEX_POINT('',#5238);
#1788=VERTEX_POINT('',#5240);
#1789=VERTEX_POINT('',#5242);
#1790=VERTEX_POINT('',#5244);
#1791=VERTEX_POINT('',#5246);
#1792=VERTEX_POINT('',#5248);
#1793=VERTEX_POINT('',#5250);
#1794=VERTEX_POINT('',#5252);
#1795=VERTEX_POINT('',#5254);
#1796=VERTEX_POINT('',#5258);
#1797=VERTEX_POINT('',#5260);
#1798=VERTEX_POINT('',#5262);
#1799=VERTEX_POINT('',#5264);
#1800=VERTEX_POINT('',#5266);
#1801=VERTEX_POINT('',#5268);
#1802=VERTEX_POINT('',#5270);
#1803=VERTEX_POINT('',#5272);
#1804=VERTEX_POINT('',#5274);
#1805=VERTEX_POINT('',#5276);
#1806=VERTEX_POINT('',#5278);
#1807=VERTEX_POINT('',#5280);
#1808=VERTEX_POINT('',#5282);
#1809=VERTEX_POINT('',#5284);
#1810=VERTEX_POINT('',#5286);
#1811=VERTEX_POINT('',#5288);
#1812=VERTEX_POINT('',#5290);
#1813=VERTEX_POINT('',#5292);
#1814=VERTEX_POINT('',#5294);
#1815=VERTEX_POINT('',#5296);
#1816=VERTEX_POINT('',#5298);
#1817=VERTEX_POINT('',#5300);
#1818=VERTEX_POINT('',#5302);
#1819=VERTEX_POINT('',#5304);
#1820=VERTEX_POINT('',#5306);
#1821=VERTEX_POINT('',#5308);
#1822=VERTEX_POINT('',#5310);
#1823=VERTEX_POINT('',#5312);
#1824=VERTEX_POINT('',#5314);
#1825=VERTEX_POINT('',#5316);
#1826=VERTEX_POINT('',#5318);
#1827=VERTEX_POINT('',#5320);
#1828=VERTEX_POINT('',#5322);
#1829=VERTEX_POINT('',#5326);
#1830=VERTEX_POINT('',#5327);
#1831=VERTEX_POINT('',#5334);
#1832=VERTEX_POINT('',#5337);
#1833=VERTEX_POINT('',#5344);
#1834=VERTEX_POINT('',#5345);
#1835=VERTEX_POINT('',#5347);
#1836=VERTEX_POINT('',#5349);
#1837=VERTEX_POINT('',#5353);
#1838=VERTEX_POINT('',#5361);
#1839=VERTEX_POINT('',#5363);
#1840=VERTEX_POINT('',#5367);
#1841=VERTEX_POINT('',#5368);
#1842=VERTEX_POINT('',#5373);
#1843=VERTEX_POINT('',#5375);
#1844=VERTEX_POINT('',#5376);
#1845=VERTEX_POINT('',#5378);
#1846=VERTEX_POINT('',#5380);
#1847=VERTEX_POINT('',#5382);
#1848=VERTEX_POINT('',#5384);
#1849=VERTEX_POINT('',#5386);
#1850=VERTEX_POINT('',#5388);
#1851=VERTEX_POINT('',#5390);
#1852=VERTEX_POINT('',#5392);
#1853=VERTEX_POINT('',#5394);
#1854=VERTEX_POINT('',#5396);
#1855=VERTEX_POINT('',#5398);
#1856=VERTEX_POINT('',#5400);
#1857=VERTEX_POINT('',#5402);
#1858=VERTEX_POINT('',#5406);
#1859=VERTEX_POINT('',#5408);
#1860=VERTEX_POINT('',#5410);
#1861=VERTEX_POINT('',#5412);
#1862=VERTEX_POINT('',#5416);
#1863=VERTEX_POINT('',#5418);
#1864=VERTEX_POINT('',#5420);
#1865=VERTEX_POINT('',#5422);
#1866=VERTEX_POINT('',#5424);
#1867=VERTEX_POINT('',#5429);
#1868=VERTEX_POINT('',#5434);
#1869=VERTEX_POINT('',#5438);
#1870=VERTEX_POINT('',#5440);
#1871=VERTEX_POINT('',#5441);
#1872=VERTEX_POINT('',#5443);
#1873=VERTEX_POINT('',#5445);
#1874=VERTEX_POINT('',#5447);
#1875=VERTEX_POINT('',#5449);
#1876=VERTEX_POINT('',#5451);
#1877=VERTEX_POINT('',#5454);
#1878=VERTEX_POINT('',#5456);
#1879=VERTEX_POINT('',#5459);
#1880=VERTEX_POINT('',#5462);
#1881=VERTEX_POINT('',#5468);
#1882=VERTEX_POINT('',#5472);
#1883=VERTEX_POINT('',#5476);
#1884=VERTEX_POINT('',#5478);
#1885=VERTEX_POINT('',#5480);
#1886=VERTEX_POINT('',#5483);
#1887=VERTEX_POINT('',#5487);
#1888=VERTEX_POINT('',#5488);
#1889=VERTEX_POINT('',#5490);
#1890=VERTEX_POINT('',#5492);
#1891=VERTEX_POINT('',#5497);
#1892=VERTEX_POINT('',#5498);
#1893=VERTEX_POINT('',#5500);
#1894=VERTEX_POINT('',#5503);
#1895=VERTEX_POINT('',#5505);
#1896=VERTEX_POINT('',#5507);
#1897=VERTEX_POINT('',#5511);
#1898=VERTEX_POINT('',#5513);
#1899=VERTEX_POINT('',#5517);
#1900=VERTEX_POINT('',#5519);
#1901=VERTEX_POINT('',#5521);
#1902=VERTEX_POINT('',#5523);
#1903=VERTEX_POINT('',#5525);
#1904=VERTEX_POINT('',#5529);
#1905=VERTEX_POINT('',#5532);
#1906=VERTEX_POINT('',#5534);
#1907=VERTEX_POINT('',#5542);
#1908=VERTEX_POINT('',#5545);
#1909=VERTEX_POINT('',#5549);
#1910=VERTEX_POINT('',#5554);
#1911=VERTEX_POINT('',#5556);
#1912=VERTEX_POINT('',#5560);
#1913=VERTEX_POINT('',#5562);
#1914=VERTEX_POINT('',#5566);
#1915=VERTEX_POINT('',#5570);
#1916=VERTEX_POINT('',#5574);
#1917=VERTEX_POINT('',#5576);
#1918=VERTEX_POINT('',#5594);
#1919=VERTEX_POINT('',#5595);
#1920=VERTEX_POINT('',#5600);
#1921=VERTEX_POINT('',#5602);
#1922=VERTEX_POINT('',#5604);
#1923=VERTEX_POINT('',#5605);
#1924=VERTEX_POINT('',#5617);
#1925=VERTEX_POINT('',#5618);
#1926=VERTEX_POINT('',#5625);
#1927=VERTEX_POINT('',#5627);
#1928=VERTEX_POINT('',#5645);
#1929=VERTEX_POINT('',#5647);
#1930=VERTEX_POINT('',#5650);
#1931=VERTEX_POINT('',#5654);
#1932=VERTEX_POINT('',#5656);
#1933=VERTEX_POINT('',#5659);
#1934=VERTEX_POINT('',#5665);
#1935=VERTEX_POINT('',#5671);
#1936=VERTEX_POINT('',#5672);
#1937=VERTEX_POINT('',#5677);
#1938=VERTEX_POINT('',#5681);
#1939=VERTEX_POINT('',#5685);
#1940=VERTEX_POINT('',#5689);
#1941=VERTEX_POINT('',#5695);
#1942=VERTEX_POINT('',#5712);
#1943=VERTEX_POINT('',#5719);
#1944=VERTEX_POINT('',#5721);
#1945=VERTEX_POINT('',#5728);
#1946=VERTEX_POINT('',#5730);
#1947=VERTEX_POINT('',#5732);
#1948=VERTEX_POINT('',#5735);
#1949=VERTEX_POINT('',#5739);
#1950=VERTEX_POINT('',#5741);
#1951=VERTEX_POINT('',#5743);
#1952=VERTEX_POINT('',#5747);
#1953=VERTEX_POINT('',#5755);
#1954=VERTEX_POINT('',#5758);
#1955=VERTEX_POINT('',#5761);
#1956=VERTEX_POINT('',#5764);
#1957=VERTEX_POINT('',#5767);
#1958=VERTEX_POINT('',#5770);
#1959=VERTEX_POINT('',#5774);
#1960=VERTEX_POINT('',#5817);
#1961=VERTEX_POINT('',#5818);
#1962=VERTEX_POINT('',#5830);
#1963=VERTEX_POINT('',#5835);
#1964=VERTEX_POINT('',#5840);
#1965=VERTEX_POINT('',#5843);
#1966=VERTEX_POINT('',#5850);
#1967=VERTEX_POINT('',#5853);
#1968=VERTEX_POINT('',#5869);
#1969=VERTEX_POINT('',#5872);
#1970=VERTEX_POINT('',#5875);
#1971=VERTEX_POINT('',#5878);
#1972=VERTEX_POINT('',#5881);
#1973=VERTEX_POINT('',#5884);
#1974=VERTEX_POINT('',#5887);
#1975=VERTEX_POINT('',#5891);
#1976=VERTEX_POINT('',#5895);
#1977=VERTEX_POINT('',#5903);
#1978=VERTEX_POINT('',#5905);
#1979=VERTEX_POINT('',#5910);
#1980=VERTEX_POINT('',#5914);
#1981=VERTEX_POINT('',#5916);
#1982=VERTEX_POINT('',#5921);
#1983=VERTEX_POINT('',#5923);
#1984=VERTEX_POINT('',#5927);
#1985=VERTEX_POINT('',#5928);
#1986=VERTEX_POINT('',#5930);
#1987=VERTEX_POINT('',#5932);
#1988=VERTEX_POINT('',#5934);
#1989=VERTEX_POINT('',#5936);
#1990=VERTEX_POINT('',#5941);
#1991=VERTEX_POINT('',#5943);
#1992=VERTEX_POINT('',#5945);
#1993=VERTEX_POINT('',#5949);
#1994=VERTEX_POINT('',#5950);
#1995=VERTEX_POINT('',#5952);
#1996=VERTEX_POINT('',#5954);
#1997=VERTEX_POINT('',#5959);
#1998=VERTEX_POINT('',#5963);
#1999=VERTEX_POINT('',#5965);
#2000=VERTEX_POINT('',#5967);
#2001=VERTEX_POINT('',#5971);
#2002=VERTEX_POINT('',#5976);
#2003=VERTEX_POINT('',#5995);
#2004=VERTEX_POINT('',#5999);
#2005=VERTEX_POINT('',#6001);
#2006=VERTEX_POINT('',#6003);
#2007=VERTEX_POINT('',#6015);
#2008=VERTEX_POINT('',#6043);
#2009=VERTEX_POINT('',#6060);
#2010=VERTEX_POINT('',#6066);
#2011=VERTEX_POINT('',#6069);
#2012=VERTEX_POINT('',#6072);
#2013=VERTEX_POINT('',#6075);
#2014=VERTEX_POINT('',#6078);
#2015=VERTEX_POINT('',#6081);
#2016=VERTEX_POINT('',#6085);
#2017=VERTEX_POINT('',#6117);
#2018=VERTEX_POINT('',#6120);
#2019=VERTEX_POINT('',#6123);
#2020=VERTEX_POINT('',#6126);
#2021=VERTEX_POINT('',#6129);
#2022=VERTEX_POINT('',#6133);
#2023=LINE('',#4969,#2461);
#2024=LINE('',#4972,#2462);
#2025=LINE('',#4974,#2463);
#2026=LINE('',#4976,#2464);
#2027=LINE('',#4978,#2465);
#2028=LINE('',#4981,#2466);
#2029=LINE('',#4982,#2467);
#2030=LINE('',#4984,#2468);
#2031=LINE('',#4987,#2469);
#2032=LINE('',#4989,#2470);
#2033=LINE('',#4991,#2471);
#2034=LINE('',#4993,#2472);
#2035=LINE('',#4995,#2473);
#2036=LINE('',#4997,#2474);
#2037=LINE('',#5000,#2475);
#2038=LINE('',#5002,#2476);
#2039=LINE('',#5004,#2477);
#2040=LINE('',#5006,#2478);
#2041=LINE('',#5007,#2479);
#2042=LINE('',#5009,#2480);
#2043=LINE('',#5011,#2481);
#2044=LINE('',#5013,#2482);
#2045=LINE('',#5017,#2483);
#2046=LINE('',#5020,#2484);
#2047=LINE('',#5022,#2485);
#2048=LINE('',#5024,#2486);
#2049=LINE('',#5026,#2487);
#2050=LINE('',#5028,#2488);
#2051=LINE('',#5030,#2489);
#2052=LINE('',#5032,#2490);
#2053=LINE('',#5034,#2491);
#2054=LINE('',#5036,#2492);
#2055=LINE('',#5038,#2493);
#2056=LINE('',#5040,#2494);
#2057=LINE('',#5042,#2495);
#2058=LINE('',#5046,#2496);
#2059=LINE('',#5049,#2497);
#2060=LINE('',#5051,#2498);
#2061=LINE('',#5053,#2499);
#2062=LINE('',#5055,#2500);
#2063=LINE('',#5057,#2501);
#2064=LINE('',#5059,#2502);
#2065=LINE('',#5061,#2503);
#2066=LINE('',#5063,#2504);
#2067=LINE('',#5065,#2505);
#2068=LINE('',#5067,#2506);
#2069=LINE('',#5069,#2507);
#2070=LINE('',#5071,#2508);
#2071=LINE('',#5073,#2509);
#2072=LINE('',#5076,#2510);
#2073=LINE('',#5078,#2511);
#2074=LINE('',#5080,#2512);
#2075=LINE('',#5082,#2513);
#2076=LINE('',#5084,#2514);
#2077=LINE('',#5086,#2515);
#2078=LINE('',#5088,#2516);
#2079=LINE('',#5090,#2517);
#2080=LINE('',#5092,#2518);
#2081=LINE('',#5094,#2519);
#2082=LINE('',#5096,#2520);
#2083=LINE('',#5098,#2521);
#2084=LINE('',#5101,#2522);
#2085=LINE('',#5103,#2523);
#2086=LINE('',#5105,#2524);
#2087=LINE('',#5107,#2525);
#2088=LINE('',#5109,#2526);
#2089=LINE('',#5111,#2527);
#2090=LINE('',#5113,#2528);
#2091=LINE('',#5115,#2529);
#2092=LINE('',#5117,#2530);
#2093=LINE('',#5119,#2531);
#2094=LINE('',#5121,#2532);
#2095=LINE('',#5123,#2533);
#2096=LINE('',#5126,#2534);
#2097=LINE('',#5128,#2535);
#2098=LINE('',#5130,#2536);
#2099=LINE('',#5132,#2537);
#2100=LINE('',#5135,#2538);
#2101=LINE('',#5137,#2539);
#2102=LINE('',#5139,#2540);
#2103=LINE('',#5141,#2541);
#2104=LINE('',#5142,#2542);
#2105=LINE('',#5144,#2543);
#2106=LINE('',#5146,#2544);
#2107=LINE('',#5148,#2545);
#2108=LINE('',#5149,#2546);
#2109=LINE('',#5151,#2547);
#2110=LINE('',#5153,#2548);
#2111=LINE('',#5155,#2549);
#2112=LINE('',#5158,#2550);
#2113=LINE('',#5160,#2551);
#2114=LINE('',#5162,#2552);
#2115=LINE('',#5164,#2553);
#2116=LINE('',#5166,#2554);
#2117=LINE('',#5168,#2555);
#2118=LINE('',#5169,#2556);
#2119=LINE('',#5170,#2557);
#2120=LINE('',#5173,#2558);
#2121=LINE('',#5175,#2559);
#2122=LINE('',#5177,#2560);
#2123=LINE('',#5179,#2561);
#2124=LINE('',#5181,#2562);
#2125=LINE('',#5183,#2563);
#2126=LINE('',#5184,#2564);
#2127=LINE('',#5186,#2565);
#2128=LINE('',#5188,#2566);
#2129=LINE('',#5190,#2567);
#2130=LINE('',#5192,#2568);
#2131=LINE('',#5194,#2569);
#2132=LINE('',#5196,#2570);
#2133=LINE('',#5198,#2571);
#2134=LINE('',#5200,#2572);
#2135=LINE('',#5202,#2573);
#2136=LINE('',#5204,#2574);
#2137=LINE('',#5206,#2575);
#2138=LINE('',#5208,#2576);
#2139=LINE('',#5210,#2577);
#2140=LINE('',#5212,#2578);
#2141=LINE('',#5213,#2579);
#2142=LINE('',#5215,#2580);
#2143=LINE('',#5217,#2581);
#2144=LINE('',#5219,#2582);
#2145=LINE('',#5221,#2583);
#2146=LINE('',#5223,#2584);
#2147=LINE('',#5225,#2585);
#2148=LINE('',#5227,#2586);
#2149=LINE('',#5229,#2587);
#2150=LINE('',#5231,#2588);
#2151=LINE('',#5233,#2589);
#2152=LINE('',#5235,#2590);
#2153=LINE('',#5236,#2591);
#2154=LINE('',#5237,#2592);
#2155=LINE('',#5239,#2593);
#2156=LINE('',#5241,#2594);
#2157=LINE('',#5243,#2595);
#2158=LINE('',#5245,#2596);
#2159=LINE('',#5247,#2597);
#2160=LINE('',#5249,#2598);
#2161=LINE('',#5251,#2599);
#2162=LINE('',#5253,#2600);
#2163=LINE('',#5255,#2601);
#2164=LINE('',#5256,#2602);
#2165=LINE('',#5257,#2603);
#2166=LINE('',#5259,#2604);
#2167=LINE('',#5261,#2605);
#2168=LINE('',#5263,#2606);
#2169=LINE('',#5265,#2607);
#2170=LINE('',#5267,#2608);
#2171=LINE('',#5269,#2609);
#2172=LINE('',#5271,#2610);
#2173=LINE('',#5273,#2611);
#2174=LINE('',#5275,#2612);
#2175=LINE('',#5277,#2613);
#2176=LINE('',#5279,#2614);
#2177=LINE('',#5281,#2615);
#2178=LINE('',#5283,#2616);
#2179=LINE('',#5285,#2617);
#2180=LINE('',#5287,#2618);
#2181=LINE('',#5289,#2619);
#2182=LINE('',#5291,#2620);
#2183=LINE('',#5293,#2621);
#2184=LINE('',#5295,#2622);
#2185=LINE('',#5297,#2623);
#2186=LINE('',#5299,#2624);
#2187=LINE('',#5301,#2625);
#2188=LINE('',#5303,#2626);
#2189=LINE('',#5305,#2627);
#2190=LINE('',#5307,#2628);
#2191=LINE('',#5309,#2629);
#2192=LINE('',#5311,#2630);
#2193=LINE('',#5313,#2631);
#2194=LINE('',#5315,#2632);
#2195=LINE('',#5317,#2633);
#2196=LINE('',#5319,#2634);
#2197=LINE('',#5321,#2635);
#2198=LINE('',#5323,#2636);
#2199=LINE('',#5325,#2637);
#2200=LINE('',#5335,#2638);
#2201=LINE('',#5336,#2639);
#2202=LINE('',#5338,#2640);
#2203=LINE('',#5340,#2641);
#2204=LINE('',#5341,#2642);
#2205=LINE('',#5343,#2643);
#2206=LINE('',#5346,#2644);
#2207=LINE('',#5348,#2645);
#2208=LINE('',#5350,#2646);
#2209=LINE('',#5352,#2647);
#2210=LINE('',#5354,#2648);
#2211=LINE('',#5355,#2649);
#2212=LINE('',#5357,#2650);
#2213=LINE('',#5358,#2651);
#2214=LINE('',#5360,#2652);
#2215=LINE('',#5362,#2653);
#2216=LINE('',#5364,#2654);
#2217=LINE('',#5366,#2655);
#2218=LINE('',#5369,#2656);
#2219=LINE('',#5370,#2657);
#2220=LINE('',#5374,#2658);
#2221=LINE('',#5377,#2659);
#2222=LINE('',#5379,#2660);
#2223=LINE('',#5381,#2661);
#2224=LINE('',#5383,#2662);
#2225=LINE('',#5385,#2663);
#2226=LINE('',#5387,#2664);
#2227=LINE('',#5389,#2665);
#2228=LINE('',#5393,#2666);
#2229=LINE('',#5395,#2667);
#2230=LINE('',#5397,#2668);
#2231=LINE('',#5399,#2669);
#2232=LINE('',#5401,#2670);
#2233=LINE('',#5403,#2671);
#2234=LINE('',#5405,#2672);
#2235=LINE('',#5407,#2673);
#2236=LINE('',#5409,#2674);
#2237=LINE('',#5411,#2675);
#2238=LINE('',#5413,#2676);
#2239=LINE('',#5415,#2677);
#2240=LINE('',#5419,#2678);
#2241=LINE('',#5421,#2679);
#2242=LINE('',#5423,#2680);
#2243=LINE('',#5435,#2681);
#2244=LINE('',#5439,#2682);
#2245=LINE('',#5442,#2683);
#2246=LINE('',#5444,#2684);
#2247=LINE('',#5446,#2685);
#2248=LINE('',#5448,#2686);
#2249=LINE('',#5450,#2687);
#2250=LINE('',#5452,#2688);
#2251=LINE('',#5453,#2689);
#2252=LINE('',#5455,#2690);
#2253=LINE('',#5457,#2691);
#2254=LINE('',#5461,#2692);
#2255=LINE('',#5463,#2693);
#2256=LINE('',#5466,#2694);
#2257=LINE('',#5467,#2695);
#2258=LINE('',#5469,#2696);
#2259=LINE('',#5471,#2697);
#2260=LINE('',#5473,#2698);
#2261=LINE('',#5475,#2699);
#2262=LINE('',#5477,#2700);
#2263=LINE('',#5479,#2701);
#2264=LINE('',#5481,#2702);
#2265=LINE('',#5482,#2703);
#2266=LINE('',#5484,#2704);
#2267=LINE('',#5486,#2705);
#2268=LINE('',#5489,#2706);
#2269=LINE('',#5491,#2707);
#2270=LINE('',#5493,#2708);
#2271=LINE('',#5494,#2709);
#2272=LINE('',#5496,#2710);
#2273=LINE('',#5499,#2711);
#2274=LINE('',#5501,#2712);
#2275=LINE('',#5502,#2713);
#2276=LINE('',#5504,#2714);
#2277=LINE('',#5506,#2715);
#2278=LINE('',#5508,#2716);
#2279=LINE('',#5510,#2717);
#2280=LINE('',#5512,#2718);
#2281=LINE('',#5514,#2719);
#2282=LINE('',#5518,#2720);
#2283=LINE('',#5520,#2721);
#2284=LINE('',#5522,#2722);
#2285=LINE('',#5524,#2723);
#2286=LINE('',#5526,#2724);
#2287=LINE('',#5530,#2725);
#2288=LINE('',#5531,#2726);
#2289=LINE('',#5533,#2727);
#2290=LINE('',#5535,#2728);
#2291=LINE('',#5543,#2729);
#2292=LINE('',#5544,#2730);
#2293=LINE('',#5546,#2731);
#2294=LINE('',#5548,#2732);
#2295=LINE('',#5555,#2733);
#2296=LINE('',#5557,#2734);
#2297=LINE('',#5559,#2735);
#2298=LINE('',#5561,#2736);
#2299=LINE('',#5563,#2737);
#2300=LINE('',#5565,#2738);
#2301=LINE('',#5567,#2739);
#2302=LINE('',#5569,#2740);
#2303=LINE('',#5571,#2741);
#2304=LINE('',#5573,#2742);
#2305=LINE('',#5575,#2743);
#2306=LINE('',#5577,#2744);
#2307=LINE('',#5579,#2745);
#2308=LINE('',#5582,#2746);
#2309=LINE('',#5583,#2747);
#2310=LINE('',#5585,#2748);
#2311=LINE('',#5586,#2749);
#2312=LINE('',#5588,#2750);
#2313=LINE('',#5591,#2751);
#2314=LINE('',#5593,#2752);
#2315=LINE('',#5596,#2753);
#2316=LINE('',#5597,#2754);
#2317=LINE('',#5603,#2755);
#2318=LINE('',#5606,#2756);
#2319=LINE('',#5607,#2757);
#2320=LINE('',#5609,#2758);
#2321=LINE('',#5611,#2759);
#2322=LINE('',#5613,#2760);
#2323=LINE('',#5616,#2761);
#2324=LINE('',#5619,#2762);
#2325=LINE('',#5620,#2763);
#2326=LINE('',#5622,#2764);
#2327=LINE('',#5623,#2765);
#2328=LINE('',#5624,#2766);
#2329=LINE('',#5626,#2767);
#2330=LINE('',#5628,#2768);
#2331=LINE('',#5629,#2769);
#2332=LINE('',#5631,#2770);
#2333=LINE('',#5633,#2771);
#2334=LINE('',#5635,#2772);
#2335=LINE('',#5641,#2773);
#2336=LINE('',#5644,#2774);
#2337=LINE('',#5648,#2775);
#2338=LINE('',#5649,#2776);
#2339=LINE('',#5651,#2777);
#2340=LINE('',#5652,#2778);
#2341=LINE('',#5653,#2779);
#2342=LINE('',#5657,#2780);
#2343=LINE('',#5666,#2781);
#2344=LINE('',#5668,#2782);
#2345=LINE('',#5670,#2783);
#2346=LINE('',#5673,#2784);
#2347=LINE('',#5674,#2785);
#2348=LINE('',#5676,#2786);
#2349=LINE('',#5678,#2787);
#2350=LINE('',#5680,#2788);
#2351=LINE('',#5682,#2789);
#2352=LINE('',#5684,#2790);
#2353=LINE('',#5686,#2791);
#2354=LINE('',#5688,#2792);
#2355=LINE('',#5690,#2793);
#2356=LINE('',#5691,#2794);
#2357=LINE('',#5694,#2795);
#2358=LINE('',#5696,#2796);
#2359=LINE('',#5698,#2797);
#2360=LINE('',#5699,#2798);
#2361=LINE('',#5701,#2799);
#2362=LINE('',#5703,#2800);
#2363=LINE('',#5711,#2801);
#2364=LINE('',#5713,#2802);
#2365=LINE('',#5715,#2803);
#2366=LINE('',#5717,#2804);
#2367=LINE('',#5718,#2805);
#2368=LINE('',#5720,#2806);
#2369=LINE('',#5722,#2807);
#2370=LINE('',#5725,#2808);
#2371=LINE('',#5727,#2809);
#2372=LINE('',#5729,#2810);
#2373=LINE('',#5731,#2811);
#2374=LINE('',#5733,#2812);
#2375=LINE('',#5734,#2813);
#2376=LINE('',#5736,#2814);
#2377=LINE('',#5737,#2815);
#2378=LINE('',#5738,#2816);
#2379=LINE('',#5740,#2817);
#2380=LINE('',#5742,#2818);
#2381=LINE('',#5744,#2819);
#2382=LINE('',#5748,#2820);
#2383=LINE('',#5750,#2821);
#2384=LINE('',#5775,#2822);
#2385=LINE('',#5779,#2823);
#2386=LINE('',#5780,#2824);
#2387=LINE('',#5841,#2825);
#2388=LINE('',#5842,#2826);
#2389=LINE('',#5864,#2827);
#2390=LINE('',#5865,#2828);
#2391=LINE('',#5901,#2829);
#2392=LINE('',#5902,#2830);
#2393=LINE('',#5904,#2831);
#2394=LINE('',#5906,#2832);
#2395=LINE('',#5909,#2833);
#2396=LINE('',#5911,#2834);
#2397=LINE('',#5913,#2835);
#2398=LINE('',#5915,#2836);
#2399=LINE('',#5917,#2837);
#2400=LINE('',#5918,#2838);
#2401=LINE('',#5920,#2839);
#2402=LINE('',#5922,#2840);
#2403=LINE('',#5924,#2841);
#2404=LINE('',#5926,#2842);
#2405=LINE('',#5929,#2843);
#2406=LINE('',#5931,#2844);
#2407=LINE('',#5933,#2845);
#2408=LINE('',#5935,#2846);
#2409=LINE('',#5937,#2847);
#2410=LINE('',#5938,#2848);
#2411=LINE('',#5940,#2849);
#2412=LINE('',#5942,#2850);
#2413=LINE('',#5944,#2851);
#2414=LINE('',#5946,#2852);
#2415=LINE('',#5948,#2853);
#2416=LINE('',#5951,#2854);
#2417=LINE('',#5953,#2855);
#2418=LINE('',#5955,#2856);
#2419=LINE('',#5956,#2857);
#2420=LINE('',#5958,#2858);
#2421=LINE('',#5960,#2859);
#2422=LINE('',#5964,#2860);
#2423=LINE('',#5966,#2861);
#2424=LINE('',#5968,#2862);
#2425=LINE('',#5972,#2863);
#2426=LINE('',#5974,#2864);
#2427=LINE('',#5975,#2865);
#2428=LINE('',#5977,#2866);
#2429=LINE('',#5984,#2867);
#2430=LINE('',#5985,#2868);
#2431=LINE('',#5987,#2869);
#2432=LINE('',#5988,#2870);
#2433=LINE('',#5990,#2871);
#2434=LINE('',#5992,#2872);
#2435=LINE('',#5994,#2873);
#2436=LINE('',#5996,#2874);
#2437=LINE('',#6002,#2875);
#2438=LINE('',#6004,#2876);
#2439=LINE('',#6006,#2877);
#2440=LINE('',#6008,#2878);
#2441=LINE('',#6010,#2879);
#2442=LINE('',#6011,#2880);
#2443=LINE('',#6014,#2881);
#2444=LINE('',#6022,#2882);
#2445=LINE('',#6024,#2883);
#2446=LINE('',#6026,#2884);
#2447=LINE('',#6028,#2885);
#2448=LINE('',#6034,#2886);
#2449=LINE('',#6037,#2887);
#2450=LINE('',#6040,#2888);
#2451=LINE('',#6042,#2889);
#2452=LINE('',#6044,#2890);
#2453=LINE('',#6046,#2891);
#2454=LINE('',#6047,#2892);
#2455=LINE('',#6049,#2893);
#2456=LINE('',#6061,#2894);
#2457=LINE('',#6086,#2895);
#2458=LINE('',#6139,#2896);
#2459=LINE('',#6140,#2897);
#2460=LINE('',#6142,#2898);
#2461=VECTOR('',#4035,1.);
#2462=VECTOR('',#4036,1.);
#2463=VECTOR('',#4037,1.);
#2464=VECTOR('',#4038,1.);
#2465=VECTOR('',#4041,1.);
#2466=VECTOR('',#4042,1.);
#2467=VECTOR('',#4043,1.);
#2468=VECTOR('',#4046,1.);
#2469=VECTOR('',#4047,1.);
#2470=VECTOR('',#4048,1.);
#2471=VECTOR('',#4049,1.);
#2472=VECTOR('',#4050,1.);
#2473=VECTOR('',#4051,1.);
#2474=VECTOR('',#4054,1.);
#2475=VECTOR('',#4055,1.);
#2476=VECTOR('',#4056,1.);
#2477=VECTOR('',#4057,1.);
#2478=VECTOR('',#4060,1.);
#2479=VECTOR('',#4061,1.);
#2480=VECTOR('',#4064,1.);
#2481=VECTOR('',#4065,1.);
#2482=VECTOR('',#4066,1.);
#2483=VECTOR('',#4071,1.);
#2484=VECTOR('',#4072,1.);
#2485=VECTOR('',#4073,1.);
#2486=VECTOR('',#4074,1.);
#2487=VECTOR('',#4075,1.);
#2488=VECTOR('',#4076,1.);
#2489=VECTOR('',#4077,1.);
#2490=VECTOR('',#4078,1.);
#2491=VECTOR('',#4079,1.);
#2492=VECTOR('',#4080,1.);
#2493=VECTOR('',#4081,1.);
#2494=VECTOR('',#4082,1.);
#2495=VECTOR('',#4083,1.);
#2496=VECTOR('',#4088,1.);
#2497=VECTOR('',#4089,1.);
#2498=VECTOR('',#4090,1.);
#2499=VECTOR('',#4091,1.);
#2500=VECTOR('',#4092,1.);
#2501=VECTOR('',#4093,1.);
#2502=VECTOR('',#4094,1.);
#2503=VECTOR('',#4095,1.);
#2504=VECTOR('',#4096,1.);
#2505=VECTOR('',#4097,1.);
#2506=VECTOR('',#4098,1.);
#2507=VECTOR('',#4099,1.);
#2508=VECTOR('',#4100,1.);
#2509=VECTOR('',#4103,1.);
#2510=VECTOR('',#4104,1.);
#2511=VECTOR('',#4105,1.);
#2512=VECTOR('',#4106,1.);
#2513=VECTOR('',#4107,1.);
#2514=VECTOR('',#4108,1.);
#2515=VECTOR('',#4109,1.);
#2516=VECTOR('',#4110,1.);
#2517=VECTOR('',#4111,1.);
#2518=VECTOR('',#4112,1.);
#2519=VECTOR('',#4113,1.);
#2520=VECTOR('',#4114,1.);
#2521=VECTOR('',#4117,1.);
#2522=VECTOR('',#4118,1.);
#2523=VECTOR('',#4119,1.);
#2524=VECTOR('',#4120,1.);
#2525=VECTOR('',#4121,1.);
#2526=VECTOR('',#4122,1.);
#2527=VECTOR('',#4123,1.);
#2528=VECTOR('',#4124,1.);
#2529=VECTOR('',#4125,1.);
#2530=VECTOR('',#4126,1.);
#2531=VECTOR('',#4127,1.);
#2532=VECTOR('',#4128,1.);
#2533=VECTOR('',#4131,1.);
#2534=VECTOR('',#4132,1.);
#2535=VECTOR('',#4133,1.);
#2536=VECTOR('',#4134,1.);
#2537=VECTOR('',#4137,1.);
#2538=VECTOR('',#4138,1.);
#2539=VECTOR('',#4139,1.);
#2540=VECTOR('',#4140,1.);
#2541=VECTOR('',#4143,1.);
#2542=VECTOR('',#4144,1.);
#2543=VECTOR('',#4145,1.);
#2544=VECTOR('',#4146,1.);
#2545=VECTOR('',#4149,1.);
#2546=VECTOR('',#4150,1.);
#2547=VECTOR('',#4151,1.);
#2548=VECTOR('',#4152,1.);
#2549=VECTOR('',#4155,1.);
#2550=VECTOR('',#4156,1.);
#2551=VECTOR('',#4157,1.);
#2552=VECTOR('',#4158,1.);
#2553=VECTOR('',#4159,1.);
#2554=VECTOR('',#4160,1.);
#2555=VECTOR('',#4163,1.);
#2556=VECTOR('',#4164,1.);
#2557=VECTOR('',#4165,1.);
#2558=VECTOR('',#4166,1.);
#2559=VECTOR('',#4167,1.);
#2560=VECTOR('',#4168,1.);
#2561=VECTOR('',#4169,1.);
#2562=VECTOR('',#4170,1.);
#2563=VECTOR('',#4171,1.);
#2564=VECTOR('',#4172,1.);
#2565=VECTOR('',#4173,1.);
#2566=VECTOR('',#4174,1.);
#2567=VECTOR('',#4175,1.);
#2568=VECTOR('',#4176,1.);
#2569=VECTOR('',#4177,1.);
#2570=VECTOR('',#4178,1.);
#2571=VECTOR('',#4179,1.);
#2572=VECTOR('',#4180,1.);
#2573=VECTOR('',#4181,1.);
#2574=VECTOR('',#4182,1.);
#2575=VECTOR('',#4183,1.);
#2576=VECTOR('',#4184,1.);
#2577=VECTOR('',#4185,1.);
#2578=VECTOR('',#4186,1.);
#2579=VECTOR('',#4187,1.);
#2580=VECTOR('',#4188,1.);
#2581=VECTOR('',#4189,1.);
#2582=VECTOR('',#4190,1.);
#2583=VECTOR('',#4191,1.);
#2584=VECTOR('',#4192,1.);
#2585=VECTOR('',#4193,1.);
#2586=VECTOR('',#4194,1.);
#2587=VECTOR('',#4195,1.);
#2588=VECTOR('',#4196,1.);
#2589=VECTOR('',#4197,1.);
#2590=VECTOR('',#4198,1.);
#2591=VECTOR('',#4199,1.);
#2592=VECTOR('',#4200,1.);
#2593=VECTOR('',#4201,1.);
#2594=VECTOR('',#4202,1.);
#2595=VECTOR('',#4203,1.);
#2596=VECTOR('',#4204,1.);
#2597=VECTOR('',#4205,1.);
#2598=VECTOR('',#4206,1.);
#2599=VECTOR('',#4207,1.);
#2600=VECTOR('',#4208,1.);
#2601=VECTOR('',#4209,1.);
#2602=VECTOR('',#4210,1.);
#2603=VECTOR('',#4211,1.);
#2604=VECTOR('',#4212,1.);
#2605=VECTOR('',#4213,1.);
#2606=VECTOR('',#4214,1.);
#2607=VECTOR('',#4215,1.);
#2608=VECTOR('',#4216,1.);
#2609=VECTOR('',#4217,1.);
#2610=VECTOR('',#4218,1.);
#2611=VECTOR('',#4219,1.);
#2612=VECTOR('',#4220,1.);
#2613=VECTOR('',#4221,1.);
#2614=VECTOR('',#4222,1.);
#2615=VECTOR('',#4223,1.);
#2616=VECTOR('',#4224,1.);
#2617=VECTOR('',#4225,1.);
#2618=VECTOR('',#4226,1.);
#2619=VECTOR('',#4227,1.);
#2620=VECTOR('',#4228,1.);
#2621=VECTOR('',#4229,1.);
#2622=VECTOR('',#4230,1.);
#2623=VECTOR('',#4231,1.);
#2624=VECTOR('',#4232,1.);
#2625=VECTOR('',#4233,1.);
#2626=VECTOR('',#4234,1.);
#2627=VECTOR('',#4235,1.);
#2628=VECTOR('',#4236,1.);
#2629=VECTOR('',#4237,1.);
#2630=VECTOR('',#4238,1.);
#2631=VECTOR('',#4239,1.);
#2632=VECTOR('',#4240,1.);
#2633=VECTOR('',#4241,1.);
#2634=VECTOR('',#4242,1.);
#2635=VECTOR('',#4243,1.);
#2636=VECTOR('',#4244,1.);
#2637=VECTOR('',#4247,1.);
#2638=VECTOR('',#4248,1.);
#2639=VECTOR('',#4249,1.);
#2640=VECTOR('',#4250,1.);
#2641=VECTOR('',#4253,1.);
#2642=VECTOR('',#4254,1.);
#2643=VECTOR('',#4257,1.);
#2644=VECTOR('',#4258,1.);
#2645=VECTOR('',#4259,1.);
#2646=VECTOR('',#4260,1.);
#2647=VECTOR('',#4263,1.);
#2648=VECTOR('',#4264,1.);
#2649=VECTOR('',#4265,1.);
#2650=VECTOR('',#4268,1.);
#2651=VECTOR('',#4269,1.);
#2652=VECTOR('',#4272,1.);
#2653=VECTOR('',#4273,1.);
#2654=VECTOR('',#4274,1.);
#2655=VECTOR('',#4277,1.);
#2656=VECTOR('',#4278,1.);
#2657=VECTOR('',#4279,1.);
#2658=VECTOR('',#4284,1.);
#2659=VECTOR('',#4285,1.);
#2660=VECTOR('',#4286,1.);
#2661=VECTOR('',#4287,1.);
#2662=VECTOR('',#4288,1.);
#2663=VECTOR('',#4289,1.);
#2664=VECTOR('',#4290,1.);
#2665=VECTOR('',#4291,1.);
#2666=VECTOR('',#4294,1.);
#2667=VECTOR('',#4295,1.);
#2668=VECTOR('',#4296,1.);
#2669=VECTOR('',#4297,1.);
#2670=VECTOR('',#4298,1.);
#2671=VECTOR('',#4299,1.);
#2672=VECTOR('',#4302,1.);
#2673=VECTOR('',#4303,1.);
#2674=VECTOR('',#4304,1.);
#2675=VECTOR('',#4305,1.);
#2676=VECTOR('',#4306,1.);
#2677=VECTOR('',#4309,1.);
#2678=VECTOR('',#4312,1.);
#2679=VECTOR('',#4313,1.);
#2680=VECTOR('',#4314,1.);
#2681=VECTOR('',#4315,1.);
#2682=VECTOR('',#4320,1.);
#2683=VECTOR('',#4321,1.);
#2684=VECTOR('',#4322,1.);
#2685=VECTOR('',#4323,1.);
#2686=VECTOR('',#4324,1.);
#2687=VECTOR('',#4325,1.);
#2688=VECTOR('',#4326,1.);
#2689=VECTOR('',#4327,1.);
#2690=VECTOR('',#4328,1.);
#2691=VECTOR('',#4329,1.);
#2692=VECTOR('',#4334,1.);
#2693=VECTOR('',#4335,1.);
#2694=VECTOR('',#4340,1.);
#2695=VECTOR('',#4341,1.);
#2696=VECTOR('',#4342,1.);
#2697=VECTOR('',#4345,1.);
#2698=VECTOR('',#4346,1.);
#2699=VECTOR('',#4349,1.);
#2700=VECTOR('',#4350,1.);
#2701=VECTOR('',#4351,1.);
#2702=VECTOR('',#4352,1.);
#2703=VECTOR('',#4353,1.);
#2704=VECTOR('',#4354,1.);
#2705=VECTOR('',#4357,1.);
#2706=VECTOR('',#4358,1.);
#2707=VECTOR('',#4359,1.);
#2708=VECTOR('',#4360,1.);
#2709=VECTOR('',#4361,1.);
#2710=VECTOR('',#4364,1.);
#2711=VECTOR('',#4365,1.);
#2712=VECTOR('',#4366,1.);
#2713=VECTOR('',#4367,1.);
#2714=VECTOR('',#4368,1.);
#2715=VECTOR('',#4369,1.);
#2716=VECTOR('',#4370,1.);
#2717=VECTOR('',#4373,1.);
#2718=VECTOR('',#4374,1.);
#2719=VECTOR('',#4375,1.);
#2720=VECTOR('',#4380,1.);
#2721=VECTOR('',#4381,1.);
#2722=VECTOR('',#4382,1.);
#2723=VECTOR('',#4383,1.);
#2724=VECTOR('',#4384,1.);
#2725=VECTOR('',#4389,1.);
#2726=VECTOR('',#4390,1.);
#2727=VECTOR('',#4391,1.);
#2728=VECTOR('',#4392,1.);
#2729=VECTOR('',#4397,1.);
#2730=VECTOR('',#4398,1.);
#2731=VECTOR('',#4399,1.);
#2732=VECTOR('',#4402,1.);
#2733=VECTOR('',#4403,1.);
#2734=VECTOR('',#4404,1.);
#2735=VECTOR('',#4407,1.);
#2736=VECTOR('',#4408,1.);
#2737=VECTOR('',#4409,1.);
#2738=VECTOR('',#4412,1.);
#2739=VECTOR('',#4413,1.);
#2740=VECTOR('',#4416,1.);
#2741=VECTOR('',#4417,1.);
#2742=VECTOR('',#4420,1.);
#2743=VECTOR('',#4421,1.);
#2744=VECTOR('',#4422,1.);
#2745=VECTOR('',#4425,1.);
#2746=VECTOR('',#4430,1.);
#2747=VECTOR('',#4431,1.);
#2748=VECTOR('',#4434,1.);
#2749=VECTOR('',#4435,1.);
#2750=VECTOR('',#4438,1.);
#2751=VECTOR('',#4443,1.);
#2752=VECTOR('',#4446,1.);
#2753=VECTOR('',#4447,1.);
#2754=VECTOR('',#4448,1.);
#2755=VECTOR('',#4455,1.);
#2756=VECTOR('',#4456,1.);
#2757=VECTOR('',#4457,1.);
#2758=VECTOR('',#4460,1.);
#2759=VECTOR('',#4463,1.);
#2760=VECTOR('',#4466,1.);
#2761=VECTOR('',#4471,1.);
#2762=VECTOR('',#4472,1.);
#2763=VECTOR('',#4473,1.);
#2764=VECTOR('',#4476,1.);
#2765=VECTOR('',#4477,1.);
#2766=VECTOR('',#4478,1.);
#2767=VECTOR('',#4479,1.);
#2768=VECTOR('',#4480,1.);
#2769=VECTOR('',#4481,1.);
#2770=VECTOR('',#4484,1.);
#2771=VECTOR('',#4487,1.);
#2772=VECTOR('',#4490,1.);
#2773=VECTOR('',#4493,1.);
#2774=VECTOR('',#4498,1.);
#2775=VECTOR('',#4501,1.);
#2776=VECTOR('',#4502,1.);
#2777=VECTOR('',#4503,1.);
#2778=VECTOR('',#4504,1.);
#2779=VECTOR('',#4505,1.);
#2780=VECTOR('',#4508,1.);
#2781=VECTOR('',#4513,1.);
#2782=VECTOR('',#4516,1.);
#2783=VECTOR('',#4519,1.);
#2784=VECTOR('',#4520,1.);
#2785=VECTOR('',#4521,1.);
#2786=VECTOR('',#4524,1.);
#2787=VECTOR('',#4525,1.);
#2788=VECTOR('',#4528,1.);
#2789=VECTOR('',#4529,1.);
#2790=VECTOR('',#4532,1.);
#2791=VECTOR('',#4533,1.);
#2792=VECTOR('',#4536,1.);
#2793=VECTOR('',#4537,1.);
#2794=VECTOR('',#4538,1.);
#2795=VECTOR('',#4543,1.);
#2796=VECTOR('',#4544,1.);
#2797=VECTOR('',#4547,1.);
#2798=VECTOR('',#4548,1.);
#2799=VECTOR('',#4551,1.);
#2800=VECTOR('',#4554,1.);
#2801=VECTOR('',#4559,1.);
#2802=VECTOR('',#4560,1.);
#2803=VECTOR('',#4563,1.);
#2804=VECTOR('',#4566,1.);
#2805=VECTOR('',#4567,1.);
#2806=VECTOR('',#4568,1.);
#2807=VECTOR('',#4569,1.);
#2808=VECTOR('',#4574,1.);
#2809=VECTOR('',#4577,1.);
#2810=VECTOR('',#4578,1.);
#2811=VECTOR('',#4579,1.);
#2812=VECTOR('',#4580,1.);
#2813=VECTOR('',#4581,1.);
#2814=VECTOR('',#4582,1.);
#2815=VECTOR('',#4583,1.);
#2816=VECTOR('',#4584,1.);
#2817=VECTOR('',#4585,1.);
#2818=VECTOR('',#4586,1.);
#2819=VECTOR('',#4587,1.);
#2820=VECTOR('',#4592,1.);
#2821=VECTOR('',#4595,1.);
#2822=VECTOR('',#4630,1.);
#2823=VECTOR('',#4637,1.);
#2824=VECTOR('',#4638,1.);
#2825=VECTOR('',#4649,1.);
#2826=VECTOR('',#4650,1.);
#2827=VECTOR('',#4663,1.);
#2828=VECTOR('',#4664,1.);
#2829=VECTOR('',#4717,1.);
#2830=VECTOR('',#4718,1.);
#2831=VECTOR('',#4719,1.);
#2832=VECTOR('',#4720,1.);
#2833=VECTOR('',#4725,1.);
#2834=VECTOR('',#4726,1.);
#2835=VECTOR('',#4729,1.);
#2836=VECTOR('',#4730,1.);
#2837=VECTOR('',#4731,1.);
#2838=VECTOR('',#4732,1.);
#2839=VECTOR('',#4735,1.);
#2840=VECTOR('',#4736,1.);
#2841=VECTOR('',#4737,1.);
#2842=VECTOR('',#4740,1.);
#2843=VECTOR('',#4741,1.);
#2844=VECTOR('',#4742,1.);
#2845=VECTOR('',#4743,1.);
#2846=VECTOR('',#4744,1.);
#2847=VECTOR('',#4745,1.);
#2848=VECTOR('',#4746,1.);
#2849=VECTOR('',#4749,1.);
#2850=VECTOR('',#4750,1.);
#2851=VECTOR('',#4751,1.);
#2852=VECTOR('',#4752,1.);
#2853=VECTOR('',#4755,1.);
#2854=VECTOR('',#4756,1.);
#2855=VECTOR('',#4757,1.);
#2856=VECTOR('',#4758,1.);
#2857=VECTOR('',#4759,1.);
#2858=VECTOR('',#4762,1.);
#2859=VECTOR('',#4763,1.);
#2860=VECTOR('',#4768,1.);
#2861=VECTOR('',#4769,1.);
#2862=VECTOR('',#4770,1.);
#2863=VECTOR('',#4775,1.);
#2864=VECTOR('',#4778,1.);
#2865=VECTOR('',#4779,1.);
#2866=VECTOR('',#4780,1.);
#2867=VECTOR('',#4785,1.);
#2868=VECTOR('',#4786,1.);
#2869=VECTOR('',#4789,1.);
#2870=VECTOR('',#4790,1.);
#2871=VECTOR('',#4793,1.);
#2872=VECTOR('',#4796,1.);
#2873=VECTOR('',#4799,1.);
#2874=VECTOR('',#4800,1.);
#2875=VECTOR('',#4807,1.);
#2876=VECTOR('',#4808,1.);
#2877=VECTOR('',#4811,1.);
#2878=VECTOR('',#4814,1.);
#2879=VECTOR('',#4817,1.);
#2880=VECTOR('',#4818,1.);
#2881=VECTOR('',#4823,1.);
#2882=VECTOR('',#4824,1.);
#2883=VECTOR('',#4827,1.);
#2884=VECTOR('',#4830,1.);
#2885=VECTOR('',#4833,1.);
#2886=VECTOR('',#4836,1.);
#2887=VECTOR('',#4841,1.);
#2888=VECTOR('',#4846,1.);
#2889=VECTOR('',#4849,1.);
#2890=VECTOR('',#4850,1.);
#2891=VECTOR('',#4853,1.);
#2892=VECTOR('',#4854,1.);
#2893=VECTOR('',#4857,1.);
#2894=VECTOR('',#4868,1.);
#2895=VECTOR('',#4903,1.);
#2896=VECTOR('',#4948,1.);
#2897=VECTOR('',#4949,1.);
#2898=VECTOR('',#4952,1.);
#2899=EDGE_LOOP('',(#125,#126,#127,#128));
#2900=EDGE_LOOP('',(#129,#130,#131,#132));
#2901=EDGE_LOOP('',(#133,#134,#135,#136,#137,#138));
#2902=EDGE_LOOP('',(#139,#140,#141,#142));
#2903=EDGE_LOOP('',(#143,#144,#145,#146));
#2904=EDGE_LOOP('',(#147,#148,#149,#150));
#2905=EDGE_LOOP('',(#151));
#2906=EDGE_LOOP('',(#152,#153,#154,#155,#156,#157,#158,#159,#160,#161,#162,
#163,#164));
#2907=EDGE_LOOP('',(#165));
#2908=EDGE_LOOP('',(#166,#167,#168,#169,#170,#171,#172,#173,#174,#175,#176,
#177,#178));
#2909=EDGE_LOOP('',(#179,#180,#181,#182,#183,#184,#185,#186,#187,#188,#189,
#190));
#2910=EDGE_LOOP('',(#191,#192,#193,#194,#195,#196,#197,#198,#199,#200,#201,
#202));
#2911=EDGE_LOOP('',(#203,#204,#205,#206));
#2912=EDGE_LOOP('',(#207,#208,#209,#210));
#2913=EDGE_LOOP('',(#211,#212,#213,#214,#215,#216));
#2914=EDGE_LOOP('',(#217,#218,#219,#220,#221,#222));
#2915=EDGE_LOOP('',(#223,#224,#225,#226,#227,#228));
#2916=EDGE_LOOP('',(#229,#230,#231,#232));
#2917=EDGE_LOOP('',(#233,#234,#235,#236,#237,#238,#239,#240,#241,#242,#243,
#244,#245,#246,#247,#248,#249,#250,#251,#252,#253,#254,#255,#256,#257,#258,
#259,#260,#261,#262,#263,#264,#265,#266,#267,#268,#269,#270,#271,#272,#273,
#274,#275,#276,#277,#278,#279,#280,#281,#282,#283,#284,#285,#286,#287,#288,
#289,#290,#291,#292,#293,#294,#295,#296,#297,#298,#299,#300,#301,#302,#303,
#304,#305,#306,#307,#308,#309,#310,#311,#312,#313,#314,#315,#316,#317,#318));
#2918=EDGE_LOOP('',(#319,#320,#321,#322,#323,#324));
#2919=EDGE_LOOP('',(#325,#326,#327,#328));
#2920=EDGE_LOOP('',(#329,#330,#331,#332));
#2921=EDGE_LOOP('',(#333,#334,#335,#336,#337));
#2922=EDGE_LOOP('',(#338,#339,#340,#341));
#2923=EDGE_LOOP('',(#342,#343,#344,#345));
#2924=EDGE_LOOP('',(#346,#347,#348,#349));
#2925=EDGE_LOOP('',(#350));
#2926=EDGE_LOOP('',(#351,#352,#353,#354,#355,#356,#357,#358,#359,#360,#361,
#362,#363,#364,#365));
#2927=EDGE_LOOP('',(#366,#367,#368,#369,#370,#371));
#2928=EDGE_LOOP('',(#372,#373,#374,#375,#376,#377,#378,#379,#380));
#2929=EDGE_LOOP('',(#381));
#2930=EDGE_LOOP('',(#382,#383,#384,#385,#386,#387,#388,#389,#390,#391,#392));
#2931=EDGE_LOOP('',(#393));
#2932=EDGE_LOOP('',(#394,#395,#396,#397));
#2933=EDGE_LOOP('',(#398,#399,#400,#401));
#2934=EDGE_LOOP('',(#402,#403,#404,#405,#406,#407));
#2935=EDGE_LOOP('',(#408,#409,#410));
#2936=EDGE_LOOP('',(#411,#412,#413,#414,#415,#416,#417,#418));
#2937=EDGE_LOOP('',(#419,#420,#421,#422,#423,#424));
#2938=EDGE_LOOP('',(#425,#426,#427,#428,#429,#430,#431,#432));
#2939=EDGE_LOOP('',(#433,#434,#435,#436,#437,#438));
#2940=EDGE_LOOP('',(#439));
#2941=EDGE_LOOP('',(#440,#441,#442,#443,#444,#445,#446,#447));
#2942=EDGE_LOOP('',(#448));
#2943=EDGE_LOOP('',(#449,#450,#451,#452,#453,#454,#455,#456));
#2944=EDGE_LOOP('',(#457,#458,#459,#460,#461,#462));
#2945=EDGE_LOOP('',(#463,#464,#465,#466,#467));
#2946=EDGE_LOOP('',(#468,#469,#470,#471));
#2947=EDGE_LOOP('',(#472,#473,#474,#475));
#2948=EDGE_LOOP('',(#476,#477,#478,#479));
#2949=EDGE_LOOP('',(#480,#481,#482,#483));
#2950=EDGE_LOOP('',(#484,#485,#486,#487));
#2951=EDGE_LOOP('',(#488,#489,#490,#491));
#2952=EDGE_LOOP('',(#492,#493,#494,#495));
#2953=EDGE_LOOP('',(#496,#497,#498,#499));
#2954=EDGE_LOOP('',(#500,#501,#502,#503));
#2955=EDGE_LOOP('',(#504,#505,#506,#507,#508));
#2956=EDGE_LOOP('',(#509,#510,#511,#512,#513,#514));
#2957=EDGE_LOOP('',(#515,#516,#517,#518,#519));
#2958=EDGE_LOOP('',(#520));
#2959=EDGE_LOOP('',(#521));
#2960=EDGE_LOOP('',(#522,#523,#524,#525));
#2961=EDGE_LOOP('',(#526,#527,#528,#529));
#2962=EDGE_LOOP('',(#530,#531,#532,#533));
#2963=EDGE_LOOP('',(#534,#535,#536,#537,#538,#539));
#2964=EDGE_LOOP('',(#540,#541,#542,#543));
#2965=EDGE_LOOP('',(#544,#545,#546,#547));
#2966=EDGE_LOOP('',(#548,#549,#550,#551,#552,#553,#554,#555,#556,#557,#558,
#559));
#2967=EDGE_LOOP('',(#560,#561,#562,#563));
#2968=EDGE_LOOP('',(#564,#565,#566,#567));
#2969=EDGE_LOOP('',(#568,#569,#570,#571,#572,#573));
#2970=EDGE_LOOP('',(#574,#575,#576,#577));
#2971=EDGE_LOOP('',(#578,#579,#580,#581));
#2972=EDGE_LOOP('',(#582,#583,#584,#585,#586,#587,#588,#589,#590,#591,#592,
#593,#594,#595,#596,#597));
#2973=EDGE_LOOP('',(#598));
#2974=EDGE_LOOP('',(#599,#600,#601,#602,#603));
#2975=EDGE_LOOP('',(#604,#605,#606,#607));
#2976=EDGE_LOOP('',(#608,#609,#610,#611));
#2977=EDGE_LOOP('',(#612,#613,#614,#615));
#2978=EDGE_LOOP('',(#616,#617,#618,#619));
#2979=EDGE_LOOP('',(#620,#621,#622,#623));
#2980=EDGE_LOOP('',(#624,#625,#626,#627,#628,#629));
#2981=EDGE_LOOP('',(#630,#631,#632,#633));
#2982=EDGE_LOOP('',(#634,#635,#636,#637,#638));
#2983=EDGE_LOOP('',(#639,#640,#641,#642));
#2984=EDGE_LOOP('',(#643,#644,#645,#646));
#2985=EDGE_LOOP('',(#647,#648,#649,#650));
#2986=EDGE_LOOP('',(#651,#652,#653,#654,#655,#656,#657));
#2987=EDGE_LOOP('',(#658,#659,#660,#661));
#2988=EDGE_LOOP('',(#662,#663,#664,#665));
#2989=EDGE_LOOP('',(#666,#667,#668,#669,#670,#671,#672,#673));
#2990=EDGE_LOOP('',(#674,#675,#676,#677));
#2991=EDGE_LOOP('',(#678,#679,#680,#681,#682));
#2992=EDGE_LOOP('',(#683,#684,#685,#686,#687,#688,#689,#690,#691,#692,#693,
#694,#695,#696,#697,#698,#699,#700,#701,#702,#703,#704,#705,#706,#707,#708,
#709));
#2993=EDGE_LOOP('',(#710));
#2994=EDGE_LOOP('',(#711,#712,#713,#714,#715,#716));
#2995=EDGE_LOOP('',(#717,#718,#719,#720,#721,#722));
#2996=EDGE_LOOP('',(#723,#724,#725,#726,#727));
#2997=EDGE_LOOP('',(#728,#729,#730,#731));
#2998=EDGE_LOOP('',(#732));
#2999=EDGE_LOOP('',(#733));
#3000=EDGE_LOOP('',(#734));
#3001=EDGE_LOOP('',(#735));
#3002=EDGE_LOOP('',(#736));
#3003=EDGE_LOOP('',(#737));
#3004=EDGE_LOOP('',(#738));
#3005=EDGE_LOOP('',(#739));
#3006=EDGE_LOOP('',(#740));
#3007=EDGE_LOOP('',(#741));
#3008=EDGE_LOOP('',(#742));
#3009=EDGE_LOOP('',(#743));
#3010=EDGE_LOOP('',(#744,#745,#746,#747));
#3011=EDGE_LOOP('',(#748,#749,#750,#751));
#3012=EDGE_LOOP('',(#752,#753,#754,#755));
#3013=EDGE_LOOP('',(#756,#757,#758,#759,#760,#761,#762,#763));
#3014=EDGE_LOOP('',(#764,#765,#766,#767,#768));
#3015=EDGE_LOOP('',(#769,#770,#771,#772));
#3016=EDGE_LOOP('',(#773,#774,#775));
#3017=EDGE_LOOP('',(#776,#777,#778));
#3018=EDGE_LOOP('',(#779,#780,#781));
#3019=EDGE_LOOP('',(#782));
#3020=EDGE_LOOP('',(#783,#784,#785,#786,#787,#788));
#3021=EDGE_LOOP('',(#789));
#3022=EDGE_LOOP('',(#790));
#3023=EDGE_LOOP('',(#791));
#3024=EDGE_LOOP('',(#792));
#3025=EDGE_LOOP('',(#793));
#3026=EDGE_LOOP('',(#794));
#3027=EDGE_LOOP('',(#795,#796,#797,#798));
#3028=EDGE_LOOP('',(#799,#800,#801,#802));
#3029=EDGE_LOOP('',(#803,#804,#805,#806));
#3030=EDGE_LOOP('',(#807));
#3031=EDGE_LOOP('',(#808));
#3032=EDGE_LOOP('',(#809));
#3033=EDGE_LOOP('',(#810));
#3034=EDGE_LOOP('',(#811));
#3035=EDGE_LOOP('',(#812));
#3036=EDGE_LOOP('',(#813));
#3037=EDGE_LOOP('',(#814));
#3038=EDGE_LOOP('',(#815));
#3039=EDGE_LOOP('',(#816));
#3040=EDGE_LOOP('',(#817));
#3041=EDGE_LOOP('',(#818));
#3042=EDGE_LOOP('',(#819));
#3043=EDGE_LOOP('',(#820));
#3044=EDGE_LOOP('',(#821));
#3045=EDGE_LOOP('',(#822));
#3046=EDGE_LOOP('',(#823));
#3047=EDGE_LOOP('',(#824));
#3048=EDGE_LOOP('',(#825));
#3049=EDGE_LOOP('',(#826));
#3050=EDGE_LOOP('',(#827));
#3051=EDGE_LOOP('',(#828));
#3052=EDGE_LOOP('',(#829));
#3053=EDGE_LOOP('',(#830));
#3054=EDGE_LOOP('',(#831));
#3055=EDGE_LOOP('',(#832));
#3056=EDGE_LOOP('',(#833));
#3057=EDGE_LOOP('',(#834,#835,#836,#837,#838,#839));
#3058=EDGE_LOOP('',(#840,#841,#842,#843));
#3059=EDGE_LOOP('',(#844,#845,#846,#847));
#3060=EDGE_LOOP('',(#848,#849,#850,#851,#852,#853));
#3061=EDGE_LOOP('',(#854,#855,#856));
#3062=EDGE_LOOP('',(#857,#858,#859,#860,#861,#862,#863,#864));
#3063=EDGE_LOOP('',(#865,#866,#867,#868,#869,#870));
#3064=EDGE_LOOP('',(#871,#872,#873,#874,#875,#876,#877));
#3065=EDGE_LOOP('',(#878,#879,#880,#881,#882,#883));
#3066=EDGE_LOOP('',(#884));
#3067=EDGE_LOOP('',(#885,#886,#887,#888,#889,#890,#891,#892));
#3068=EDGE_LOOP('',(#893));
#3069=EDGE_LOOP('',(#894,#895,#896,#897,#898,#899,#900,#901,#902));
#3070=EDGE_LOOP('',(#903,#904,#905,#906,#907,#908,#909));
#3071=EDGE_LOOP('',(#910,#911,#912,#913));
#3072=EDGE_LOOP('',(#914,#915,#916,#917));
#3073=EDGE_LOOP('',(#918,#919,#920,#921));
#3074=EDGE_LOOP('',(#922,#923,#924,#925,#926,#927));
#3075=EDGE_LOOP('',(#928,#929,#930,#931,#932));
#3076=EDGE_LOOP('',(#933));
#3077=EDGE_LOOP('',(#934));
#3078=EDGE_LOOP('',(#935,#936,#937,#938));
#3079=EDGE_LOOP('',(#939,#940,#941,#942));
#3080=EDGE_LOOP('',(#943,#944,#945,#946));
#3081=EDGE_LOOP('',(#947,#948,#949,#950,#951,#952));
#3082=EDGE_LOOP('',(#953,#954,#955,#956));
#3083=EDGE_LOOP('',(#957,#958,#959,#960,#961,#962));
#3084=EDGE_LOOP('',(#963,#964,#965,#966));
#3085=EDGE_LOOP('',(#967,#968,#969,#970));
#3086=EDGE_LOOP('',(#971,#972,#973,#974,#975,#976));
#3087=EDGE_LOOP('',(#977,#978,#979,#980));
#3088=EDGE_LOOP('',(#981,#982,#983,#984));
#3089=EDGE_LOOP('',(#985,#986,#987,#988));
#3090=EDGE_LOOP('',(#989,#990,#991,#992,#993,#994));
#3091=EDGE_LOOP('',(#995,#996,#997,#998));
#3092=EDGE_LOOP('',(#999,#1000,#1001,#1002,#1003));
#3093=EDGE_LOOP('',(#1004,#1005,#1006,#1007));
#3094=EDGE_LOOP('',(#1008,#1009,#1010,#1011));
#3095=EDGE_LOOP('',(#1012,#1013,#1014,#1015));
#3096=EDGE_LOOP('',(#1016,#1017,#1018,#1019,#1020,#1021,#1022));
#3097=EDGE_LOOP('',(#1023,#1024,#1025,#1026));
#3098=EDGE_LOOP('',(#1027));
#3099=EDGE_LOOP('',(#1028,#1029,#1030,#1031,#1032,#1033));
#3100=EDGE_LOOP('',(#1034,#1035,#1036,#1037,#1038));
#3101=EDGE_LOOP('',(#1039,#1040,#1041,#1042));
#3102=EDGE_LOOP('',(#1043));
#3103=EDGE_LOOP('',(#1044));
#3104=EDGE_LOOP('',(#1045));
#3105=EDGE_LOOP('',(#1046));
#3106=EDGE_LOOP('',(#1047));
#3107=EDGE_LOOP('',(#1048));
#3108=EDGE_LOOP('',(#1049));
#3109=EDGE_LOOP('',(#1050));
#3110=EDGE_LOOP('',(#1051));
#3111=EDGE_LOOP('',(#1052));
#3112=EDGE_LOOP('',(#1053));
#3113=EDGE_LOOP('',(#1054));
#3114=EDGE_LOOP('',(#1055,#1056,#1057,#1058));
#3115=EDGE_LOOP('',(#1059,#1060,#1061,#1062));
#3116=EDGE_LOOP('',(#1063,#1064,#1065,#1066));
#3117=EDGE_LOOP('',(#1067,#1068,#1069,#1070,#1071));
#3118=EDGE_LOOP('',(#1072,#1073,#1074));
#3119=EDGE_LOOP('',(#1075,#1076,#1077));
#3120=EDGE_LOOP('',(#1078,#1079,#1080,#1081));
#3121=EDGE_LOOP('',(#1082,#1083,#1084,#1085));
#3122=EDGE_LOOP('',(#1086));
#3123=EDGE_LOOP('',(#1087));
#3124=EDGE_LOOP('',(#1088));
#3125=EDGE_LOOP('',(#1089));
#3126=EDGE_LOOP('',(#1090));
#3127=EDGE_LOOP('',(#1091));
#3128=EDGE_LOOP('',(#1092));
#3129=EDGE_LOOP('',(#1093));
#3130=EDGE_LOOP('',(#1094));
#3131=EDGE_LOOP('',(#1095));
#3132=EDGE_LOOP('',(#1096));
#3133=EDGE_LOOP('',(#1097));
#3134=EDGE_LOOP('',(#1098));
#3135=EDGE_LOOP('',(#1099));
#3136=EDGE_LOOP('',(#1100));
#3137=EDGE_LOOP('',(#1101));
#3138=EDGE_LOOP('',(#1102));
#3139=EDGE_LOOP('',(#1103));
#3140=EDGE_LOOP('',(#1104));
#3141=EDGE_LOOP('',(#1105));
#3142=EDGE_LOOP('',(#1106,#1107,#1108,#1109));
#3143=EDGE_LOOP('',(#1110,#1111,#1112,#1113));
#3144=EDGE_LOOP('',(#1114,#1115,#1116,#1117));
#3145=EDGE_LOOP('',(#1118,#1119,#1120,#1121));
#3146=EDGE_LOOP('',(#1122,#1123,#1124,#1125));
#3147=EDGE_LOOP('',(#1126,#1127,#1128,#1129));
#3148=EDGE_LOOP('',(#1130,#1131,#1132,#1133,#1134));
#3149=EDGE_LOOP('',(#1135,#1136,#1137,#1138,#1139));
#3150=EDGE_LOOP('',(#1140,#1141,#1142,#1143));
#3151=EDGE_LOOP('',(#1144,#1145,#1146,#1147));
#3152=EDGE_LOOP('',(#1148,#1149,#1150,#1151,#1152));
#3153=FACE_BOUND('',#2899,.T.);
#3154=FACE_BOUND('',#2900,.T.);
#3155=FACE_BOUND('',#2901,.T.);
#3156=FACE_BOUND('',#2902,.T.);
#3157=FACE_BOUND('',#2903,.T.);
#3158=FACE_BOUND('',#2904,.T.);
#3159=FACE_BOUND('',#2905,.T.);
#3160=FACE_BOUND('',#2906,.T.);
#3161=FACE_BOUND('',#2907,.T.);
#3162=FACE_BOUND('',#2908,.T.);
#3163=FACE_BOUND('',#2909,.T.);
#3164=FACE_BOUND('',#2910,.T.);
#3165=FACE_BOUND('',#2911,.T.);
#3166=FACE_BOUND('',#2912,.T.);
#3167=FACE_BOUND('',#2913,.T.);
#3168=FACE_BOUND('',#2914,.T.);
#3169=FACE_BOUND('',#2915,.T.);
#3170=FACE_BOUND('',#2916,.T.);
#3171=FACE_BOUND('',#2917,.T.);
#3172=FACE_BOUND('',#2918,.T.);
#3173=FACE_BOUND('',#2919,.T.);
#3174=FACE_BOUND('',#2920,.T.);
#3175=FACE_BOUND('',#2921,.T.);
#3176=FACE_BOUND('',#2922,.T.);
#3177=FACE_BOUND('',#2923,.T.);
#3178=FACE_BOUND('',#2924,.T.);
#3179=FACE_BOUND('',#2925,.T.);
#3180=FACE_BOUND('',#2926,.T.);
#3181=FACE_BOUND('',#2927,.T.);
#3182=FACE_BOUND('',#2928,.T.);
#3183=FACE_BOUND('',#2929,.T.);
#3184=FACE_BOUND('',#2930,.T.);
#3185=FACE_BOUND('',#2931,.T.);
#3186=FACE_BOUND('',#2932,.T.);
#3187=FACE_BOUND('',#2933,.T.);
#3188=FACE_BOUND('',#2934,.T.);
#3189=FACE_BOUND('',#2935,.T.);
#3190=FACE_BOUND('',#2936,.T.);
#3191=FACE_BOUND('',#2937,.T.);
#3192=FACE_BOUND('',#2938,.T.);
#3193=FACE_BOUND('',#2939,.T.);
#3194=FACE_BOUND('',#2940,.T.);
#3195=FACE_BOUND('',#2941,.T.);
#3196=FACE_BOUND('',#2942,.T.);
#3197=FACE_BOUND('',#2943,.T.);
#3198=FACE_BOUND('',#2944,.T.);
#3199=FACE_BOUND('',#2945,.T.);
#3200=FACE_BOUND('',#2946,.T.);
#3201=FACE_BOUND('',#2947,.T.);
#3202=FACE_BOUND('',#2948,.T.);
#3203=FACE_BOUND('',#2949,.T.);
#3204=FACE_BOUND('',#2950,.T.);
#3205=FACE_BOUND('',#2951,.T.);
#3206=FACE_BOUND('',#2952,.T.);
#3207=FACE_BOUND('',#2953,.T.);
#3208=FACE_BOUND('',#2954,.T.);
#3209=FACE_BOUND('',#2955,.T.);
#3210=FACE_BOUND('',#2956,.T.);
#3211=FACE_BOUND('',#2957,.T.);
#3212=FACE_BOUND('',#2958,.T.);
#3213=FACE_BOUND('',#2959,.T.);
#3214=FACE_BOUND('',#2960,.T.);
#3215=FACE_BOUND('',#2961,.T.);
#3216=FACE_BOUND('',#2962,.T.);
#3217=FACE_BOUND('',#2963,.T.);
#3218=FACE_BOUND('',#2964,.T.);
#3219=FACE_BOUND('',#2965,.T.);
#3220=FACE_BOUND('',#2966,.T.);
#3221=FACE_BOUND('',#2967,.T.);
#3222=FACE_BOUND('',#2968,.T.);
#3223=FACE_BOUND('',#2969,.T.);
#3224=FACE_BOUND('',#2970,.T.);
#3225=FACE_BOUND('',#2971,.T.);
#3226=FACE_BOUND('',#2972,.T.);
#3227=FACE_BOUND('',#2973,.T.);
#3228=FACE_BOUND('',#2974,.T.);
#3229=FACE_BOUND('',#2975,.T.);
#3230=FACE_BOUND('',#2976,.T.);
#3231=FACE_BOUND('',#2977,.T.);
#3232=FACE_BOUND('',#2978,.T.);
#3233=FACE_BOUND('',#2979,.T.);
#3234=FACE_BOUND('',#2980,.T.);
#3235=FACE_BOUND('',#2981,.T.);
#3236=FACE_BOUND('',#2982,.T.);
#3237=FACE_BOUND('',#2983,.T.);
#3238=FACE_BOUND('',#2984,.T.);
#3239=FACE_BOUND('',#2985,.T.);
#3240=FACE_BOUND('',#2986,.T.);
#3241=FACE_BOUND('',#2987,.T.);
#3242=FACE_BOUND('',#2988,.T.);
#3243=FACE_BOUND('',#2989,.T.);
#3244=FACE_BOUND('',#2990,.T.);
#3245=FACE_BOUND('',#2991,.T.);
#3246=FACE_BOUND('',#2992,.T.);
#3247=FACE_BOUND('',#2993,.T.);
#3248=FACE_BOUND('',#2994,.T.);
#3249=FACE_BOUND('',#2995,.T.);
#3250=FACE_BOUND('',#2996,.T.);
#3251=FACE_BOUND('',#2997,.T.);
#3252=FACE_BOUND('',#2998,.T.);
#3253=FACE_BOUND('',#2999,.T.);
#3254=FACE_BOUND('',#3000,.T.);
#3255=FACE_BOUND('',#3001,.T.);
#3256=FACE_BOUND('',#3002,.T.);
#3257=FACE_BOUND('',#3003,.T.);
#3258=FACE_BOUND('',#3004,.T.);
#3259=FACE_BOUND('',#3005,.T.);
#3260=FACE_BOUND('',#3006,.T.);
#3261=FACE_BOUND('',#3007,.T.);
#3262=FACE_BOUND('',#3008,.T.);
#3263=FACE_BOUND('',#3009,.T.);
#3264=FACE_BOUND('',#3010,.T.);
#3265=FACE_BOUND('',#3011,.T.);
#3266=FACE_BOUND('',#3012,.T.);
#3267=FACE_BOUND('',#3013,.T.);
#3268=FACE_BOUND('',#3014,.T.);
#3269=FACE_BOUND('',#3015,.T.);
#3270=FACE_BOUND('',#3016,.T.);
#3271=FACE_BOUND('',#3017,.T.);
#3272=FACE_BOUND('',#3018,.T.);
#3273=FACE_BOUND('',#3019,.T.);
#3274=FACE_BOUND('',#3020,.T.);
#3275=FACE_BOUND('',#3021,.T.);
#3276=FACE_BOUND('',#3022,.T.);
#3277=FACE_BOUND('',#3023,.T.);
#3278=FACE_BOUND('',#3024,.T.);
#3279=FACE_BOUND('',#3025,.T.);
#3280=FACE_BOUND('',#3026,.T.);
#3281=FACE_BOUND('',#3027,.T.);
#3282=FACE_BOUND('',#3028,.T.);
#3283=FACE_BOUND('',#3029,.T.);
#3284=FACE_BOUND('',#3030,.T.);
#3285=FACE_BOUND('',#3031,.T.);
#3286=FACE_BOUND('',#3032,.T.);
#3287=FACE_BOUND('',#3033,.T.);
#3288=FACE_BOUND('',#3034,.T.);
#3289=FACE_BOUND('',#3035,.T.);
#3290=FACE_BOUND('',#3036,.T.);
#3291=FACE_BOUND('',#3037,.T.);
#3292=FACE_BOUND('',#3038,.T.);
#3293=FACE_BOUND('',#3039,.T.);
#3294=FACE_BOUND('',#3040,.T.);
#3295=FACE_BOUND('',#3041,.T.);
#3296=FACE_BOUND('',#3042,.T.);
#3297=FACE_BOUND('',#3043,.T.);
#3298=FACE_BOUND('',#3044,.T.);
#3299=FACE_BOUND('',#3045,.T.);
#3300=FACE_BOUND('',#3046,.T.);
#3301=FACE_BOUND('',#3047,.T.);
#3302=FACE_BOUND('',#3048,.T.);
#3303=FACE_BOUND('',#3049,.T.);
#3304=FACE_BOUND('',#3050,.T.);
#3305=FACE_BOUND('',#3051,.T.);
#3306=FACE_BOUND('',#3052,.T.);
#3307=FACE_BOUND('',#3053,.T.);
#3308=FACE_BOUND('',#3054,.T.);
#3309=FACE_BOUND('',#3055,.T.);
#3310=FACE_BOUND('',#3056,.T.);
#3311=FACE_BOUND('',#3057,.T.);
#3312=FACE_BOUND('',#3058,.T.);
#3313=FACE_BOUND('',#3059,.T.);
#3314=FACE_BOUND('',#3060,.T.);
#3315=FACE_BOUND('',#3061,.T.);
#3316=FACE_BOUND('',#3062,.T.);
#3317=FACE_BOUND('',#3063,.T.);
#3318=FACE_BOUND('',#3064,.T.);
#3319=FACE_BOUND('',#3065,.T.);
#3320=FACE_BOUND('',#3066,.T.);
#3321=FACE_BOUND('',#3067,.T.);
#3322=FACE_BOUND('',#3068,.T.);
#3323=FACE_BOUND('',#3069,.T.);
#3324=FACE_BOUND('',#3070,.T.);
#3325=FACE_BOUND('',#3071,.T.);
#3326=FACE_BOUND('',#3072,.T.);
#3327=FACE_BOUND('',#3073,.T.);
#3328=FACE_BOUND('',#3074,.T.);
#3329=FACE_BOUND('',#3075,.T.);
#3330=FACE_BOUND('',#3076,.T.);
#3331=FACE_BOUND('',#3077,.T.);
#3332=FACE_BOUND('',#3078,.T.);
#3333=FACE_BOUND('',#3079,.T.);
#3334=FACE_BOUND('',#3080,.T.);
#3335=FACE_BOUND('',#3081,.T.);
#3336=FACE_BOUND('',#3082,.T.);
#3337=FACE_BOUND('',#3083,.T.);
#3338=FACE_BOUND('',#3084,.T.);
#3339=FACE_BOUND('',#3085,.T.);
#3340=FACE_BOUND('',#3086,.T.);
#3341=FACE_BOUND('',#3087,.T.);
#3342=FACE_BOUND('',#3088,.T.);
#3343=FACE_BOUND('',#3089,.T.);
#3344=FACE_BOUND('',#3090,.T.);
#3345=FACE_BOUND('',#3091,.T.);
#3346=FACE_BOUND('',#3092,.T.);
#3347=FACE_BOUND('',#3093,.T.);
#3348=FACE_BOUND('',#3094,.T.);
#3349=FACE_BOUND('',#3095,.T.);
#3350=FACE_BOUND('',#3096,.T.);
#3351=FACE_BOUND('',#3097,.T.);
#3352=FACE_BOUND('',#3098,.T.);
#3353=FACE_BOUND('',#3099,.T.);
#3354=FACE_BOUND('',#3100,.T.);
#3355=FACE_BOUND('',#3101,.T.);
#3356=FACE_BOUND('',#3102,.T.);
#3357=FACE_BOUND('',#3103,.T.);
#3358=FACE_BOUND('',#3104,.T.);
#3359=FACE_BOUND('',#3105,.T.);
#3360=FACE_BOUND('',#3106,.T.);
#3361=FACE_BOUND('',#3107,.T.);
#3362=FACE_BOUND('',#3108,.T.);
#3363=FACE_BOUND('',#3109,.T.);
#3364=FACE_BOUND('',#3110,.T.);
#3365=FACE_BOUND('',#3111,.T.);
#3366=FACE_BOUND('',#3112,.T.);
#3367=FACE_BOUND('',#3113,.T.);
#3368=FACE_BOUND('',#3114,.T.);
#3369=FACE_BOUND('',#3115,.T.);
#3370=FACE_BOUND('',#3116,.T.);
#3371=FACE_BOUND('',#3117,.T.);
#3372=FACE_BOUND('',#3118,.T.);
#3373=FACE_BOUND('',#3119,.T.);
#3374=FACE_BOUND('',#3120,.T.);
#3375=FACE_BOUND('',#3121,.T.);
#3376=FACE_BOUND('',#3122,.T.);
#3377=FACE_BOUND('',#3123,.T.);
#3378=FACE_BOUND('',#3124,.T.);
#3379=FACE_BOUND('',#3125,.T.);
#3380=FACE_BOUND('',#3126,.T.);
#3381=FACE_BOUND('',#3127,.T.);
#3382=FACE_BOUND('',#3128,.T.);
#3383=FACE_BOUND('',#3129,.T.);
#3384=FACE_BOUND('',#3130,.T.);
#3385=FACE_BOUND('',#3131,.T.);
#3386=FACE_BOUND('',#3132,.T.);
#3387=FACE_BOUND('',#3133,.T.);
#3388=FACE_BOUND('',#3134,.T.);
#3389=FACE_BOUND('',#3135,.T.);
#3390=FACE_BOUND('',#3136,.T.);
#3391=FACE_BOUND('',#3137,.T.);
#3392=FACE_BOUND('',#3138,.T.);
#3393=FACE_BOUND('',#3139,.T.);
#3394=FACE_BOUND('',#3140,.T.);
#3395=FACE_BOUND('',#3141,.T.);
#3396=FACE_BOUND('',#3142,.T.);
#3397=FACE_BOUND('',#3143,.T.);
#3398=FACE_BOUND('',#3144,.T.);
#3399=FACE_BOUND('',#3145,.T.);
#3400=FACE_BOUND('',#3146,.T.);
#3401=FACE_BOUND('',#3147,.T.);
#3402=FACE_BOUND('',#3148,.T.);
#3403=FACE_BOUND('',#3149,.T.);
#3404=FACE_BOUND('',#3150,.T.);
#3405=FACE_BOUND('',#3151,.T.);
#3406=FACE_BOUND('',#3152,.T.);
#3407=PLANE('',#3783);
#3408=PLANE('',#3784);
#3409=PLANE('',#3785);
#3410=PLANE('',#3786);
#3411=PLANE('',#3787);
#3412=PLANE('',#3788);
#3413=PLANE('',#3789);
#3414=PLANE('',#3791);
#3415=PLANE('',#3793);
#3416=PLANE('',#3794);
#3417=PLANE('',#3795);
#3418=PLANE('',#3796);
#3419=PLANE('',#3797);
#3420=PLANE('',#3798);
#3421=PLANE('',#3799);
#3422=PLANE('',#3800);
#3423=PLANE('',#3801);
#3424=PLANE('',#3802);
#3425=PLANE('',#3803);
#3426=PLANE('',#3804);
#3427=PLANE('',#3805);
#3428=PLANE('',#3806);
#3429=PLANE('',#3807);
#3430=PLANE('',#3808);
#3431=PLANE('',#3811);
#3432=PLANE('',#3812);
#3433=PLANE('',#3814);
#3434=PLANE('',#3817);
#3435=PLANE('',#3818);
#3436=PLANE('',#3819);
#3437=PLANE('',#3820);
#3438=PLANE('',#3821);
#3439=PLANE('',#3822);
#3440=PLANE('',#3823);
#3441=PLANE('',#3824);
#3442=PLANE('',#3825);
#3443=PLANE('',#3827);
#3444=PLANE('',#3830);
#3445=PLANE('',#3831);
#3446=PLANE('',#3832);
#3447=PLANE('',#3833);
#3448=PLANE('',#3834);
#3449=PLANE('',#3835);
#3450=PLANE('',#3836);
#3451=PLANE('',#3837);
#3452=PLANE('',#3838);
#3453=PLANE('',#3839);
#3454=PLANE('',#3840);
#3455=PLANE('',#3841);
#3456=PLANE('',#3842);
#3457=PLANE('',#3843);
#3458=PLANE('',#3844);
#3459=PLANE('',#3847);
#3460=PLANE('',#3848);
#3461=PLANE('',#3849);
#3462=PLANE('',#3850);
#3463=PLANE('',#3851);
#3464=PLANE('',#3852);
#3465=PLANE('',#3853);
#3466=PLANE('',#3854);
#3467=PLANE('',#3855);
#3468=PLANE('',#3856);
#3469=PLANE('',#3857);
#3470=PLANE('',#3858);
#3471=PLANE('',#3862);
#3472=PLANE('',#3863);
#3473=PLANE('',#3864);
#3474=PLANE('',#3865);
#3475=PLANE('',#3866);
#3476=PLANE('',#3867);
#3477=PLANE('',#3868);
#3478=PLANE('',#3869);
#3479=PLANE('',#3870);
#3480=PLANE('',#3871);
#3481=PLANE('',#3872);
#3482=PLANE('',#3873);
#3483=PLANE('',#3874);
#3484=PLANE('',#3875);
#3485=PLANE('',#3876);
#3486=PLANE('',#3877);
#3487=PLANE('',#3878);
#3488=PLANE('',#3879);
#3489=PLANE('',#3880);
#3490=PLANE('',#3881);
#3491=PLANE('',#3883);
#3492=PLANE('',#3884);
#3493=PLANE('',#3885);
#3494=PLANE('',#3898);
#3495=PLANE('',#3899);
#3496=PLANE('',#3901);
#3497=PLANE('',#3903);
#3498=PLANE('',#3907);
#3499=PLANE('',#3911);
#3500=PLANE('',#3915);
#3501=PLANE('',#3918);
#3502=PLANE('',#3922);
#3503=PLANE('',#3926);
#3504=PLANE('',#3930);
#3505=PLANE('',#3933);
#3506=PLANE('',#3936);
#3507=PLANE('',#3937);
#3508=PLANE('',#3938);
#3509=PLANE('',#3939);
#3510=PLANE('',#3940);
#3511=PLANE('',#3941);
#3512=PLANE('',#3942);
#3513=PLANE('',#3943);
#3514=PLANE('',#3944);
#3515=PLANE('',#3945);
#3516=PLANE('',#3946);
#3517=PLANE('',#3947);
#3518=PLANE('',#3948);
#3519=PLANE('',#3949);
#3520=PLANE('',#3951);
#3521=PLANE('',#3954);
#3522=PLANE('',#3955);
#3523=PLANE('',#3956);
#3524=PLANE('',#3957);
#3525=PLANE('',#3958);
#3526=PLANE('',#3959);
#3527=PLANE('',#3960);
#3528=PLANE('',#3963);
#3529=PLANE('',#3964);
#3530=PLANE('',#3965);
#3531=PLANE('',#3966);
#3532=PLANE('',#3967);
#3533=PLANE('',#3968);
#3534=PLANE('',#3969);
#3535=PLANE('',#3970);
#3536=PLANE('',#3971);
#3537=PLANE('',#3972);
#3538=PLANE('',#3973);
#3539=PLANE('',#3974);
#3540=PLANE('',#3975);
#3541=PLANE('',#3976);
#3542=PLANE('',#3977);
#3543=PLANE('',#3978);
#3544=PLANE('',#3979);
#3545=PLANE('',#3980);
#3546=PLANE('',#3981);
#3547=PLANE('',#3982);
#3548=PLANE('',#3984);
#3549=PLANE('',#3985);
#3550=PLANE('',#3998);
#3551=PLANE('',#3999);
#3552=PLANE('',#4001);
#3553=PLANE('',#4004);
#3554=PLANE('',#4007);
#3555=PLANE('',#4011);
#3556=PLANE('',#4015);
#3557=PLANE('',#4018);
#3558=PLANE('',#4019);
#3559=PLANE('',#4020);
#3560=PLANE('',#4021);
#3561=PLANE('',#4022);
#3562=PLANE('',#4023);
#3563=PLANE('',#4024);
#3564=PLANE('',#4025);
#3565=PLANE('',#4026);
#3566=PLANE('',#4027);
#3567=PLANE('',#4028);
#3568=PLANE('',#4029);
#3569=PLANE('',#4030);
#3570=ADVANCED_FACE('',(#3153),#3407,.T.);
#3571=ADVANCED_FACE('',(#3154),#3408,.T.);
#3572=ADVANCED_FACE('',(#3155),#3409,.T.);
#3573=ADVANCED_FACE('',(#3156),#3410,.F.);
#3574=ADVANCED_FACE('',(#3157),#3411,.F.);
#3575=ADVANCED_FACE('',(#3158),#3412,.F.);
#3576=ADVANCED_FACE('',(#3159,#3160),#3413,.T.);
#3577=ADVANCED_FACE('',(#3161,#3162),#3414,.T.);
#3578=ADVANCED_FACE('',(#3163),#3415,.T.);
#3579=ADVANCED_FACE('',(#3164),#3416,.T.);
#3580=ADVANCED_FACE('',(#3165),#3417,.T.);
#3581=ADVANCED_FACE('',(#3166),#3418,.T.);
#3582=ADVANCED_FACE('',(#3167),#3419,.T.);
#3583=ADVANCED_FACE('',(#3168),#3420,.T.);
#3584=ADVANCED_FACE('',(#3169),#3421,.T.);
#3585=ADVANCED_FACE('',(#3170,#3171),#3422,.T.);
#3586=ADVANCED_FACE('',(#3172),#3423,.F.);
#3587=ADVANCED_FACE('',(#3173),#3424,.T.);
#3588=ADVANCED_FACE('',(#3174),#3425,.F.);
#3589=ADVANCED_FACE('',(#3175),#3426,.F.);
#3590=ADVANCED_FACE('',(#3176),#3427,.T.);
#3591=ADVANCED_FACE('',(#3177),#3428,.F.);
#3592=ADVANCED_FACE('',(#3178),#3429,.F.);
#3593=ADVANCED_FACE('',(#3179,#3180),#3430,.F.);
#3594=ADVANCED_FACE('',(#3181),#3431,.F.);
#3595=ADVANCED_FACE('',(#3182),#3432,.F.);
#3596=ADVANCED_FACE('',(#3183,#3184,#3185),#3433,.F.);
#3597=ADVANCED_FACE('',(#3186),#3434,.F.);
#3598=ADVANCED_FACE('',(#3187),#3435,.T.);
#3599=ADVANCED_FACE('',(#3188),#3436,.T.);
#3600=ADVANCED_FACE('',(#3189),#3437,.F.);
#3601=ADVANCED_FACE('',(#3190),#3438,.T.);
#3602=ADVANCED_FACE('',(#3191),#3439,.F.);
#3603=ADVANCED_FACE('',(#3192),#3440,.F.);
#3604=ADVANCED_FACE('',(#3193),#3441,.T.);
#3605=ADVANCED_FACE('',(#3194,#3195),#3442,.T.);
#3606=ADVANCED_FACE('',(#3196,#3197),#3443,.T.);
#3607=ADVANCED_FACE('',(#3198),#3444,.T.);
#3608=ADVANCED_FACE('',(#3199),#3445,.F.);
#3609=ADVANCED_FACE('',(#3200),#3446,.F.);
#3610=ADVANCED_FACE('',(#3201),#3447,.T.);
#3611=ADVANCED_FACE('',(#3202),#3448,.T.);
#3612=ADVANCED_FACE('',(#3203),#3449,.F.);
#3613=ADVANCED_FACE('',(#3204),#3450,.F.);
#3614=ADVANCED_FACE('',(#3205),#3451,.T.);
#3615=ADVANCED_FACE('',(#3206),#3452,.T.);
#3616=ADVANCED_FACE('',(#3207),#3453,.F.);
#3617=ADVANCED_FACE('',(#3208),#3454,.T.);
#3618=ADVANCED_FACE('',(#3209),#3455,.F.);
#3619=ADVANCED_FACE('',(#3210),#3456,.F.);
#3620=ADVANCED_FACE('',(#3211),#3457,.T.);
#3621=ADVANCED_FACE('',(#3212,#3213,#3214),#3458,.T.);
#3622=ADVANCED_FACE('',(#3215),#3459,.F.);
#3623=ADVANCED_FACE('',(#3216),#3460,.T.);
#3624=ADVANCED_FACE('',(#3217),#3461,.T.);
#3625=ADVANCED_FACE('',(#3218),#3462,.T.);
#3626=ADVANCED_FACE('',(#3219),#3463,.T.);
#3627=ADVANCED_FACE('',(#3220),#3464,.F.);
#3628=ADVANCED_FACE('',(#3221),#3465,.T.);
#3629=ADVANCED_FACE('',(#3222),#3466,.T.);
#3630=ADVANCED_FACE('',(#3223),#3467,.T.);
#3631=ADVANCED_FACE('',(#3224),#3468,.F.);
#3632=ADVANCED_FACE('',(#3225),#3469,.F.);
#3633=ADVANCED_FACE('',(#3226,#3227),#3470,.T.);
#3634=ADVANCED_FACE('',(#3228),#3471,.T.);
#3635=ADVANCED_FACE('',(#3229),#3472,.F.);
#3636=ADVANCED_FACE('',(#3230),#3473,.T.);
#3637=ADVANCED_FACE('',(#3231),#3474,.F.);
#3638=ADVANCED_FACE('',(#3232),#3475,.F.);
#3639=ADVANCED_FACE('',(#3233),#3476,.F.);
#3640=ADVANCED_FACE('',(#3234),#3477,.T.);
#3641=ADVANCED_FACE('',(#3235),#3478,.T.);
#3642=ADVANCED_FACE('',(#3236),#3479,.F.);
#3643=ADVANCED_FACE('',(#3237),#3480,.F.);
#3644=ADVANCED_FACE('',(#3238),#3481,.F.);
#3645=ADVANCED_FACE('',(#3239),#3482,.T.);
#3646=ADVANCED_FACE('',(#3240),#3483,.F.);
#3647=ADVANCED_FACE('',(#3241),#3484,.T.);
#3648=ADVANCED_FACE('',(#3242),#3485,.F.);
#3649=ADVANCED_FACE('',(#3243),#3486,.T.);
#3650=ADVANCED_FACE('',(#3244),#3487,.T.);
#3651=ADVANCED_FACE('',(#3245),#3488,.F.);
#3652=ADVANCED_FACE('',(#3246),#3489,.T.);
#3653=ADVANCED_FACE('',(#3247,#3248),#3490,.T.);
#3654=ADVANCED_FACE('',(#3249),#3491,.F.);
#3655=ADVANCED_FACE('',(#3250),#3492,.F.);
#3656=ADVANCED_FACE('',(#3251),#3493,.F.);
#3657=ADVANCED_FACE('',(#3252,#3253),#21,.F.);
#3658=ADVANCED_FACE('',(#3254,#3255),#22,.F.);
#3659=ADVANCED_FACE('',(#3256,#3257),#23,.F.);
#3660=ADVANCED_FACE('',(#3258,#3259),#24,.F.);
#3661=ADVANCED_FACE('',(#3260,#3261),#25,.F.);
#3662=ADVANCED_FACE('',(#3262,#3263),#26,.F.);
#3663=ADVANCED_FACE('',(#3264),#3494,.T.);
#3664=ADVANCED_FACE('',(#3265),#3495,.T.);
#3665=ADVANCED_FACE('',(#3266),#3496,.T.);
#3666=ADVANCED_FACE('',(#3267),#3497,.F.);
#3667=ADVANCED_FACE('',(#3268),#12,.F.);
#3668=ADVANCED_FACE('',(#3269),#13,.F.);
#3669=ADVANCED_FACE('',(#3270),#14,.F.);
#3670=ADVANCED_FACE('',(#3271),#27,.T.);
#3671=ADVANCED_FACE('',(#3272),#28,.T.);
#3672=ADVANCED_FACE('',(#3273,#3274),#3498,.F.);
#3673=ADVANCED_FACE('',(#3275,#3276),#29,.F.);
#3674=ADVANCED_FACE('',(#3277,#3278),#3499,.T.);
#3675=ADVANCED_FACE('',(#3279,#3280),#30,.F.);
#3676=ADVANCED_FACE('',(#3281),#15,.F.);
#3677=ADVANCED_FACE('',(#3282),#31,.T.);
#3678=ADVANCED_FACE('',(#3283),#3500,.F.);
#3679=ADVANCED_FACE('',(#3284,#3285),#32,.F.);
#3680=ADVANCED_FACE('',(#3286,#3287),#3501,.T.);
#3681=ADVANCED_FACE('',(#3288,#3289),#33,.F.);
#3682=ADVANCED_FACE('',(#3290,#3291),#3502,.T.);
#3683=ADVANCED_FACE('',(#3292,#3293),#34,.F.);
#3684=ADVANCED_FACE('',(#3294,#3295),#3503,.T.);
#3685=ADVANCED_FACE('',(#3296,#3297),#35,.F.);
#3686=ADVANCED_FACE('',(#3298),#3504,.T.);
#3687=ADVANCED_FACE('',(#3299,#3300),#36,.F.);
#3688=ADVANCED_FACE('',(#3301),#3505,.T.);
#3689=ADVANCED_FACE('',(#3302,#3303),#37,.F.);
#3690=ADVANCED_FACE('',(#3304),#3506,.T.);
#3691=ADVANCED_FACE('',(#3305,#3306),#3507,.F.);
#3692=ADVANCED_FACE('',(#3307,#3308),#3508,.F.);
#3693=ADVANCED_FACE('',(#3309,#3310),#3509,.F.);
#3694=ADVANCED_FACE('',(#3311),#3510,.F.);
#3695=ADVANCED_FACE('',(#3312),#3511,.F.);
#3696=ADVANCED_FACE('',(#3313),#3512,.T.);
#3697=ADVANCED_FACE('',(#3314),#3513,.T.);
#3698=ADVANCED_FACE('',(#3315),#3514,.F.);
#3699=ADVANCED_FACE('',(#3316),#3515,.T.);
#3700=ADVANCED_FACE('',(#3317),#3516,.F.);
#3701=ADVANCED_FACE('',(#3318),#3517,.F.);
#3702=ADVANCED_FACE('',(#3319),#3518,.T.);
#3703=ADVANCED_FACE('',(#3320,#3321),#3519,.T.);
#3704=ADVANCED_FACE('',(#3322,#3323),#3520,.T.);
#3705=ADVANCED_FACE('',(#3324),#3521,.T.);
#3706=ADVANCED_FACE('',(#3325),#3522,.F.);
#3707=ADVANCED_FACE('',(#3326),#3523,.T.);
#3708=ADVANCED_FACE('',(#3327),#3524,.F.);
#3709=ADVANCED_FACE('',(#3328),#3525,.F.);
#3710=ADVANCED_FACE('',(#3329),#3526,.T.);
#3711=ADVANCED_FACE('',(#3330,#3331,#3332),#3527,.T.);
#3712=ADVANCED_FACE('',(#3333),#3528,.F.);
#3713=ADVANCED_FACE('',(#3334),#3529,.T.);
#3714=ADVANCED_FACE('',(#3335),#3530,.T.);
#3715=ADVANCED_FACE('',(#3336),#3531,.T.);
#3716=ADVANCED_FACE('',(#3337),#3532,.F.);
#3717=ADVANCED_FACE('',(#3338),#3533,.T.);
#3718=ADVANCED_FACE('',(#3339),#3534,.T.);
#3719=ADVANCED_FACE('',(#3340),#3535,.T.);
#3720=ADVANCED_FACE('',(#3341),#3536,.F.);
#3721=ADVANCED_FACE('',(#3342),#3537,.F.);
#3722=ADVANCED_FACE('',(#3343),#3538,.T.);
#3723=ADVANCED_FACE('',(#3344),#3539,.T.);
#3724=ADVANCED_FACE('',(#3345),#3540,.T.);
#3725=ADVANCED_FACE('',(#3346),#3541,.F.);
#3726=ADVANCED_FACE('',(#3347),#3542,.F.);
#3727=ADVANCED_FACE('',(#3348),#3543,.F.);
#3728=ADVANCED_FACE('',(#3349),#3544,.T.);
#3729=ADVANCED_FACE('',(#3350),#3545,.F.);
#3730=ADVANCED_FACE('',(#3351),#3546,.T.);
#3731=ADVANCED_FACE('',(#3352,#3353),#3547,.T.);
#3732=ADVANCED_FACE('',(#3354),#3548,.F.);
#3733=ADVANCED_FACE('',(#3355),#3549,.F.);
#3734=ADVANCED_FACE('',(#3356,#3357),#38,.F.);
#3735=ADVANCED_FACE('',(#3358,#3359),#39,.F.);
#3736=ADVANCED_FACE('',(#3360,#3361),#40,.F.);
#3737=ADVANCED_FACE('',(#3362,#3363),#41,.F.);
#3738=ADVANCED_FACE('',(#3364,#3365),#42,.F.);
#3739=ADVANCED_FACE('',(#3366,#3367),#43,.F.);
#3740=ADVANCED_FACE('',(#3368),#3550,.T.);
#3741=ADVANCED_FACE('',(#3369),#3551,.T.);
#3742=ADVANCED_FACE('',(#3370),#3552,.T.);
#3743=ADVANCED_FACE('',(#3371),#16,.T.);
#3744=ADVANCED_FACE('',(#3372),#17,.T.);
#3745=ADVANCED_FACE('',(#3373),#44,.T.);
#3746=ADVANCED_FACE('',(#3374),#18,.T.);
#3747=ADVANCED_FACE('',(#3375),#3553,.F.);
#3748=ADVANCED_FACE('',(#3376,#3377),#45,.F.);
#3749=ADVANCED_FACE('',(#3378,#3379),#3554,.T.);
#3750=ADVANCED_FACE('',(#3380,#3381),#46,.F.);
#3751=ADVANCED_FACE('',(#3382,#3383),#3555,.T.);
#3752=ADVANCED_FACE('',(#3384,#3385),#47,.F.);
#3753=ADVANCED_FACE('',(#3386),#3556,.T.);
#3754=ADVANCED_FACE('',(#3387,#3388),#48,.F.);
#3755=ADVANCED_FACE('',(#3389),#3557,.T.);
#3756=ADVANCED_FACE('',(#3390,#3391),#3558,.F.);
#3757=ADVANCED_FACE('',(#3392,#3393),#3559,.F.);
#3758=ADVANCED_FACE('',(#3394,#3395),#3560,.F.);
#3759=ADVANCED_FACE('',(#3396),#3561,.T.);
#3760=ADVANCED_FACE('',(#3397),#3562,.F.);
#3761=ADVANCED_FACE('',(#3398),#3563,.F.);
#3762=ADVANCED_FACE('',(#3399),#3564,.T.);
#3763=ADVANCED_FACE('',(#3400),#3565,.T.);
#3764=ADVANCED_FACE('',(#3401),#3566,.T.);
#3765=ADVANCED_FACE('',(#3402),#19,.T.);
#3766=ADVANCED_FACE('',(#3403),#20,.T.);
#3767=ADVANCED_FACE('',(#3404),#3567,.F.);
#3768=ADVANCED_FACE('',(#3405),#3568,.F.);
#3769=ADVANCED_FACE('',(#3406),#3569,.T.);
#3770=CLOSED_SHELL('',(#3570,#3571,#3572,#3573,#3574,#3575,#3576,#3577,
#3578,#3579,#3580,#3581,#3582,#3583,#3584,#3585,#3586,#3587,#3588,#3589,
#3590,#3591,#3592,#3593,#3594,#3595,#3596,#3597,#3598,#3599,#3600,#3601,
#3602,#3603,#3604,#3605,#3606,#3607,#3608,#3609,#3610,#3611,#3612,#3613,
#3614,#3615,#3616,#3617,#3618,#3619,#3620,#3621,#3622,#3623,#3624,#3625,
#3626,#3627,#3628,#3629,#3630,#3631,#3632,#3633,#3634,#3635,#3636,#3637,
#3638,#3639,#3640,#3641,#3642,#3643,#3644,#3645,#3646,#3647,#3648,#3649,
#3650,#3651,#3652,#3653,#3654,#3655,#3656,#3657,#3658,#3659,#3660,#3661,
#3662,#3663,#3664,#3665,#3666,#3667,#3668,#3669,#3670,#3671,#3672,#3673,
#3674,#3675,#3676,#3677,#3678,#3679,#3680,#3681,#3682,#3683,#3684,#3685,
#3686,#3687,#3688,#3689,#3690,#3691,#3692,#3693,#3694,#3695,#3696,#3697,
#3698,#3699,#3700,#3701,#3702,#3703,#3704,#3705,#3706,#3707,#3708,#3709,
#3710,#3711,#3712,#3713,#3714,#3715,#3716,#3717,#3718,#3719,#3720,#3721,
#3722,#3723,#3724,#3725,#3726,#3727,#3728,#3729,#3730,#3731,#3732,#3733,
#3734,#3735,#3736,#3737,#3738,#3739,#3740,#3741,#3742,#3743,#3744,#3745,
#3746,#3747,#3748,#3749,#3750,#3751,#3752,#3753,#3754,#3755,#3756,#3757,
#3758,#3759,#3760,#3761,#3762,#3763,#3764,#3765,#3766,#3767,#3768,#3769));
#3771=STYLED_ITEM('',(#3772),#3779);
#3772=PRESENTATION_STYLE_ASSIGNMENT((#3773));
#3773=SURFACE_STYLE_USAGE(.BOTH.,#3774);
#3774=SURFACE_SIDE_STYLE('',(#3775));
#3775=SURFACE_STYLE_FILL_AREA(#3776);
#3776=FILL_AREA_STYLE('',(#3777));
#3777=FILL_AREA_STYLE_COLOUR('',#3778);
#3778=COLOUR_RGB('',0.262745098039216,0.258823529411765,0.258823529411765);
#3779=MANIFOLD_SOLID_BREP('Part 1',#3770);
#3780=SHAPE_DEFINITION_REPRESENTATION(#6192,#3781);
#3781=SHAPE_REPRESENTATION('Part 1',(#3782),#6187);
#3782=AXIS2_PLACEMENT_3D('',#4967,#4031,#4032);
#3783=AXIS2_PLACEMENT_3D('',#4968,#4033,#4034);
#3784=AXIS2_PLACEMENT_3D('',#4977,#4039,#4040);
#3785=AXIS2_PLACEMENT_3D('',#4983,#4044,#4045);
#3786=AXIS2_PLACEMENT_3D('',#4996,#4052,#4053);
#3787=AXIS2_PLACEMENT_3D('',#5005,#4058,#4059);
#3788=AXIS2_PLACEMENT_3D('',#5008,#4062,#4063);
#3789=AXIS2_PLACEMENT_3D('',#5014,#4067,#4068);
#3790=AXIS2_PLACEMENT_3D('',#5015,#4069,#4070);
#3791=AXIS2_PLACEMENT_3D('',#5043,#4084,#4085);
#3792=AXIS2_PLACEMENT_3D('',#5044,#4086,#4087);
#3793=AXIS2_PLACEMENT_3D('',#5072,#4101,#4102);
#3794=AXIS2_PLACEMENT_3D('',#5097,#4115,#4116);
#3795=AXIS2_PLACEMENT_3D('',#5122,#4129,#4130);
#3796=AXIS2_PLACEMENT_3D('',#5131,#4135,#4136);
#3797=AXIS2_PLACEMENT_3D('',#5140,#4141,#4142);
#3798=AXIS2_PLACEMENT_3D('',#5147,#4147,#4148);
#3799=AXIS2_PLACEMENT_3D('',#5154,#4153,#4154);
#3800=AXIS2_PLACEMENT_3D('',#5167,#4161,#4162);
#3801=AXIS2_PLACEMENT_3D('',#5324,#4245,#4246);
#3802=AXIS2_PLACEMENT_3D('',#5339,#4251,#4252);
#3803=AXIS2_PLACEMENT_3D('',#5342,#4255,#4256);
#3804=AXIS2_PLACEMENT_3D('',#5351,#4261,#4262);
#3805=AXIS2_PLACEMENT_3D('',#5356,#4266,#4267);
#3806=AXIS2_PLACEMENT_3D('',#5359,#4270,#4271);
#3807=AXIS2_PLACEMENT_3D('',#5365,#4275,#4276);
#3808=AXIS2_PLACEMENT_3D('',#5371,#4280,#4281);
#3809=AXIS2_PLACEMENT_3D('',#5372,#4282,#4283);
#3810=AXIS2_PLACEMENT_3D('',#5391,#4292,#4293);
#3811=AXIS2_PLACEMENT_3D('',#5404,#4300,#4301);
#3812=AXIS2_PLACEMENT_3D('',#5414,#4307,#4308);
#3813=AXIS2_PLACEMENT_3D('',#5417,#4310,#4311);
#3814=AXIS2_PLACEMENT_3D('',#5436,#4316,#4317);
#3815=AXIS2_PLACEMENT_3D('',#5437,#4318,#4319);
#3816=AXIS2_PLACEMENT_3D('',#5458,#4330,#4331);
#3817=AXIS2_PLACEMENT_3D('',#5460,#4332,#4333);
#3818=AXIS2_PLACEMENT_3D('',#5464,#4336,#4337);
#3819=AXIS2_PLACEMENT_3D('',#5465,#4338,#4339);
#3820=AXIS2_PLACEMENT_3D('',#5470,#4343,#4344);
#3821=AXIS2_PLACEMENT_3D('',#5474,#4347,#4348);
#3822=AXIS2_PLACEMENT_3D('',#5485,#4355,#4356);
#3823=AXIS2_PLACEMENT_3D('',#5495,#4362,#4363);
#3824=AXIS2_PLACEMENT_3D('',#5509,#4371,#4372);
#3825=AXIS2_PLACEMENT_3D('',#5515,#4376,#4377);
#3826=AXIS2_PLACEMENT_3D('',#5516,#4378,#4379);
#3827=AXIS2_PLACEMENT_3D('',#5527,#4385,#4386);
#3828=AXIS2_PLACEMENT_3D('',#5528,#4387,#4388);
#3829=AXIS2_PLACEMENT_3D('',#5536,#4393,#4394);
#3830=AXIS2_PLACEMENT_3D('',#5537,#4395,#4396);
#3831=AXIS2_PLACEMENT_3D('',#5547,#4400,#4401);
#3832=AXIS2_PLACEMENT_3D('',#5558,#4405,#4406);
#3833=AXIS2_PLACEMENT_3D('',#5564,#4410,#4411);
#3834=AXIS2_PLACEMENT_3D('',#5568,#4414,#4415);
#3835=AXIS2_PLACEMENT_3D('',#5572,#4418,#4419);
#3836=AXIS2_PLACEMENT_3D('',#5578,#4423,#4424);
#3837=AXIS2_PLACEMENT_3D('',#5580,#4426,#4427);
#3838=AXIS2_PLACEMENT_3D('',#5581,#4428,#4429);
#3839=AXIS2_PLACEMENT_3D('',#5584,#4432,#4433);
#3840=AXIS2_PLACEMENT_3D('',#5587,#4436,#4437);
#3841=AXIS2_PLACEMENT_3D('',#5589,#4439,#4440);
#3842=AXIS2_PLACEMENT_3D('',#5590,#4441,#4442);
#3843=AXIS2_PLACEMENT_3D('',#5592,#4444,#4445);
#3844=AXIS2_PLACEMENT_3D('',#5598,#4449,#4450);
#3845=AXIS2_PLACEMENT_3D('',#5599,#4451,#4452);
#3846=AXIS2_PLACEMENT_3D('',#5601,#4453,#4454);
#3847=AXIS2_PLACEMENT_3D('',#5608,#4458,#4459);
#3848=AXIS2_PLACEMENT_3D('',#5610,#4461,#4462);
#3849=AXIS2_PLACEMENT_3D('',#5612,#4464,#4465);
#3850=AXIS2_PLACEMENT_3D('',#5614,#4467,#4468);
#3851=AXIS2_PLACEMENT_3D('',#5615,#4469,#4470);
#3852=AXIS2_PLACEMENT_3D('',#5621,#4474,#4475);
#3853=AXIS2_PLACEMENT_3D('',#5630,#4482,#4483);
#3854=AXIS2_PLACEMENT_3D('',#5632,#4485,#4486);
#3855=AXIS2_PLACEMENT_3D('',#5634,#4488,#4489);
#3856=AXIS2_PLACEMENT_3D('',#5640,#4491,#4492);
#3857=AXIS2_PLACEMENT_3D('',#5642,#4494,#4495);
#3858=AXIS2_PLACEMENT_3D('',#5643,#4496,#4497);
#3859=AXIS2_PLACEMENT_3D('',#5646,#4499,#4500);
#3860=AXIS2_PLACEMENT_3D('',#5655,#4506,#4507);
#3861=AXIS2_PLACEMENT_3D('',#5658,#4509,#4510);
#3862=AXIS2_PLACEMENT_3D('',#5660,#4511,#4512);
#3863=AXIS2_PLACEMENT_3D('',#5667,#4514,#4515);
#3864=AXIS2_PLACEMENT_3D('',#5669,#4517,#4518);
#3865=AXIS2_PLACEMENT_3D('',#5675,#4522,#4523);
#3866=AXIS2_PLACEMENT_3D('',#5679,#4526,#4527);
#3867=AXIS2_PLACEMENT_3D('',#5683,#4530,#4531);
#3868=AXIS2_PLACEMENT_3D('',#5687,#4534,#4535);
#3869=AXIS2_PLACEMENT_3D('',#5692,#4539,#4540);
#3870=AXIS2_PLACEMENT_3D('',#5693,#4541,#4542);
#3871=AXIS2_PLACEMENT_3D('',#5697,#4545,#4546);
#3872=AXIS2_PLACEMENT_3D('',#5700,#4549,#4550);
#3873=AXIS2_PLACEMENT_3D('',#5702,#4552,#4553);
#3874=AXIS2_PLACEMENT_3D('',#5704,#4555,#4556);
#3875=AXIS2_PLACEMENT_3D('',#5710,#4557,#4558);
#3876=AXIS2_PLACEMENT_3D('',#5714,#4561,#4562);
#3877=AXIS2_PLACEMENT_3D('',#5716,#4564,#4565);
#3878=AXIS2_PLACEMENT_3D('',#5723,#4570,#4571);
#3879=AXIS2_PLACEMENT_3D('',#5724,#4572,#4573);
#3880=AXIS2_PLACEMENT_3D('',#5726,#4575,#4576);
#3881=AXIS2_PLACEMENT_3D('',#5745,#4588,#4589);
#3882=AXIS2_PLACEMENT_3D('',#5746,#4590,#4591);
#3883=AXIS2_PLACEMENT_3D('',#5749,#4593,#4594);
#3884=AXIS2_PLACEMENT_3D('',#5751,#4596,#4597);
#3885=AXIS2_PLACEMENT_3D('',#5752,#4598,#4599);
#3886=AXIS2_PLACEMENT_3D('',#5753,#4600,#4601);
#3887=AXIS2_PLACEMENT_3D('',#5754,#4602,#4603);
#3888=AXIS2_PLACEMENT_3D('',#5756,#4604,#4605);
#3889=AXIS2_PLACEMENT_3D('',#5757,#4606,#4607);
#3890=AXIS2_PLACEMENT_3D('',#5759,#4608,#4609);
#3891=AXIS2_PLACEMENT_3D('',#5760,#4610,#4611);
#3892=AXIS2_PLACEMENT_3D('',#5762,#4612,#4613);
#3893=AXIS2_PLACEMENT_3D('',#5763,#4614,#4615);
#3894=AXIS2_PLACEMENT_3D('',#5765,#4616,#4617);
#3895=AXIS2_PLACEMENT_3D('',#5766,#4618,#4619);
#3896=AXIS2_PLACEMENT_3D('',#5768,#4620,#4621);
#3897=AXIS2_PLACEMENT_3D('',#5769,#4622,#4623);
#3898=AXIS2_PLACEMENT_3D('',#5771,#4624,#4625);
#3899=AXIS2_PLACEMENT_3D('',#5772,#4626,#4627);
#3900=AXIS2_PLACEMENT_3D('',#5773,#4628,#4629);
#3901=AXIS2_PLACEMENT_3D('',#5776,#4631,#4632);
#3902=AXIS2_PLACEMENT_3D('',#5777,#4633,#4634);
#3903=AXIS2_PLACEMENT_3D('',#5778,#4635,#4636);
#3904=AXIS2_PLACEMENT_3D('',#5805,#4639,#4640);
#3905=AXIS2_PLACEMENT_3D('',#5831,#4641,#4642);
#3906=AXIS2_PLACEMENT_3D('',#5832,#4643,#4644);
#3907=AXIS2_PLACEMENT_3D('',#5833,#4645,#4646);
#3908=AXIS2_PLACEMENT_3D('',#5834,#4647,#4648);
#3909=AXIS2_PLACEMENT_3D('',#5848,#4651,#4652);
#3910=AXIS2_PLACEMENT_3D('',#5849,#4653,#4654);
#3911=AXIS2_PLACEMENT_3D('',#5851,#4655,#4656);
#3912=AXIS2_PLACEMENT_3D('',#5852,#4657,#4658);
#3913=AXIS2_PLACEMENT_3D('',#5854,#4659,#4660);
#3914=AXIS2_PLACEMENT_3D('',#5863,#4661,#4662);
#3915=AXIS2_PLACEMENT_3D('',#5866,#4665,#4666);
#3916=AXIS2_PLACEMENT_3D('',#5867,#4667,#4668);
#3917=AXIS2_PLACEMENT_3D('',#5868,#4669,#4670);
#3918=AXIS2_PLACEMENT_3D('',#5870,#4671,#4672);
#3919=AXIS2_PLACEMENT_3D('',#5871,#4673,#4674);
#3920=AXIS2_PLACEMENT_3D('',#5873,#4675,#4676);
#3921=AXIS2_PLACEMENT_3D('',#5874,#4677,#4678);
#3922=AXIS2_PLACEMENT_3D('',#5876,#4679,#4680);
#3923=AXIS2_PLACEMENT_3D('',#5877,#4681,#4682);
#3924=AXIS2_PLACEMENT_3D('',#5879,#4683,#4684);
#3925=AXIS2_PLACEMENT_3D('',#5880,#4685,#4686);
#3926=AXIS2_PLACEMENT_3D('',#5882,#4687,#4688);
#3927=AXIS2_PLACEMENT_3D('',#5883,#4689,#4690);
#3928=AXIS2_PLACEMENT_3D('',#5885,#4691,#4692);
#3929=AXIS2_PLACEMENT_3D('',#5886,#4693,#4694);
#3930=AXIS2_PLACEMENT_3D('',#5888,#4695,#4696);
#3931=AXIS2_PLACEMENT_3D('',#5889,#4697,#4698);
#3932=AXIS2_PLACEMENT_3D('',#5890,#4699,#4700);
#3933=AXIS2_PLACEMENT_3D('',#5892,#4701,#4702);
#3934=AXIS2_PLACEMENT_3D('',#5893,#4703,#4704);
#3935=AXIS2_PLACEMENT_3D('',#5894,#4705,#4706);
#3936=AXIS2_PLACEMENT_3D('',#5896,#4707,#4708);
#3937=AXIS2_PLACEMENT_3D('',#5897,#4709,#4710);
#3938=AXIS2_PLACEMENT_3D('',#5898,#4711,#4712);
#3939=AXIS2_PLACEMENT_3D('',#5899,#4713,#4714);
#3940=AXIS2_PLACEMENT_3D('',#5900,#4715,#4716);
#3941=AXIS2_PLACEMENT_3D('',#5907,#4721,#4722);
#3942=AXIS2_PLACEMENT_3D('',#5908,#4723,#4724);
#3943=AXIS2_PLACEMENT_3D('',#5912,#4727,#4728);
#3944=AXIS2_PLACEMENT_3D('',#5919,#4733,#4734);
#3945=AXIS2_PLACEMENT_3D('',#5925,#4738,#4739);
#3946=AXIS2_PLACEMENT_3D('',#5939,#4747,#4748);
#3947=AXIS2_PLACEMENT_3D('',#5947,#4753,#4754);
#3948=AXIS2_PLACEMENT_3D('',#5957,#4760,#4761);
#3949=AXIS2_PLACEMENT_3D('',#5961,#4764,#4765);
#3950=AXIS2_PLACEMENT_3D('',#5962,#4766,#4767);
#3951=AXIS2_PLACEMENT_3D('',#5969,#4771,#4772);
#3952=AXIS2_PLACEMENT_3D('',#5970,#4773,#4774);
#3953=AXIS2_PLACEMENT_3D('',#5973,#4776,#4777);
#3954=AXIS2_PLACEMENT_3D('',#5978,#4781,#4782);
#3955=AXIS2_PLACEMENT_3D('',#5983,#4783,#4784);
#3956=AXIS2_PLACEMENT_3D('',#5986,#4787,#4788);
#3957=AXIS2_PLACEMENT_3D('',#5989,#4791,#4792);
#3958=AXIS2_PLACEMENT_3D('',#5991,#4794,#4795);
#3959=AXIS2_PLACEMENT_3D('',#5993,#4797,#4798);
#3960=AXIS2_PLACEMENT_3D('',#5997,#4801,#4802);
#3961=AXIS2_PLACEMENT_3D('',#5998,#4803,#4804);
#3962=AXIS2_PLACEMENT_3D('',#6000,#4805,#4806);
#3963=AXIS2_PLACEMENT_3D('',#6005,#4809,#4810);
#3964=AXIS2_PLACEMENT_3D('',#6007,#4812,#4813);
#3965=AXIS2_PLACEMENT_3D('',#6009,#4815,#4816);
#3966=AXIS2_PLACEMENT_3D('',#6012,#4819,#4820);
#3967=AXIS2_PLACEMENT_3D('',#6013,#4821,#4822);
#3968=AXIS2_PLACEMENT_3D('',#6023,#4825,#4826);
#3969=AXIS2_PLACEMENT_3D('',#6025,#4828,#4829);
#3970=AXIS2_PLACEMENT_3D('',#6027,#4831,#4832);
#3971=AXIS2_PLACEMENT_3D('',#6033,#4834,#4835);
#3972=AXIS2_PLACEMENT_3D('',#6035,#4837,#4838);
#3973=AXIS2_PLACEMENT_3D('',#6036,#4839,#4840);
#3974=AXIS2_PLACEMENT_3D('',#6038,#4842,#4843);
#3975=AXIS2_PLACEMENT_3D('',#6039,#4844,#4845);
#3976=AXIS2_PLACEMENT_3D('',#6041,#4847,#4848);
#3977=AXIS2_PLACEMENT_3D('',#6045,#4851,#4852);
#3978=AXIS2_PLACEMENT_3D('',#6048,#4855,#4856);
#3979=AXIS2_PLACEMENT_3D('',#6050,#4858,#4859);
#3980=AXIS2_PLACEMENT_3D('',#6051,#4860,#4861);
#3981=AXIS2_PLACEMENT_3D('',#6057,#4862,#4863);
#3982=AXIS2_PLACEMENT_3D('',#6058,#4864,#4865);
#3983=AXIS2_PLACEMENT_3D('',#6059,#4866,#4867);
#3984=AXIS2_PLACEMENT_3D('',#6062,#4869,#4870);
#3985=AXIS2_PLACEMENT_3D('',#6063,#4871,#4872);
#3986=AXIS2_PLACEMENT_3D('',#6064,#4873,#4874);
#3987=AXIS2_PLACEMENT_3D('',#6065,#4875,#4876);
#3988=AXIS2_PLACEMENT_3D('',#6067,#4877,#4878);
#3989=AXIS2_PLACEMENT_3D('',#6068,#4879,#4880);
#3990=AXIS2_PLACEMENT_3D('',#6070,#4881,#4882);
#3991=AXIS2_PLACEMENT_3D('',#6071,#4883,#4884);
#3992=AXIS2_PLACEMENT_3D('',#6073,#4885,#4886);
#3993=AXIS2_PLACEMENT_3D('',#6074,#4887,#4888);
#3994=AXIS2_PLACEMENT_3D('',#6076,#4889,#4890);
#3995=AXIS2_PLACEMENT_3D('',#6077,#4891,#4892);
#3996=AXIS2_PLACEMENT_3D('',#6079,#4893,#4894);
#3997=AXIS2_PLACEMENT_3D('',#6080,#4895,#4896);
#3998=AXIS2_PLACEMENT_3D('',#6082,#4897,#4898);
#3999=AXIS2_PLACEMENT_3D('',#6083,#4899,#4900);
#4000=AXIS2_PLACEMENT_3D('',#6084,#4901,#4902);
#4001=AXIS2_PLACEMENT_3D('',#6087,#4904,#4905);
#4002=AXIS2_PLACEMENT_3D('',#6088,#4906,#4907);
#4003=AXIS2_PLACEMENT_3D('',#6105,#4908,#4909);
#4004=AXIS2_PLACEMENT_3D('',#6114,#4910,#4911);
#4005=AXIS2_PLACEMENT_3D('',#6115,#4912,#4913);
#4006=AXIS2_PLACEMENT_3D('',#6116,#4914,#4915);
#4007=AXIS2_PLACEMENT_3D('',#6118,#4916,#4917);
#4008=AXIS2_PLACEMENT_3D('',#6119,#4918,#4919);
#4009=AXIS2_PLACEMENT_3D('',#6121,#4920,#4921);
#4010=AXIS2_PLACEMENT_3D('',#6122,#4922,#4923);
#4011=AXIS2_PLACEMENT_3D('',#6124,#4924,#4925);
#4012=AXIS2_PLACEMENT_3D('',#6125,#4926,#4927);
#4013=AXIS2_PLACEMENT_3D('',#6127,#4928,#4929);
#4014=AXIS2_PLACEMENT_3D('',#6128,#4930,#4931);
#4015=AXIS2_PLACEMENT_3D('',#6130,#4932,#4933);
#4016=AXIS2_PLACEMENT_3D('',#6131,#4934,#4935);
#4017=AXIS2_PLACEMENT_3D('',#6132,#4936,#4937);
#4018=AXIS2_PLACEMENT_3D('',#6134,#4938,#4939);
#4019=AXIS2_PLACEMENT_3D('',#6135,#4940,#4941);
#4020=AXIS2_PLACEMENT_3D('',#6136,#4942,#4943);
#4021=AXIS2_PLACEMENT_3D('',#6137,#4944,#4945);
#4022=AXIS2_PLACEMENT_3D('',#6138,#4946,#4947);
#4023=AXIS2_PLACEMENT_3D('',#6141,#4950,#4951);
#4024=AXIS2_PLACEMENT_3D('',#6143,#4953,#4954);
#4025=AXIS2_PLACEMENT_3D('',#6144,#4955,#4956);
#4026=AXIS2_PLACEMENT_3D('',#6145,#4957,#4958);
#4027=AXIS2_PLACEMENT_3D('',#6146,#4959,#4960);
#4028=AXIS2_PLACEMENT_3D('',#6183,#4961,#4962);
#4029=AXIS2_PLACEMENT_3D('',#6184,#4963,#4964);
#4030=AXIS2_PLACEMENT_3D('',#6185,#4965,#4966);
#4031=DIRECTION('',(0.,0.,1.));
#4032=DIRECTION('',(1.,0.,0.));
#4033=DIRECTION('',(1.,0.,0.));
#4034=DIRECTION('',(0.,0.,-1.));
#4035=DIRECTION('',(0.,-1.,-2.16840434497101E-16));
#4036=DIRECTION('',(0.,0.,-1.));
#4037=DIRECTION('',(0.,1.,0.));
#4038=DIRECTION('',(0.,0.,-1.));
#4039=DIRECTION('',(0.,-2.16840434497101E-16,1.));
#4040=DIRECTION('',(0.,-1.,-2.16840434497101E-16));
#4041=DIRECTION('',(6.50521303491302E-16,-1.,-2.16840434497101E-16));
#4042=DIRECTION('',(1.,0.,0.));
#4043=DIRECTION('',(-1.,0.,0.));
#4044=DIRECTION('',(0.,-2.16840434497101E-16,1.));
#4045=DIRECTION('',(0.,-1.,-2.16840434497101E-16));
#4046=DIRECTION('',(0.,-1.,-2.16840434497101E-16));
#4047=DIRECTION('',(-1.,0.,0.));
#4048=DIRECTION('',(6.50521303491302E-16,-1.,-2.16840434497101E-16));
#4049=DIRECTION('',(1.,0.,0.));
#4050=DIRECTION('',(0.,-1.,0.));
#4051=DIRECTION('',(-1.,0.,0.));
#4052=DIRECTION('',(1.,0.,0.));
#4053=DIRECTION('',(0.,0.,-1.));
#4054=DIRECTION('',(0.,0.,-1.));
#4055=DIRECTION('',(0.,1.,0.));
#4056=DIRECTION('',(0.,0.,-1.));
#4057=DIRECTION('',(0.,-1.,0.));
#4058=DIRECTION('',(-0.316227766016838,0.,-0.948683298050514));
#4059=DIRECTION('',(-0.948683298050514,0.,0.316227766016838));
#4060=DIRECTION('',(-0.948683298050514,0.,0.316227766016838));
#4061=DIRECTION('',(0.948683298050514,6.85709661831388E-17,-0.316227766016838));
#4062=DIRECTION('',(-0.316227766016838,0.,-0.948683298050514));
#4063=DIRECTION('',(-0.948683298050514,0.,0.316227766016838));
#4064=DIRECTION('',(-0.948683298050514,-2.63906656200389E-16,0.316227766016838));
#4065=DIRECTION('',(0.,1.,0.));
#4066=DIRECTION('',(-0.948683298050514,-6.85709661831388E-17,0.316227766016838));
#4067=DIRECTION('',(-1.,0.,0.));
#4068=DIRECTION('',(0.,0.,1.));
#4069=DIRECTION('',(1.,0.,0.));
#4070=DIRECTION('',(0.,0.,-1.));
#4071=DIRECTION('',(0.,1.,0.));
#4072=DIRECTION('',(0.,0.,-1.));
#4073=DIRECTION('',(0.,1.,0.));
#4074=DIRECTION('',(0.,0.970142500145331,-0.242535625036337));
#4075=DIRECTION('',(0.,0.530163997414134,-0.847895120781967));
#4076=DIRECTION('',(0.,0.290434485188153,-0.956894879186576));
#4077=DIRECTION('',(0.,4.10272512757471E-15,-1.));
#4078=DIRECTION('',(0.,-0.5,-0.866025403784439));
#4079=DIRECTION('',(0.,1.,0.));
#4080=DIRECTION('',(0.,0.,-1.));
#4081=DIRECTION('',(0.,-0.933526205505457,-0.358509168131839));
#4082=DIRECTION('',(0.,1.,0.));
#4083=DIRECTION('',(0.,0.,-1.));
#4084=DIRECTION('',(1.,0.,0.));
#4085=DIRECTION('',(0.,0.,1.));
#4086=DIRECTION('',(1.,0.,0.));
#4087=DIRECTION('',(0.,0.,-1.));
#4088=DIRECTION('',(0.,1.,0.));
#4089=DIRECTION('',(0.,0.,-1.));
#4090=DIRECTION('',(0.,1.,0.));
#4091=DIRECTION('',(0.,-0.933526205505457,-0.358509168131839));
#4092=DIRECTION('',(0.,0.,-1.));
#4093=DIRECTION('',(0.,1.,0.));
#4094=DIRECTION('',(0.,-0.5,-0.866025403784439));
#4095=DIRECTION('',(0.,4.10272512757471E-15,-1.));
#4096=DIRECTION('',(0.,0.290434485188153,-0.956894879186576));
#4097=DIRECTION('',(0.,0.530163997414134,-0.847895120781967));
#4098=DIRECTION('',(0.,0.970142500145331,-0.242535625036337));
#4099=DIRECTION('',(0.,1.,0.));
#4100=DIRECTION('',(0.,0.,-1.));
#4101=DIRECTION('',(-1.,0.,0.));
#4102=DIRECTION('',(0.,0.,1.));
#4103=DIRECTION('',(0.,1.,0.));
#4104=DIRECTION('',(0.,0.,-1.));
#4105=DIRECTION('',(0.,1.,0.));
#4106=DIRECTION('',(0.,-0.970142500145332,0.242535625036332));
#4107=DIRECTION('',(0.,0.,-1.));
#4108=DIRECTION('',(0.,1.,0.));
#4109=DIRECTION('',(0.,0.,-1.));
#4110=DIRECTION('',(0.,0.64018439966448,0.768221279597376));
#4111=DIRECTION('',(0.,-0.64018439966448,0.768221279597376));
#4112=DIRECTION('',(0.,0.,-1.));
#4113=DIRECTION('',(0.,-0.977868461286706,-0.209220630963514));
#4114=DIRECTION('',(0.,0.,-1.));
#4115=DIRECTION('',(1.,0.,0.));
#4116=DIRECTION('',(0.,0.,1.));
#4117=DIRECTION('',(0.,1.,0.));
#4118=DIRECTION('',(0.,0.,-1.));
#4119=DIRECTION('',(0.,-0.977868461286706,-0.209220630963514));
#4120=DIRECTION('',(0.,0.,-1.));
#4121=DIRECTION('',(0.,-0.64018439966448,0.768221279597376));
#4122=DIRECTION('',(0.,0.64018439966448,0.768221279597376));
#4123=DIRECTION('',(0.,0.,-1.));
#4124=DIRECTION('',(0.,1.,0.));
#4125=DIRECTION('',(0.,0.,-1.));
#4126=DIRECTION('',(0.,-0.970142500145332,0.242535625036332));
#4127=DIRECTION('',(0.,1.,0.));
#4128=DIRECTION('',(0.,0.,-1.));
#4129=DIRECTION('',(1.,0.,0.));
#4130=DIRECTION('',(0.,0.,-1.));
#4131=DIRECTION('',(0.,-1.,0.));
#4132=DIRECTION('',(0.,0.,-1.));
#4133=DIRECTION('',(0.,-1.,0.));
#4134=DIRECTION('',(0.,0.,-1.));
#4135=DIRECTION('',(-1.,0.,0.));
#4136=DIRECTION('',(0.,0.,-1.));
#4137=DIRECTION('',(0.,-1.,0.));
#4138=DIRECTION('',(0.,0.,-1.));
#4139=DIRECTION('',(0.,-1.,0.));
#4140=DIRECTION('',(0.,0.,-1.));
#4141=DIRECTION('',(0.,0.,1.));
#4142=DIRECTION('',(1.,0.,0.));
#4143=DIRECTION('',(1.,0.,0.));
#4144=DIRECTION('',(1.,0.,0.));
#4145=DIRECTION('',(0.,1.,0.));
#4146=DIRECTION('',(1.,0.,0.));
#4147=DIRECTION('',(0.,0.,1.));
#4148=DIRECTION('',(-1.,0.,0.));
#4149=DIRECTION('',(-1.,0.,0.));
#4150=DIRECTION('',(-1.,0.,0.));
#4151=DIRECTION('',(0.,1.,0.));
#4152=DIRECTION('',(-1.,0.,0.));
#4153=DIRECTION('',(0.,-2.16840434497101E-16,1.));
#4154=DIRECTION('',(0.,-1.,-2.16840434497101E-16));
#4155=DIRECTION('',(-1.,0.,0.));
#4156=DIRECTION('',(6.50521303491302E-16,1.,2.16840434497101E-16));
#4157=DIRECTION('',(-1.,2.05901896258374E-16,0.));
#4158=DIRECTION('',(0.,-1.,-2.16840434497101E-16));
#4159=DIRECTION('',(1.,0.,0.));
#4160=DIRECTION('',(0.,-1.,0.));
#4161=DIRECTION('',(0.,0.,1.));
#4162=DIRECTION('',(1.,0.,0.));
#4163=DIRECTION('',(-1.,0.,0.));
#4164=DIRECTION('',(-1.,0.,0.));
#4165=DIRECTION('',(-1.,0.,0.));
#4166=DIRECTION('',(0.,1.,0.));
#4167=DIRECTION('',(1.,0.,0.));
#4168=DIRECTION('',(0.,1.,0.));
#4169=DIRECTION('',(-1.,0.,0.));
#4170=DIRECTION('',(0.,-1.,0.));
#4171=DIRECTION('',(1.,0.,0.));
#4172=DIRECTION('',(-1.,0.,0.));
#4173=DIRECTION('',(0.,1.,0.));
#4174=DIRECTION('',(1.,0.,0.));
#4175=DIRECTION('',(0.,1.,0.));
#4176=DIRECTION('',(1.,0.,0.));
#4177=DIRECTION('',(-0.979804058780407,0.199960011996002,0.));
#4178=DIRECTION('',(-0.834219174646245,-0.551433013749211,0.));
#4179=DIRECTION('',(-1.,0.,0.));
#4180=DIRECTION('',(0.834219174646245,-0.551433013749211,0.));
#4181=DIRECTION('',(0.979804058780407,0.199960011996002,0.));
#4182=DIRECTION('',(-1.,0.,0.));
#4183=DIRECTION('',(0.,1.,0.));
#4184=DIRECTION('',(-1.,0.,0.));
#4185=DIRECTION('',(0.,1.,0.));
#4186=DIRECTION('',(1.,0.,0.));
#4187=DIRECTION('',(-1.,0.,0.));
#4188=DIRECTION('',(0.,-1.,0.));
#4189=DIRECTION('',(1.,0.,0.));
#4190=DIRECTION('',(0.,1.,0.));
#4191=DIRECTION('',(-1.,0.,0.));
#4192=DIRECTION('',(0.,1.,0.));
#4193=DIRECTION('',(1.,0.,0.));
#4194=DIRECTION('',(0.,-1.,0.));
#4195=DIRECTION('',(0.,-1.,0.));
#4196=DIRECTION('',(1.,0.,0.));
#4197=DIRECTION('',(0.,1.,0.));
#4198=DIRECTION('',(-1.,0.,0.));
#4199=DIRECTION('',(1.,0.,0.));
#4200=DIRECTION('',(1.,0.,0.));
#4201=DIRECTION('',(0.,-1.,0.));
#4202=DIRECTION('',(-1.,0.,0.));
#4203=DIRECTION('',(0.,-1.,0.));
#4204=DIRECTION('',(-1.,0.,0.));
#4205=DIRECTION('',(0.979804058780407,-0.199960011996001,0.));
#4206=DIRECTION('',(-0.979804058780407,-0.199960011996001,0.));
#4207=DIRECTION('',(1.,0.,0.));
#4208=DIRECTION('',(0.,-1.,0.));
#4209=DIRECTION('',(1.,0.,0.));
#4210=DIRECTION('',(-1.,0.,0.));
#4211=DIRECTION('',(-1.,0.,0.));
#4212=DIRECTION('',(0.,-1.,0.));
#4213=DIRECTION('',(1.,0.,0.));
#4214=DIRECTION('',(0.,-1.,0.));
#4215=DIRECTION('',(-0.88579064141775,-0.464085056403167,0.));
#4216=DIRECTION('',(-0.995579502714082,-0.093922594595668,0.));
#4217=DIRECTION('',(0.995579502714082,-0.093922594595668,0.));
#4218=DIRECTION('',(0.637567714034226,-0.77039432112469,0.));
#4219=DIRECTION('',(0.,-1.,0.));
#4220=DIRECTION('',(-0.707106781186547,-0.707106781186548,0.));
#4221=DIRECTION('',(1.,0.,0.));
#4222=DIRECTION('',(0.707106781186549,0.707106781186546,0.));
#4223=DIRECTION('',(1.,0.,0.));
#4224=DIRECTION('',(0.,1.,0.));
#4225=DIRECTION('',(1.,0.,0.));
#4226=DIRECTION('',(0.70710678118655,0.707106781186546,0.));
#4227=DIRECTION('',(1.92747052886312E-16,1.,0.));
#4228=DIRECTION('',(0.707106781186546,-0.707106781186549,0.));
#4229=DIRECTION('',(0.995579502714082,-0.0939225945956679,0.));
#4230=DIRECTION('',(-0.995579502714082,-0.0939225945956679,0.));
#4231=DIRECTION('',(-0.707106781186546,-0.707106781186549,0.));
#4232=DIRECTION('',(-1.92747052886312E-16,1.,0.));
#4233=DIRECTION('',(1.,0.,0.));
#4234=DIRECTION('',(0.,1.,0.));
#4235=DIRECTION('',(-1.,0.,0.));
#4236=DIRECTION('',(0.,1.,0.));
#4237=DIRECTION('',(-1.,0.,0.));
#4238=DIRECTION('',(0.,-1.,0.));
#4239=DIRECTION('',(-0.707106781186548,0.707106781186548,0.));
#4240=DIRECTION('',(-1.,0.,0.));
#4241=DIRECTION('',(0.707106781186545,0.70710678118655,0.));
#4242=DIRECTION('',(0.,-1.,0.));
#4243=DIRECTION('',(0.,-1.,0.));
#4244=DIRECTION('',(0.707106781186547,-0.707106781186549,0.));
#4245=DIRECTION('',(-0.199960011996002,-0.979804058780407,0.));
#4246=DIRECTION('',(0.979804058780407,-0.199960011996002,0.));
#4247=DIRECTION('',(0.,0.,-1.));
#4248=DIRECTION('',(0.,0.,-1.));
#4249=DIRECTION('',(0.,0.,-1.));
#4250=DIRECTION('',(0.979804058780407,-0.199960011996002,0.));
#4251=DIRECTION('',(-1.,0.,0.));
#4252=DIRECTION('',(0.,0.,-1.));
#4253=DIRECTION('',(0.,0.,-1.));
#4254=DIRECTION('',(0.,0.,-1.));
#4255=DIRECTION('',(0.,0.,-1.));
#4256=DIRECTION('',(-1.,0.,0.));
#4257=DIRECTION('',(-1.,0.,0.));
#4258=DIRECTION('',(0.,-1.,0.));
#4259=DIRECTION('',(1.,0.,0.));
#4260=DIRECTION('',(1.03565580655332E-16,-1.,0.));
#4261=DIRECTION('',(0.707106781186547,0.,-0.707106781186548));
#4262=DIRECTION('',(0.,1.,0.));
#4263=DIRECTION('',(0.707106781186548,0.,0.707106781186548));
#4264=DIRECTION('',(-0.568048831567636,-0.595517463983457,-0.568048831567636));
#4265=DIRECTION('',(-0.707106781186548,0.,-0.707106781186548));
#4266=DIRECTION('',(-1.,0.,0.));
#4267=DIRECTION('',(0.,0.,-1.));
#4268=DIRECTION('',(0.,0.,-1.));
#4269=DIRECTION('',(0.,0.,1.));
#4270=DIRECTION('',(-0.707106781186546,0.707106781186549,0.));
#4271=DIRECTION('',(0.,0.,-1.));
#4272=DIRECTION('',(0.,0.,1.));
#4273=DIRECTION('',(-0.707106781186549,-0.707106781186546,0.));
#4274=DIRECTION('',(0.,0.,1.));
#4275=DIRECTION('',(-0.093922594595668,-0.995579502714081,0.));
#4276=DIRECTION('',(-0.995579502714082,0.093922594595668,0.));
#4277=DIRECTION('',(-0.995579502714082,0.093922594595668,0.));
#4278=DIRECTION('',(0.,0.,-1.));
#4279=DIRECTION('',(0.,0.,-1.));
#4280=DIRECTION('',(0.,0.,-1.));
#4281=DIRECTION('',(-1.,0.,0.));
#4282=DIRECTION('',(0.,-2.16840434497101E-16,1.));
#4283=DIRECTION('',(0.,-1.,-2.16840434497101E-16));
#4284=DIRECTION('',(0.979804058780407,0.199960011996001,0.));
#4285=DIRECTION('',(-0.979804058780407,0.199960011996001,0.));
#4286=DIRECTION('',(1.,0.,0.));
#4287=DIRECTION('',(0.,1.,0.));
#4288=DIRECTION('',(1.,0.,0.));
#4289=DIRECTION('',(0.,-1.,0.));
#4290=DIRECTION('',(-1.,0.,0.));
#4291=DIRECTION('',(-0.923076923076923,0.384615384615385,8.34001671142697E-17));
#4292=DIRECTION('',(0.,-2.16840434497101E-16,1.));
#4293=DIRECTION('',(0.,-1.,-2.16840434497101E-16));
#4294=DIRECTION('',(0.923076923076923,0.384615384615385,8.34001671142697E-17));
#4295=DIRECTION('',(1.,0.,0.));
#4296=DIRECTION('',(0.,-1.,0.));
#4297=DIRECTION('',(-1.,0.,0.));
#4298=DIRECTION('',(0.,1.,0.));
#4299=DIRECTION('',(-1.,0.,0.));
#4300=DIRECTION('',(0.,-1.,0.));
#4301=DIRECTION('',(0.,0.,-1.));
#4302=DIRECTION('',(0.,-2.16840434497101E-16,1.));
#4303=DIRECTION('',(-1.,0.,0.));
#4304=DIRECTION('',(0.,0.,-1.));
#4305=DIRECTION('',(-1.,0.,0.));
#4306=DIRECTION('',(0.712675172520047,1.23629435251635E-15,-0.701494189907173));
#4307=DIRECTION('',(0.,-0.707106781186548,-0.707106781186547));
#4308=DIRECTION('',(-1.,0.,0.));
#4309=DIRECTION('',(-0.861549790341285,-0.358979079308869,0.35897907930887));
#4310=DIRECTION('',(0.,-0.707106781186548,-0.707106781186547));
#4311=DIRECTION('',(0.,-0.707106781186547,0.707106781186548));
#4312=DIRECTION('',(0.861549790341285,-0.358979079308869,0.35897907930887));
#4313=DIRECTION('',(1.,0.,0.));
#4314=DIRECTION('',(0.593056806650478,0.569334534384459,-0.56933453438446));
#4315=DIRECTION('',(-0.593056806650478,0.569334534384459,-0.56933453438446));
#4316=DIRECTION('',(0.,0.,-1.));
#4317=DIRECTION('',(-1.,0.,0.));
#4318=DIRECTION('',(0.,-2.16840434497101E-16,1.));
#4319=DIRECTION('',(0.,-1.,-2.16840434497101E-16));
#4320=DIRECTION('',(0.,-1.,0.));
#4321=DIRECTION('',(-1.,0.,0.));
#4322=DIRECTION('',(0.,-1.,0.));
#4323=DIRECTION('',(1.,0.,0.));
#4324=DIRECTION('',(0.,-1.,0.));
#4325=DIRECTION('',(1.,0.,0.));
#4326=DIRECTION('',(-0.979804058780407,-0.199960011996002,0.));
#4327=DIRECTION('',(-1.,0.,0.));
#4328=DIRECTION('',(0.,-1.,0.));
#4329=DIRECTION('',(-1.,0.,0.));
#4330=DIRECTION('',(0.,2.16840434497101E-16,-1.));
#4331=DIRECTION('',(0.,-1.,-2.16840434497101E-16));
#4332=DIRECTION('',(0.,-1.,0.));
#4333=DIRECTION('',(0.,0.,-1.));
#4334=DIRECTION('',(1.,0.,0.));
#4335=DIRECTION('',(0.,0.,-1.));
#4336=DIRECTION('',(0.,-1.,0.));
#4337=DIRECTION('',(0.,0.,-1.));
#4338=DIRECTION('',(0.,0.242535625036337,0.970142500145331));
#4339=DIRECTION('',(0.,-0.970142500145331,0.242535625036337));
#4340=DIRECTION('',(0.,0.970142500145332,-0.242535625036333));
#4341=DIRECTION('',(0.710812667545228,-0.68238016084342,0.170595040210859));
#4342=DIRECTION('',(-1.,0.,0.));
#4343=DIRECTION('',(-0.707106781186547,0.,-0.707106781186548));
#4344=DIRECTION('',(0.,1.,0.));
#4345=DIRECTION('',(0.486305543872937,-0.725957186063265,-0.486305543872937));
#4346=DIRECTION('',(-0.707106781186548,0.,0.707106781186548));
#4347=DIRECTION('',(0.,0.,1.));
#4348=DIRECTION('',(1.,0.,0.));
#4349=DIRECTION('',(-1.,0.,0.));
#4350=DIRECTION('',(-1.,-2.05901896258374E-16,0.));
#4351=DIRECTION('',(-0.707106781186547,0.707106781186549,0.));
#4352=DIRECTION('',(1.,0.,0.));
#4353=DIRECTION('',(1.,0.,0.));
#4354=DIRECTION('',(0.,-1.,0.));
#4355=DIRECTION('',(0.,0.209220630963514,-0.977868461286706));
#4356=DIRECTION('',(0.,0.977868461286706,0.209220630963514));
#4357=DIRECTION('',(0.,-0.977868461286706,-0.209220630963514));
#4358=DIRECTION('',(-1.,0.,0.));
#4359=DIRECTION('',(0.,-0.977868461286706,-0.209220630963514));
#4360=DIRECTION('',(1.,0.,0.));
#4361=DIRECTION('',(1.,0.,0.));
#4362=DIRECTION('',(0.,0.358509168131839,-0.933526205505457));
#4363=DIRECTION('',(0.,0.933526205505457,0.358509168131839));
#4364=DIRECTION('',(-1.,0.,0.));
#4365=DIRECTION('',(0.,0.933526205505457,0.358509168131839));
#4366=DIRECTION('',(1.,0.,0.));
#4367=DIRECTION('',(0.297122522099196,-0.891367566297587,-0.34231866530198));
#4368=DIRECTION('',(1.,0.,0.));
#4369=DIRECTION('',(0.,0.933526205505457,0.358509168131839));
#4370=DIRECTION('',(-0.682393595897072,-0.682393595897077,-0.26206480220991));
#4371=DIRECTION('',(0.,0.,1.));
#4372=DIRECTION('',(1.,0.,0.));
#4373=DIRECTION('',(0.,1.,0.));
#4374=DIRECTION('',(1.,0.,0.));
#4375=DIRECTION('',(0.,-1.,0.));
#4376=DIRECTION('',(0.692531828189714,0.721387321030951,0.));
#4377=DIRECTION('',(-0.721387321030951,0.692531828189714,0.));
#4378=DIRECTION('',(0.692531828189714,0.721387321030951,0.));
#4379=DIRECTION('',(0.721387321030951,-0.692531828189714,0.));
#4380=DIRECTION('',(0.713032591256024,-0.684511287605783,0.151752498981049));
#4381=DIRECTION('',(-0.461934418836968,0.44345704208349,0.768090127862815));
#4382=DIRECTION('',(4.27367200789032E-15,-4.10272512757471E-15,1.));
#4383=DIRECTION('',(0.289573964130828,-0.277991005565595,0.915897330557409));
#4384=DIRECTION('',(0.483433003055327,-0.464095682933114,0.742231586932108));
#4385=DIRECTION('',(1.,0.,0.));
#4386=DIRECTION('',(0.,0.,-1.));
#4387=DIRECTION('',(1.,0.,0.));
#4388=DIRECTION('',(0.,0.,-1.));
#4389=DIRECTION('',(0.,0.,1.));
#4390=DIRECTION('',(0.,-1.,-2.16840434497101E-16));
#4391=DIRECTION('',(0.,0.970142500145332,-0.242535625036332));
#4392=DIRECTION('',(0.,0.,-1.));
#4393=DIRECTION('',(1.,0.,0.));
#4394=DIRECTION('',(0.,0.,-1.));
#4395=DIRECTION('',(0.,-1.,0.));
#4396=DIRECTION('',(0.,0.,-1.));
#4397=DIRECTION('',(0.,0.,-1.));
#4398=DIRECTION('',(0.,0.,1.));
#4399=DIRECTION('',(-0.707106781186548,0.,0.707106781186548));
#4400=DIRECTION('',(1.,0.,0.));
#4401=DIRECTION('',(0.,0.,-1.));
#4402=DIRECTION('',(0.,0.,-1.));
#4403=DIRECTION('',(0.,1.,0.));
#4404=DIRECTION('',(0.,0.,-1.));
#4405=DIRECTION('',(-1.,0.,0.));
#4406=DIRECTION('',(0.,0.,1.));
#4407=DIRECTION('',(0.,0.,-1.));
#4408=DIRECTION('',(0.,-1.,0.));
#4409=DIRECTION('',(0.,0.,-1.));
#4410=DIRECTION('',(0.,-1.,0.));
#4411=DIRECTION('',(0.,0.,-1.));
#4412=DIRECTION('',(1.,0.,0.));
#4413=DIRECTION('',(0.,0.,-1.));
#4414=DIRECTION('',(-1.,0.,0.));
#4415=DIRECTION('',(0.,0.,1.));
#4416=DIRECTION('',(0.,-1.,0.));
#4417=DIRECTION('',(0.,0.,-1.));
#4418=DIRECTION('',(-1.,-1.92747052886312E-16,0.));
#4419=DIRECTION('',(1.92747052886312E-16,-1.,0.));
#4420=DIRECTION('',(0.,0.,1.));
#4421=DIRECTION('',(1.92747052886312E-16,-1.,0.));
#4422=DIRECTION('',(0.,0.,-1.));
#4423=DIRECTION('',(0.707106781186548,0.707106781186548,0.));
#4424=DIRECTION('',(0.,0.,-1.));
#4425=DIRECTION('',(-0.577350269189626,0.577350269189626,0.577350269189626));
#4426=DIRECTION('',(0.70710678118655,-0.707106781186545,0.));
#4427=DIRECTION('',(0.,0.,1.));
#4428=DIRECTION('',(0.,0.956894879186576,0.290434485188153));
#4429=DIRECTION('',(0.,-0.290434485188153,0.956894879186577));
#4430=DIRECTION('',(-1.,0.,0.));
#4431=DIRECTION('',(-1.,0.,0.));
#4432=DIRECTION('',(0.,1.,0.));
#4433=DIRECTION('',(0.,0.,1.));
#4434=DIRECTION('',(0.,0.,-1.));
#4435=DIRECTION('',(0.,0.,-1.));
#4436=DIRECTION('',(1.,0.,0.));
#4437=DIRECTION('',(0.,0.,-1.));
#4438=DIRECTION('',(0.,0.,-1.));
#4439=DIRECTION('',(0.,-1.,0.));
#4440=DIRECTION('',(0.,0.,-1.));
#4441=DIRECTION('',(2.05901896258374E-16,-1.,0.));
#4442=DIRECTION('',(1.,2.05901896258374E-16,0.));
#4443=DIRECTION('',(0.,0.,1.));
#4444=DIRECTION('',(-0.948683298050514,-0.316227766016838,0.));
#4445=DIRECTION('',(0.316227766016838,-0.948683298050514,0.));
#4446=DIRECTION('',(0.,0.,-1.));
#4447=DIRECTION('',(-0.316227766016838,0.948683298050514,2.05712898549416E-16));
#4448=DIRECTION('',(-0.316227766016838,0.948683298050514,0.));
#4449=DIRECTION('',(-1.,0.,0.));
#4450=DIRECTION('',(0.,0.,1.));
#4451=DIRECTION('',(1.,0.,0.));
#4452=DIRECTION('',(0.,0.,-1.));
#4453=DIRECTION('',(1.,0.,0.));
#4454=DIRECTION('',(0.,0.,-1.));
#4455=DIRECTION('',(0.,0.,-1.));
#4456=DIRECTION('',(0.,1.,2.16840434497101E-16));
#4457=DIRECTION('',(0.,1.,0.));
#4458=DIRECTION('',(0.,1.,0.));
#4459=DIRECTION('',(0.,0.,1.));
#4460=DIRECTION('',(0.,0.,-1.));
#4461=DIRECTION('',(1.,0.,0.));
#4462=DIRECTION('',(0.,0.,-1.));
#4463=DIRECTION('',(0.,0.,-1.));
#4464=DIRECTION('',(0.,-1.,0.));
#4465=DIRECTION('',(0.,0.,-1.));
#4466=DIRECTION('',(0.,0.,-1.));
#4467=DIRECTION('',(-1.,0.,0.));
#4468=DIRECTION('',(0.,0.,1.));
#4469=DIRECTION('',(0.,1.,0.));
#4470=DIRECTION('',(0.,0.,1.));
#4471=DIRECTION('',(1.,0.,0.));
#4472=DIRECTION('',(0.,0.,-1.));
#4473=DIRECTION('',(0.,0.,-1.));
#4474=DIRECTION('',(0.,0.,1.));
#4475=DIRECTION('',(1.,0.,0.));
#4476=DIRECTION('',(-0.316227766016838,-0.948683298050514,0.));
#4477=DIRECTION('',(-1.,0.,0.));
#4478=DIRECTION('',(0.316227766016838,0.948683298050514,0.));
#4479=DIRECTION('',(0.,1.,0.));
#4480=DIRECTION('',(0.316227766016838,-0.948683298050514,0.));
#4481=DIRECTION('',(-1.,0.,0.));
#4482=DIRECTION('',(0.,1.,0.));
#4483=DIRECTION('',(0.,0.,1.));
#4484=DIRECTION('',(0.,0.,-1.));
#4485=DIRECTION('',(-1.,0.,0.));
#4486=DIRECTION('',(0.,0.,1.));
#4487=DIRECTION('',(0.,0.,-1.));
#4488=DIRECTION('',(0.,1.,0.));
#4489=DIRECTION('',(0.,0.,1.));
#4490=DIRECTION('',(0.,0.,-1.));
#4491=DIRECTION('',(-1.,0.,0.));
#4492=DIRECTION('',(0.,0.,1.));
#4493=DIRECTION('',(0.,0.,-1.));
#4494=DIRECTION('',(0.,-1.,0.));
#4495=DIRECTION('',(0.,0.,-1.));
#4496=DIRECTION('',(0.,-1.,0.));
#4497=DIRECTION('',(0.,0.,-1.));
#4498=DIRECTION('',(-1.,0.,0.));
#4499=DIRECTION('',(0.,1.,0.));
#4500=DIRECTION('',(0.,0.,-1.));
#4501=DIRECTION('',(-1.,0.,0.));
#4502=DIRECTION('',(-1.,0.,0.));
#4503=DIRECTION('',(0.998847166204082,1.15514908541808E-15,0.0480035266004085));
#4504=DIRECTION('',(-0.998847166204082,1.15514908541808E-15,0.0480035266004085));
#4505=DIRECTION('',(1.,0.,0.));
#4506=DIRECTION('',(0.,-1.,0.));
#4507=DIRECTION('',(0.,0.,-1.));
#4508=DIRECTION('',(1.,0.,0.));
#4509=DIRECTION('',(0.,-1.,0.));
#4510=DIRECTION('',(0.,0.,-1.));
#4511=DIRECTION('',(0.,-1.,0.));
#4512=DIRECTION('',(0.,0.,-1.));
#4513=DIRECTION('',(1.,0.,0.));
#4514=DIRECTION('',(0.,1.,0.));
#4515=DIRECTION('',(0.,0.,1.));
#4516=DIRECTION('',(-1.,0.,0.));
#4517=DIRECTION('',(0.0939225945956679,-0.995579502714082,0.));
#4518=DIRECTION('',(0.995579502714082,0.0939225945956679,0.));
#4519=DIRECTION('',(0.995579502714082,0.0939225945956679,0.));
#4520=DIRECTION('',(0.,0.,-1.));
#4521=DIRECTION('',(0.,0.,-1.));
#4522=DIRECTION('',(0.093922594595668,-0.995579502714081,0.));
#4523=DIRECTION('',(0.995579502714082,0.093922594595668,0.));
#4524=DIRECTION('',(0.,0.,-1.));
#4525=DIRECTION('',(0.995579502714082,0.093922594595668,0.));
#4526=DIRECTION('',(0.464085056403167,-0.88579064141775,0.));
#4527=DIRECTION('',(0.88579064141775,0.464085056403167,0.));
#4528=DIRECTION('',(0.,0.,-1.));
#4529=DIRECTION('',(0.88579064141775,0.464085056403167,0.));
#4530=DIRECTION('',(1.,0.,0.));
#4531=DIRECTION('',(0.,0.,-1.));
#4532=DIRECTION('',(0.,0.,-1.));
#4533=DIRECTION('',(0.,1.,0.));
#4534=DIRECTION('',(0.,1.,0.));
#4535=DIRECTION('',(0.,0.,1.));
#4536=DIRECTION('',(0.707106781186548,0.,-0.707106781186548));
#4537=DIRECTION('',(-1.,0.,0.));
#4538=DIRECTION('',(0.,0.,-1.));
#4539=DIRECTION('',(1.,0.,0.));
#4540=DIRECTION('',(0.,0.,-1.));
#4541=DIRECTION('',(0.948683298050514,-0.316227766016838,0.));
#4542=DIRECTION('',(0.316227766016838,0.948683298050514,0.));
#4543=DIRECTION('',(0.307692307692308,0.923076923076923,-0.230769230769231));
#4544=DIRECTION('',(-0.316227766016838,-0.948683298050514,-2.05712898549416E-16));
#4545=DIRECTION('',(1.,0.,0.));
#4546=DIRECTION('',(0.,0.,-1.));
#4547=DIRECTION('',(0.,0.,-1.));
#4548=DIRECTION('',(0.,0.,-1.));
#4549=DIRECTION('',(0.,1.,0.));
#4550=DIRECTION('',(0.,0.,1.));
#4551=DIRECTION('',(0.,0.,-1.));
#4552=DIRECTION('',(0.199960011996001,-0.979804058780407,0.));
#4553=DIRECTION('',(0.979804058780407,0.199960011996001,0.));
#4554=DIRECTION('',(0.,0.,-1.));
#4555=DIRECTION('',(0.,1.,0.));
#4556=DIRECTION('',(0.,0.,1.));
#4557=DIRECTION('',(-1.,0.,0.));
#4558=DIRECTION('',(0.,0.,1.));
#4559=DIRECTION('',(0.,0.,-1.));
#4560=DIRECTION('',(0.,1.,2.16840434497101E-16));
#4561=DIRECTION('',(0.,1.,0.));
#4562=DIRECTION('',(0.,0.,1.));
#4563=DIRECTION('',(-1.,0.,0.));
#4564=DIRECTION('',(0.,0.866025403784439,-0.5));
#4565=DIRECTION('',(0.,0.5,0.866025403784439));
#4566=DIRECTION('',(-1.,0.,0.));
#4567=DIRECTION('',(1.,0.,0.));
#4568=DIRECTION('',(0.461934418836968,0.44345704208349,0.768090127862815));
#4569=DIRECTION('',(1.,0.,0.));
#4570=DIRECTION('',(0.,0.847895120781967,0.530163997414134));
#4571=DIRECTION('',(0.,-0.530163997414134,0.847895120781967));
#4572=DIRECTION('',(0.,-0.216439613938103,-0.976296007119933));
#4573=DIRECTION('',(-1.,0.,0.));
#4574=DIRECTION('',(-0.713032591256024,-0.684511287605783,0.151752498981049));
#4575=DIRECTION('',(0.,-2.16840434497101E-16,1.));
#4576=DIRECTION('',(0.,-1.,-2.16840434497101E-16));
#4577=DIRECTION('',(-1.,0.,0.));
#4578=DIRECTION('',(0.707106781186547,0.707106781186548,1.53329341668337E-16));
#4579=DIRECTION('',(0.,1.,0.));
#4580=DIRECTION('',(-0.637567714034226,0.77039432112469,1.67052639326777E-16));
#4581=DIRECTION('',(0.,-1.,0.));
#4582=DIRECTION('',(0.,1.,0.));
#4583=DIRECTION('',(-0.707106781186546,-0.707106781186549,0.));
#4584=DIRECTION('',(-0.995579502714082,0.0939225945956679,0.));
#4585=DIRECTION('',(0.707106781186546,-0.707106781186549,0.));
#4586=DIRECTION('',(-1.92747052886312E-16,-1.,0.));
#4587=DIRECTION('',(-0.70710678118655,-0.707106781186546,-1.53329341668337E-16));
#4588=DIRECTION('',(0.,-2.16840434497101E-16,1.));
#4589=DIRECTION('',(0.,-1.,-2.16840434497101E-16));
#4590=DIRECTION('',(0.,-2.16840434497101E-16,1.));
#4591=DIRECTION('',(0.,-1.,-2.16840434497101E-16));
#4592=DIRECTION('',(1.,0.,0.));
#4593=DIRECTION('',(0.,-0.242535625036332,-0.970142500145332));
#4594=DIRECTION('',(0.,0.970142500145332,-0.242535625036332));
#4595=DIRECTION('',(-0.69631062382279,0.696310623822792,-0.174077655955698));
#4596=DIRECTION('',(-0.707106781186549,-0.707106781186547,0.));
#4597=DIRECTION('',(0.,0.,-1.));
#4598=DIRECTION('',(-0.707106781186549,0.707106781186546,0.));
#4599=DIRECTION('',(0.,0.,-1.));
#4600=DIRECTION('',(-1.,0.,0.));
#4601=DIRECTION('',(0.,0.,1.));
#4602=DIRECTION('',(1.,0.,0.));
#4603=DIRECTION('',(0.,0.,-1.));
#4604=DIRECTION('',(-1.,0.,0.));
#4605=DIRECTION('',(0.,0.,1.));
#4606=DIRECTION('',(1.,0.,0.));
#4607=DIRECTION('',(0.,0.,-1.));
#4608=DIRECTION('',(-1.,0.,0.));
#4609=DIRECTION('',(0.,0.,1.));
#4610=DIRECTION('',(1.,0.,0.));
#4611=DIRECTION('',(0.,0.,-1.));
#4612=DIRECTION('',(1.,0.,0.));
#4613=DIRECTION('',(0.,0.,-1.));
#4614=DIRECTION('',(1.,0.,0.));
#4615=DIRECTION('',(0.,0.,-1.));
#4616=DIRECTION('',(1.,0.,0.));
#4617=DIRECTION('',(0.,0.,-1.));
#4618=DIRECTION('',(1.,0.,0.));
#4619=DIRECTION('',(0.,0.,-1.));
#4620=DIRECTION('',(1.,0.,0.));
#4621=DIRECTION('',(0.,0.,-1.));
#4622=DIRECTION('',(1.,0.,0.));
#4623=DIRECTION('',(0.,0.,-1.));
#4624=DIRECTION('',(0.,1.,4.10272512757471E-15));
#4625=DIRECTION('',(0.,-4.10272512757471E-15,1.));
#4626=DIRECTION('',(0.,-0.768221279597376,0.64018439966448));
#4627=DIRECTION('',(0.,-0.64018439966448,-0.768221279597376));
#4628=DIRECTION('',(0.,-0.768221279597376,0.64018439966448));
#4629=DIRECTION('',(0.,-0.64018439966448,-0.768221279597376));
#4630=DIRECTION('',(1.,0.,0.));
#4631=DIRECTION('',(0.,-0.768221279597376,-0.64018439966448));
#4632=DIRECTION('',(0.,0.64018439966448,-0.768221279597376));
#4633=DIRECTION('',(0.,-0.768221279597376,-0.64018439966448));
#4634=DIRECTION('',(0.,-0.64018439966448,0.768221279597376));
#4635=DIRECTION('',(-0.707106781186547,0.,-0.707106781186548));
#4636=DIRECTION('',(0.,1.,0.));
#4637=DIRECTION('',(0.568048831567636,-0.595517463983457,-0.568048831567636));
#4638=DIRECTION('',(0.568048831567636,-0.595517463983457,-0.568048831567636));
#4639=DIRECTION('',(0.,-1.,0.));
#4640=DIRECTION('',(0.,0.,-1.));
#4641=DIRECTION('',(0.,-1.,0.));
#4642=DIRECTION('',(0.,0.,-1.));
#4643=DIRECTION('',(0.,-1.,0.));
#4644=DIRECTION('',(0.,0.,-1.));
#4645=DIRECTION('',(0.,-1.,0.));
#4646=DIRECTION('',(1.,0.,0.));
#4647=DIRECTION('',(0.,-1.,0.));
#4648=DIRECTION('',(0.,0.,-1.));
#4649=DIRECTION('',(-3.78383343225013E-16,0.,-1.));
#4650=DIRECTION('',(0.,0.,-1.));
#4651=DIRECTION('',(0.,-1.,0.));
#4652=DIRECTION('',(0.,0.,-1.));
#4653=DIRECTION('',(0.,-1.,0.));
#4654=DIRECTION('',(0.,0.,-1.));
#4655=DIRECTION('',(0.,-1.,0.));
#4656=DIRECTION('',(1.,0.,0.));
#4657=DIRECTION('',(0.,-1.,0.));
#4658=DIRECTION('',(0.,0.,-1.));
#4659=DIRECTION('',(0.,-1.,0.));
#4660=DIRECTION('',(0.,0.,-1.));
#4661=DIRECTION('',(0.,-2.16840434497101E-16,1.));
#4662=DIRECTION('',(0.,-1.,-2.16840434497101E-16));
#4663=DIRECTION('',(0.,-2.16840434497101E-16,1.));
#4664=DIRECTION('',(0.,-2.16840434497101E-16,1.));
#4665=DIRECTION('',(0.384615384615385,-0.923076923076923,-2.00160401074247E-16));
#4666=DIRECTION('',(0.923076923076923,0.384615384615385,0.));
#4667=DIRECTION('',(0.,-2.16840434497101E-16,1.));
#4668=DIRECTION('',(0.,-1.,-2.16840434497101E-16));
#4669=DIRECTION('',(0.,-2.16840434497101E-16,1.));
#4670=DIRECTION('',(0.,-1.,-2.16840434497101E-16));
#4671=DIRECTION('',(0.,-2.16840434497101E-16,1.));
#4672=DIRECTION('',(1.,0.,0.));
#4673=DIRECTION('',(0.,-2.16840434497101E-16,1.));
#4674=DIRECTION('',(0.,-1.,-2.16840434497101E-16));
#4675=DIRECTION('',(0.,-2.16840434497101E-16,1.));
#4676=DIRECTION('',(0.,-1.,-2.16840434497101E-16));
#4677=DIRECTION('',(0.,-2.16840434497101E-16,1.));
#4678=DIRECTION('',(0.,-1.,-2.16840434497101E-16));
#4679=DIRECTION('',(0.,-2.16840434497101E-16,1.));
#4680=DIRECTION('',(1.,0.,0.));
#4681=DIRECTION('',(0.,-2.16840434497101E-16,1.));
#4682=DIRECTION('',(0.,-1.,-2.16840434497101E-16));
#4683=DIRECTION('',(0.,-2.16840434497101E-16,1.));
#4684=DIRECTION('',(0.,-1.,-2.16840434497101E-16));
#4685=DIRECTION('',(0.,-2.16840434497101E-16,1.));
#4686=DIRECTION('',(0.,-1.,-2.16840434497101E-16));
#4687=DIRECTION('',(0.,-2.16840434497101E-16,1.));
#4688=DIRECTION('',(1.,0.,0.));
#4689=DIRECTION('',(0.,-2.16840434497101E-16,1.));
#4690=DIRECTION('',(0.,-1.,-2.16840434497101E-16));
#4691=DIRECTION('',(0.,-2.16840434497101E-16,1.));
#4692=DIRECTION('',(0.,-1.,-2.16840434497101E-16));
#4693=DIRECTION('',(0.,-2.16840434497101E-16,1.));
#4694=DIRECTION('',(0.,-1.,-2.16840434497101E-16));
#4695=DIRECTION('',(0.,-2.16840434497101E-16,1.));
#4696=DIRECTION('',(1.,0.,0.));
#4697=DIRECTION('',(0.,-2.16840434497101E-16,1.));
#4698=DIRECTION('',(0.,-1.,-2.16840434497101E-16));
#4699=DIRECTION('',(0.,-2.16840434497101E-16,1.));
#4700=DIRECTION('',(0.,-1.,-2.16840434497101E-16));
#4701=DIRECTION('',(0.,-2.16840434497101E-16,1.));
#4702=DIRECTION('',(1.,0.,0.));
#4703=DIRECTION('',(0.,-2.16840434497101E-16,1.));
#4704=DIRECTION('',(0.,-1.,-2.16840434497101E-16));
#4705=DIRECTION('',(0.,-2.16840434497101E-16,1.));
#4706=DIRECTION('',(0.,-1.,-2.16840434497101E-16));
#4707=DIRECTION('',(0.,-2.16840434497101E-16,1.));
#4708=DIRECTION('',(1.,0.,0.));
#4709=DIRECTION('',(1.,0.,0.));
#4710=DIRECTION('',(0.,1.,0.));
#4711=DIRECTION('',(1.,0.,0.));
#4712=DIRECTION('',(0.,1.,0.));
#4713=DIRECTION('',(1.,0.,0.));
#4714=DIRECTION('',(0.,1.,0.));
#4715=DIRECTION('',(0.,-1.,0.));
#4716=DIRECTION('',(0.,0.,-1.));
#4717=DIRECTION('',(0.,-2.16840434497101E-16,1.));
#4718=DIRECTION('',(-0.712675172520047,1.23629435251635E-15,-0.701494189907173));
#4719=DIRECTION('',(1.,0.,0.));
#4720=DIRECTION('',(0.,0.,-1.));
#4721=DIRECTION('',(0.,-1.,0.));
#4722=DIRECTION('',(0.,0.,-1.));
#4723=DIRECTION('',(0.,-1.,0.));
#4724=DIRECTION('',(0.,0.,-1.));
#4725=DIRECTION('',(0.,0.,-1.));
#4726=DIRECTION('',(-1.,0.,0.));
#4727=DIRECTION('',(0.,0.242535625036337,0.970142500145331));
#4728=DIRECTION('',(0.,-0.970142500145331,0.242535625036337));
#4729=DIRECTION('',(-1.,0.,0.));
#4730=DIRECTION('',(1.,0.,0.));
#4731=DIRECTION('',(-0.710812667545228,-0.68238016084342,0.170595040210859));
#4732=DIRECTION('',(0.,0.970142500145332,-0.242535625036333));
#4733=DIRECTION('',(0.707106781186547,0.,-0.707106781186548));
#4734=DIRECTION('',(0.,1.,0.));
#4735=DIRECTION('',(-0.486305543872937,-0.725957186063265,-0.486305543872937));
#4736=DIRECTION('',(0.707106781186548,0.,0.707106781186548));
#4737=DIRECTION('',(0.,1.,0.));
#4738=DIRECTION('',(0.,0.,1.));
#4739=DIRECTION('',(-1.,0.,0.));
#4740=DIRECTION('',(0.,1.,0.));
#4741=DIRECTION('',(1.,-2.05901896258374E-16,0.));
#4742=DIRECTION('',(0.,1.,0.));
#4743=DIRECTION('',(1.,0.,0.));
#4744=DIRECTION('',(0.,-1.,0.));
#4745=DIRECTION('',(-1.,0.,0.));
#4746=DIRECTION('',(-1.,0.,0.));
#4747=DIRECTION('',(0.,0.209220630963514,-0.977868461286706));
#4748=DIRECTION('',(0.,0.977868461286706,0.209220630963514));
#4749=DIRECTION('',(0.,-0.977868461286706,-0.209220630963514));
#4750=DIRECTION('',(-1.,0.,0.));
#4751=DIRECTION('',(0.,-0.977868461286706,-0.209220630963514));
#4752=DIRECTION('',(1.,0.,0.));
#4753=DIRECTION('',(0.,0.358509168131839,-0.933526205505457));
#4754=DIRECTION('',(0.,0.933526205505457,0.358509168131839));
#4755=DIRECTION('',(1.,0.,0.));
#4756=DIRECTION('',(0.,0.933526205505457,0.358509168131839));
#4757=DIRECTION('',(-1.,0.,0.));
#4758=DIRECTION('',(-0.297122522099196,-0.891367566297587,-0.34231866530198));
#4759=DIRECTION('',(0.,0.933526205505457,0.358509168131839));
#4760=DIRECTION('',(0.,0.,1.));
#4761=DIRECTION('',(-1.,0.,0.));
#4762=DIRECTION('',(-1.,0.,0.));
#4763=DIRECTION('',(0.,-1.,0.));
#4764=DIRECTION('',(-0.692531828189714,0.721387321030951,0.));
#4765=DIRECTION('',(0.721387321030951,0.692531828189714,0.));
#4766=DIRECTION('',(0.692531828189714,-0.721387321030951,0.));
#4767=DIRECTION('',(-0.721387321030951,-0.692531828189714,0.));
#4768=DIRECTION('',(-0.483433003055327,-0.464095682933114,0.742231586932108));
#4769=DIRECTION('',(-0.289573964130828,-0.277991005565595,0.915897330557409));
#4770=DIRECTION('',(-4.27367200789032E-15,-4.10272512757471E-15,1.));
#4771=DIRECTION('',(-1.,0.,0.));
#4772=DIRECTION('',(0.,0.,-1.));
#4773=DIRECTION('',(1.,0.,0.));
#4774=DIRECTION('',(0.,0.,-1.));
#4775=DIRECTION('',(0.,0.,-1.));
#4776=DIRECTION('',(1.,0.,0.));
#4777=DIRECTION('',(0.,0.,-1.));
#4778=DIRECTION('',(0.,0.,-1.));
#4779=DIRECTION('',(0.,0.970142500145332,-0.242535625036332));
#4780=DIRECTION('',(0.,-1.,-2.16840434497101E-16));
#4781=DIRECTION('',(0.,-1.,0.));
#4782=DIRECTION('',(0.,0.,-1.));
#4783=DIRECTION('',(1.,-1.92747052886312E-16,0.));
#4784=DIRECTION('',(-1.92747052886312E-16,-1.,0.));
#4785=DIRECTION('',(0.,0.,1.));
#4786=DIRECTION('',(0.,0.,1.));
#4787=DIRECTION('',(0.,0.956894879186576,0.290434485188153));
#4788=DIRECTION('',(0.,-0.290434485188153,0.956894879186577));
#4789=DIRECTION('',(1.,0.,0.));
#4790=DIRECTION('',(1.,0.,0.));
#4791=DIRECTION('',(0.,1.,0.));
#4792=DIRECTION('',(0.,0.,1.));
#4793=DIRECTION('',(0.,0.,-1.));
#4794=DIRECTION('',(-2.05901896258374E-16,-1.,0.));
#4795=DIRECTION('',(-1.,2.05901896258374E-16,0.));
#4796=DIRECTION('',(0.948683298050514,-2.63906656200389E-16,0.316227766016838));
#4797=DIRECTION('',(0.948683298050514,-0.316227766016838,0.));
#4798=DIRECTION('',(-0.316227766016838,-0.948683298050514,0.));
#4799=DIRECTION('',(0.,0.,-1.));
#4800=DIRECTION('',(0.316227766016838,0.948683298050514,2.05712898549416E-16));
#4801=DIRECTION('',(1.,0.,0.));
#4802=DIRECTION('',(0.,0.,1.));
#4803=DIRECTION('',(1.,0.,0.));
#4804=DIRECTION('',(0.,0.,-1.));
#4805=DIRECTION('',(1.,0.,0.));
#4806=DIRECTION('',(0.,0.,-1.));
#4807=DIRECTION('',(0.,0.,-1.));
#4808=DIRECTION('',(0.,1.,2.16840434497101E-16));
#4809=DIRECTION('',(0.,1.,0.));
#4810=DIRECTION('',(0.,0.,1.));
#4811=DIRECTION('',(0.,0.,-1.));
#4812=DIRECTION('',(-1.,0.,0.));
#4813=DIRECTION('',(0.,0.,-1.));
#4814=DIRECTION('',(0.,0.,-1.));
#4815=DIRECTION('',(0.,-1.,0.));
#4816=DIRECTION('',(0.,0.,-1.));
#4817=DIRECTION('',(0.948683298050514,-6.85709661831388E-17,0.316227766016838));
#4818=DIRECTION('',(0.,0.,-1.));
#4819=DIRECTION('',(1.,0.,0.));
#4820=DIRECTION('',(0.,0.,1.));
#4821=DIRECTION('',(0.199960011996002,-0.979804058780407,0.));
#4822=DIRECTION('',(-0.979804058780407,-0.199960011996002,0.));
#4823=DIRECTION('',(2.89120579329468E-16,5.90041998631568E-17,1.));
#4824=DIRECTION('',(0.,0.,-1.));
#4825=DIRECTION('',(0.,1.,0.));
#4826=DIRECTION('',(0.,0.,1.));
#4827=DIRECTION('',(0.,0.,-1.));
#4828=DIRECTION('',(1.,0.,0.));
#4829=DIRECTION('',(0.,0.,1.));
#4830=DIRECTION('',(0.,0.,-1.));
#4831=DIRECTION('',(0.,1.,0.));
#4832=DIRECTION('',(0.,0.,1.));
#4833=DIRECTION('',(0.,0.,-1.));
#4834=DIRECTION('',(1.,0.,0.));
#4835=DIRECTION('',(0.,0.,1.));
#4836=DIRECTION('',(0.,0.,-1.));
#4837=DIRECTION('',(0.,-1.,0.));
#4838=DIRECTION('',(0.,0.,-1.));
#4839=DIRECTION('',(-0.0939225945956679,-0.995579502714082,0.));
#4840=DIRECTION('',(-0.995579502714082,0.0939225945956679,0.));
#4841=DIRECTION('',(0.,0.,-1.));
#4842=DIRECTION('',(0.,1.,0.));
#4843=DIRECTION('',(0.,0.,1.));
#4844=DIRECTION('',(-1.,0.,0.));
#4845=DIRECTION('',(0.,0.,-1.));
#4846=DIRECTION('',(0.,0.,-1.));
#4847=DIRECTION('',(-0.948683298050514,-0.316227766016838,0.));
#4848=DIRECTION('',(-0.316227766016838,0.948683298050514,0.));
#4849=DIRECTION('',(0.316227766016838,-0.948683298050514,-2.05712898549416E-16));
#4850=DIRECTION('',(-0.307692307692308,0.923076923076923,-0.230769230769231));
#4851=DIRECTION('',(-1.,0.,0.));
#4852=DIRECTION('',(0.,0.,-1.));
#4853=DIRECTION('',(0.,0.,-1.));
#4854=DIRECTION('',(0.,0.,-1.));
#4855=DIRECTION('',(0.,1.,0.));
#4856=DIRECTION('',(0.,0.,1.));
#4857=DIRECTION('',(0.,0.,-1.));
#4858=DIRECTION('',(-0.199960011996001,-0.979804058780407,0.));
#4859=DIRECTION('',(-0.979804058780407,0.199960011996001,0.));
#4860=DIRECTION('',(0.,1.,0.));
#4861=DIRECTION('',(0.,0.,1.));
#4862=DIRECTION('',(0.,0.847895120781967,0.530163997414134));
#4863=DIRECTION('',(0.,-0.530163997414134,0.847895120781967));
#4864=DIRECTION('',(0.,-2.16840434497101E-16,1.));
#4865=DIRECTION('',(0.,-1.,-2.16840434497101E-16));
#4866=DIRECTION('',(0.,2.16840434497101E-16,-1.));
#4867=DIRECTION('',(0.,-1.,-2.16840434497101E-16));
#4868=DIRECTION('',(-1.,0.,0.));
#4869=DIRECTION('',(0.,-0.242535625036332,-0.970142500145332));
#4870=DIRECTION('',(0.,0.970142500145332,-0.242535625036332));
#4871=DIRECTION('',(0.707106781186549,0.707106781186546,0.));
#4872=DIRECTION('',(0.,0.,-1.));
#4873=DIRECTION('',(1.,0.,0.));
#4874=DIRECTION('',(0.,0.,1.));
#4875=DIRECTION('',(1.,0.,0.));
#4876=DIRECTION('',(0.,0.,-1.));
#4877=DIRECTION('',(1.,0.,0.));
#4878=DIRECTION('',(0.,0.,1.));
#4879=DIRECTION('',(1.,0.,0.));
#4880=DIRECTION('',(0.,0.,-1.));
#4881=DIRECTION('',(1.,0.,0.));
#4882=DIRECTION('',(0.,0.,1.));
#4883=DIRECTION('',(1.,0.,0.));
#4884=DIRECTION('',(0.,0.,-1.));
#4885=DIRECTION('',(-1.,0.,0.));
#4886=DIRECTION('',(0.,0.,-1.));
#4887=DIRECTION('',(1.,0.,0.));
#4888=DIRECTION('',(0.,0.,-1.));
#4889=DIRECTION('',(-1.,0.,0.));
#4890=DIRECTION('',(0.,0.,-1.));
#4891=DIRECTION('',(1.,0.,0.));
#4892=DIRECTION('',(0.,0.,-1.));
#4893=DIRECTION('',(-1.,0.,0.));
#4894=DIRECTION('',(0.,0.,-1.));
#4895=DIRECTION('',(1.,0.,0.));
#4896=DIRECTION('',(0.,0.,-1.));
#4897=DIRECTION('',(0.,1.,4.10272512757471E-15));
#4898=DIRECTION('',(0.,-4.10272512757471E-15,1.));
#4899=DIRECTION('',(0.,-0.768221279597376,0.64018439966448));
#4900=DIRECTION('',(0.,-0.64018439966448,-0.768221279597376));
#4901=DIRECTION('',(0.,0.768221279597376,-0.64018439966448));
#4902=DIRECTION('',(0.,-0.64018439966448,-0.768221279597376));
#4903=DIRECTION('',(-1.,0.,0.));
#4904=DIRECTION('',(0.,-0.768221279597376,-0.64018439966448));
#4905=DIRECTION('',(0.,0.64018439966448,-0.768221279597376));
#4906=DIRECTION('',(0.,0.768221279597376,0.64018439966448));
#4907=DIRECTION('',(0.,-0.64018439966448,0.768221279597376));
#4908=DIRECTION('',(0.,-1.,0.));
#4909=DIRECTION('',(0.,0.,-1.));
#4910=DIRECTION('',(-0.384615384615385,-0.923076923076923,-2.00160401074247E-16));
#4911=DIRECTION('',(-0.923076923076923,0.384615384615385,0.));
#4912=DIRECTION('',(0.,-2.16840434497101E-16,1.));
#4913=DIRECTION('',(0.,-1.,-2.16840434497101E-16));
#4914=DIRECTION('',(0.,2.16840434497101E-16,-1.));
#4915=DIRECTION('',(0.,-1.,-2.16840434497101E-16));
#4916=DIRECTION('',(0.,-2.16840434497101E-16,1.));
#4917=DIRECTION('',(-1.,0.,0.));
#4918=DIRECTION('',(0.,2.16840434497101E-16,-1.));
#4919=DIRECTION('',(0.,-1.,-2.16840434497101E-16));
#4920=DIRECTION('',(0.,-2.16840434497101E-16,1.));
#4921=DIRECTION('',(0.,-1.,-2.16840434497101E-16));
#4922=DIRECTION('',(0.,2.16840434497101E-16,-1.));
#4923=DIRECTION('',(0.,-1.,-2.16840434497101E-16));
#4924=DIRECTION('',(0.,-2.16840434497101E-16,1.));
#4925=DIRECTION('',(-1.,0.,0.));
#4926=DIRECTION('',(0.,2.16840434497101E-16,-1.));
#4927=DIRECTION('',(0.,-1.,-2.16840434497101E-16));
#4928=DIRECTION('',(0.,-2.16840434497101E-16,1.));
#4929=DIRECTION('',(0.,-1.,-2.16840434497101E-16));
#4930=DIRECTION('',(0.,2.16840434497101E-16,-1.));
#4931=DIRECTION('',(0.,-1.,-2.16840434497101E-16));
#4932=DIRECTION('',(0.,-2.16840434497101E-16,1.));
#4933=DIRECTION('',(-1.,0.,0.));
#4934=DIRECTION('',(0.,-2.16840434497101E-16,1.));
#4935=DIRECTION('',(0.,-1.,-2.16840434497101E-16));
#4936=DIRECTION('',(0.,2.16840434497101E-16,-1.));
#4937=DIRECTION('',(0.,-1.,-2.16840434497101E-16));
#4938=DIRECTION('',(0.,-2.16840434497101E-16,1.));
#4939=DIRECTION('',(-1.,0.,0.));
#4940=DIRECTION('',(-1.,0.,0.));
#4941=DIRECTION('',(0.,1.,0.));
#4942=DIRECTION('',(-1.,0.,0.));
#4943=DIRECTION('',(0.,1.,0.));
#4944=DIRECTION('',(-1.,0.,0.));
#4945=DIRECTION('',(0.,1.,0.));
#4946=DIRECTION('',(1.,0.,0.));
#4947=DIRECTION('',(0.,0.,-1.));
#4948=DIRECTION('',(0.,0.,-1.));
#4949=DIRECTION('',(0.,0.,1.));
#4950=DIRECTION('',(0.,1.,0.));
#4951=DIRECTION('',(0.,0.,1.));
#4952=DIRECTION('',(0.,0.,1.));
#4953=DIRECTION('',(0.707106781186546,-0.70710678118655,0.));
#4954=DIRECTION('',(0.,0.,1.));
#4955=DIRECTION('',(0.707106781186548,-0.707106781186547,0.));
#4956=DIRECTION('',(0.,0.,-1.));
#4957=DIRECTION('',(0.77039432112469,0.637567714034226,0.));
#4958=DIRECTION('',(0.,0.,-1.));
#4959=DIRECTION('',(-0.551433013749211,0.834219174646245,0.));
#4960=DIRECTION('',(0.,0.,-1.));
#4961=DIRECTION('',(-0.551433013749211,-0.834219174646245,2.08653067307071E-16));
#4962=DIRECTION('',(2.89120579329468E-16,5.90041998631568E-17,1.));
#4963=DIRECTION('',(0.316227766016838,0.,-0.948683298050514));
#4964=DIRECTION('',(0.948683298050514,0.,0.316227766016838));
#4965=DIRECTION('',(0.,-1.,0.));
#4966=DIRECTION('',(0.,0.,-1.));
#4967=CARTESIAN_POINT('',(0.,0.,0.));
#4968=CARTESIAN_POINT('',(-0.0121,-0.017125,0.018));
#4969=CARTESIAN_POINT('',(-0.0121,-0.017125,0.014));
#4970=CARTESIAN_POINT('',(-0.0121,-0.015,0.014));
#4971=CARTESIAN_POINT('',(-0.0121,-0.01925,0.014));
#4972=CARTESIAN_POINT('',(-0.0121,-0.01925,0.027));
#4973=CARTESIAN_POINT('',(-0.0121,-0.01925,0.002));
#4974=CARTESIAN_POINT('',(-0.0121,-0.02825,0.002));
#4975=CARTESIAN_POINT('',(-0.0121,-0.015,0.002));
#4976=CARTESIAN_POINT('',(-0.0121,-0.015,0.018));
#4977=CARTESIAN_POINT('',(-0.05,-0.008,0.014));
#4978=CARTESIAN_POINT('',(-0.014,-0.008,0.014));
#4979=CARTESIAN_POINT('',(-0.014,-0.015,0.014));
#4980=CARTESIAN_POINT('',(-0.014,-0.01925,0.014));
#4981=CARTESIAN_POINT('',(-0.05,-0.01925,0.014));
#4982=CARTESIAN_POINT('',(-0.013,-0.015,0.014));
#4983=CARTESIAN_POINT('',(-0.05,-0.008,0.014));
#4984=CARTESIAN_POINT('',(-0.0121,-0.017125,0.014));
#4985=CARTESIAN_POINT('',(-0.0121,-0.026,0.014));
#4986=CARTESIAN_POINT('',(-0.0121,-0.0305,0.014));
#4987=CARTESIAN_POINT('',(-0.05,-0.026,0.014));
#4988=CARTESIAN_POINT('',(-0.014,-0.026,0.014));
#4989=CARTESIAN_POINT('',(-0.014,-0.008,0.014));
#4990=CARTESIAN_POINT('',(-0.014,-0.028,0.014));
#4991=CARTESIAN_POINT('',(-0.025875,-0.028,0.014));
#4992=CARTESIAN_POINT('',(-0.01375,-0.028,0.014));
#4993=CARTESIAN_POINT('',(-0.01375,-0.02925,0.014));
#4994=CARTESIAN_POINT('',(-0.01375,-0.0305,0.014));
#4995=CARTESIAN_POINT('',(-0.013,-0.0305,0.014));
#4996=CARTESIAN_POINT('',(-0.01525,-0.0205,0.018));
#4997=CARTESIAN_POINT('',(-0.01525,-0.01925,0.018));
#4998=CARTESIAN_POINT('',(-0.01525,-0.01925,0.0144166666666667));
#4999=CARTESIAN_POINT('',(-0.01525,-0.01925,0.002));
#5000=CARTESIAN_POINT('',(-0.01525,-0.0205,0.0144166666666667));
#5001=CARTESIAN_POINT('',(-0.01525,-0.015,0.0144166666666667));
#5002=CARTESIAN_POINT('',(-0.01525,-0.015,0.018));
#5003=CARTESIAN_POINT('',(-0.01525,-0.015,0.002));
#5004=CARTESIAN_POINT('',(-0.01525,-0.0205,0.002));
#5005=CARTESIAN_POINT('',(0.0028,0.,0.0084));
#5006=CARTESIAN_POINT('',(0.0028,-0.01925,0.0084));
#5007=CARTESIAN_POINT('',(-0.0137006,-0.015,0.0139002));
#5008=CARTESIAN_POINT('',(0.0028,0.,0.0084));
#5009=CARTESIAN_POINT('',(-0.0233081,-0.026,0.0171027));
#5010=CARTESIAN_POINT('',(-0.02,-0.026,0.016));
#5011=CARTESIAN_POINT('',(-0.02,-0.028,0.016));
#5012=CARTESIAN_POINT('',(-0.02,-0.028,0.016));
#5013=CARTESIAN_POINT('',(-0.0252881,-0.028,0.0177627));
#5014=CARTESIAN_POINT('',(-0.04,0.01425,0.018));
#5015=CARTESIAN_POINT('',(-0.04,0.036,0.007));
#5016=CARTESIAN_POINT('',(-0.04,0.036,0.0055));
#5017=CARTESIAN_POINT('',(-0.04,0.02225,0.002));
#5018=CARTESIAN_POINT('',(-0.04,0.0185,0.002));
#5019=CARTESIAN_POINT('',(-0.04,0.0235,0.002));
#5020=CARTESIAN_POINT('',(-0.04,0.0235,0.018));
#5021=CARTESIAN_POINT('',(-0.04,0.0235,0.02));
#5022=CARTESIAN_POINT('',(-0.04,0.03675,0.02));
#5023=CARTESIAN_POINT('',(-0.04,0.02762347,0.02));
#5024=CARTESIAN_POINT('',(-0.04,0.0357988035651888,0.0179561666087028));
#5025=CARTESIAN_POINT('',(-0.04,0.0359741371303777,0.0179123332174055));
#5026=CARTESIAN_POINT('',(-0.04,0.0368778761330082,0.0164669768851607));
#5027=CARTESIAN_POINT('',(-0.04,0.0377816151356387,0.0150216205529158));
#5028=CARTESIAN_POINT('',(-0.04,0.0388908075678193,0.0113671627921628));
#5029=CARTESIAN_POINT('',(-0.04,0.04,0.0077127050314098));
#5030=CARTESIAN_POINT('',(-0.04,0.04,0.00602141602516602));
#5031=CARTESIAN_POINT('',(-0.04,0.04,0.00433012701892224));
#5032=CARTESIAN_POINT('',(-0.04,0.0387605244799682,0.00218329244348917));
#5033=CARTESIAN_POINT('',(-0.04,0.0375,1.64324391767335E-19));
#5034=CARTESIAN_POINT('',(-0.04,0.01425,0.));
#5035=CARTESIAN_POINT('',(-0.04,0.01,0.));
#5036=CARTESIAN_POINT('',(-0.04,0.01,0.018));
#5037=CARTESIAN_POINT('',(-0.04,0.01,0.0178403760496228));
#5038=CARTESIAN_POINT('',(-0.04,0.0137571750766673,0.01928327256749));
#5039=CARTESIAN_POINT('',(-0.04,0.01562347,0.02));
#5040=CARTESIAN_POINT('',(-0.04,0.03675,0.02));
#5041=CARTESIAN_POINT('',(-0.04,0.0185,0.02));
#5042=CARTESIAN_POINT('',(-0.04,0.0185,0.018));
#5043=CARTESIAN_POINT('',(0.04,0.01425,0.018));
#5044=CARTESIAN_POINT('',(0.04,0.036,0.007));
#5045=CARTESIAN_POINT('',(0.04,0.036,0.0055));
#5046=CARTESIAN_POINT('',(0.04,0.02225,0.002));
#5047=CARTESIAN_POINT('',(0.04,0.0185,0.002));
#5048=CARTESIAN_POINT('',(0.04,0.0235,0.002));
#5049=CARTESIAN_POINT('',(0.04,0.0185,0.018));
#5050=CARTESIAN_POINT('',(0.04,0.0185,0.02));
#5051=CARTESIAN_POINT('',(0.04,0.03675,0.02));
#5052=CARTESIAN_POINT('',(0.04,0.01562347,0.02));
#5053=CARTESIAN_POINT('',(0.04,0.0137571750766673,0.01928327256749));
#5054=CARTESIAN_POINT('',(0.04,0.01,0.0178403760496228));
#5055=CARTESIAN_POINT('',(0.04,0.01,0.018));
#5056=CARTESIAN_POINT('',(0.04,0.01,0.));
#5057=CARTESIAN_POINT('',(0.04,0.01425,0.));
#5058=CARTESIAN_POINT('',(0.04,0.0375,1.64324391767335E-19));
#5059=CARTESIAN_POINT('',(0.04,0.0387605244799682,0.00218329244348917));
#5060=CARTESIAN_POINT('',(0.04,0.04,0.00433012701892224));
#5061=CARTESIAN_POINT('',(0.04,0.04,0.00602141602516602));
#5062=CARTESIAN_POINT('',(0.04,0.04,0.0077127050314098));
#5063=CARTESIAN_POINT('',(0.04,0.0388908075678193,0.0113671627921628));
#5064=CARTESIAN_POINT('',(0.04,0.0377816151356387,0.0150216205529158));
#5065=CARTESIAN_POINT('',(0.04,0.0368778761330082,0.0164669768851607));
#5066=CARTESIAN_POINT('',(0.04,0.0359741371303777,0.0179123332174055));
#5067=CARTESIAN_POINT('',(0.04,0.0357988035651888,0.0179561666087028));
#5068=CARTESIAN_POINT('',(0.04,0.02762347,0.02));
#5069=CARTESIAN_POINT('',(0.04,0.03675,0.02));
#5070=CARTESIAN_POINT('',(0.04,0.0235,0.02));
#5071=CARTESIAN_POINT('',(0.04,0.0235,0.018));
#5072=CARTESIAN_POINT('',(-0.04,-0.039,0.018));
#5073=CARTESIAN_POINT('',(-0.04,-0.03175,0.002));
#5074=CARTESIAN_POINT('',(-0.04,-0.0355,0.002));
#5075=CARTESIAN_POINT('',(-0.04,-0.0305,0.002));
#5076=CARTESIAN_POINT('',(-0.04,-0.0305,0.018));
#5077=CARTESIAN_POINT('',(-0.04,-0.0305,0.016));
#5078=CARTESIAN_POINT('',(-0.04,-0.039,0.016));
#5079=CARTESIAN_POINT('',(-0.04,-0.024,0.016));
#5080=CARTESIAN_POINT('',(-0.04,-0.0385882352941177,0.0196470588235294));
#5081=CARTESIAN_POINT('',(-0.04,-0.022,0.0155));
#5082=CARTESIAN_POINT('',(-0.04,-0.022,0.018));
#5083=CARTESIAN_POINT('',(-0.04,-0.022,0.));
#5084=CARTESIAN_POINT('',(-0.04,-0.039,0.));
#5085=CARTESIAN_POINT('',(-0.04,-0.04,0.));
#5086=CARTESIAN_POINT('',(-0.04,-0.04,0.018));
#5087=CARTESIAN_POINT('',(-0.04,-0.04,0.00564417679167926));
#5088=CARTESIAN_POINT('',(-0.04,-0.0335135295696783,0.0134279413080653));
#5089=CARTESIAN_POINT('',(-0.04,-0.03875,0.00714417679167926));
#5090=CARTESIAN_POINT('',(-0.04,-0.0441913884631086,0.0136738429474095));
#5091=CARTESIAN_POINT('',(-0.04,-0.04,0.00864417679167926));
#5092=CARTESIAN_POINT('',(-0.04,-0.04,0.018));
#5093=CARTESIAN_POINT('',(-0.04,-0.04,0.0142883535833585));
#5094=CARTESIAN_POINT('',(-0.04,-0.0382844065801152,0.0146554147495535));
#5095=CARTESIAN_POINT('',(-0.04,-0.0355,0.0152511546927194));
#5096=CARTESIAN_POINT('',(-0.04,-0.0355,0.018));
#5097=CARTESIAN_POINT('',(0.04,-0.039,0.018));
#5098=CARTESIAN_POINT('',(0.04,-0.03175,0.002));
#5099=CARTESIAN_POINT('',(0.04,-0.0355,0.002));
#5100=CARTESIAN_POINT('',(0.04,-0.0305,0.002));
#5101=CARTESIAN_POINT('',(0.04,-0.0355,0.018));
#5102=CARTESIAN_POINT('',(0.04,-0.0355,0.0152511546927194));
#5103=CARTESIAN_POINT('',(0.04,-0.0382844065801152,0.0146554147495535));
#5104=CARTESIAN_POINT('',(0.04,-0.04,0.0142883535833585));
#5105=CARTESIAN_POINT('',(0.04,-0.04,0.018));
#5106=CARTESIAN_POINT('',(0.04,-0.04,0.00864417679167926));
#5107=CARTESIAN_POINT('',(0.04,-0.0441913884631086,0.0136738429474095));
#5108=CARTESIAN_POINT('',(0.04,-0.03875,0.00714417679167926));
#5109=CARTESIAN_POINT('',(0.04,-0.0335135295696783,0.0134279413080653));
#5110=CARTESIAN_POINT('',(0.04,-0.04,0.00564417679167926));
#5111=CARTESIAN_POINT('',(0.04,-0.04,0.018));
#5112=CARTESIAN_POINT('',(0.04,-0.04,0.));
#5113=CARTESIAN_POINT('',(0.04,-0.039,0.));
#5114=CARTESIAN_POINT('',(0.04,-0.022,0.));
#5115=CARTESIAN_POINT('',(0.04,-0.022,0.018));
#5116=CARTESIAN_POINT('',(0.04,-0.022,0.0155));
#5117=CARTESIAN_POINT('',(0.04,-0.0385882352941177,0.0196470588235294));
#5118=CARTESIAN_POINT('',(0.04,-0.024,0.016));
#5119=CARTESIAN_POINT('',(0.04,-0.039,0.016));
#5120=CARTESIAN_POINT('',(0.04,-0.0305,0.016));
#5121=CARTESIAN_POINT('',(0.04,-0.0305,0.018));
#5122=CARTESIAN_POINT('',(-0.038,0.01725,0.018));
#5123=CARTESIAN_POINT('',(-0.038,0.02475,0.02));
#5124=CARTESIAN_POINT('',(-0.038,0.026,0.02));
#5125=CARTESIAN_POINT('',(-0.038,0.0235,0.02));
#5126=CARTESIAN_POINT('',(-0.038,0.0235,0.018));
#5127=CARTESIAN_POINT('',(-0.038,0.0235,0.002));
#5128=CARTESIAN_POINT('',(-0.038,0.02475,0.002));
#5129=CARTESIAN_POINT('',(-0.038,0.026,0.002));
#5130=CARTESIAN_POINT('',(-0.038,0.026,0.018));
#5131=CARTESIAN_POINT('',(0.038,0.01725,0.018));
#5132=CARTESIAN_POINT('',(0.038,0.02475,0.02));
#5133=CARTESIAN_POINT('',(0.038,0.0185,0.02));
#5134=CARTESIAN_POINT('',(0.038,0.016,0.02));
#5135=CARTESIAN_POINT('',(0.038,0.0185,0.018));
#5136=CARTESIAN_POINT('',(0.038,0.0185,0.002));
#5137=CARTESIAN_POINT('',(0.038,0.01725,0.002));
#5138=CARTESIAN_POINT('',(0.038,0.016,0.002));
#5139=CARTESIAN_POINT('',(0.038,0.016,0.018));
#5140=CARTESIAN_POINT('',(-0.01,-0.00503598948161034,0.02));
#5141=CARTESIAN_POINT('',(-0.01,0.0235,0.02));
#5142=CARTESIAN_POINT('',(-0.025875,0.026,0.02));
#5143=CARTESIAN_POINT('',(-0.02,0.026,0.02));
#5144=CARTESIAN_POINT('',(-0.02,-0.00503598948161034,0.02));
#5145=CARTESIAN_POINT('',(-0.02,0.02762347,0.02));
#5146=CARTESIAN_POINT('',(-0.040002,0.02762347,0.02));
#5147=CARTESIAN_POINT('',(0.01,-0.00503598948161034,0.02));
#5148=CARTESIAN_POINT('',(0.01,0.0185,0.02));
#5149=CARTESIAN_POINT('',(0.025875,0.016,0.02));
#5150=CARTESIAN_POINT('',(0.02,0.016,0.02));
#5151=CARTESIAN_POINT('',(0.02,-0.00503598948161034,0.02));
#5152=CARTESIAN_POINT('',(0.02,0.01562347,0.02));
#5153=CARTESIAN_POINT('',(0.040002,0.01562347,0.02));
#5154=CARTESIAN_POINT('',(0.05,-0.008,0.014));
#5155=CARTESIAN_POINT('',(0.025875,-0.028,0.014));
#5156=CARTESIAN_POINT('',(0.014,-0.028,0.014));
#5157=CARTESIAN_POINT('',(0.01375,-0.028,0.014));
#5158=CARTESIAN_POINT('',(0.014,-0.008,0.014));
#5159=CARTESIAN_POINT('',(0.014,-0.026,0.014));
#5160=CARTESIAN_POINT('',(0.023675,-0.026,0.014));
#5161=CARTESIAN_POINT('',(0.0121,-0.026,0.014));
#5162=CARTESIAN_POINT('',(0.0121,-0.017125,0.014));
#5163=CARTESIAN_POINT('',(0.0121,-0.0305,0.014));
#5164=CARTESIAN_POINT('',(0.013,-0.0305,0.014));
#5165=CARTESIAN_POINT('',(0.01375,-0.0305,0.014));
#5166=CARTESIAN_POINT('',(0.01375,-0.02925,0.014));
#5167=CARTESIAN_POINT('',(-0.01,-0.00503598948161034,0.002));
#5168=CARTESIAN_POINT('',(-0.014925,-0.01925,0.002));
#5169=CARTESIAN_POINT('',(-0.013,-0.015,0.002));
#5170=CARTESIAN_POINT('',(-0.03505,-0.026,0.002));
#5171=CARTESIAN_POINT('',(-0.0121,-0.026,0.002));
#5172=CARTESIAN_POINT('',(-0.0296,-0.026,0.002));
#5173=CARTESIAN_POINT('',(-0.0121,-0.02825,0.002));
#5174=CARTESIAN_POINT('',(-0.0121,-0.0305,0.002));
#5175=CARTESIAN_POINT('',(-0.013,-0.0305,0.002));
#5176=CARTESIAN_POINT('',(-0.01375,-0.0305,0.002));
#5177=CARTESIAN_POINT('',(-0.01375,-0.03675,0.002));
#5178=CARTESIAN_POINT('',(-0.01375,-0.028,0.002));
#5179=CARTESIAN_POINT('',(-0.025875,-0.028,0.002));
#5180=CARTESIAN_POINT('',(-0.038,-0.028,0.002));
#5181=CARTESIAN_POINT('',(-0.038,-0.02925,0.002));
#5182=CARTESIAN_POINT('',(-0.038,-0.0305,0.002));
#5183=CARTESIAN_POINT('',(-0.039,-0.0305,0.002));
#5184=CARTESIAN_POINT('',(-0.039,-0.0355,0.002));
#5185=CARTESIAN_POINT('',(-0.038,-0.0355,0.002));
#5186=CARTESIAN_POINT('',(-0.038,-0.03675,0.002));
#5187=CARTESIAN_POINT('',(-0.038,-0.038,0.002));
#5188=CARTESIAN_POINT('',(-0.025875,-0.038,0.002));
#5189=CARTESIAN_POINT('',(-0.01375,-0.038,0.002));
#5190=CARTESIAN_POINT('',(-0.01375,-0.03675,0.002));
#5191=CARTESIAN_POINT('',(-0.01375,-0.0355,0.002));
#5192=CARTESIAN_POINT('',(-0.013,-0.0355,0.002));
#5193=CARTESIAN_POINT('',(-0.01225,-0.0355,0.002));
#5194=CARTESIAN_POINT('',(-0.006125,-0.03675,0.002));
#5195=CARTESIAN_POINT('',(-0.00593941217634123,-0.0367878750660528,0.002));
#5196=CARTESIAN_POINT('',(0.00584111211707057,-0.0290007488382043,0.002));
#5197=CARTESIAN_POINT('',(-0.0032346781020562,-0.035,0.002));
#5198=CARTESIAN_POINT('',(-0.01,-0.035,0.002));
#5199=CARTESIAN_POINT('',(0.00323467810205619,-0.035,0.002));
#5200=CARTESIAN_POINT('',(-0.0197595447440198,-0.0198004289661532,0.002));
#5201=CARTESIAN_POINT('',(0.00593941217634122,-0.0367878750660528,0.002));
#5202=CARTESIAN_POINT('',(0.006125,-0.03675,0.002));
#5203=CARTESIAN_POINT('',(0.01225,-0.0355,0.002));
#5204=CARTESIAN_POINT('',(0.013,-0.0355,0.002));
#5205=CARTESIAN_POINT('',(0.01375,-0.0355,0.002));
#5206=CARTESIAN_POINT('',(0.01375,-0.03675,0.002));
#5207=CARTESIAN_POINT('',(0.01375,-0.038,0.002));
#5208=CARTESIAN_POINT('',(0.025875,-0.038,0.002));
#5209=CARTESIAN_POINT('',(0.038,-0.038,0.002));
#5210=CARTESIAN_POINT('',(0.038,-0.03675,0.002));
#5211=CARTESIAN_POINT('',(0.038,-0.0355,0.002));
#5212=CARTESIAN_POINT('',(0.039,-0.0355,0.002));
#5213=CARTESIAN_POINT('',(0.039,-0.0305,0.002));
#5214=CARTESIAN_POINT('',(0.038,-0.0305,0.002));
#5215=CARTESIAN_POINT('',(0.038,-0.02925,0.002));
#5216=CARTESIAN_POINT('',(0.038,-0.028,0.002));
#5217=CARTESIAN_POINT('',(0.025875,-0.028,0.002));
#5218=CARTESIAN_POINT('',(0.01375,-0.028,0.002));
#5219=CARTESIAN_POINT('',(0.01375,-0.03675,0.002));
#5220=CARTESIAN_POINT('',(0.01375,-0.0305,0.002));
#5221=CARTESIAN_POINT('',(0.013,-0.0305,0.002));
#5222=CARTESIAN_POINT('',(0.0121,-0.0305,0.002));
#5223=CARTESIAN_POINT('',(0.0121,-0.02825,0.002));
#5224=CARTESIAN_POINT('',(0.0121,-0.026,0.002));
#5225=CARTESIAN_POINT('',(0.03505,-0.026,0.002));
#5226=CARTESIAN_POINT('',(0.0321,-0.026,0.002));
#5227=CARTESIAN_POINT('',(0.0321,-0.006,0.002));
#5228=CARTESIAN_POINT('',(0.0321,-0.006,0.002));
#5229=CARTESIAN_POINT('',(0.0321,-0.006,0.002));
#5230=CARTESIAN_POINT('',(0.0321,0.014,0.002));
#5231=CARTESIAN_POINT('',(0.03505,0.014,0.002));
#5232=CARTESIAN_POINT('',(0.01375,0.014,0.002));
#5233=CARTESIAN_POINT('',(0.01375,-0.00503598948161034,0.002));
#5234=CARTESIAN_POINT('',(0.01375,0.016,0.002));
#5235=CARTESIAN_POINT('',(0.025875,0.016,0.002));
#5236=CARTESIAN_POINT('',(0.039,0.0185,0.002));
#5237=CARTESIAN_POINT('',(0.039,0.0235,0.002));
#5238=CARTESIAN_POINT('',(0.038,0.0235,0.002));
#5239=CARTESIAN_POINT('',(0.038,0.02475,0.002));
#5240=CARTESIAN_POINT('',(0.038,0.026,0.002));
#5241=CARTESIAN_POINT('',(0.025875,0.026,0.002));
#5242=CARTESIAN_POINT('',(0.01375,0.026,0.002));
#5243=CARTESIAN_POINT('',(0.01375,0.01725,0.002));
#5244=CARTESIAN_POINT('',(0.01375,0.0235,0.002));
#5245=CARTESIAN_POINT('',(0.0126064260697493,0.0235,0.002));
#5246=CARTESIAN_POINT('',(0.01225,0.0235,0.002));
#5247=CARTESIAN_POINT('',(0.00956597422266062,0.0240477603627223,0.002));
#5248=CARTESIAN_POINT('',(-1.96610236575786E-18,0.026,0.002));
#5249=CARTESIAN_POINT('',(-0.00956597422266062,0.0240477603627223,0.002));
#5250=CARTESIAN_POINT('',(-0.01225,0.0235,0.002));
#5251=CARTESIAN_POINT('',(-0.0126064260697493,0.0235,0.002));
#5252=CARTESIAN_POINT('',(-0.01375,0.0235,0.002));
#5253=CARTESIAN_POINT('',(-0.01375,0.01725,0.002));
#5254=CARTESIAN_POINT('',(-0.01375,0.026,0.002));
#5255=CARTESIAN_POINT('',(-0.025875,0.026,0.002));
#5256=CARTESIAN_POINT('',(-0.039,0.0235,0.002));
#5257=CARTESIAN_POINT('',(-0.039,0.0185,0.002));
#5258=CARTESIAN_POINT('',(-0.038,0.0185,0.002));
#5259=CARTESIAN_POINT('',(-0.038,0.01725,0.002));
#5260=CARTESIAN_POINT('',(-0.038,0.016,0.002));
#5261=CARTESIAN_POINT('',(-0.025875,0.016,0.002));
#5262=CARTESIAN_POINT('',(-0.01375,0.016,0.002));
#5263=CARTESIAN_POINT('',(-0.01375,0.01725,0.002));
#5264=CARTESIAN_POINT('',(-0.01375,0.0185,0.002));
#5265=CARTESIAN_POINT('',(-0.01235,0.0192334905660378,0.002));
#5266=CARTESIAN_POINT('',(-0.01095,0.0199669811320754,0.002));
#5267=CARTESIAN_POINT('',(-0.005475,0.0204834905660378,0.002));
#5268=CARTESIAN_POINT('',(-1.78788763402962E-18,0.021,0.002));
#5269=CARTESIAN_POINT('',(0.005475,0.0204834905660378,0.002));
#5270=CARTESIAN_POINT('',(0.00446989223778663,0.020578312053039,0.002));
#5271=CARTESIAN_POINT('',(0.00895,0.0151648485070311,0.002));
#5272=CARTESIAN_POINT('',(0.00895,0.0151648485070311,0.002));
#5273=CARTESIAN_POINT('',(0.00895,0.0144528301886792,0.002));
#5274=CARTESIAN_POINT('',(0.00895,-0.0125,0.002));
#5275=CARTESIAN_POINT('',(0.00445,-0.017,0.002));
#5276=CARTESIAN_POINT('',(0.00445,-0.017,0.002));
#5277=CARTESIAN_POINT('',(8.67361737988404E-19,-0.017,0.002));
#5278=CARTESIAN_POINT('',(-0.00555,-0.017,0.002));
#5279=CARTESIAN_POINT('',(-0.0053,-0.01675,0.002));
#5280=CARTESIAN_POINT('',(-0.0078,-0.01925,0.002));
#5281=CARTESIAN_POINT('',(-0.008125,-0.01925,0.002));
#5282=CARTESIAN_POINT('',(-0.01095,-0.01925,0.002));
#5283=CARTESIAN_POINT('',(-0.01095,-0.017125,0.002));
#5284=CARTESIAN_POINT('',(-0.01095,-0.015,0.002));
#5285=CARTESIAN_POINT('',(-0.008125,-0.015,0.002));
#5286=CARTESIAN_POINT('',(0.0033,-0.015,0.002));
#5287=CARTESIAN_POINT('',(0.00163200525919479,-0.0166679947408052,0.002));
#5288=CARTESIAN_POINT('',(0.0053,-0.013,0.002));
#5289=CARTESIAN_POINT('',(0.0053,0.01625,0.002));
#5290=CARTESIAN_POINT('',(0.0053,0.016,0.002));
#5291=CARTESIAN_POINT('',(0.0181679947408051,0.00313200525919478,0.002));
#5292=CARTESIAN_POINT('',(0.00253958333333336,0.0187604166666667,0.002));
#5293=CARTESIAN_POINT('',(0.00265,0.01875,0.002));
#5294=CARTESIAN_POINT('',(8.67361737988404E-19,0.019,0.002));
#5295=CARTESIAN_POINT('',(-0.00265,0.01875,0.002));
#5296=CARTESIAN_POINT('',(-0.00253958333333336,0.0187604166666667,0.002));
#5297=CARTESIAN_POINT('',(-0.0181679947408051,0.00313200525919478,0.002));
#5298=CARTESIAN_POINT('',(-0.0053,0.016,0.002));
#5299=CARTESIAN_POINT('',(-0.0053,0.01625,0.002));
#5300=CARTESIAN_POINT('',(-0.0053,0.00875,0.002));
#5301=CARTESIAN_POINT('',(-0.008125,0.00875,0.002));
#5302=CARTESIAN_POINT('',(-0.01095,0.00875,0.002));
#5303=CARTESIAN_POINT('',(-0.01095,0.011,0.002));
#5304=CARTESIAN_POINT('',(-0.01095,0.014,0.002));
#5305=CARTESIAN_POINT('',(-0.011525,0.014,0.002));
#5306=CARTESIAN_POINT('',(-0.0121,0.014,0.002));
#5307=CARTESIAN_POINT('',(-0.0121,0.011,0.002));
#5308=CARTESIAN_POINT('',(-0.0121,0.00875,0.002));
#5309=CARTESIAN_POINT('',(-0.012175,0.00875,0.002));
#5310=CARTESIAN_POINT('',(-0.01525,0.00875,0.002));
#5311=CARTESIAN_POINT('',(-0.01525,0.011375,0.002));
#5312=CARTESIAN_POINT('',(-0.01525,0.0115,0.002));
#5313=CARTESIAN_POINT('',(-0.00435700525919484,0.000607005259194831,0.002));
#5314=CARTESIAN_POINT('',(-0.01775,0.014,0.002));
#5315=CARTESIAN_POINT('',(-0.03505,0.014,0.002));
#5316=CARTESIAN_POINT('',(-0.0296,0.014,0.002));
#5317=CARTESIAN_POINT('',(-0.0293179947408053,0.0142820052591948,0.002));
#5318=CARTESIAN_POINT('',(-0.0321,0.0115,0.002));
#5319=CARTESIAN_POINT('',(-0.0321,-0.006,0.002));
#5320=CARTESIAN_POINT('',(-0.0321,-0.006,0.002));
#5321=CARTESIAN_POINT('',(-0.0321,-0.006,0.002));
#5322=CARTESIAN_POINT('',(-0.0321,-0.0235,0.002));
#5323=CARTESIAN_POINT('',(-0.0302820052591949,-0.0253179947408051,0.002));
#5324=CARTESIAN_POINT('',(-0.006125,-0.03675,0.018));
#5325=CARTESIAN_POINT('',(2.60208521396521E-18,-0.038,0.018));
#5326=CARTESIAN_POINT('',(-2.60208521396521E-18,-0.038,0.014));
#5327=CARTESIAN_POINT('',(2.60208521396521E-18,-0.038,0.0126740452385924));
#5328=CARTESIAN_POINT('',(-9.56056761536317E-12,-0.0379999999980489,0.0126740452385924));
#5329=CARTESIAN_POINT('',(-0.000757365197397167,-0.0378454356740006,0.0127285647364492));
#5330=CARTESIAN_POINT('',(-0.00228621295438932,-0.0375334259276757,0.0125130235152768));
#5331=CARTESIAN_POINT('',(-0.00495058765958988,-0.0369896759878388,0.010922269054052));
#5332=CARTESIAN_POINT('',(-0.00594741991333651,-0.036786240834013,0.00865899064978987));
#5333=CARTESIAN_POINT('',(-0.00593941217634123,-0.0367878750660528,0.00714417679167925));
#5334=CARTESIAN_POINT('',(-0.00593941217634123,-0.0367878750660528,0.00714417679167926));
#5335=CARTESIAN_POINT('',(-0.00593941217634123,-0.0367878750660528,0.002));
#5336=CARTESIAN_POINT('',(-0.01225,-0.0355,0.018));
#5337=CARTESIAN_POINT('',(-0.01225,-0.0355,0.014));
#5338=CARTESIAN_POINT('',(-0.006125,-0.03675,0.014));
#5339=CARTESIAN_POINT('',(0.0121,-0.017125,0.018));
#5340=CARTESIAN_POINT('',(0.0121,-0.026,0.027));
#5341=CARTESIAN_POINT('',(0.0121,-0.0305,0.018));
#5342=CARTESIAN_POINT('',(-0.02,0.015,0.014));
#5343=CARTESIAN_POINT('',(-0.02,0.014,0.014));
#5344=CARTESIAN_POINT('',(0.014,0.014,0.014));
#5345=CARTESIAN_POINT('',(0.01375,0.014,0.014));
#5346=CARTESIAN_POINT('',(0.014,0.015,0.014));
#5347=CARTESIAN_POINT('',(0.014,0.016,0.014));
#5348=CARTESIAN_POINT('',(0.025875,0.016,0.014));
#5349=CARTESIAN_POINT('',(0.01375,0.016,0.014));
#5350=CARTESIAN_POINT('',(0.01375,0.00175,0.014));
#5351=CARTESIAN_POINT('',(0.02,0.015,0.02));
#5352=CARTESIAN_POINT('',(0.02,0.014,0.02));
#5353=CARTESIAN_POINT('',(0.0184514136152844,0.014,0.0184514136152844));
#5354=CARTESIAN_POINT('',(0.017,0.0124784016666667,0.017));
#5355=CARTESIAN_POINT('',(0.02,0.016,0.02));
#5356=CARTESIAN_POINT('',(0.01375,0.01725,0.004));
#5357=CARTESIAN_POINT('',(0.01375,0.016,0.018));
#5358=CARTESIAN_POINT('',(0.01375,0.014,0.004));
#5359=CARTESIAN_POINT('',(-0.0053,-0.01675,0.018));
#5360=CARTESIAN_POINT('',(-0.00555,-0.017,0.001998));
#5361=CARTESIAN_POINT('',(-0.00555,-0.017,0.014));
#5362=CARTESIAN_POINT('',(-0.0053,-0.01675,0.014));
#5363=CARTESIAN_POINT('',(-0.0078,-0.01925,0.014));
#5364=CARTESIAN_POINT('',(-0.0078,-0.01925,0.018));
#5365=CARTESIAN_POINT('',(0.005475,0.0204834905660378,0.018));
#5366=CARTESIAN_POINT('',(0.005475,0.0204834905660378,0.014));
#5367=CARTESIAN_POINT('',(0.00446989223778663,0.020578312053039,0.014));
#5368=CARTESIAN_POINT('',(-4.33680868994202E-19,0.021,0.014));
#5369=CARTESIAN_POINT('',(0.00446989223778663,0.020578312053039,0.002));
#5370=CARTESIAN_POINT('',(1.78788763402962E-18,0.021,0.018));
#5371=CARTESIAN_POINT('',(-0.02,0.015,0.014));
#5372=CARTESIAN_POINT('',(-9.18485099360515E-20,0.028,0.014));
#5373=CARTESIAN_POINT('',(-9.18485099360515E-20,0.0265,0.014));
#5374=CARTESIAN_POINT('',(-0.00956597422266062,0.0240477603627223,0.014));
#5375=CARTESIAN_POINT('',(-0.01225,0.0235,0.014));
#5376=CARTESIAN_POINT('',(0.,0.026,0.014));
#5377=CARTESIAN_POINT('',(0.00956597422266062,0.0240477603627223,0.014));
#5378=CARTESIAN_POINT('',(0.01225,0.0235,0.014));
#5379=CARTESIAN_POINT('',(0.0126064260697493,0.0235,0.014));
#5380=CARTESIAN_POINT('',(0.01375,0.0235,0.014));
#5381=CARTESIAN_POINT('',(0.01375,0.02475,0.014));
#5382=CARTESIAN_POINT('',(0.01375,0.026,0.014));
#5383=CARTESIAN_POINT('',(0.025875,0.026,0.014));
#5384=CARTESIAN_POINT('',(0.014,0.026,0.014));
#5385=CARTESIAN_POINT('',(0.014,0.015,0.014));
#5386=CARTESIAN_POINT('',(0.014,0.028,0.014));
#5387=CARTESIAN_POINT('',(0.00771534568604568,0.028,0.014));
#5388=CARTESIAN_POINT('',(0.0065,0.028,0.014));
#5389=CARTESIAN_POINT('',(0.00373076923076923,0.0291538461538461,0.014));
#5390=CARTESIAN_POINT('',(0.000961538461538464,0.0303076923076923,0.014));
#5391=CARTESIAN_POINT('',(2.6074858084755E-17,0.028,0.014));
#5392=CARTESIAN_POINT('',(-0.000961538461538464,0.0303076923076923,0.014));
#5393=CARTESIAN_POINT('',(-0.00373076923076923,0.0291538461538461,0.014));
#5394=CARTESIAN_POINT('',(-0.0065,0.028,0.014));
#5395=CARTESIAN_POINT('',(-0.00771534568604568,0.028,0.014));
#5396=CARTESIAN_POINT('',(-0.014,0.028,0.014));
#5397=CARTESIAN_POINT('',(-0.014,0.015,0.014));
#5398=CARTESIAN_POINT('',(-0.014,0.026,0.014));
#5399=CARTESIAN_POINT('',(-0.025875,0.026,0.014));
#5400=CARTESIAN_POINT('',(-0.01375,0.026,0.014));
#5401=CARTESIAN_POINT('',(-0.01375,0.02475,0.014));
#5402=CARTESIAN_POINT('',(-0.01375,0.0235,0.014));
#5403=CARTESIAN_POINT('',(-0.0126064260697493,0.0235,0.014));
#5404=CARTESIAN_POINT('',(-0.00771534568604568,0.028,0.018));
#5405=CARTESIAN_POINT('',(-0.0065,0.028,0.002));
#5406=CARTESIAN_POINT('',(-0.0065,0.028,0.007));
#5407=CARTESIAN_POINT('',(-0.00771534568604568,0.028,0.007));
#5408=CARTESIAN_POINT('',(-0.0260560230457364,0.028,0.007));
#5409=CARTESIAN_POINT('',(-0.0260560230457364,0.028,0.018));
#5410=CARTESIAN_POINT('',(-0.0260560230457364,0.028,0.0199058675));
#5411=CARTESIAN_POINT('',(-0.00771534568604568,0.028,0.0199058675));
#5412=CARTESIAN_POINT('',(-0.02,0.028,0.0199058675));
#5413=CARTESIAN_POINT('',(-0.017,0.028,0.01695293375));
#5414=CARTESIAN_POINT('',(-0.00771534568604568,0.028,0.007));
#5415=CARTESIAN_POINT('',(-0.0074021122618071,0.0276241198909137,0.00737588010908629));
#5416=CARTESIAN_POINT('',(-0.000961538461538464,0.0303076923076923,0.00469230769230769));
#5417=CARTESIAN_POINT('',(2.6074858084755E-17,0.028,0.007));
#5418=CARTESIAN_POINT('',(0.000961538461538464,0.0303076923076923,0.00469230769230769));
#5419=CARTESIAN_POINT('',(0.0074021122618071,0.0276241198909137,0.00737588010908629));
#5420=CARTESIAN_POINT('',(0.0065,0.028,0.007));
#5421=CARTESIAN_POINT('',(0.00771534568604568,0.028,0.007));
#5422=CARTESIAN_POINT('',(0.0260560230457364,0.028,0.007));
#5423=CARTESIAN_POINT('',(0.0257919975253049,0.0277465355003858,0.00725346449961419));
#5424=CARTESIAN_POINT('',(0.0325536555621644,0.0342377272157708,0.000762272784229132));
#5425=CARTESIAN_POINT('',(0.0325536555621644,0.0342377272157709,0.000762272784229132));
#5426=CARTESIAN_POINT('',(0.0217024370414429,0.0342377272157709,0.000762272784229132));
#5427=CARTESIAN_POINT('',(0.0108512185207214,0.0342377272157709,0.000762272784229132));
#5428=CARTESIAN_POINT('',(0.,0.0342377272157709,0.000762272784229132));
#5429=CARTESIAN_POINT('',(3.46944695195361E-18,0.0342377272157708,0.000762272784229134));
#5430=CARTESIAN_POINT('',(-0.0325536555621644,0.0342377272157709,0.000762272784229132));
#5431=CARTESIAN_POINT('',(-0.0217024370414429,0.0342377272157709,0.000762272784229132));
#5432=CARTESIAN_POINT('',(-0.0108512185207214,0.0342377272157709,0.000762272784229132));
#5433=CARTESIAN_POINT('',(0.,0.0342377272157709,0.000762272784229132));
#5434=CARTESIAN_POINT('',(-0.0325536555621644,0.0342377272157708,0.000762272784229132));
#5435=CARTESIAN_POINT('',(-0.0257919975253049,0.0277465355003858,0.00725346449961419));
#5436=CARTESIAN_POINT('',(0.005,-0.015876895,0.014));
#5437=CARTESIAN_POINT('',(-0.0111,-0.038,0.014));
#5438=CARTESIAN_POINT('',(-0.0111,-0.0395,0.014));
#5439=CARTESIAN_POINT('',(-0.014,-0.035958965,0.014));
#5440=CARTESIAN_POINT('',(-0.013999999999998,-0.04,0.014));
#5441=CARTESIAN_POINT('',(-0.01400000000001,-0.038,0.014));
#5442=CARTESIAN_POINT('',(0.005,-0.04,0.014));
#5443=CARTESIAN_POINT('',(0.013999999999998,-0.04,0.014));
#5444=CARTESIAN_POINT('',(0.014,-0.035958965,0.014));
#5445=CARTESIAN_POINT('',(0.01400000000001,-0.038,0.014));
#5446=CARTESIAN_POINT('',(0.025875,-0.038,0.014));
#5447=CARTESIAN_POINT('',(0.01375,-0.038,0.014));
#5448=CARTESIAN_POINT('',(0.01375,-0.03675,0.014));
#5449=CARTESIAN_POINT('',(0.01375,-0.0355,0.014));
#5450=CARTESIAN_POINT('',(0.013,-0.0355,0.014));
#5451=CARTESIAN_POINT('',(0.01225,-0.0355,0.014));
#5452=CARTESIAN_POINT('',(0.006125,-0.03675,0.014));
#5453=CARTESIAN_POINT('',(-0.013,-0.0355,0.014));
#5454=CARTESIAN_POINT('',(-0.01375,-0.0355,0.014));
#5455=CARTESIAN_POINT('',(-0.01375,-0.03675,0.014));
#5456=CARTESIAN_POINT('',(-0.01375,-0.038,0.014));
#5457=CARTESIAN_POINT('',(-0.025875,-0.038,0.014));
#5458=CARTESIAN_POINT('',(0.0111,-0.038,0.014));
#5459=CARTESIAN_POINT('',(0.0111,-0.0395,0.014));
#5460=CARTESIAN_POINT('',(-0.039,0.0185,0.018));
#5461=CARTESIAN_POINT('',(-0.01,0.0185,0.02));
#5462=CARTESIAN_POINT('',(-0.038,0.0185,0.02));
#5463=CARTESIAN_POINT('',(-0.038,0.0185,0.018));
#5464=CARTESIAN_POINT('',(-0.039,0.0235,0.018));
#5465=CARTESIAN_POINT('',(0.01,0.0357988035651888,0.0179561666087028));
#5466=CARTESIAN_POINT('',(-0.02,0.03562347,0.018));
#5467=CARTESIAN_POINT('',(-0.0312433365260867,0.0329798209411363,0.0186609122647159));
#5468=CARTESIAN_POINT('',(-0.0343624158898798,0.0359741371303777,0.0179123332174055));
#5469=CARTESIAN_POINT('',(0.01,0.0359741371303777,0.0179123332174055));
#5470=CARTESIAN_POINT('',(-0.02,0.015,0.02));
#5471=CARTESIAN_POINT('',(-0.02,0.02762347,0.02));
#5472=CARTESIAN_POINT('',(-0.0189124669106277,0.026,0.0189124669106277));
#5473=CARTESIAN_POINT('',(-0.0219375,0.026,0.0219375));
#5474=CARTESIAN_POINT('',(-0.05,-0.028,0.016));
#5475=CARTESIAN_POINT('',(-0.025875,-0.028,0.016));
#5476=CARTESIAN_POINT('',(-0.038,-0.028,0.016));
#5477=CARTESIAN_POINT('',(-0.023675,-0.026,0.016));
#5478=CARTESIAN_POINT('',(-0.0296,-0.026,0.016));
#5479=CARTESIAN_POINT('',(-0.0321,-0.0235,0.016));
#5480=CARTESIAN_POINT('',(-0.0316,-0.024,0.016));
#5481=CARTESIAN_POINT('',(-0.05,-0.024,0.016));
#5482=CARTESIAN_POINT('',(-0.039,-0.0305,0.016));
#5483=CARTESIAN_POINT('',(-0.038,-0.0305,0.016));
#5484=CARTESIAN_POINT('',(-0.038,-0.02925,0.016));
#5485=CARTESIAN_POINT('',(-0.05,-0.041347725,0.014));
#5486=CARTESIAN_POINT('',(-0.02,-0.041347725,0.014));
#5487=CARTESIAN_POINT('',(-0.02,-0.038,0.0147162651875189));
#5488=CARTESIAN_POINT('',(-0.02,-0.04,0.0142883535833585));
#5489=CARTESIAN_POINT('',(-0.025875,-0.038,0.0147162651875189));
#5490=CARTESIAN_POINT('',(-0.038,-0.038,0.0147162651875189));
#5491=CARTESIAN_POINT('',(-0.038,-0.0361328964430619,0.0151157428266103));
#5492=CARTESIAN_POINT('',(-0.038,-0.0355,0.0152511546927194));
#5493=CARTESIAN_POINT('',(-0.039,-0.0355,0.0152511546927194));
#5494=CARTESIAN_POINT('',(-0.05,-0.04,0.0142883535833585));
#5495=CARTESIAN_POINT('',(-0.05,0.007811735,0.017));
#5496=CARTESIAN_POINT('',(-0.023675,0.014,0.0193765264694719));
#5497=CARTESIAN_POINT('',(-0.02,0.014,0.0193765264694719));
#5498=CARTESIAN_POINT('',(-0.0296,0.014,0.0193765264694719));
#5499=CARTESIAN_POINT('',(-0.02,0.007811735,0.017));
#5500=CARTESIAN_POINT('',(-0.02,0.01562347,0.02));
#5501=CARTESIAN_POINT('',(-0.040002,0.01562347,0.02));
#5502=CARTESIAN_POINT('',(-0.0382505995826325,0.00475179874789734,0.0158248694104052));
#5503=CARTESIAN_POINT('',(-0.0366666666666667,-4.33680868994202E-19,0.014));
#5504=CARTESIAN_POINT('',(-0.05,0.,0.014));
#5505=CARTESIAN_POINT('',(-0.0321,0.,0.014));
#5506=CARTESIAN_POINT('',(-0.0321,-0.00389011624473237,0.0125060490743481));
#5507=CARTESIAN_POINT('',(-0.0321,0.0115,0.0184164324570662));
#5508=CARTESIAN_POINT('',(-0.0298461660768502,0.0137538339231498,0.0192819894388954));
#5509=CARTESIAN_POINT('',(-0.01,-0.00503598948161034,0.02));
#5510=CARTESIAN_POINT('',(-0.02,-0.00503598948161034,0.02));
#5511=CARTESIAN_POINT('',(-0.02,0.016,0.02));
#5512=CARTESIAN_POINT('',(-0.025875,0.016,0.02));
#5513=CARTESIAN_POINT('',(-0.038,0.016,0.02));
#5514=CARTESIAN_POINT('',(-0.038,0.02475,0.02));
#5515=CARTESIAN_POINT('',(-0.0311607912807016,0.0329005775055667,0.018));
#5516=CARTESIAN_POINT('',(-0.0343893563790697,0.036,0.007));
#5517=CARTESIAN_POINT('',(-0.033347689712403,0.035,0.007));
#5518=CARTESIAN_POINT('',(-0.0182281431227464,0.0204852352739296,0.00381112684577539));
#5519=CARTESIAN_POINT('',(-0.0359726734031714,0.0375199843431376,3.46138976701836E-5));
#5520=CARTESIAN_POINT('',(-0.0403738705609078,0.0417451336145646,0.00735278710534442));
#5521=CARTESIAN_POINT('',(-0.0385560230457364,0.04,0.00433012701892224));
#5522=CARTESIAN_POINT('',(-0.0385560230457363,0.04,0.018));
#5523=CARTESIAN_POINT('',(-0.0385560230457364,0.04,0.00771270503140983));
#5524=CARTESIAN_POINT('',(-0.0346360173852646,0.0362367945659471,0.0201113429095514));
#5525=CARTESIAN_POINT('',(-0.0362452054786934,0.0377816151356387,0.0150216205529158));
#5526=CARTESIAN_POINT('',(-0.0328931344933562,0.0345636269897149,0.0201681723009999));
#5527=CARTESIAN_POINT('',(-0.0321,-0.006,0.018));
#5528=CARTESIAN_POINT('',(-0.0321,-0.006,0.011));
#5529=CARTESIAN_POINT('',(-0.0321,-0.006,0.01));
#5530=CARTESIAN_POINT('',(-0.0321,0.0115,0.018));
#5531=CARTESIAN_POINT('',(-0.0321,-0.006,0.014));
#5532=CARTESIAN_POINT('',(-0.0321,-0.016,0.014));
#5533=CARTESIAN_POINT('',(-0.0321,-0.00752941176470589,0.0118823529411765));
#5534=CARTESIAN_POINT('',(-0.0321,-0.0235,0.015875));
#5535=CARTESIAN_POINT('',(-0.0321,-0.0235,0.018));
#5536=CARTESIAN_POINT('',(-0.0321,-0.006,0.003));
#5537=CARTESIAN_POINT('',(-0.023675,0.014,0.018));
#5538=CARTESIAN_POINT('',(-0.02,0.014,0.0193765264694719));
#5539=CARTESIAN_POINT('',(-0.0194695852494867,0.014,0.0190925872333023));
#5540=CARTESIAN_POINT('',(-0.0189520169026176,0.014,0.0187851491401732));
#5541=CARTESIAN_POINT('',(-0.0184514136152844,0.014,0.0184514136152844));
#5542=CARTESIAN_POINT('',(-0.0184514136152844,0.014,0.0184514136152844));
#5543=CARTESIAN_POINT('',(-0.0296,0.014,0.002));
#5544=CARTESIAN_POINT('',(-0.01775,0.014,0.018));
#5545=CARTESIAN_POINT('',(-0.01775,0.014,0.01775));
#5546=CARTESIAN_POINT('',(-0.02,0.014,0.02));
#5547=CARTESIAN_POINT('',(-0.01525,0.011375,0.018));
#5548=CARTESIAN_POINT('',(-0.01525,0.00875,0.018));
#5549=CARTESIAN_POINT('',(-0.01525,0.00875,0.015027595607006));
#5550=CARTESIAN_POINT('',(-0.01525,0.00875000000000001,0.015027595607006));
#5551=CARTESIAN_POINT('',(-0.01525,0.00938125949074074,0.0151017304046706));
#5552=CARTESIAN_POINT('',(-0.01525,0.0100125189814815,0.0151758652023353));
#5553=CARTESIAN_POINT('',(-0.01525,0.0106437784722222,0.01525));
#5554=CARTESIAN_POINT('',(-0.01525,0.0106437784722222,0.01525));
#5555=CARTESIAN_POINT('',(-0.01525,0.011375,0.01525));
#5556=CARTESIAN_POINT('',(-0.01525,0.0115,0.01525));
#5557=CARTESIAN_POINT('',(-0.01525,0.0115,0.018));
#5558=CARTESIAN_POINT('',(-0.0121,0.011,0.018));
#5559=CARTESIAN_POINT('',(-0.0121,0.014,0.018));
#5560=CARTESIAN_POINT('',(-0.0121,0.014,0.014));
#5561=CARTESIAN_POINT('',(-0.0121,0.011,0.014));
#5562=CARTESIAN_POINT('',(-0.0121,0.00875,0.014));
#5563=CARTESIAN_POINT('',(-0.0121,0.00875,0.018));
#5564=CARTESIAN_POINT('',(-0.011525,0.014,0.018));
#5565=CARTESIAN_POINT('',(-0.011525,0.014,0.014));
#5566=CARTESIAN_POINT('',(-0.01095,0.014,0.014));
#5567=CARTESIAN_POINT('',(-0.01095,0.014,0.018));
#5568=CARTESIAN_POINT('',(-0.01095,0.011,0.018));
#5569=CARTESIAN_POINT('',(-0.01095,0.011,0.014));
#5570=CARTESIAN_POINT('',(-0.01095,0.00875,0.014));
#5571=CARTESIAN_POINT('',(-0.01095,0.00875,0.018));
#5572=CARTESIAN_POINT('',(-0.0053,0.01625,0.018));
#5573=CARTESIAN_POINT('',(-0.0053,0.016,0.018));
#5574=CARTESIAN_POINT('',(-0.0053,0.016,0.014));
#5575=CARTESIAN_POINT('',(-0.0053,0.01625,0.014));
#5576=CARTESIAN_POINT('',(-0.0053,0.00875,0.014));
#5577=CARTESIAN_POINT('',(-0.0053,0.00875,0.018));
#5578=CARTESIAN_POINT('',(-0.01525,0.0115,0.018));
#5579=CARTESIAN_POINT('',(-0.0161666666666666,0.0124166666666667,0.0161666666666666));
#5580=CARTESIAN_POINT('',(-0.0296,0.014,0.018));
#5581=CARTESIAN_POINT('',(0.01,0.0388908075678193,0.0113671627921628));
#5582=CARTESIAN_POINT('',(-0.015,0.04,0.0077127050314098));
#5583=CARTESIAN_POINT('',(0.01,0.0377816151356387,0.0150216205529158));
#5584=CARTESIAN_POINT('',(-0.013,-0.0305,0.018));
#5585=CARTESIAN_POINT('',(-0.0121,-0.0305,0.018));
#5586=CARTESIAN_POINT('',(-0.01375,-0.0305,0.018));
#5587=CARTESIAN_POINT('',(-0.0121,-0.017125,0.018));
#5588=CARTESIAN_POINT('',(-0.0121,-0.026,0.027));
#5589=CARTESIAN_POINT('',(-0.013,-0.015,0.018));
#5590=CARTESIAN_POINT('',(-0.023675,-0.026,0.018));
#5591=CARTESIAN_POINT('',(-0.0296,-0.026,0.018));
#5592=CARTESIAN_POINT('',(-0.038,0.004,0.018));
#5593=CARTESIAN_POINT('',(-0.036,-0.002,0.018));
#5594=CARTESIAN_POINT('',(-0.036,-0.002,0.014));
#5595=CARTESIAN_POINT('',(-0.036,-0.002,0.));
#5596=CARTESIAN_POINT('',(-0.038,0.004,0.014));
#5597=CARTESIAN_POINT('',(-0.038,0.004,0.));
#5598=CARTESIAN_POINT('',(-0.036,-0.006,0.018));
#5599=CARTESIAN_POINT('',(-0.036,-0.006,0.003));
#5600=CARTESIAN_POINT('',(-0.036,-0.006,0.0015));
#5601=CARTESIAN_POINT('',(-0.036,-0.006,0.011));
#5602=CARTESIAN_POINT('',(-0.036,-0.006,0.0095));
#5603=CARTESIAN_POINT('',(-0.036,-0.01,0.018));
#5604=CARTESIAN_POINT('',(-0.036,-0.01,0.014));
#5605=CARTESIAN_POINT('',(-0.036,-0.01,0.));
#5606=CARTESIAN_POINT('',(-0.036,-0.006,0.014));
#5607=CARTESIAN_POINT('',(-0.036,-0.006,0.));
#5608=CARTESIAN_POINT('',(-0.039,-0.0305,0.018));
#5609=CARTESIAN_POINT('',(-0.038,-0.0305,0.018));
#5610=CARTESIAN_POINT('',(-0.038,-0.02925,0.018));
#5611=CARTESIAN_POINT('',(-0.038,-0.028,0.018));
#5612=CARTESIAN_POINT('',(-0.025875,-0.028,0.018));
#5613=CARTESIAN_POINT('',(-0.01375,-0.028,0.018));
#5614=CARTESIAN_POINT('',(-0.01375,-0.02925,0.018));
#5615=CARTESIAN_POINT('',(-0.008125,-0.015,0.018));
#5616=CARTESIAN_POINT('',(-0.008125,-0.015,0.014));
#5617=CARTESIAN_POINT('',(-0.01095,-0.015,0.014));
#5618=CARTESIAN_POINT('',(0.0033,-0.015,0.014));
#5619=CARTESIAN_POINT('',(0.0033,-0.015,0.018));
#5620=CARTESIAN_POINT('',(-0.01095,-0.015,0.018));
#5621=CARTESIAN_POINT('',(-0.01,-0.00503598948161034,0.));
#5622=CARTESIAN_POINT('',(-0.038,-0.016,0.));
#5623=CARTESIAN_POINT('',(0.01,0.0375,1.64324391767335E-19));
#5624=CARTESIAN_POINT('',(0.038,0.004,0.));
#5625=CARTESIAN_POINT('',(0.036,-0.002,0.));
#5626=CARTESIAN_POINT('',(0.036,-0.006,0.));
#5627=CARTESIAN_POINT('',(0.036,-0.01,0.));
#5628=CARTESIAN_POINT('',(0.038,-0.016,0.));
#5629=CARTESIAN_POINT('',(-0.02,-0.04,0.));
#5630=CARTESIAN_POINT('',(-0.013,-0.0355,0.018));
#5631=CARTESIAN_POINT('',(-0.01375,-0.0355,0.018));
#5632=CARTESIAN_POINT('',(-0.01375,-0.03675,0.018));
#5633=CARTESIAN_POINT('',(-0.01375,-0.038,0.018));
#5634=CARTESIAN_POINT('',(-0.025875,-0.038,0.018));
#5635=CARTESIAN_POINT('',(-0.038,-0.038,0.018));
#5636=CARTESIAN_POINT('',(-0.0140000000000099,-0.038,0.0140000000000012));
#5637=CARTESIAN_POINT('',(-0.0160001702045096,-0.038,0.0142373268374297));
#5638=CARTESIAN_POINT('',(-0.018000172577394,-0.038,0.0144760675737506));
#5639=CARTESIAN_POINT('',(-0.02,-0.038,0.0147162651875189));
#5640=CARTESIAN_POINT('',(-0.038,-0.03675,0.018));
#5641=CARTESIAN_POINT('',(-0.038,-0.0355,0.018));
#5642=CARTESIAN_POINT('',(-0.039,-0.0355,0.018));
#5643=CARTESIAN_POINT('',(-0.02,-0.04,0.018));
#5644=CARTESIAN_POINT('',(0.05,-0.04,0.00564417679167926));
#5645=CARTESIAN_POINT('',(0.00259807621135332,-0.04,0.00564417679167926));
#5646=CARTESIAN_POINT('',(0.,-0.04,0.00714417679167926));
#5647=CARTESIAN_POINT('',(0.00259807621135332,-0.04,0.00864417679167926));
#5648=CARTESIAN_POINT('',(0.05,-0.04,0.00864417679167926));
#5649=CARTESIAN_POINT('',(0.05,-0.04,0.0142883535833585));
#5650=CARTESIAN_POINT('',(0.02,-0.04,0.0142883535833585));
#5651=CARTESIAN_POINT('',(0.017,-0.04,0.0141441767916793));
#5652=CARTESIAN_POINT('',(-0.017,-0.04,0.0141441767916793));
#5653=CARTESIAN_POINT('',(-0.05,-0.04,0.00864417679167926));
#5654=CARTESIAN_POINT('',(-0.00259807621135332,-0.04,0.00864417679167926));
#5655=CARTESIAN_POINT('',(0.,-0.04,0.00714417679167926));
#5656=CARTESIAN_POINT('',(-0.00259807621135332,-0.04,0.00564417679167926));
#5657=CARTESIAN_POINT('',(-0.05,-0.04,0.00564417679167926));
#5658=CARTESIAN_POINT('',(0.,-0.04,0.00714417679167926));
#5659=CARTESIAN_POINT('',(0.,-0.04,0.00564417679167926));
#5660=CARTESIAN_POINT('',(-0.01375,0.00875,0.018));
#5661=CARTESIAN_POINT('',(-0.01525,0.00875,0.015027595607006));
#5662=CARTESIAN_POINT('',(-0.0148120809663558,0.00875,0.0147119156583636));
#5663=CARTESIAN_POINT('',(-0.014393837643025,0.00875,0.0143692227903359));
#5664=CARTESIAN_POINT('',(-0.014,0.00875,0.014));
#5665=CARTESIAN_POINT('',(-0.014,0.00875,0.014));
#5666=CARTESIAN_POINT('',(-0.01375,0.00875,0.014));
#5667=CARTESIAN_POINT('',(-0.008125,0.00875,0.018));
#5668=CARTESIAN_POINT('',(-0.008125,0.00875,0.014));
#5669=CARTESIAN_POINT('',(-0.00265,0.01875,0.018));
#5670=CARTESIAN_POINT('',(-0.00265,0.01875,0.014));
#5671=CARTESIAN_POINT('',(-0.00253958333333336,0.0187604166666667,0.014));
#5672=CARTESIAN_POINT('',(-2.16840434497101E-19,0.019,0.014));
#5673=CARTESIAN_POINT('',(-0.00253958333333336,0.0187604166666667,0.018));
#5674=CARTESIAN_POINT('',(-8.67361737988404E-19,0.019,0.018));
#5675=CARTESIAN_POINT('',(-0.005475,0.0204834905660378,0.018));
#5676=CARTESIAN_POINT('',(-0.01095,0.0199669811320754,0.018));
#5677=CARTESIAN_POINT('',(-0.01095,0.0199669811320754,0.014));
#5678=CARTESIAN_POINT('',(-0.005475,0.0204834905660378,0.014));
#5679=CARTESIAN_POINT('',(-0.01235,0.0192334905660378,0.018));
#5680=CARTESIAN_POINT('',(-0.01375,0.0185,0.018));
#5681=CARTESIAN_POINT('',(-0.01375,0.0185,0.014));
#5682=CARTESIAN_POINT('',(-0.01235,0.0192334905660378,0.014));
#5683=CARTESIAN_POINT('',(-0.01375,0.01725,0.018));
#5684=CARTESIAN_POINT('',(-0.01375,0.016,0.018));
#5685=CARTESIAN_POINT('',(-0.01375,0.016,0.014));
#5686=CARTESIAN_POINT('',(-0.01375,0.01725,0.014));
#5687=CARTESIAN_POINT('',(-0.025875,0.016,0.018));
#5688=CARTESIAN_POINT('',(-0.02,0.016,0.02));
#5689=CARTESIAN_POINT('',(-0.014,0.016,0.014));
#5690=CARTESIAN_POINT('',(-0.025875,0.016,0.014));
#5691=CARTESIAN_POINT('',(-0.038,0.016,0.018));
#5692=CARTESIAN_POINT('',(-0.038,0.01725,0.018));
#5693=CARTESIAN_POINT('',(-0.038,-0.016,0.018));
#5694=CARTESIAN_POINT('',(-0.0382840236686391,-0.0168520710059171,0.0142130177514793));
#5695=CARTESIAN_POINT('',(-0.038,-0.016,0.014));
#5696=CARTESIAN_POINT('',(-0.038,-0.016,0.014));
#5697=CARTESIAN_POINT('',(-0.01375,0.02475,0.018));
#5698=CARTESIAN_POINT('',(-0.01375,0.026,0.018));
#5699=CARTESIAN_POINT('',(-0.01375,0.0235,0.018));
#5700=CARTESIAN_POINT('',(-0.0126064260697493,0.0235,0.018));
#5701=CARTESIAN_POINT('',(-0.01225,0.0235,0.018));
#5702=CARTESIAN_POINT('',(-0.00956597422266062,0.0240477603627223,0.018));
#5703=CARTESIAN_POINT('',(1.96610236575786E-18,0.026,0.018));
#5704=CARTESIAN_POINT('',(-0.025875,0.026,0.018));
#5705=CARTESIAN_POINT('',(-0.014,0.026,0.014));
#5706=CARTESIAN_POINT('',(-0.0148238319187373,0.026,0.014813676645654));
#5707=CARTESIAN_POINT('',(-0.0164672269466328,0.026,0.0164451553028153));
#5708=CARTESIAN_POINT('',(-0.0181168541467604,0.026,0.0180710861910136));
#5709=CARTESIAN_POINT('',(-0.0189124669106277,0.026,0.0189124669106277));
#5710=CARTESIAN_POINT('',(-0.01095,-0.017125,0.018));
#5711=CARTESIAN_POINT('',(-0.01095,-0.01925,0.018));
#5712=CARTESIAN_POINT('',(-0.01095,-0.01925,0.014));
#5713=CARTESIAN_POINT('',(-0.01095,-0.017125,0.014));
#5714=CARTESIAN_POINT('',(-0.008125,-0.01925,0.018));
#5715=CARTESIAN_POINT('',(-0.008125,-0.01925,0.014));
#5716=CARTESIAN_POINT('',(0.01,0.0387605244799682,0.00218329244348917));
#5717=CARTESIAN_POINT('',(-0.015,0.04,0.00433012701892224));
#5718=CARTESIAN_POINT('',(0.01,0.0375199843431376,3.46138976701836E-5));
#5719=CARTESIAN_POINT('',(0.0359726734031714,0.0375199843431376,3.46138976701836E-5));
#5720=CARTESIAN_POINT('',(0.0403738705609078,0.0417451336145646,0.00735278710534442));
#5721=CARTESIAN_POINT('',(0.0385560230457364,0.04,0.00433012701892224));
#5722=CARTESIAN_POINT('',(0.015,0.04,0.00433012701892224));
#5723=CARTESIAN_POINT('',(0.01,0.0368778761330082,0.0164669768851607));
#5724=CARTESIAN_POINT('',(-0.01,0.0286547005383793,0.002));
#5725=CARTESIAN_POINT('',(0.0182281431227464,0.0204852352739296,0.00381112684577539));
#5726=CARTESIAN_POINT('',(-0.05,-0.008,0.014));
#5727=CARTESIAN_POINT('',(8.67361737988404E-19,-0.017,0.014));
#5728=CARTESIAN_POINT('',(0.00445,-0.017,0.014));
#5729=CARTESIAN_POINT('',(-0.018275,-0.039725,0.014));
#5730=CARTESIAN_POINT('',(0.00895,-0.0125,0.014));
#5731=CARTESIAN_POINT('',(0.00895,0.0144528301886792,0.014));
#5732=CARTESIAN_POINT('',(0.00895,0.0151648485070311,0.014));
#5733=CARTESIAN_POINT('',(-0.00363466156605949,0.0303713145660197,0.014));
#5734=CARTESIAN_POINT('',(-0.014,0.015,0.014));
#5735=CARTESIAN_POINT('',(-0.014,0.00933333333333334,0.014));
#5736=CARTESIAN_POINT('',(-0.014,0.014,0.014));
#5737=CARTESIAN_POINT('',(-0.00253958333333336,0.0187604166666667,0.014));
#5738=CARTESIAN_POINT('',(0.00265,0.01875,0.014));
#5739=CARTESIAN_POINT('',(0.00253958333333336,0.0187604166666667,0.014));
#5740=CARTESIAN_POINT('',(0.00253958333333336,0.0187604166666667,0.014));
#5741=CARTESIAN_POINT('',(0.0053,0.016,0.014));
#5742=CARTESIAN_POINT('',(0.0053,0.01625,0.014));
#5743=CARTESIAN_POINT('',(0.0053,-0.013,0.014));
#5744=CARTESIAN_POINT('',(0.0053,-0.013,0.014));
#5745=CARTESIAN_POINT('',(-0.05,-0.008,0.014));
#5746=CARTESIAN_POINT('',(-0.0346,-0.013,0.014));
#5747=CARTESIAN_POINT('',(-0.0346,-0.0145,0.014));
#5748=CARTESIAN_POINT('',(-0.05,-0.016,0.014));
#5749=CARTESIAN_POINT('',(-0.05,-0.02,0.015));
#5750=CARTESIAN_POINT('',(-0.0425818181818182,-0.0130181818181818,0.0132545454545454));
#5751=CARTESIAN_POINT('',(-0.0321,-0.0235,0.018));
#5752=CARTESIAN_POINT('',(-0.00253958333333336,0.0187604166666667,0.018));
#5753=CARTESIAN_POINT('',(-0.034,-0.006,0.011));
#5754=CARTESIAN_POINT('',(-0.033,-0.006,0.011));
#5755=CARTESIAN_POINT('',(-0.033,-0.006,0.0095));
#5756=CARTESIAN_POINT('',(-0.034,-0.006,0.003));
#5757=CARTESIAN_POINT('',(-0.033,-0.006,0.003));
#5758=CARTESIAN_POINT('',(-0.033,-0.006,0.0015));
#5759=CARTESIAN_POINT('',(-0.038,0.036,0.007));
#5760=CARTESIAN_POINT('',(-0.037,0.036,0.007));
#5761=CARTESIAN_POINT('',(-0.037,0.036,0.0055));
#5762=CARTESIAN_POINT('',(-0.0485,0.036,0.007));
#5763=CARTESIAN_POINT('',(-0.037,0.036,0.007));
#5764=CARTESIAN_POINT('',(-0.037,0.036,0.006));
#5765=CARTESIAN_POINT('',(-0.0485,-0.006,0.003));
#5766=CARTESIAN_POINT('',(-0.033,-0.006,0.003));
#5767=CARTESIAN_POINT('',(-0.033,-0.006,0.002));
#5768=CARTESIAN_POINT('',(-0.0485,-0.006,0.011));
#5769=CARTESIAN_POINT('',(-0.033,-0.006,0.011));
#5770=CARTESIAN_POINT('',(-0.033,-0.006,0.01));
#5771=CARTESIAN_POINT('',(-0.015,0.04,0.00602141602516602));
#5772=CARTESIAN_POINT('',(-0.05,-0.039375,0.00639417679167926));
#5773=CARTESIAN_POINT('',(0.,-0.03875,0.00714417679167926));
#5774=CARTESIAN_POINT('',(-0.003,-0.03875,0.00714417679167926));
#5775=CARTESIAN_POINT('',(-0.05,-0.03875,0.00714417679167926));
#5776=CARTESIAN_POINT('',(-0.05,-0.039375,0.00789417679167926));
#5777=CARTESIAN_POINT('',(0.,-0.03875,0.00714417679167926));
#5778=CARTESIAN_POINT('',(-0.02,0.015,0.02));
#5779=CARTESIAN_POINT('',(-0.017,0.0124784016666667,0.017));
#5780=CARTESIAN_POINT('',(-0.017,0.0124784016666667,0.017));
#5781=CARTESIAN_POINT('',(-0.02,0.02762347,0.02));
#5782=CARTESIAN_POINT('',(-0.014,0.0186666666666667,0.014));
#5783=CARTESIAN_POINT('',(-0.02,0.02774898,0.0199686225));
#5784=CARTESIAN_POINT('',(-0.014,0.0217777777777778,0.014));
#5785=CARTESIAN_POINT('',(-0.02,0.02787449,0.019937245));
#5786=CARTESIAN_POINT('',(-0.014,0.0248888888888889,0.014));
#5787=CARTESIAN_POINT('',(-0.02,0.028,0.0199058675));
#5788=CARTESIAN_POINT('',(-0.014,0.028,0.014));
#5789=CARTESIAN_POINT('',(-0.01525,0.00873863732916667,0.015026261180648));
#5790=CARTESIAN_POINT('',(-0.014,0.00766275014883826,0.014));
#5791=CARTESIAN_POINT('',(-0.01525,0.00937368437685185,0.0151008407870987));
#5792=CARTESIAN_POINT('',(-0.014,0.00821961121033661,0.014));
#5793=CARTESIAN_POINT('',(-0.01525,0.010008731424537,0.0151754203935493));
#5794=CARTESIAN_POINT('',(-0.014,0.00877647227183497,0.014));
#5795=CARTESIAN_POINT('',(-0.01525,0.0106437784722222,0.01525));
#5796=CARTESIAN_POINT('',(-0.014,0.00933333333333333,0.014));
#5797=CARTESIAN_POINT('',(-0.02,0.01399025918,0.0193727856282887));
#5798=CARTESIAN_POINT('',(-0.0184421220969762,0.0125277772430564,0.0179777616269562));
#5799=CARTESIAN_POINT('',(-0.02,0.0145346627866667,0.0195818570855258));
#5800=CARTESIAN_POINT('',(-0.0184421220969762,0.0130152712220376,0.0181325484502962));
#5801=CARTESIAN_POINT('',(-0.02,0.0150790663933333,0.0197909285427629));
#5802=CARTESIAN_POINT('',(-0.0184421220969762,0.0135027652010188,0.0182873352736362));
#5803=CARTESIAN_POINT('',(-0.02,0.01562347,0.02));
#5804=CARTESIAN_POINT('',(-0.0184421220969761,0.01399025918,0.0184421220969761));
#5805=CARTESIAN_POINT('',(0.,-0.035,0.00714417679167926));
#5806=CARTESIAN_POINT('',(-0.00258866441164506,-0.0350007059876882,0.00866036166295398));
#5807=CARTESIAN_POINT('',(-0.00246786335183799,-0.0350461881307257,0.00886661184413977));
#5808=CARTESIAN_POINT('',(-0.00224326156929378,-0.0351311646587039,0.00916737212198804));
#5809=CARTESIAN_POINT('',(-0.00189021459256169,-0.0352638223931708,0.00947992295549821));
#5810=CARTESIAN_POINT('',(-0.00167588475993326,-0.0353444033381453,0.00963602216903994));
#5811=CARTESIAN_POINT('',(-0.0014741025915502,-0.0354204277914326,0.00975910694988635));
#5812=CARTESIAN_POINT('',(-0.00137505742136598,-0.0354580390177984,0.00981134576197903));
#5813=CARTESIAN_POINT('',(-0.00117869112069015,-0.0355327287945083,0.00990717895543703));
#5814=CARTESIAN_POINT('',(-0.000792766553608246,-0.0356792451792472,0.0100562096704649));
#5815=CARTESIAN_POINT('',(-0.00034208789950803,-0.0358470840891747,0.0101441763085426));
#5816=CARTESIAN_POINT('',(-4.23697799075452E-9,-0.0359760724654618,0.0101441767916763));
#5817=CARTESIAN_POINT('',(-0.0025876608724131,-0.0350003531739295,0.00865985168986218));
#5818=CARTESIAN_POINT('',(-4.93963260370276E-9,-0.0359760743281363,0.0101443706682));
#5819=CARTESIAN_POINT('',(-5.6415580403547E-9,-0.0359760761908107,0.010144176791674));
#5820=CARTESIAN_POINT('',(0.000341984611013105,-0.0358471230352995,0.0101441774347932));
#5821=CARTESIAN_POINT('',(0.000792595581197559,-0.0356793114316735,0.01005625867066));
#5822=CARTESIAN_POINT('',(0.00117857627806392,-0.0355327761784442,0.00990722909374614));
#5823=CARTESIAN_POINT('',(0.00137498792640292,-0.0354580680493081,0.0098113831624299));
#5824=CARTESIAN_POINT('',(0.00147412408133546,-0.0354204202360752,0.00975909467367994));
#5825=CARTESIAN_POINT('',(0.00167584253848765,-0.0353444142533665,0.00963604862870147));
#5826=CARTESIAN_POINT('',(0.00189015997955207,-0.0352638355085667,0.00947996695344907));
#5827=CARTESIAN_POINT('',(0.00224319267832813,-0.03513118424837,0.00916744603584945));
#5828=CARTESIAN_POINT('',(0.00246783554386432,-0.035046198600553,0.00886665932219703));
#5829=CARTESIAN_POINT('',(0.00258866441164574,-0.035000705987688,0.00866036166295282));
#5830=CARTESIAN_POINT('',(0.00258731535969238,-0.035,0.00865949656712796));
#5831=CARTESIAN_POINT('',(0.,-0.035,0.00714417679167926));
#5832=CARTESIAN_POINT('',(0.,-0.035,0.00714417679167926));
#5833=CARTESIAN_POINT('',(-0.0185,-0.035,0.00714417679167926));
#5834=CARTESIAN_POINT('',(0.,-0.035,0.00714417679167926));
#5835=CARTESIAN_POINT('',(0.,-0.035,0.00614417679167926));
#5836=CARTESIAN_POINT('',(0.00258620226199994,-0.035,0.00865835275492786));
#5837=CARTESIAN_POINT('',(0.0029936208163081,-0.035,0.00826187451084269));
#5838=CARTESIAN_POINT('',(0.00323929350674174,-0.035,0.00771323304038567));
#5839=CARTESIAN_POINT('',(0.00323467810205626,-0.035,0.00714417679167927));
#5840=CARTESIAN_POINT('',(0.00323467810205619,-0.035,0.00714417679167926));
#5841=CARTESIAN_POINT('',(0.00323467810205619,-0.035,0.00714417679167925));
#5842=CARTESIAN_POINT('',(-0.0032346781020562,-0.035,0.00714417679167926));
#5843=CARTESIAN_POINT('',(-0.0032346781020562,-0.035,0.00714417679167926));
#5844=CARTESIAN_POINT('',(-0.0032346781020562,-0.035,0.00714417679167926));
#5845=CARTESIAN_POINT('',(-0.00323929530762395,-0.035,0.00771345508013773));
#5846=CARTESIAN_POINT('',(-0.00299370374266626,-0.0350000000000001,0.00826179383035604));
#5847=CARTESIAN_POINT('',(-0.00258620222403423,-0.0350000000000001,0.00865835279187414));
#5848=CARTESIAN_POINT('',(0.,-0.037,0.00714417679167926));
#5849=CARTESIAN_POINT('',(0.,-0.037,0.00714417679167926));
#5850=CARTESIAN_POINT('',(0.,-0.037,0.00564417679167926));
#5851=CARTESIAN_POINT('',(-0.0185,-0.037,0.00714417679167926));
#5852=CARTESIAN_POINT('',(0.,-0.037,0.00714417679167926));
#5853=CARTESIAN_POINT('',(0.,-0.037,0.00614417679167926));
#5854=CARTESIAN_POINT('',(0.,-0.0275,0.00714417679167926));
#5855=CARTESIAN_POINT('',(-0.02,-0.04,0.0142883535833585));
#5856=CARTESIAN_POINT('',(-0.014,-0.04,0.014));
#5857=CARTESIAN_POINT('',(-0.02,-0.0393293333333333,0.0144318466079536));
#5858=CARTESIAN_POINT('',(-0.014,-0.0393224531316667,0.014));
#5859=CARTESIAN_POINT('',(-0.02,-0.0386586666666667,0.0145753396325487));
#5860=CARTESIAN_POINT('',(-0.014,-0.0386449062633333,0.014));
#5861=CARTESIAN_POINT('',(-0.02,-0.037988,0.0147188326571439));
#5862=CARTESIAN_POINT('',(-0.014,-0.037967359395,0.014));
#5863=CARTESIAN_POINT('',(2.6074858084755E-17,0.028,0.002));
#5864=CARTESIAN_POINT('',(-0.000961538461538464,0.0303076923076923,0.002));
#5865=CARTESIAN_POINT('',(0.000961538461538464,0.0303076923076923,0.002));
#5866=CARTESIAN_POINT('',(-0.00373076923076923,0.0291538461538461,0.002));
#5867=CARTESIAN_POINT('',(-0.0346,-0.013,0.011));
#5868=CARTESIAN_POINT('',(-0.0346,-0.013,0.011));
#5869=CARTESIAN_POINT('',(-0.0346,-0.0145,0.011));
#5870=CARTESIAN_POINT('',(-0.01775,-0.0045,0.011));
#5871=CARTESIAN_POINT('',(-0.0346,-0.013,0.011));
#5872=CARTESIAN_POINT('',(-0.0346,-0.014,0.011));
#5873=CARTESIAN_POINT('',(-9.18485099360515E-20,0.028,0.011));
#5874=CARTESIAN_POINT('',(-9.18485099360515E-20,0.028,0.011));
#5875=CARTESIAN_POINT('',(-9.18485099360515E-20,0.0265,0.011));
#5876=CARTESIAN_POINT('',(-0.01775,-0.0045,0.011));
#5877=CARTESIAN_POINT('',(-6.12323399573677E-20,0.028,0.011));
#5878=CARTESIAN_POINT('',(-6.12323399573677E-20,0.027,0.011));
#5879=CARTESIAN_POINT('',(-0.0111,-0.038,0.011));
#5880=CARTESIAN_POINT('',(-0.0111,-0.038,0.011));
#5881=CARTESIAN_POINT('',(-0.0111,-0.0395,0.011));
#5882=CARTESIAN_POINT('',(-0.01775,-0.0045,0.011));
#5883=CARTESIAN_POINT('',(-0.0111,-0.038,0.011));
#5884=CARTESIAN_POINT('',(-0.0111,-0.039,0.011));
#5885=CARTESIAN_POINT('',(-0.0111,-0.038,0.008));
#5886=CARTESIAN_POINT('',(-0.0111,-0.038,0.008));
#5887=CARTESIAN_POINT('',(-0.0111,-0.039,0.008));
#5888=CARTESIAN_POINT('',(-0.01775,-0.0045,0.008));
#5889=CARTESIAN_POINT('',(-0.0346,-0.013,0.008));
#5890=CARTESIAN_POINT('',(-0.0346,-0.013,0.008));
#5891=CARTESIAN_POINT('',(-0.0346,-0.014,0.008));
#5892=CARTESIAN_POINT('',(-0.01775,-0.0045,0.008));
#5893=CARTESIAN_POINT('',(-6.12323399573677E-20,0.028,0.008));
#5894=CARTESIAN_POINT('',(-6.12323399573677E-20,0.028,0.008));
#5895=CARTESIAN_POINT('',(-6.12323399573677E-20,0.027,0.008));
#5896=CARTESIAN_POINT('',(-0.01775,-0.0045,0.008));
#5897=CARTESIAN_POINT('',(-0.033,0.01375,0.007));
#5898=CARTESIAN_POINT('',(-0.033,0.01375,0.007));
#5899=CARTESIAN_POINT('',(-0.037,0.01375,0.007));
#5900=CARTESIAN_POINT('',(0.00771534568604568,0.028,0.018));
#5901=CARTESIAN_POINT('',(0.0065,0.028,0.002));
#5902=CARTESIAN_POINT('',(0.017,0.028,0.01695293375));
#5903=CARTESIAN_POINT('',(0.02,0.028,0.0199058675));
#5904=CARTESIAN_POINT('',(0.00771534568604568,0.028,0.0199058675));
#5905=CARTESIAN_POINT('',(0.0260560230457364,0.028,0.0199058675));
#5906=CARTESIAN_POINT('',(0.0260560230457364,0.028,0.018));
#5907=CARTESIAN_POINT('',(0.039,0.0185,0.018));
#5908=CARTESIAN_POINT('',(0.039,0.0235,0.018));
#5909=CARTESIAN_POINT('',(0.038,0.0235,0.018));
#5910=CARTESIAN_POINT('',(0.038,0.0235,0.02));
#5911=CARTESIAN_POINT('',(0.01,0.0235,0.02));
#5912=CARTESIAN_POINT('',(-0.01,0.0357988035651888,0.0179561666087028));
#5913=CARTESIAN_POINT('',(0.040002,0.02762347,0.02));
#5914=CARTESIAN_POINT('',(0.02,0.02762347,0.02));
#5915=CARTESIAN_POINT('',(-0.01,0.0359741371303777,0.0179123332174055));
#5916=CARTESIAN_POINT('',(0.0343624158898798,0.0359741371303777,0.0179123332174055));
#5917=CARTESIAN_POINT('',(0.0312433365260867,0.0329798209411363,0.0186609122647159));
#5918=CARTESIAN_POINT('',(0.02,0.03562347,0.018));
#5919=CARTESIAN_POINT('',(0.02,0.015,0.02));
#5920=CARTESIAN_POINT('',(0.02,0.02762347,0.02));
#5921=CARTESIAN_POINT('',(0.0189124669106277,0.026,0.0189124669106277));
#5922=CARTESIAN_POINT('',(0.0219375,0.026,0.0219375));
#5923=CARTESIAN_POINT('',(0.02,0.026,0.02));
#5924=CARTESIAN_POINT('',(0.02,-0.00503598948161034,0.02));
#5925=CARTESIAN_POINT('',(0.05,-0.028,0.016));
#5926=CARTESIAN_POINT('',(0.0321,-0.028,0.016));
#5927=CARTESIAN_POINT('',(0.0321,-0.026,0.016));
#5928=CARTESIAN_POINT('',(0.0321,-0.024,0.016));
#5929=CARTESIAN_POINT('',(0.023675,-0.026,0.016));
#5930=CARTESIAN_POINT('',(0.02,-0.026,0.016));
#5931=CARTESIAN_POINT('',(0.02,-0.028,0.016));
#5932=CARTESIAN_POINT('',(0.02,-0.028,0.016));
#5933=CARTESIAN_POINT('',(0.025875,-0.028,0.016));
#5934=CARTESIAN_POINT('',(0.038,-0.028,0.016));
#5935=CARTESIAN_POINT('',(0.038,-0.02925,0.016));
#5936=CARTESIAN_POINT('',(0.038,-0.0305,0.016));
#5937=CARTESIAN_POINT('',(0.039,-0.0305,0.016));
#5938=CARTESIAN_POINT('',(0.05,-0.024,0.016));
#5939=CARTESIAN_POINT('',(0.05,-0.041347725,0.014));
#5940=CARTESIAN_POINT('',(0.02,-0.041347725,0.014));
#5941=CARTESIAN_POINT('',(0.02,-0.038,0.0147162651875189));
#5942=CARTESIAN_POINT('',(0.039,-0.0355,0.0152511546927194));
#5943=CARTESIAN_POINT('',(0.038,-0.0355,0.0152511546927194));
#5944=CARTESIAN_POINT('',(0.038,-0.0361328964430619,0.0151157428266103));
#5945=CARTESIAN_POINT('',(0.038,-0.038,0.0147162651875189));
#5946=CARTESIAN_POINT('',(0.025875,-0.038,0.0147162651875189));
#5947=CARTESIAN_POINT('',(0.05,0.007811735,0.017));
#5948=CARTESIAN_POINT('',(0.023675,0.014,0.0193765264694719));
#5949=CARTESIAN_POINT('',(0.02,0.014,0.0193765264694719));
#5950=CARTESIAN_POINT('',(0.0321,0.014,0.0193765264694719));
#5951=CARTESIAN_POINT('',(0.0321,-0.00389011624473237,0.0125060490743481));
#5952=CARTESIAN_POINT('',(0.0321,0.,0.014));
#5953=CARTESIAN_POINT('',(0.05,0.,0.014));
#5954=CARTESIAN_POINT('',(0.0366666666666667,-4.33680868994202E-19,0.014));
#5955=CARTESIAN_POINT('',(0.0382505995826325,0.00475179874789734,0.0158248694104052));
#5956=CARTESIAN_POINT('',(0.02,0.007811735,0.017));
#5957=CARTESIAN_POINT('',(0.01,-0.00503598948161034,0.02));
#5958=CARTESIAN_POINT('',(0.025875,0.026,0.02));
#5959=CARTESIAN_POINT('',(0.038,0.026,0.02));
#5960=CARTESIAN_POINT('',(0.038,0.02475,0.02));
#5961=CARTESIAN_POINT('',(0.0311607912807016,0.0329005775055667,0.018));
#5962=CARTESIAN_POINT('',(0.0343893563790697,0.036,0.007));
#5963=CARTESIAN_POINT('',(0.033347689712403,0.035,0.007));
#5964=CARTESIAN_POINT('',(0.0328931344933562,0.0345636269897149,0.0201681723009999));
#5965=CARTESIAN_POINT('',(0.0362452054786934,0.0377816151356387,0.0150216205529158));
#5966=CARTESIAN_POINT('',(0.0346360173852646,0.0362367945659471,0.0201113429095514));
#5967=CARTESIAN_POINT('',(0.0385560230457364,0.04,0.00771270503140983));
#5968=CARTESIAN_POINT('',(0.0385560230457363,0.04,0.018));
#5969=CARTESIAN_POINT('',(0.0321,-0.006,0.018));
#5970=CARTESIAN_POINT('',(0.0321,-0.006,0.011));
#5971=CARTESIAN_POINT('',(0.0321,-0.006,0.01));
#5972=CARTESIAN_POINT('',(0.0321,0.014,0.027));
#5973=CARTESIAN_POINT('',(0.0321,-0.006,0.003));
#5974=CARTESIAN_POINT('',(0.0321,-0.026,0.027));
#5975=CARTESIAN_POINT('',(0.0321,-0.00752941176470589,0.0118823529411765));
#5976=CARTESIAN_POINT('',(0.0321,-0.016,0.014));
#5977=CARTESIAN_POINT('',(0.0321,-0.006,0.014));
#5978=CARTESIAN_POINT('',(0.023675,0.014,0.018));
#5979=CARTESIAN_POINT('',(0.02,0.014,0.0193765264694719));
#5980=CARTESIAN_POINT('',(0.0194695852494867,0.014,0.0190925872333023));
#5981=CARTESIAN_POINT('',(0.0189520169026176,0.014,0.0187851491401733));
#5982=CARTESIAN_POINT('',(0.0184514136152845,0.014,0.0184514136152845));
#5983=CARTESIAN_POINT('',(0.0053,0.01625,0.018));
#5984=CARTESIAN_POINT('',(0.0053,-0.013,0.018));
#5985=CARTESIAN_POINT('',(0.0053,0.016,0.018));
#5986=CARTESIAN_POINT('',(-0.01,0.0388908075678193,0.0113671627921628));
#5987=CARTESIAN_POINT('',(-0.01,0.0377816151356387,0.0150216205529158));
#5988=CARTESIAN_POINT('',(0.015,0.04,0.0077127050314098));
#5989=CARTESIAN_POINT('',(0.013,-0.0305,0.018));
#5990=CARTESIAN_POINT('',(0.01375,-0.0305,0.018));
#5991=CARTESIAN_POINT('',(0.023675,-0.026,0.018));
#5992=CARTESIAN_POINT('',(0.0233081,-0.026,0.0171027));
#5993=CARTESIAN_POINT('',(0.038,0.004,0.018));
#5994=CARTESIAN_POINT('',(0.036,-0.002,0.018));
#5995=CARTESIAN_POINT('',(0.036,-0.002,0.014));
#5996=CARTESIAN_POINT('',(0.038,0.004,0.014));
#5997=CARTESIAN_POINT('',(0.036,-0.006,0.018));
#5998=CARTESIAN_POINT('',(0.036,-0.006,0.003));
#5999=CARTESIAN_POINT('',(0.036,-0.006,0.0015));
#6000=CARTESIAN_POINT('',(0.036,-0.006,0.011));
#6001=CARTESIAN_POINT('',(0.036,-0.006,0.0095));
#6002=CARTESIAN_POINT('',(0.036,-0.01,0.018));
#6003=CARTESIAN_POINT('',(0.036,-0.01,0.014));
#6004=CARTESIAN_POINT('',(0.036,-0.006,0.014));
#6005=CARTESIAN_POINT('',(0.039,-0.0305,0.018));
#6006=CARTESIAN_POINT('',(0.038,-0.0305,0.018));
#6007=CARTESIAN_POINT('',(0.038,-0.02925,0.018));
#6008=CARTESIAN_POINT('',(0.038,-0.028,0.018));
#6009=CARTESIAN_POINT('',(0.025875,-0.028,0.018));
#6010=CARTESIAN_POINT('',(0.0252881,-0.028,0.0177627));
#6011=CARTESIAN_POINT('',(0.01375,-0.028,0.018));
#6012=CARTESIAN_POINT('',(0.01375,-0.02925,0.018));
#6013=CARTESIAN_POINT('',(0.006125,-0.03675,0.018));
#6014=CARTESIAN_POINT('',(0.00593941217634123,-0.0367878750660528,0.018));
#6015=CARTESIAN_POINT('',(0.00593941217634122,-0.0367878750660528,0.00714417679167927));
#6016=CARTESIAN_POINT('',(0.00593941217634123,-0.0367878750660528,0.00714417679167927));
#6017=CARTESIAN_POINT('',(0.0059474150532758,-0.0367862418258621,0.00865807127802187));
#6018=CARTESIAN_POINT('',(0.00495071496755233,-0.036989650006622,0.0109224870870272));
#6019=CARTESIAN_POINT('',(0.00228600239447213,-0.0375334688990873,0.0125129665842408));
#6020=CARTESIAN_POINT('',(0.000757827943208944,-0.0378453412360798,0.0127285980475516));
#6021=CARTESIAN_POINT('',(9.56056761536317E-12,-0.0379999999980489,0.0126740452385924));
#6022=CARTESIAN_POINT('',(0.01225,-0.0355,0.018));
#6023=CARTESIAN_POINT('',(0.013,-0.0355,0.018));
#6024=CARTESIAN_POINT('',(0.01375,-0.0355,0.018));
#6025=CARTESIAN_POINT('',(0.01375,-0.03675,0.018));
#6026=CARTESIAN_POINT('',(0.01375,-0.038,0.018));
#6027=CARTESIAN_POINT('',(0.025875,-0.038,0.018));
#6028=CARTESIAN_POINT('',(0.038,-0.038,0.018));
#6029=CARTESIAN_POINT('',(0.0140000000000099,-0.038,0.0140000000000012));
#6030=CARTESIAN_POINT('',(0.0160001702045096,-0.038,0.0142373268374297));
#6031=CARTESIAN_POINT('',(0.018000172577394,-0.038,0.0144760675737506));
#6032=CARTESIAN_POINT('',(0.02,-0.038,0.0147162651875189));
#6033=CARTESIAN_POINT('',(0.038,-0.03675,0.018));
#6034=CARTESIAN_POINT('',(0.038,-0.0355,0.018));
#6035=CARTESIAN_POINT('',(0.039,-0.0355,0.018));
#6036=CARTESIAN_POINT('',(0.00265,0.01875,0.018));
#6037=CARTESIAN_POINT('',(0.00253958333333336,0.0187604166666667,0.018));
#6038=CARTESIAN_POINT('',(0.025875,0.016,0.018));
#6039=CARTESIAN_POINT('',(0.038,0.01725,0.018));
#6040=CARTESIAN_POINT('',(0.038,0.026,0.018));
#6041=CARTESIAN_POINT('',(0.038,-0.016,0.018));
#6042=CARTESIAN_POINT('',(0.038,-0.016,0.014));
#6043=CARTESIAN_POINT('',(0.038,-0.016,0.014));
#6044=CARTESIAN_POINT('',(0.0382840236686391,-0.0168520710059171,0.0142130177514793));
#6045=CARTESIAN_POINT('',(0.01375,0.02475,0.018));
#6046=CARTESIAN_POINT('',(0.01375,0.026,0.018));
#6047=CARTESIAN_POINT('',(0.01375,0.0235,0.018));
#6048=CARTESIAN_POINT('',(0.0126064260697493,0.0235,0.018));
#6049=CARTESIAN_POINT('',(0.01225,0.0235,0.018));
#6050=CARTESIAN_POINT('',(0.00956597422266062,0.0240477603627223,0.018));
#6051=CARTESIAN_POINT('',(0.025875,0.026,0.018));
#6052=CARTESIAN_POINT('',(0.014,0.026,0.014));
#6053=CARTESIAN_POINT('',(0.0148238319187373,0.026,0.014813676645654));
#6054=CARTESIAN_POINT('',(0.0164672269466328,0.026,0.0164451553028153));
#6055=CARTESIAN_POINT('',(0.0181168541467604,0.026,0.0180710861910136));
#6056=CARTESIAN_POINT('',(0.0189124669106277,0.026,0.0189124669106277));
#6057=CARTESIAN_POINT('',(-0.01,0.0368778761330082,0.0164669768851607));
#6058=CARTESIAN_POINT('',(0.05,-0.008,0.014));
#6059=CARTESIAN_POINT('',(0.0346,-0.013,0.014));
#6060=CARTESIAN_POINT('',(0.0346,-0.0145,0.014));
#6061=CARTESIAN_POINT('',(0.05,-0.016,0.014));
#6062=CARTESIAN_POINT('',(0.05,-0.02,0.015));
#6063=CARTESIAN_POINT('',(0.00253958333333336,0.0187604166666667,0.018));
#6064=CARTESIAN_POINT('',(0.034,-0.006,0.011));
#6065=CARTESIAN_POINT('',(0.033,-0.006,0.011));
#6066=CARTESIAN_POINT('',(0.033,-0.006,0.0095));
#6067=CARTESIAN_POINT('',(0.034,-0.006,0.003));
#6068=CARTESIAN_POINT('',(0.033,-0.006,0.003));
#6069=CARTESIAN_POINT('',(0.033,-0.006,0.0015));
#6070=CARTESIAN_POINT('',(0.038,0.036,0.007));
#6071=CARTESIAN_POINT('',(0.037,0.036,0.007));
#6072=CARTESIAN_POINT('',(0.037,0.036,0.0055));
#6073=CARTESIAN_POINT('',(0.0485,0.036,0.007));
#6074=CARTESIAN_POINT('',(0.037,0.036,0.007));
#6075=CARTESIAN_POINT('',(0.037,0.036,0.006));
#6076=CARTESIAN_POINT('',(0.0485,-0.006,0.003));
#6077=CARTESIAN_POINT('',(0.033,-0.006,0.003));
#6078=CARTESIAN_POINT('',(0.033,-0.006,0.002));
#6079=CARTESIAN_POINT('',(0.0485,-0.006,0.011));
#6080=CARTESIAN_POINT('',(0.033,-0.006,0.011));
#6081=CARTESIAN_POINT('',(0.033,-0.006,0.01));
#6082=CARTESIAN_POINT('',(0.015,0.04,0.00602141602516602));
#6083=CARTESIAN_POINT('',(0.05,-0.039375,0.00639417679167926));
#6084=CARTESIAN_POINT('',(0.,-0.03875,0.00714417679167926));
#6085=CARTESIAN_POINT('',(0.003,-0.03875,0.00714417679167926));
#6086=CARTESIAN_POINT('',(0.05,-0.03875,0.00714417679167926));
#6087=CARTESIAN_POINT('',(0.05,-0.039375,0.00789417679167926));
#6088=CARTESIAN_POINT('',(0.,-0.03875,0.00714417679167926));
#6089=CARTESIAN_POINT('',(0.02,0.02762347,0.02));
#6090=CARTESIAN_POINT('',(0.014,0.0186666666666667,0.014));
#6091=CARTESIAN_POINT('',(0.02,0.02774898,0.0199686225));
#6092=CARTESIAN_POINT('',(0.014,0.0217777777777778,0.014));
#6093=CARTESIAN_POINT('',(0.02,0.02787449,0.019937245));
#6094=CARTESIAN_POINT('',(0.014,0.0248888888888889,0.014));
#6095=CARTESIAN_POINT('',(0.02,0.028,0.0199058675));
#6096=CARTESIAN_POINT('',(0.014,0.028,0.014));
#6097=CARTESIAN_POINT('',(0.02,0.01399025918,0.0193727856282887));
#6098=CARTESIAN_POINT('',(0.0184421220969762,0.0125277772430564,0.0179777616269562));
#6099=CARTESIAN_POINT('',(0.02,0.0145346627866667,0.0195818570855258));
#6100=CARTESIAN_POINT('',(0.0184421220969762,0.0130152712220376,0.0181325484502962));
#6101=CARTESIAN_POINT('',(0.02,0.0150790663933333,0.0197909285427629));
#6102=CARTESIAN_POINT('',(0.0184421220969762,0.0135027652010188,0.0182873352736362));
#6103=CARTESIAN_POINT('',(0.02,0.01562347,0.02));
#6104=CARTESIAN_POINT('',(0.0184421220969762,0.01399025918,0.0184421220969762));
#6105=CARTESIAN_POINT('',(0.,-0.035,0.00714417679167926));
#6106=CARTESIAN_POINT('',(0.02,-0.04,0.0142883535833585));
#6107=CARTESIAN_POINT('',(0.014,-0.04,0.014));
#6108=CARTESIAN_POINT('',(0.02,-0.0393293333333333,0.0144318466079536));
#6109=CARTESIAN_POINT('',(0.014,-0.0393224531316667,0.014));
#6110=CARTESIAN_POINT('',(0.02,-0.0386586666666667,0.0145753396325487));
#6111=CARTESIAN_POINT('',(0.014,-0.0386449062633333,0.014));
#6112=CARTESIAN_POINT('',(0.02,-0.037988,0.0147188326571439));
#6113=CARTESIAN_POINT('',(0.014,-0.037967359395,0.014));
#6114=CARTESIAN_POINT('',(0.00373076923076923,0.0291538461538461,0.002));
#6115=CARTESIAN_POINT('',(0.0346,-0.013,0.011));
#6116=CARTESIAN_POINT('',(0.0346,-0.013,0.011));
#6117=CARTESIAN_POINT('',(0.0346,-0.0145,0.011));
#6118=CARTESIAN_POINT('',(0.01775,-0.0045,0.011));
#6119=CARTESIAN_POINT('',(0.0346,-0.013,0.011));
#6120=CARTESIAN_POINT('',(0.0346,-0.014,0.011));
#6121=CARTESIAN_POINT('',(0.0111,-0.038,0.011));
#6122=CARTESIAN_POINT('',(0.0111,-0.038,0.011));
#6123=CARTESIAN_POINT('',(0.0111,-0.0395,0.011));
#6124=CARTESIAN_POINT('',(0.01775,-0.0045,0.011));
#6125=CARTESIAN_POINT('',(0.0111,-0.038,0.011));
#6126=CARTESIAN_POINT('',(0.0111,-0.039,0.011));
#6127=CARTESIAN_POINT('',(0.0111,-0.038,0.008));
#6128=CARTESIAN_POINT('',(0.0111,-0.038,0.008));
#6129=CARTESIAN_POINT('',(0.0111,-0.039,0.008));
#6130=CARTESIAN_POINT('',(0.01775,-0.0045,0.008));
#6131=CARTESIAN_POINT('',(0.0346,-0.013,0.008));
#6132=CARTESIAN_POINT('',(0.0346,-0.013,0.008));
#6133=CARTESIAN_POINT('',(0.0346,-0.014,0.008));
#6134=CARTESIAN_POINT('',(0.01775,-0.0045,0.008));
#6135=CARTESIAN_POINT('',(0.033,0.01375,0.007));
#6136=CARTESIAN_POINT('',(0.033,0.01375,0.007));
#6137=CARTESIAN_POINT('',(0.037,0.01375,0.007));
#6138=CARTESIAN_POINT('',(0.00895,0.0144528301886792,0.001998));
#6139=CARTESIAN_POINT('',(0.00895,-0.0125,0.002));
#6140=CARTESIAN_POINT('',(0.00895,0.0151648485070311,0.014));
#6141=CARTESIAN_POINT('',(8.67361737988404E-19,-0.017,0.001998));
#6142=CARTESIAN_POINT('',(0.00445,-0.017,0.014));
#6143=CARTESIAN_POINT('',(0.0053,-0.013,0.018));
#6144=CARTESIAN_POINT('',(0.00445,-0.017,0.001998));
#6145=CARTESIAN_POINT('',(0.00895,0.0151648485070311,0.001998));
#6146=CARTESIAN_POINT('',(-0.003,-0.0348448737969459,0.00414417679167926));
#6147=CARTESIAN_POINT('',(-0.00593941217634122,-0.0367878750660528,0.00714417679167926));
#6148=CARTESIAN_POINT('',(-0.00503783415157954,-0.0361919167107019,0.00714417679167926));
#6149=CARTESIAN_POINT('',(-0.00413625612681787,-0.0355959583553509,0.00714417679167926));
#6150=CARTESIAN_POINT('',(-0.00323467810205619,-0.035,0.00714417679167926));
#6151=CARTESIAN_POINT('',(0.00045218726958036,-0.0380922831162409,0.0126216954525149));
#6152=CARTESIAN_POINT('',(-0.00112403981265115,-0.0377706041198671,0.0128744645369504));
#6153=CARTESIAN_POINT('',(-0.00279126796547643,-0.0374303534764334,0.0123917620424823));
#6154=CARTESIAN_POINT('',(-0.00521555690679631,-0.0369356006312661,0.0103141775461931));
#6155=CARTESIAN_POINT('',(-0.00594785090261934,-0.0367861528770164,0.0087405203677008));
#6156=CARTESIAN_POINT('',(-0.00593941217634122,-0.0367878750660528,0.00714417679167926));
#6157=CARTESIAN_POINT('',(0.000459355754224725,-0.036149281847134,0.0101088002569882));
#6158=CARTESIAN_POINT('',(-0.00039375312298468,-0.0358276028507602,0.0102456076702391));
#6159=CARTESIAN_POINT('',(-0.00129611510454764,-0.0354873521461321,0.00998435216527586));
#6160=CARTESIAN_POINT('',(-0.00260822420891522,-0.0349925994233536,0.00885989150953003));
#6161=CARTESIAN_POINT('',(-0.00300456733194179,-0.0348431516079095,0.00800817341445785));
#6162=CARTESIAN_POINT('',(-0.003,-0.0348448737969459,0.00714417679167926));
#6163=CARTESIAN_POINT('',(3.61285979431913E-14,-0.0380000000000074,0.0126740452379015));
#6164=CARTESIAN_POINT('',(3.61308386276811E-14,-0.037140458608814,0.0115831953671892));
#6165=CARTESIAN_POINT('',(7.87311477586557E-17,-0.0364658092496432,0.010740001296994));
#6166=CARTESIAN_POINT('',(7.65446733774766E-17,-0.0359760749283757,0.0101445655830522));
#6167=CARTESIAN_POINT('',(-0.000459355754224723,-0.036149281847134,0.0101088002569882));
#6168=CARTESIAN_POINT('',(0.000393753122984682,-0.0358276028507602,0.0102456076702391));
#6169=CARTESIAN_POINT('',(0.00129611510454764,-0.0354873521461321,0.00998435216527586));
#6170=CARTESIAN_POINT('',(0.00260822420891522,-0.0349925994233535,0.00885989150953003));
#6171=CARTESIAN_POINT('',(0.0030045673319418,-0.0348431516079095,0.00800817341445786));
#6172=CARTESIAN_POINT('',(0.003,-0.0348448737969459,0.00714417679167926));
#6173=CARTESIAN_POINT('',(-0.000452187269580359,-0.0380922831162409,0.0126216954525149));
#6174=CARTESIAN_POINT('',(0.00112403981265115,-0.0377706041198671,0.0128744645369504));
#6175=CARTESIAN_POINT('',(0.00279126796547643,-0.0374303534764334,0.0123917620424823));
#6176=CARTESIAN_POINT('',(0.00521555690679631,-0.0369356006312661,0.0103141775461931));
#6177=CARTESIAN_POINT('',(0.00594785090261934,-0.0367861528770164,0.0087405203677008));
#6178=CARTESIAN_POINT('',(0.00593941217634122,-0.0367878750660528,0.00714417679167927));
#6179=CARTESIAN_POINT('',(0.0032346781020562,-0.035,0.00714417679167926));
#6180=CARTESIAN_POINT('',(0.00413625612681787,-0.0355959583553509,0.00714417679167926));
#6181=CARTESIAN_POINT('',(0.00503783415157955,-0.0361919167107019,0.00714417679167926));
#6182=CARTESIAN_POINT('',(0.00593941217634123,-0.0367878750660528,0.00714417679167926));
#6183=CARTESIAN_POINT('',(0.00593941217634123,-0.0367878750660528,0.018));
#6184=CARTESIAN_POINT('',(-0.0028,0.,0.0084));
#6185=CARTESIAN_POINT('',(-0.014925,-0.01925,0.027));
#6186=MECHANICAL_DESIGN_GEOMETRIC_PRESENTATION_REPRESENTATION('',(#3771),
#6187);
#6187=(
GEOMETRIC_REPRESENTATION_CONTEXT(3)
GLOBAL_UNCERTAINTY_ASSIGNED_CONTEXT((#6188))
GLOBAL_UNIT_ASSIGNED_CONTEXT((#6191,#6190,#6189))
REPRESENTATION_CONTEXT('Part 1','TOP_LEVEL_ASSEMBLY_PART')
);
#6188=UNCERTAINTY_MEASURE_WITH_UNIT(LENGTH_MEASURE(2.E-5),#6191,
'DISTANCE_ACCURACY_VALUE','Maximum Tolerance applied to model');
#6189=(
NAMED_UNIT(*)
SI_UNIT($,.STERADIAN.)
SOLID_ANGLE_UNIT()
);
#6190=(
NAMED_UNIT(*)
PLANE_ANGLE_UNIT()
SI_UNIT($,.RADIAN.)
);
#6191=(
LENGTH_UNIT()
NAMED_UNIT(*)
SI_UNIT($,.METRE.)
);
#6192=PRODUCT_DEFINITION_SHAPE('','',#6193);
#6193=PRODUCT_DEFINITION('','',#6195,#6194);
#6194=PRODUCT_DEFINITION_CONTEXT('',#6201,'design');
#6195=PRODUCT_DEFINITION_FORMATION_WITH_SPECIFIED_SOURCE('','',#6197,
 .NOT_KNOWN.);
#6196=PRODUCT_RELATED_PRODUCT_CATEGORY('','',(#6197));
#6197=PRODUCT('Part 1','Part 1','Part 1',(#6199));
#6198=PRODUCT_CATEGORY('','');
#6199=PRODUCT_CONTEXT('',#6201,'mechanical');
#6200=APPLICATION_PROTOCOL_DEFINITION('international standard',
'ap242_managed_model_based_3d_engineering',2020,#6201);
#6201=APPLICATION_CONTEXT('managed model based 3d engineering');
ENDSEC;
END-ISO-10303-21;
