ISO-10303-21;
HEADER;
/* Generated by software containing ST-Developer
 * from STEP Tools, Inc. (www.steptools.com) 
 */
/* OPTION: using custom renumber hook */

FILE_DESCRIPTION(
/* description */ ('STEP AP242 Edition 2',
'CAx-IF Rec.Pracs.---Representation and Presentation of Product Manufa
cturing Information (PMI)---4.0---2014-10-13',
'CAx-IF Rec.Pracs.---3D Tessellated Geometry---0.4---2014-09-14','2;1',
'CAx-IF Rec.Pracs.---User Defined Attributes---1.5---2016-08-15'),
/* implementation_level */ '2;1');

FILE_NAME(
/* name */ 'Havoc F v5 Long - Part 2',
/* time_stamp */ '2026-05-25T18:05:07Z',
/* author */ (''),
/* organization */ (''),
/* preprocessor_version */ 'ST-DEVELOPER v20',
/* originating_system */ 'ONSHAPE BY PTC INC, 1.215',
/* authorisation */ '  ');

FILE_SCHEMA (('AP242_MANAGED_MODEL_BASED_3D_ENGINEERING_MIM_LF { 1 0 10303 442 3 1 4 }'));
ENDSEC;

DATA;
#10=SHAPE_REPRESENTATION_RELATIONSHIP('','',#4530,#11);
#11=ADVANCED_BREP_SHAPE_REPRESENTATION('',(#4528),#7759);
#12=(
BOUNDED_SURFACE()
B_SPLINE_SURFACE(3,2,((#6610,#6611,#6612),(#6613,#6614,#6615),(#6616,#6617,
#6618),(#6619,#6620,#6621),(#6622,#6623,#6624),(#6625,#6626,#6627),(#6628,
#6629,#6630),(#6631,#6632,#6633)),.UNSPECIFIED.,.F.,.F.,.F.)
B_SPLINE_SURFACE_WITH_KNOTS((4,1,1,1,1,4),(3,3),(2.58571413289305,3.5285990523863,
4.47148397187955,4.94292643162618,5.41436889137281,6.35725381086606),(0.,
1.),.UNSPECIFIED.)
GEOMETRIC_REPRESENTATION_ITEM()
RATIONAL_B_SPLINE_SURFACE(((1.,0.780977118825267,1.),(1.,0.794717982799937,
1.),(1.,0.799434578513101,1.),(1.,0.744649487242911,1.),(1.,0.685578533542287,
1.),(1.,0.628910258129314,1.),(1.,0.606581884861493,1.),(1.,0.609052784886418,
1.)))
REPRESENTATION_ITEM('')
SURFACE()
);
#13=(
BOUNDED_SURFACE()
B_SPLINE_SURFACE(3,2,((#6643,#6644,#6645),(#6646,#6647,#6648),(#6649,#6650,
#6651),(#6652,#6653,#6654),(#6655,#6656,#6657),(#6658,#6659,#6660),(#6661,
#6662,#6663),(#6664,#6665,#6666),(#6667,#6668,#6669),(#6670,#6671,#6672)),
 .UNSPECIFIED.,.F.,.F.,.F.)
B_SPLINE_SURFACE_WITH_KNOTS((4,1,1,1,1,1,1,4),(3,3),(5.33696298890137,5.68231844503616,
6.02767390117095,6.37302935730574,6.71838481344054,7.06374026957533,7.40909572571012,
8.0998066379797),(0.,1.),.UNSPECIFIED.)
GEOMETRIC_REPRESENTATION_ITEM()
RATIONAL_B_SPLINE_SURFACE(((1.,0.589145503143513,1.),(1.,0.568420981186442,
1.),(1.,0.529889231631158,1.),(1.,0.491999191492979,1.),(1.,0.484048214806124,
1.),(1.,0.50851975289333,1.),(1.,0.558201210473868,1.),(1.,0.643147718511792,
1.),(1.,0.711865938913936,1.),(1.,0.750756730956132,1.)))
REPRESENTATION_ITEM('')
SURFACE()
);
#14=(
BOUNDED_SURFACE()
B_SPLINE_SURFACE(3,2,((#6673,#6674,#6675),(#6676,#6677,#6678),(#6679,#6680,
#6681),(#6682,#6683,#6684),(#6685,#6686,#6687)),.UNSPECIFIED.,.F.,.F.,.F.)
B_SPLINE_SURFACE_WITH_KNOTS((4,1,4),(3,3),(0.193669183427899,0.808862919237181,
1.42405665504646),(0.,1.),.UNSPECIFIED.)
GEOMETRIC_REPRESENTATION_ITEM()
RATIONAL_B_SPLINE_SURFACE(((1.,0.518313295960255,1.),(1.,0.527289210404778,
1.),(1.,0.574196529014247,1.),(1.,0.647248761694287,1.),(1.,0.682296734391831,
1.)))
REPRESENTATION_ITEM('')
SURFACE()
);
#15=(
BOUNDED_SURFACE()
B_SPLINE_SURFACE(3,2,((#6697,#6698,#6699),(#6700,#6701,#6702),(#6703,#6704,
#6705),(#6706,#6707,#6708),(#6709,#6710,#6711),(#6712,#6713,#6714),(#6715,
#6716,#6717)),.UNSPECIFIED.,.F.,.F.,.F.)
B_SPLINE_SURFACE_WITH_KNOTS((4,1,1,1,4),(3,3),(3.97153994083574,4.50489719147805,
5.03825444212035,5.57161169276266,6.10496894340497),(0.,1.),
 .UNSPECIFIED.)
GEOMETRIC_REPRESENTATION_ITEM()
RATIONAL_B_SPLINE_SURFACE(((1.,0.816842822184447,1.),(1.,0.79694550441366,
1.),(1.,0.745781896122435,1.),(1.,0.648288470058577,1.),(1.,0.55264408819146,
1.),(1.,0.513819667609691,1.),(1.,0.506104523929794,1.)))
REPRESENTATION_ITEM('')
SURFACE()
);
#16=(
BOUNDED_SURFACE()
B_SPLINE_SURFACE(3,2,((#6723,#6724,#6725),(#6726,#6727,#6728),(#6729,#6730,
#6731),(#6732,#6733,#6734),(#6735,#6736,#6737)),.UNSPECIFIED.,.F.,.F.,.F.)
B_SPLINE_SURFACE_WITH_KNOTS((4,1,4),(3,3),(4.87704765133746,5.49507610219684,
6.11310455305621),(0.,1.),.UNSPECIFIED.)
GEOMETRIC_REPRESENTATION_ITEM()
RATIONAL_B_SPLINE_SURFACE(((1.,0.679329114072264,1.),(1.,0.644186180606543,
1.),(1.,0.571299677108336,1.),(1.,0.526018356088725,1.),(1.,0.518112152333309,
1.)))
REPRESENTATION_ITEM('')
SURFACE()
);
#17=(
BOUNDED_SURFACE()
B_SPLINE_SURFACE(3,2,((#6742,#6743,#6744),(#6745,#6746,#6747),(#6748,#6749,
#6750),(#6751,#6752,#6753),(#6754,#6755,#6756),(#6757,#6758,#6759),(#6760,
#6761,#6762)),.UNSPECIFIED.,.F.,.F.,.F.)
B_SPLINE_SURFACE_WITH_KNOTS((4,1,1,1,4),(3,3),(0.150676483664456,0.686727599886566,
1.22277871610868,1.75882983233078,2.29488094855289),(0.,1.),
 .UNSPECIFIED.)
GEOMETRIC_REPRESENTATION_ITEM()
RATIONAL_B_SPLINE_SURFACE(((1.,0.505730031923934,1.),(1.,0.512280881324611,
1.),(1.,0.54924716642608,1.),(1.,0.644268276464327,1.),(1.,0.742410011191517,
1.),(1.,0.794351573423073,1.),(1.,0.814646594882368,1.)))
REPRESENTATION_ITEM('')
SURFACE()
);
#18=(
BOUNDED_SURFACE()
B_SPLINE_SURFACE(3,2,((#6763,#6764,#6765),(#6766,#6767,#6768),(#6769,#6770,
#6771),(#6772,#6773,#6774),(#6775,#6776,#6777)),.UNSPECIFIED.,.F.,.F.,.F.)
B_SPLINE_SURFACE_WITH_KNOTS((4,1,4),(3,3),(1.48400952762995,2.41446562733702,
3.34492172704408),(0.,1.),.UNSPECIFIED.)
GEOMETRIC_REPRESENTATION_ITEM()
RATIONAL_B_SPLINE_SURFACE(((1.,0.692506255082946,1.),(1.,0.745102105747939,
1.),(1.,0.840212611829864,1.),(1.,0.863563671362509,1.),(1.,0.85492820100396,
1.)))
REPRESENTATION_ITEM('')
SURFACE()
);
#19=(
BOUNDED_SURFACE()
B_SPLINE_SURFACE(3,2,((#6786,#6787,#6788),(#6789,#6790,#6791),(#6792,#6793,
#6794),(#6795,#6796,#6797),(#6798,#6799,#6800),(#6801,#6802,#6803),(#6804,
#6805,#6806)),.UNSPECIFIED.,.F.,.F.,.F.)
B_SPLINE_SURFACE_WITH_KNOTS((4,1,1,1,4),(3,3),(4.82487946796586,5.16219259418665,
5.49950572040744,5.83681884662824,6.17413197284903),(0.,1.),
 .UNSPECIFIED.)
GEOMETRIC_REPRESENTATION_ITEM()
RATIONAL_B_SPLINE_SURFACE(((1.,0.678303441446713,1.),(1.,0.64902647221898,
1.),(1.,0.587705143262573,1.),(1.,0.495935684273497,1.),(1.,0.41774615259357,
1.),(1.,0.388598551095594,1.),(1.,0.38291819395394,1.)))
REPRESENTATION_ITEM('')
SURFACE()
);
#20=(
BOUNDED_SURFACE()
B_SPLINE_SURFACE(3,2,((#6812,#6813,#6814),(#6815,#6816,#6817),(#6818,#6819,
#6820),(#6821,#6822,#6823),(#6824,#6825,#6826)),.UNSPECIFIED.,.F.,.F.,.F.)
B_SPLINE_SURFACE_WITH_KNOTS((4,1,4),(3,3),(2.94441124411945,3.88087228423066,
4.81733332434188),(0.,1.),.UNSPECIFIED.)
GEOMETRIC_REPRESENTATION_ITEM()
RATIONAL_B_SPLINE_SURFACE(((1.,0.854632763208626,1.),(1.,0.863038623804385,
1.),(1.,0.838776018931478,1.),(1.,0.742376696336554,1.),(1.,0.689484281325955,
1.)))
REPRESENTATION_ITEM('')
SURFACE()
);
#21=(
BOUNDED_SURFACE()
B_SPLINE_SURFACE(3,2,((#6831,#6832,#6833),(#6834,#6835,#6836),(#6837,#6838,
#6839),(#6840,#6841,#6842),(#6843,#6844,#6845),(#6846,#6847,#6848),(#6849,
#6850,#6851)),.UNSPECIFIED.,.F.,.F.,.F.)
B_SPLINE_SURFACE_WITH_KNOTS((4,1,1,1,4),(3,3),(0.0737972956222001,0.417560902659255,
0.76132450969631,1.10508811673336,1.44885172377042),(0.,1.),
 .UNSPECIFIED.)
GEOMETRIC_REPRESENTATION_ITEM()
RATIONAL_B_SPLINE_SURFACE(((1.,0.381866490540512,1.),(1.,0.38579518821735,
1.),(1.,0.412464605623091,1.),(1.,0.490306976742779,1.),(1.,0.583417006774689,
1.),(1.,0.645986979967536,1.),(1.,0.675869282298965,1.)))
REPRESENTATION_ITEM('')
SURFACE()
);
#22=(
BOUNDED_SURFACE()
B_SPLINE_SURFACE(3,2,((#6869,#6870,#6871),(#6872,#6873,#6874),(#6875,#6876,
#6877),(#6878,#6879,#6880),(#6881,#6882,#6883),(#6884,#6885,#6886),(#6887,
#6888,#6889)),.UNSPECIFIED.,.F.,.F.,.F.)
B_SPLINE_SURFACE_WITH_KNOTS((4,1,1,1,4),(3,3),(3.00875987762483,3.80358281898305,
4.59840576034126,5.39322870169948,6.1880516430577),(0.,1.),
 .UNSPECIFIED.)
GEOMETRIC_REPRESENTATION_ITEM()
RATIONAL_B_SPLINE_SURFACE(((1.,0.808783098548483,1.),(1.,0.812156318653504,
1.),(1.,0.798104902559996,1.),(1.,0.722903148909238,1.),(1.,0.627306601576694,
1.),(1.,0.590870307066827,1.),(1.,0.587539948738689,1.)))
REPRESENTATION_ITEM('')
SURFACE()
);
#23=(
BOUNDED_SURFACE()
B_SPLINE_SURFACE(3,2,((#7475,#7476,#7477),(#7478,#7479,#7480),(#7481,#7482,
#7483),(#7484,#7485,#7486),(#7487,#7488,#7489),(#7490,#7491,#7492),(#7493,
#7494,#7495),(#7496,#7497,#7498)),.UNSPECIFIED.,.F.,.F.,.F.)
B_SPLINE_SURFACE_WITH_KNOTS((4,1,1,1,1,4),(3,3),(2.58571413289305,3.5285990523863,
4.47148397187955,4.94292643162618,5.41436889137281,6.35725381086606),(0.,
1.),.UNSPECIFIED.)
GEOMETRIC_REPRESENTATION_ITEM()
RATIONAL_B_SPLINE_SURFACE(((1.,0.780977118825267,1.),(1.,0.794717982799937,
1.),(1.,0.799434578513101,1.),(1.,0.744649487242911,1.),(1.,0.685578533542287,
1.),(1.,0.628910258129314,1.),(1.,0.606581884861493,1.),(1.,0.609052784886418,
1.)))
REPRESENTATION_ITEM('')
SURFACE()
);
#24=(
BOUNDED_SURFACE()
B_SPLINE_SURFACE(3,2,((#7508,#7509,#7510),(#7511,#7512,#7513),(#7514,#7515,
#7516),(#7517,#7518,#7519),(#7520,#7521,#7522),(#7523,#7524,#7525),(#7526,
#7527,#7528),(#7529,#7530,#7531),(#7532,#7533,#7534),(#7535,#7536,#7537)),
 .UNSPECIFIED.,.F.,.F.,.F.)
B_SPLINE_SURFACE_WITH_KNOTS((4,1,1,1,1,1,1,4),(3,3),(5.33696298890137,5.68231844503616,
6.02767390117095,6.37302935730574,6.71838481344054,7.06374026957533,7.40909572571012,
8.0998066379797),(0.,1.),.UNSPECIFIED.)
GEOMETRIC_REPRESENTATION_ITEM()
RATIONAL_B_SPLINE_SURFACE(((1.,0.589145503143513,1.),(1.,0.568420981186442,
1.),(1.,0.529889231631158,1.),(1.,0.491999191492979,1.),(1.,0.484048214806124,
1.),(1.,0.50851975289333,1.),(1.,0.558201210473868,1.),(1.,0.643147718511792,
1.),(1.,0.711865938913936,1.),(1.,0.750756730956132,1.)))
REPRESENTATION_ITEM('')
SURFACE()
);
#25=(
BOUNDED_SURFACE()
B_SPLINE_SURFACE(3,2,((#7538,#7539,#7540),(#7541,#7542,#7543),(#7544,#7545,
#7546),(#7547,#7548,#7549),(#7550,#7551,#7552)),.UNSPECIFIED.,.F.,.F.,.F.)
B_SPLINE_SURFACE_WITH_KNOTS((4,1,4),(3,3),(0.193669183427899,0.808862919237181,
1.42405665504646),(0.,1.),.UNSPECIFIED.)
GEOMETRIC_REPRESENTATION_ITEM()
RATIONAL_B_SPLINE_SURFACE(((1.,0.518313295960255,1.),(1.,0.527289210404778,
1.),(1.,0.574196529014247,1.),(1.,0.647248761694287,1.),(1.,0.682296734391831,
1.)))
REPRESENTATION_ITEM('')
SURFACE()
);
#26=(
BOUNDED_SURFACE()
B_SPLINE_SURFACE(3,2,((#7562,#7563,#7564),(#7565,#7566,#7567),(#7568,#7569,
#7570),(#7571,#7572,#7573),(#7574,#7575,#7576),(#7577,#7578,#7579),(#7580,
#7581,#7582)),.UNSPECIFIED.,.F.,.F.,.F.)
B_SPLINE_SURFACE_WITH_KNOTS((4,1,1,1,4),(3,3),(3.97153994083574,4.50489719147805,
5.03825444212035,5.57161169276266,6.10496894340497),(0.,1.),
 .UNSPECIFIED.)
GEOMETRIC_REPRESENTATION_ITEM()
RATIONAL_B_SPLINE_SURFACE(((1.,0.816842822184447,1.),(1.,0.79694550441366,
1.),(1.,0.745781896122435,1.),(1.,0.648288470058577,1.),(1.,0.55264408819146,
1.),(1.,0.513819667609691,1.),(1.,0.506104523929794,1.)))
REPRESENTATION_ITEM('')
SURFACE()
);
#27=(
BOUNDED_SURFACE()
B_SPLINE_SURFACE(3,2,((#7588,#7589,#7590),(#7591,#7592,#7593),(#7594,#7595,
#7596),(#7597,#7598,#7599),(#7600,#7601,#7602)),.UNSPECIFIED.,.F.,.F.,.F.)
B_SPLINE_SURFACE_WITH_KNOTS((4,1,4),(3,3),(4.87704765133746,5.49507610219684,
6.11310455305621),(0.,1.),.UNSPECIFIED.)
GEOMETRIC_REPRESENTATION_ITEM()
RATIONAL_B_SPLINE_SURFACE(((1.,0.679329114072264,1.),(1.,0.644186180606543,
1.),(1.,0.571299677108336,1.),(1.,0.526018356088725,1.),(1.,0.518112152333309,
1.)))
REPRESENTATION_ITEM('')
SURFACE()
);
#28=(
BOUNDED_SURFACE()
B_SPLINE_SURFACE(3,2,((#7607,#7608,#7609),(#7610,#7611,#7612),(#7613,#7614,
#7615),(#7616,#7617,#7618),(#7619,#7620,#7621),(#7622,#7623,#7624),(#7625,
#7626,#7627)),.UNSPECIFIED.,.F.,.F.,.F.)
B_SPLINE_SURFACE_WITH_KNOTS((4,1,1,1,4),(3,3),(0.150676483664456,0.686727599886566,
1.22277871610868,1.75882983233078,2.29488094855289),(0.,1.),
 .UNSPECIFIED.)
GEOMETRIC_REPRESENTATION_ITEM()
RATIONAL_B_SPLINE_SURFACE(((1.,0.505730031923934,1.),(1.,0.512280881324611,
1.),(1.,0.54924716642608,1.),(1.,0.644268276464327,1.),(1.,0.742410011191517,
1.),(1.,0.794351573423073,1.),(1.,0.814646594882368,1.)))
REPRESENTATION_ITEM('')
SURFACE()
);
#29=(
BOUNDED_SURFACE()
B_SPLINE_SURFACE(3,2,((#7628,#7629,#7630),(#7631,#7632,#7633),(#7634,#7635,
#7636),(#7637,#7638,#7639),(#7640,#7641,#7642)),.UNSPECIFIED.,.F.,.F.,.F.)
B_SPLINE_SURFACE_WITH_KNOTS((4,1,4),(3,3),(1.48400952762995,2.41446562733702,
3.34492172704408),(0.,1.),.UNSPECIFIED.)
GEOMETRIC_REPRESENTATION_ITEM()
RATIONAL_B_SPLINE_SURFACE(((1.,0.692506255082946,1.),(1.,0.745102105747939,
1.),(1.,0.840212611829864,1.),(1.,0.863563671362509,1.),(1.,0.85492820100396,
1.)))
REPRESENTATION_ITEM('')
SURFACE()
);
#30=(
BOUNDED_SURFACE()
B_SPLINE_SURFACE(3,2,((#7651,#7652,#7653),(#7654,#7655,#7656),(#7657,#7658,
#7659),(#7660,#7661,#7662),(#7663,#7664,#7665),(#7666,#7667,#7668),(#7669,
#7670,#7671)),.UNSPECIFIED.,.F.,.F.,.F.)
B_SPLINE_SURFACE_WITH_KNOTS((4,1,1,1,4),(3,3),(4.82487946796586,5.16219259418665,
5.49950572040744,5.83681884662824,6.17413197284903),(0.,1.),
 .UNSPECIFIED.)
GEOMETRIC_REPRESENTATION_ITEM()
RATIONAL_B_SPLINE_SURFACE(((1.,0.678303441446713,1.),(1.,0.64902647221898,
1.),(1.,0.587705143262573,1.),(1.,0.495935684273497,1.),(1.,0.41774615259357,
1.),(1.,0.388598551095594,1.),(1.,0.38291819395394,1.)))
REPRESENTATION_ITEM('')
SURFACE()
);
#31=(
BOUNDED_SURFACE()
B_SPLINE_SURFACE(3,2,((#7677,#7678,#7679),(#7680,#7681,#7682),(#7683,#7684,
#7685),(#7686,#7687,#7688),(#7689,#7690,#7691)),.UNSPECIFIED.,.F.,.F.,.F.)
B_SPLINE_SURFACE_WITH_KNOTS((4,1,4),(3,3),(2.94441124411945,3.88087228423066,
4.81733332434188),(0.,1.),.UNSPECIFIED.)
GEOMETRIC_REPRESENTATION_ITEM()
RATIONAL_B_SPLINE_SURFACE(((1.,0.854632763208626,1.),(1.,0.863038623804385,
1.),(1.,0.838776018931478,1.),(1.,0.742376696336554,1.),(1.,0.689484281325955,
1.)))
REPRESENTATION_ITEM('')
SURFACE()
);
#32=(
BOUNDED_SURFACE()
B_SPLINE_SURFACE(3,2,((#7696,#7697,#7698),(#7699,#7700,#7701),(#7702,#7703,
#7704),(#7705,#7706,#7707),(#7708,#7709,#7710),(#7711,#7712,#7713),(#7714,
#7715,#7716)),.UNSPECIFIED.,.F.,.F.,.F.)
B_SPLINE_SURFACE_WITH_KNOTS((4,1,1,1,4),(3,3),(0.0737972956222001,0.417560902659255,
0.76132450969631,1.10508811673336,1.44885172377042),(0.,1.),
 .UNSPECIFIED.)
GEOMETRIC_REPRESENTATION_ITEM()
RATIONAL_B_SPLINE_SURFACE(((1.,0.381866490540512,1.),(1.,0.38579518821735,
1.),(1.,0.412464605623091,1.),(1.,0.490306976742779,1.),(1.,0.583417006774689,
1.),(1.,0.645986979967536,1.),(1.,0.675869282298965,1.)))
REPRESENTATION_ITEM('')
SURFACE()
);
#33=(
BOUNDED_SURFACE()
B_SPLINE_SURFACE(3,2,((#7723,#7724,#7725),(#7726,#7727,#7728),(#7729,#7730,
#7731),(#7732,#7733,#7734),(#7735,#7736,#7737),(#7738,#7739,#7740),(#7741,
#7742,#7743)),.UNSPECIFIED.,.F.,.F.,.F.)
B_SPLINE_SURFACE_WITH_KNOTS((4,1,1,1,4),(3,3),(3.00875987762483,3.80358281898305,
4.59840576034127,5.39322870169948,6.1880516430577),(0.,1.),
 .UNSPECIFIED.)
GEOMETRIC_REPRESENTATION_ITEM()
RATIONAL_B_SPLINE_SURFACE(((1.,0.808783098548483,1.),(1.,0.812156318653504,
1.),(1.,0.79810490256,1.),(1.,0.722903148909225,1.),(1.,0.627306601576745,
1.),(1.,0.590870307066716,1.),(1.,0.587539948738689,1.)))
REPRESENTATION_ITEM('')
SURFACE()
);
#34=CYLINDRICAL_SURFACE('',#4638,0.002);
#35=CYLINDRICAL_SURFACE('',#4646,0.002);
#36=CYLINDRICAL_SURFACE('',#4654,0.002);
#37=CYLINDRICAL_SURFACE('',#4660,0.001);
#38=CYLINDRICAL_SURFACE('',#4661,0.001);
#39=CYLINDRICAL_SURFACE('',#4662,0.001);
#40=CYLINDRICAL_SURFACE('',#4667,0.001);
#41=CYLINDRICAL_SURFACE('',#4669,0.002);
#42=CYLINDRICAL_SURFACE('',#4674,0.003);
#43=CYLINDRICAL_SURFACE('',#4775,0.002);
#44=CYLINDRICAL_SURFACE('',#4783,0.002);
#45=CYLINDRICAL_SURFACE('',#4791,0.002);
#46=CYLINDRICAL_SURFACE('',#4797,0.001);
#47=CYLINDRICAL_SURFACE('',#4798,0.001);
#48=CYLINDRICAL_SURFACE('',#4799,0.001);
#49=CYLINDRICAL_SURFACE('',#4804,0.003);
#50=B_SPLINE_CURVE_WITH_KNOTS('',3,(#6101,#6102,#6103,#6104),
 .UNSPECIFIED.,.F.,.F.,(4,4),(4.44305997370834E-17,3.81966066592163E-5),
 .UNSPECIFIED.);
#51=B_SPLINE_CURVE_WITH_KNOTS('',3,(#6118,#6119,#6120,#6121),
 .UNSPECIFIED.,.F.,.F.,(4,4),(0.,6.699322433931E-5),.UNSPECIFIED.);
#52=B_SPLINE_CURVE_WITH_KNOTS('',3,(#6350,#6351,#6352,#6353),
 .UNSPECIFIED.,.F.,.F.,(4,4),(7.16505897254672E-17,3.88294928833138E-5),
 .UNSPECIFIED.);
#53=B_SPLINE_CURVE_WITH_KNOTS('',3,(#6359,#6360,#6361,#6362),
 .UNSPECIFIED.,.F.,.F.,(4,4),(0.,2.79080435742623E-7),.UNSPECIFIED.);
#54=B_SPLINE_CURVE_WITH_KNOTS('',3,(#6374,#6375,#6376,#6377),
 .UNSPECIFIED.,.F.,.F.,(4,4),(8.84538885469324E-18,3.96776677015635E-5),
 .UNSPECIFIED.);
#55=B_SPLINE_CURVE_WITH_KNOTS('',3,(#6381,#6382,#6383,#6384),
 .UNSPECIFIED.,.F.,.F.,(4,4),(4.5098407580957E-11,5.85662551050286E-7),
 .UNSPECIFIED.);
#56=B_SPLINE_CURVE_WITH_KNOTS('',3,(#6455,#6456,#6457,#6458),
 .UNSPECIFIED.,.F.,.F.,(4,4),(0.,0.00021574694093797),.UNSPECIFIED.);
#57=B_SPLINE_CURVE_WITH_KNOTS('',3,(#6460,#6461,#6462,#6463),
 .UNSPECIFIED.,.F.,.F.,(4,4),(8.7168775853027E-18,0.000216294471595111),
 .UNSPECIFIED.);
#58=B_SPLINE_CURVE_WITH_KNOTS('',3,(#6467,#6468,#6469,#6470),
 .UNSPECIFIED.,.F.,.F.,(4,4),(0.,5.29704678996673E-7),.UNSPECIFIED.);
#59=B_SPLINE_CURVE_WITH_KNOTS('',3,(#6510,#6511,#6512,#6513),
 .UNSPECIFIED.,.F.,.F.,(4,4),(0.,1.27405366854992E-6),.UNSPECIFIED.);
#60=B_SPLINE_CURVE_WITH_KNOTS('',3,(#6634,#6635,#6636,#6637,#6638),
 .UNSPECIFIED.,.F.,.F.,(4,1,4),(4.90730552021022E-17,0.000460222644611308,
0.000920445289222567),.UNSPECIFIED.);
#61=B_SPLINE_CURVE_WITH_KNOTS('',3,(#6639,#6640,#6641,#6642),
 .UNSPECIFIED.,.F.,.F.,(4,4),(0.,0.000674040427106474),.UNSPECIFIED.);
#62=B_SPLINE_CURVE_WITH_KNOTS('',3,(#6688,#6689,#6690,#6691,#6692),
 .UNSPECIFIED.,.F.,.F.,(4,1,4),(2.220499832535E-11,0.000511498739316024,
0.00102299745642705),.UNSPECIFIED.);
#63=B_SPLINE_CURVE_WITH_KNOTS('',3,(#6693,#6694,#6695,#6696),
 .UNSPECIFIED.,.F.,.F.,(4,4),(3.93289014159562E-17,0.000668648177951287),
 .UNSPECIFIED.);
#64=B_SPLINE_CURVE_WITH_KNOTS('',3,(#6718,#6719,#6720,#6721,#6722),
 .UNSPECIFIED.,.F.,.F.,(4,1,4),(8.550383472215E-11,0.000518267452458023,
0.00103653481941221),.UNSPECIFIED.);
#65=B_SPLINE_CURVE_WITH_KNOTS('',3,(#6738,#6739,#6740,#6741),
 .UNSPECIFIED.,.F.,.F.,(4,4),(8.16288320248987E-17,0.000672714492895929),
 .UNSPECIFIED.);
#66=B_SPLINE_CURVE_WITH_KNOTS('',3,(#6778,#6779,#6780,#6781),
 .UNSPECIFIED.,.F.,.F.,(4,4),(0.,0.000543463024223462),.UNSPECIFIED.);
#67=B_SPLINE_CURVE_WITH_KNOTS('',3,(#6782,#6783,#6784,#6785),
 .UNSPECIFIED.,.F.,.F.,(4,4),(8.09393048923371E-17,0.000796355185587995),
 .UNSPECIFIED.);
#68=B_SPLINE_CURVE_WITH_KNOTS('',3,(#6807,#6808,#6809,#6810,#6811),
 .UNSPECIFIED.,.F.,.F.,(4,1,4),(0.,0.000587272351947079,0.00117454470389416),
 .UNSPECIFIED.);
#69=B_SPLINE_CURVE_WITH_KNOTS('',3,(#6827,#6828,#6829,#6830),
 .UNSPECIFIED.,.F.,.F.,(4,4),(7.20602231823938E-17,0.000800550172470204),
 .UNSPECIFIED.);
#70=B_SPLINE_CURVE_WITH_KNOTS('',3,(#6890,#6891,#6892,#6893),
 .UNSPECIFIED.,.F.,.F.,(4,4),(0.,0.000625024178979437),.UNSPECIFIED.);
#71=B_SPLINE_CURVE_WITH_KNOTS('',3,(#6894,#6895,#6896,#6897,#6898),
 .UNSPECIFIED.,.F.,.F.,(4,1,4),(1.04083408558608E-17,0.000468818958359039,
0.000937637916718068),.UNSPECIFIED.);
#72=B_SPLINE_CURVE_WITH_KNOTS('',3,(#7063,#7064,#7065,#7066),
 .UNSPECIFIED.,.F.,.F.,(4,4),(0.,6.699322433931E-5),.UNSPECIFIED.);
#73=B_SPLINE_CURVE_WITH_KNOTS('',3,(#7080,#7081,#7082,#7083),
 .UNSPECIFIED.,.F.,.F.,(4,4),(4.44305997370834E-17,3.81966066592163E-5),
 .UNSPECIFIED.);
#74=B_SPLINE_CURVE_WITH_KNOTS('',3,(#7232,#7233,#7234,#7235),
 .UNSPECIFIED.,.F.,.F.,(4,4),(7.16505897254672E-17,3.88294928833138E-5),
 .UNSPECIFIED.);
#75=B_SPLINE_CURVE_WITH_KNOTS('',3,(#7243,#7244,#7245,#7246),
 .UNSPECIFIED.,.F.,.F.,(4,4),(4.5098407580957E-11,5.85662551050286E-7),
 .UNSPECIFIED.);
#76=B_SPLINE_CURVE_WITH_KNOTS('',3,(#7250,#7251,#7252,#7253),
 .UNSPECIFIED.,.F.,.F.,(4,4),(8.84538885469324E-18,3.96776677015635E-5),
 .UNSPECIFIED.);
#77=B_SPLINE_CURVE_WITH_KNOTS('',3,(#7265,#7266,#7267,#7268),
 .UNSPECIFIED.,.F.,.F.,(4,4),(0.,2.79080435742623E-7),.UNSPECIFIED.);
#78=B_SPLINE_CURVE_WITH_KNOTS('',3,(#7334,#7335,#7336,#7337),
 .UNSPECIFIED.,.F.,.F.,(4,4),(8.7168775853027E-18,0.000216294471595111),
 .UNSPECIFIED.);
#79=B_SPLINE_CURVE_WITH_KNOTS('',3,(#7342,#7343,#7344,#7345),
 .UNSPECIFIED.,.F.,.F.,(4,4),(0.,5.29704678996673E-7),.UNSPECIFIED.);
#80=B_SPLINE_CURVE_WITH_KNOTS('',3,(#7349,#7350,#7351,#7352),
 .UNSPECIFIED.,.F.,.F.,(4,4),(0.,0.00021574694093797),.UNSPECIFIED.);
#81=B_SPLINE_CURVE_WITH_KNOTS('',3,(#7388,#7389,#7390,#7391),
 .UNSPECIFIED.,.F.,.F.,(4,4),(0.,1.27405366854992E-6),.UNSPECIFIED.);
#82=B_SPLINE_CURVE_WITH_KNOTS('',3,(#7499,#7500,#7501,#7502,#7503),
 .UNSPECIFIED.,.F.,.F.,(4,1,4),(4.90730552021022E-17,0.000460222644611308,
0.000920445289222567),.UNSPECIFIED.);
#83=B_SPLINE_CURVE_WITH_KNOTS('',3,(#7504,#7505,#7506,#7507),
 .UNSPECIFIED.,.F.,.F.,(4,4),(0.,0.000674040427106474),.UNSPECIFIED.);
#84=B_SPLINE_CURVE_WITH_KNOTS('',3,(#7553,#7554,#7555,#7556,#7557),
 .UNSPECIFIED.,.F.,.F.,(4,1,4),(2.220499832535E-11,0.000511498739316024,
0.00102299745642705),.UNSPECIFIED.);
#85=B_SPLINE_CURVE_WITH_KNOTS('',3,(#7558,#7559,#7560,#7561),
 .UNSPECIFIED.,.F.,.F.,(4,4),(3.93289014159562E-17,0.000668648177951287),
 .UNSPECIFIED.);
#86=B_SPLINE_CURVE_WITH_KNOTS('',3,(#7583,#7584,#7585,#7586,#7587),
 .UNSPECIFIED.,.F.,.F.,(4,1,4),(8.550383472215E-11,0.000518267452458023,
0.00103653481941221),.UNSPECIFIED.);
#87=B_SPLINE_CURVE_WITH_KNOTS('',3,(#7603,#7604,#7605,#7606),
 .UNSPECIFIED.,.F.,.F.,(4,4),(8.16288320248987E-17,0.000672714492895929),
 .UNSPECIFIED.);
#88=B_SPLINE_CURVE_WITH_KNOTS('',3,(#7643,#7644,#7645,#7646),
 .UNSPECIFIED.,.F.,.F.,(4,4),(0.,0.000543463024223462),.UNSPECIFIED.);
#89=B_SPLINE_CURVE_WITH_KNOTS('',3,(#7647,#7648,#7649,#7650),
 .UNSPECIFIED.,.F.,.F.,(4,4),(8.09393048923371E-17,0.000796355185587995),
 .UNSPECIFIED.);
#90=B_SPLINE_CURVE_WITH_KNOTS('',3,(#7672,#7673,#7674,#7675,#7676),
 .UNSPECIFIED.,.F.,.F.,(4,1,4),(0.,0.000587272351947079,0.00117454470389416),
 .UNSPECIFIED.);
#91=B_SPLINE_CURVE_WITH_KNOTS('',3,(#7692,#7693,#7694,#7695),
 .UNSPECIFIED.,.F.,.F.,(4,4),(7.20602231823938E-17,0.000800550172470204),
 .UNSPECIFIED.);
#92=ELLIPSE('',#4551,0.00258819045102521,0.0025);
#93=ELLIPSE('',#4571,0.00293309082944164,0.0025);
#94=ELLIPSE('',#4576,0.00283215580254843,0.0025);
#95=ELLIPSE('',#4577,0.00283215580254843,0.0025);
#96=ELLIPSE('',#4579,0.00283492828010056,0.0025);
#97=ELLIPSE('',#4580,0.00283492828010056,0.0025);
#98=ELLIPSE('',#4585,0.00263044385298912,0.0025);
#99=ELLIPSE('',#4593,0.00287547735554613,0.0025);
#100=ELLIPSE('',#4595,0.00287829224179382,0.0025);
#101=ELLIPSE('',#4610,0.00355159063838556,0.0025);
#102=ELLIPSE('',#4612,0.00355506739108059,0.0025);
#103=ELLIPSE('',#4639,0.00322312025142169,0.002);
#104=ELLIPSE('',#4640,0.00321928502352121,0.002);
#105=ELLIPSE('',#4641,0.00240231273774018,0.002);
#106=ELLIPSE('',#4642,0.00240558066863573,0.002);
#107=ELLIPSE('',#4647,0.00240231273774018,0.002);
#108=ELLIPSE('',#4648,0.00245323664212373,0.002);
#109=ELLIPSE('',#4649,0.0024565354117477,0.002);
#110=ELLIPSE('',#4650,0.00240558066863573,0.002);
#111=ELLIPSE('',#4655,0.00210920122576726,0.002);
#112=ELLIPSE('',#4656,0.00252052014746058,0.002);
#113=ELLIPSE('',#4664,0.00390512483795333,0.003);
#114=ELLIPSE('',#4666,0.00390512483795333,0.003);
#115=ELLIPSE('',#4671,0.00216084123982496,0.002);
#116=ELLIPSE('',#4672,0.00216084123982496,0.002);
#117=ELLIPSE('',#4693,0.00258819045102521,0.0025);
#118=ELLIPSE('',#4708,0.00293309082944164,0.0025);
#119=ELLIPSE('',#4713,0.00283215580254843,0.0025);
#120=ELLIPSE('',#4714,0.00283215580254843,0.0025);
#121=ELLIPSE('',#4716,0.00283492828010056,0.0025);
#122=ELLIPSE('',#4717,0.00283492828010056,0.0025);
#123=ELLIPSE('',#4722,0.00263044385298912,0.0025);
#124=ELLIPSE('',#4731,0.00287829224179382,0.0025);
#125=ELLIPSE('',#4733,0.00287547735554613,0.0025);
#126=ELLIPSE('',#4747,0.00355159063838556,0.0025);
#127=ELLIPSE('',#4749,0.00355506739108059,0.0025);
#128=ELLIPSE('',#4776,0.00322312025142169,0.002);
#129=ELLIPSE('',#4777,0.00240558066863573,0.002);
#130=ELLIPSE('',#4778,0.00240231273774018,0.002);
#131=ELLIPSE('',#4779,0.00321928502352121,0.002);
#132=ELLIPSE('',#4784,0.00240231273774018,0.002);
#133=ELLIPSE('',#4785,0.00240558066863573,0.002);
#134=ELLIPSE('',#4786,0.0024565354117477,0.002);
#135=ELLIPSE('',#4787,0.00245323664212373,0.002);
#136=ELLIPSE('',#4792,0.00210920122576726,0.002);
#137=ELLIPSE('',#4793,0.00252052014746058,0.002);
#138=ELLIPSE('',#4801,0.00390512483795333,0.003);
#139=ELLIPSE('',#4803,0.00390512483795333,0.003);
#140=CIRCLE('',#4535,0.001);
#141=CIRCLE('',#4536,0.001);
#142=CIRCLE('',#4548,0.001);
#143=CIRCLE('',#4556,0.001);
#144=CIRCLE('',#4557,0.003);
#145=CIRCLE('',#4558,0.003);
#146=CIRCLE('',#4643,0.002);
#147=CIRCLE('',#4645,0.001);
#148=CIRCLE('',#4651,0.002);
#149=CIRCLE('',#4653,0.001);
#150=CIRCLE('',#4657,0.002);
#151=CIRCLE('',#4659,0.001);
#152=CIRCLE('',#4668,0.001);
#153=CIRCLE('',#4670,0.002);
#154=CIRCLE('',#4677,0.001);
#155=CIRCLE('',#4678,0.001);
#156=CIRCLE('',#4690,0.001);
#157=CIRCLE('',#4780,0.002);
#158=CIRCLE('',#4782,0.001);
#159=CIRCLE('',#4788,0.002);
#160=CIRCLE('',#4790,0.001);
#161=CIRCLE('',#4794,0.002);
#162=CIRCLE('',#4796,0.001);
#163=ORIENTED_EDGE('',*,*,#1447,.T.);
#164=ORIENTED_EDGE('',*,*,#1448,.T.);
#165=ORIENTED_EDGE('',*,*,#1449,.T.);
#166=ORIENTED_EDGE('',*,*,#1450,.T.);
#167=ORIENTED_EDGE('',*,*,#1451,.T.);
#168=ORIENTED_EDGE('',*,*,#1452,.F.);
#169=ORIENTED_EDGE('',*,*,#1453,.F.);
#170=ORIENTED_EDGE('',*,*,#1454,.F.);
#171=ORIENTED_EDGE('',*,*,#1455,.F.);
#172=ORIENTED_EDGE('',*,*,#1456,.F.);
#173=ORIENTED_EDGE('',*,*,#1457,.F.);
#174=ORIENTED_EDGE('',*,*,#1458,.F.);
#175=ORIENTED_EDGE('',*,*,#1459,.T.);
#176=ORIENTED_EDGE('',*,*,#1460,.T.);
#177=ORIENTED_EDGE('',*,*,#1461,.T.);
#178=ORIENTED_EDGE('',*,*,#1462,.T.);
#179=ORIENTED_EDGE('',*,*,#1463,.T.);
#180=ORIENTED_EDGE('',*,*,#1464,.T.);
#181=ORIENTED_EDGE('',*,*,#1465,.T.);
#182=ORIENTED_EDGE('',*,*,#1466,.F.);
#183=ORIENTED_EDGE('',*,*,#1467,.F.);
#184=ORIENTED_EDGE('',*,*,#1468,.T.);
#185=ORIENTED_EDGE('',*,*,#1469,.T.);
#186=ORIENTED_EDGE('',*,*,#1470,.T.);
#187=ORIENTED_EDGE('',*,*,#1471,.F.);
#188=ORIENTED_EDGE('',*,*,#1472,.T.);
#189=ORIENTED_EDGE('',*,*,#1473,.F.);
#190=ORIENTED_EDGE('',*,*,#1474,.F.);
#191=ORIENTED_EDGE('',*,*,#1475,.T.);
#192=ORIENTED_EDGE('',*,*,#1476,.F.);
#193=ORIENTED_EDGE('',*,*,#1477,.T.);
#194=ORIENTED_EDGE('',*,*,#1478,.T.);
#195=ORIENTED_EDGE('',*,*,#1479,.F.);
#196=ORIENTED_EDGE('',*,*,#1480,.F.);
#197=ORIENTED_EDGE('',*,*,#1481,.F.);
#198=ORIENTED_EDGE('',*,*,#1482,.F.);
#199=ORIENTED_EDGE('',*,*,#1483,.T.);
#200=ORIENTED_EDGE('',*,*,#1467,.T.);
#201=ORIENTED_EDGE('',*,*,#1484,.F.);
#202=ORIENTED_EDGE('',*,*,#1485,.F.);
#203=ORIENTED_EDGE('',*,*,#1486,.T.);
#204=ORIENTED_EDGE('',*,*,#1487,.T.);
#205=ORIENTED_EDGE('',*,*,#1488,.F.);
#206=ORIENTED_EDGE('',*,*,#1484,.T.);
#207=ORIENTED_EDGE('',*,*,#1466,.T.);
#208=ORIENTED_EDGE('',*,*,#1489,.T.);
#209=ORIENTED_EDGE('',*,*,#1490,.T.);
#210=ORIENTED_EDGE('',*,*,#1491,.T.);
#211=ORIENTED_EDGE('',*,*,#1492,.T.);
#212=ORIENTED_EDGE('',*,*,#1493,.F.);
#213=ORIENTED_EDGE('',*,*,#1494,.F.);
#214=ORIENTED_EDGE('',*,*,#1495,.T.);
#215=ORIENTED_EDGE('',*,*,#1496,.T.);
#216=ORIENTED_EDGE('',*,*,#1497,.T.);
#217=ORIENTED_EDGE('',*,*,#1498,.T.);
#218=ORIENTED_EDGE('',*,*,#1499,.T.);
#219=ORIENTED_EDGE('',*,*,#1500,.F.);
#220=ORIENTED_EDGE('',*,*,#1501,.T.);
#221=ORIENTED_EDGE('',*,*,#1502,.T.);
#222=ORIENTED_EDGE('',*,*,#1503,.T.);
#223=ORIENTED_EDGE('',*,*,#1469,.F.);
#224=ORIENTED_EDGE('',*,*,#1504,.F.);
#225=ORIENTED_EDGE('',*,*,#1505,.F.);
#226=ORIENTED_EDGE('',*,*,#1504,.T.);
#227=ORIENTED_EDGE('',*,*,#1468,.F.);
#228=ORIENTED_EDGE('',*,*,#1483,.F.);
#229=ORIENTED_EDGE('',*,*,#1506,.T.);
#230=ORIENTED_EDGE('',*,*,#1507,.T.);
#231=ORIENTED_EDGE('',*,*,#1508,.T.);
#232=ORIENTED_EDGE('',*,*,#1485,.T.);
#233=ORIENTED_EDGE('',*,*,#1465,.F.);
#234=ORIENTED_EDGE('',*,*,#1509,.T.);
#235=ORIENTED_EDGE('',*,*,#1510,.F.);
#236=ORIENTED_EDGE('',*,*,#1511,.T.);
#237=ORIENTED_EDGE('',*,*,#1512,.T.);
#238=ORIENTED_EDGE('',*,*,#1510,.T.);
#239=ORIENTED_EDGE('',*,*,#1513,.T.);
#240=ORIENTED_EDGE('',*,*,#1514,.T.);
#241=ORIENTED_EDGE('',*,*,#1515,.F.);
#242=ORIENTED_EDGE('',*,*,#1516,.T.);
#243=ORIENTED_EDGE('',*,*,#1517,.T.);
#244=ORIENTED_EDGE('',*,*,#1518,.T.);
#245=ORIENTED_EDGE('',*,*,#1461,.F.);
#246=ORIENTED_EDGE('',*,*,#1519,.T.);
#247=ORIENTED_EDGE('',*,*,#1520,.T.);
#248=ORIENTED_EDGE('',*,*,#1521,.T.);
#249=ORIENTED_EDGE('',*,*,#1522,.F.);
#250=ORIENTED_EDGE('',*,*,#1523,.T.);
#251=ORIENTED_EDGE('',*,*,#1524,.F.);
#252=ORIENTED_EDGE('',*,*,#1525,.T.);
#253=ORIENTED_EDGE('',*,*,#1526,.T.);
#254=ORIENTED_EDGE('',*,*,#1527,.T.);
#255=ORIENTED_EDGE('',*,*,#1528,.T.);
#256=ORIENTED_EDGE('',*,*,#1529,.T.);
#257=ORIENTED_EDGE('',*,*,#1530,.T.);
#258=ORIENTED_EDGE('',*,*,#1524,.T.);
#259=ORIENTED_EDGE('',*,*,#1531,.T.);
#260=ORIENTED_EDGE('',*,*,#1532,.T.);
#261=ORIENTED_EDGE('',*,*,#1533,.F.);
#262=ORIENTED_EDGE('',*,*,#1534,.T.);
#263=ORIENTED_EDGE('',*,*,#1535,.T.);
#264=ORIENTED_EDGE('',*,*,#1536,.T.);
#265=ORIENTED_EDGE('',*,*,#1537,.T.);
#266=ORIENTED_EDGE('',*,*,#1538,.T.);
#267=ORIENTED_EDGE('',*,*,#1533,.T.);
#268=ORIENTED_EDGE('',*,*,#1539,.T.);
#269=ORIENTED_EDGE('',*,*,#1540,.T.);
#270=ORIENTED_EDGE('',*,*,#1541,.T.);
#271=ORIENTED_EDGE('',*,*,#1542,.T.);
#272=ORIENTED_EDGE('',*,*,#1543,.T.);
#273=ORIENTED_EDGE('',*,*,#1544,.F.);
#274=ORIENTED_EDGE('',*,*,#1545,.T.);
#275=ORIENTED_EDGE('',*,*,#1546,.T.);
#276=ORIENTED_EDGE('',*,*,#1547,.T.);
#277=ORIENTED_EDGE('',*,*,#1548,.F.);
#278=ORIENTED_EDGE('',*,*,#1549,.T.);
#279=ORIENTED_EDGE('',*,*,#1550,.T.);
#280=ORIENTED_EDGE('',*,*,#1551,.T.);
#281=ORIENTED_EDGE('',*,*,#1544,.T.);
#282=ORIENTED_EDGE('',*,*,#1552,.F.);
#283=ORIENTED_EDGE('',*,*,#1553,.T.);
#284=ORIENTED_EDGE('',*,*,#1554,.T.);
#285=ORIENTED_EDGE('',*,*,#1555,.T.);
#286=ORIENTED_EDGE('',*,*,#1494,.T.);
#287=ORIENTED_EDGE('',*,*,#1556,.T.);
#288=ORIENTED_EDGE('',*,*,#1557,.F.);
#289=ORIENTED_EDGE('',*,*,#1558,.T.);
#290=ORIENTED_EDGE('',*,*,#1559,.T.);
#291=ORIENTED_EDGE('',*,*,#1560,.F.);
#292=ORIENTED_EDGE('',*,*,#1561,.T.);
#293=ORIENTED_EDGE('',*,*,#1562,.F.);
#294=ORIENTED_EDGE('',*,*,#1563,.F.);
#295=ORIENTED_EDGE('',*,*,#1564,.F.);
#296=ORIENTED_EDGE('',*,*,#1565,.T.);
#297=ORIENTED_EDGE('',*,*,#1566,.T.);
#298=ORIENTED_EDGE('',*,*,#1567,.T.);
#299=ORIENTED_EDGE('',*,*,#1568,.T.);
#300=ORIENTED_EDGE('',*,*,#1569,.F.);
#301=ORIENTED_EDGE('',*,*,#1570,.T.);
#302=ORIENTED_EDGE('',*,*,#1474,.T.);
#303=ORIENTED_EDGE('',*,*,#1571,.F.);
#304=ORIENTED_EDGE('',*,*,#1572,.T.);
#305=ORIENTED_EDGE('',*,*,#1573,.T.);
#306=ORIENTED_EDGE('',*,*,#1574,.T.);
#307=ORIENTED_EDGE('',*,*,#1564,.T.);
#308=ORIENTED_EDGE('',*,*,#1575,.T.);
#309=ORIENTED_EDGE('',*,*,#1576,.T.);
#310=ORIENTED_EDGE('',*,*,#1571,.T.);
#311=ORIENTED_EDGE('',*,*,#1473,.T.);
#312=ORIENTED_EDGE('',*,*,#1577,.T.);
#313=ORIENTED_EDGE('',*,*,#1578,.T.);
#314=ORIENTED_EDGE('',*,*,#1579,.T.);
#315=ORIENTED_EDGE('',*,*,#1580,.T.);
#316=ORIENTED_EDGE('',*,*,#1581,.T.);
#317=ORIENTED_EDGE('',*,*,#1582,.T.);
#318=ORIENTED_EDGE('',*,*,#1583,.T.);
#319=ORIENTED_EDGE('',*,*,#1449,.F.);
#320=ORIENTED_EDGE('',*,*,#1584,.T.);
#321=ORIENTED_EDGE('',*,*,#1585,.T.);
#322=ORIENTED_EDGE('',*,*,#1586,.T.);
#323=ORIENTED_EDGE('',*,*,#1587,.F.);
#324=ORIENTED_EDGE('',*,*,#1588,.T.);
#325=ORIENTED_EDGE('',*,*,#1589,.F.);
#326=ORIENTED_EDGE('',*,*,#1590,.T.);
#327=ORIENTED_EDGE('',*,*,#1591,.T.);
#328=ORIENTED_EDGE('',*,*,#1592,.T.);
#329=ORIENTED_EDGE('',*,*,#1529,.F.);
#330=ORIENTED_EDGE('',*,*,#1593,.T.);
#331=ORIENTED_EDGE('',*,*,#1594,.T.);
#332=ORIENTED_EDGE('',*,*,#1595,.T.);
#333=ORIENTED_EDGE('',*,*,#1596,.T.);
#334=ORIENTED_EDGE('',*,*,#1522,.T.);
#335=ORIENTED_EDGE('',*,*,#1597,.T.);
#336=ORIENTED_EDGE('',*,*,#1515,.T.);
#337=ORIENTED_EDGE('',*,*,#1598,.F.);
#338=ORIENTED_EDGE('',*,*,#1599,.T.);
#339=ORIENTED_EDGE('',*,*,#1600,.T.);
#340=ORIENTED_EDGE('',*,*,#1601,.T.);
#341=ORIENTED_EDGE('',*,*,#1602,.T.);
#342=ORIENTED_EDGE('',*,*,#1487,.F.);
#343=ORIENTED_EDGE('',*,*,#1603,.T.);
#344=ORIENTED_EDGE('',*,*,#1604,.T.);
#345=ORIENTED_EDGE('',*,*,#1605,.T.);
#346=ORIENTED_EDGE('',*,*,#1606,.T.);
#347=ORIENTED_EDGE('',*,*,#1607,.F.);
#348=ORIENTED_EDGE('',*,*,#1608,.F.);
#349=ORIENTED_EDGE('',*,*,#1609,.F.);
#350=ORIENTED_EDGE('',*,*,#1610,.F.);
#351=ORIENTED_EDGE('',*,*,#1611,.T.);
#352=ORIENTED_EDGE('',*,*,#1612,.F.);
#353=ORIENTED_EDGE('',*,*,#1613,.F.);
#354=ORIENTED_EDGE('',*,*,#1614,.F.);
#355=ORIENTED_EDGE('',*,*,#1615,.F.);
#356=ORIENTED_EDGE('',*,*,#1616,.T.);
#357=ORIENTED_EDGE('',*,*,#1565,.F.);
#358=ORIENTED_EDGE('',*,*,#1574,.F.);
#359=ORIENTED_EDGE('',*,*,#1617,.T.);
#360=ORIENTED_EDGE('',*,*,#1618,.T.);
#361=ORIENTED_EDGE('',*,*,#1619,.T.);
#362=ORIENTED_EDGE('',*,*,#1589,.T.);
#363=ORIENTED_EDGE('',*,*,#1620,.F.);
#364=ORIENTED_EDGE('',*,*,#1621,.T.);
#365=ORIENTED_EDGE('',*,*,#1622,.T.);
#366=ORIENTED_EDGE('',*,*,#1623,.T.);
#367=ORIENTED_EDGE('',*,*,#1624,.T.);
#368=ORIENTED_EDGE('',*,*,#1598,.T.);
#369=ORIENTED_EDGE('',*,*,#1523,.F.);
#370=ORIENTED_EDGE('',*,*,#1596,.F.);
#371=ORIENTED_EDGE('',*,*,#1625,.T.);
#372=ORIENTED_EDGE('',*,*,#1626,.T.);
#373=ORIENTED_EDGE('',*,*,#1627,.T.);
#374=ORIENTED_EDGE('',*,*,#1628,.T.);
#375=ORIENTED_EDGE('',*,*,#1620,.T.);
#376=ORIENTED_EDGE('',*,*,#1588,.F.);
#377=ORIENTED_EDGE('',*,*,#1629,.F.);
#378=ORIENTED_EDGE('',*,*,#1630,.T.);
#379=ORIENTED_EDGE('',*,*,#1500,.T.);
#380=ORIENTED_EDGE('',*,*,#1505,.T.);
#381=ORIENTED_EDGE('',*,*,#1631,.F.);
#382=ORIENTED_EDGE('',*,*,#1632,.T.);
#383=ORIENTED_EDGE('',*,*,#1633,.T.);
#384=ORIENTED_EDGE('',*,*,#1634,.T.);
#385=ORIENTED_EDGE('',*,*,#1635,.T.);
#386=ORIENTED_EDGE('',*,*,#1629,.T.);
#387=ORIENTED_EDGE('',*,*,#1587,.T.);
#388=ORIENTED_EDGE('',*,*,#1636,.T.);
#389=ORIENTED_EDGE('',*,*,#1637,.T.);
#390=ORIENTED_EDGE('',*,*,#1638,.T.);
#391=ORIENTED_EDGE('',*,*,#1639,.T.);
#392=ORIENTED_EDGE('',*,*,#1631,.T.);
#393=ORIENTED_EDGE('',*,*,#1506,.F.);
#394=ORIENTED_EDGE('',*,*,#1482,.T.);
#395=ORIENTED_EDGE('',*,*,#1488,.T.);
#396=ORIENTED_EDGE('',*,*,#1602,.F.);
#397=ORIENTED_EDGE('',*,*,#1538,.F.);
#398=ORIENTED_EDGE('',*,*,#1640,.T.);
#399=ORIENTED_EDGE('',*,*,#1641,.F.);
#400=ORIENTED_EDGE('',*,*,#1642,.T.);
#401=ORIENTED_EDGE('',*,*,#1643,.T.);
#402=ORIENTED_EDGE('',*,*,#1534,.F.);
#403=ORIENTED_EDGE('',*,*,#1541,.F.);
#404=ORIENTED_EDGE('',*,*,#1644,.T.);
#405=ORIENTED_EDGE('',*,*,#1546,.F.);
#406=ORIENTED_EDGE('',*,*,#1645,.F.);
#407=ORIENTED_EDGE('',*,*,#1646,.T.);
#408=ORIENTED_EDGE('',*,*,#1647,.T.);
#409=ORIENTED_EDGE('',*,*,#1641,.T.);
#410=ORIENTED_EDGE('',*,*,#1648,.T.);
#411=ORIENTED_EDGE('',*,*,#1649,.F.);
#412=ORIENTED_EDGE('',*,*,#1650,.T.);
#413=ORIENTED_EDGE('',*,*,#1651,.T.);
#414=ORIENTED_EDGE('',*,*,#1652,.T.);
#415=ORIENTED_EDGE('',*,*,#1645,.T.);
#416=ORIENTED_EDGE('',*,*,#1545,.F.);
#417=ORIENTED_EDGE('',*,*,#1551,.F.);
#418=ORIENTED_EDGE('',*,*,#1653,.F.);
#419=ORIENTED_EDGE('',*,*,#1654,.T.);
#420=ORIENTED_EDGE('',*,*,#1655,.T.);
#421=ORIENTED_EDGE('',*,*,#1649,.T.);
#422=ORIENTED_EDGE('',*,*,#1550,.F.);
#423=ORIENTED_EDGE('',*,*,#1656,.F.);
#424=ORIENTED_EDGE('',*,*,#1657,.T.);
#425=ORIENTED_EDGE('',*,*,#1658,.T.);
#426=ORIENTED_EDGE('',*,*,#1653,.T.);
#427=ORIENTED_EDGE('',*,*,#1549,.F.);
#428=ORIENTED_EDGE('',*,*,#1659,.F.);
#429=ORIENTED_EDGE('',*,*,#1660,.F.);
#430=ORIENTED_EDGE('',*,*,#1661,.T.);
#431=ORIENTED_EDGE('',*,*,#1662,.F.);
#432=ORIENTED_EDGE('',*,*,#1663,.T.);
#433=ORIENTED_EDGE('',*,*,#1664,.T.);
#434=ORIENTED_EDGE('',*,*,#1665,.T.);
#435=ORIENTED_EDGE('',*,*,#1666,.T.);
#436=ORIENTED_EDGE('',*,*,#1656,.T.);
#437=ORIENTED_EDGE('',*,*,#1662,.T.);
#438=ORIENTED_EDGE('',*,*,#1667,.T.);
#439=ORIENTED_EDGE('',*,*,#1668,.T.);
#440=ORIENTED_EDGE('',*,*,#1669,.F.);
#441=ORIENTED_EDGE('',*,*,#1670,.F.);
#442=ORIENTED_EDGE('',*,*,#1671,.T.);
#443=ORIENTED_EDGE('',*,*,#1672,.T.);
#444=ORIENTED_EDGE('',*,*,#1673,.T.);
#445=ORIENTED_EDGE('',*,*,#1674,.T.);
#446=ORIENTED_EDGE('',*,*,#1675,.T.);
#447=ORIENTED_EDGE('',*,*,#1676,.F.);
#448=ORIENTED_EDGE('',*,*,#1677,.T.);
#449=ORIENTED_EDGE('',*,*,#1670,.T.);
#450=ORIENTED_EDGE('',*,*,#1678,.F.);
#451=ORIENTED_EDGE('',*,*,#1555,.F.);
#452=ORIENTED_EDGE('',*,*,#1554,.F.);
#453=ORIENTED_EDGE('',*,*,#1679,.T.);
#454=ORIENTED_EDGE('',*,*,#1680,.F.);
#455=ORIENTED_EDGE('',*,*,#1681,.T.);
#456=ORIENTED_EDGE('',*,*,#1682,.T.);
#457=ORIENTED_EDGE('',*,*,#1683,.T.);
#458=ORIENTED_EDGE('',*,*,#1684,.T.);
#459=ORIENTED_EDGE('',*,*,#1676,.T.);
#460=ORIENTED_EDGE('',*,*,#1680,.T.);
#461=ORIENTED_EDGE('',*,*,#1685,.T.);
#462=ORIENTED_EDGE('',*,*,#1489,.F.);
#463=ORIENTED_EDGE('',*,*,#1686,.T.);
#464=ORIENTED_EDGE('',*,*,#1687,.F.);
#465=ORIENTED_EDGE('',*,*,#1688,.T.);
#466=ORIENTED_EDGE('',*,*,#1689,.T.);
#467=ORIENTED_EDGE('',*,*,#1690,.F.);
#468=ORIENTED_EDGE('',*,*,#1691,.T.);
#469=ORIENTED_EDGE('',*,*,#1692,.F.);
#470=ORIENTED_EDGE('',*,*,#1693,.T.);
#471=ORIENTED_EDGE('',*,*,#1694,.T.);
#472=ORIENTED_EDGE('',*,*,#1695,.F.);
#473=ORIENTED_EDGE('',*,*,#1558,.F.);
#474=ORIENTED_EDGE('',*,*,#1687,.T.);
#475=ORIENTED_EDGE('',*,*,#1696,.T.);
#476=ORIENTED_EDGE('',*,*,#1697,.F.);
#477=ORIENTED_EDGE('',*,*,#1495,.F.);
#478=ORIENTED_EDGE('',*,*,#1559,.F.);
#479=ORIENTED_EDGE('',*,*,#1695,.T.);
#480=ORIENTED_EDGE('',*,*,#1698,.T.);
#481=ORIENTED_EDGE('',*,*,#1699,.F.);
#482=ORIENTED_EDGE('',*,*,#1700,.T.);
#483=ORIENTED_EDGE('',*,*,#1536,.F.);
#484=ORIENTED_EDGE('',*,*,#1532,.F.);
#485=ORIENTED_EDGE('',*,*,#1701,.T.);
#486=ORIENTED_EDGE('',*,*,#1458,.T.);
#487=ORIENTED_EDGE('',*,*,#1702,.T.);
#488=ORIENTED_EDGE('',*,*,#1479,.T.);
#489=ORIENTED_EDGE('',*,*,#1703,.T.);
#490=ORIENTED_EDGE('',*,*,#1556,.F.);
#491=ORIENTED_EDGE('',*,*,#1543,.F.);
#492=ORIENTED_EDGE('',*,*,#1704,.T.);
#493=ORIENTED_EDGE('',*,*,#1705,.T.);
#494=ORIENTED_EDGE('',*,*,#1456,.T.);
#495=ORIENTED_EDGE('',*,*,#1706,.F.);
#496=ORIENTED_EDGE('',*,*,#1705,.F.);
#497=ORIENTED_EDGE('',*,*,#1707,.T.);
#498=ORIENTED_EDGE('',*,*,#1699,.T.);
#499=ORIENTED_EDGE('',*,*,#1457,.T.);
#500=ORIENTED_EDGE('',*,*,#1491,.F.);
#501=ORIENTED_EDGE('',*,*,#1708,.T.);
#502=ORIENTED_EDGE('',*,*,#1709,.T.);
#503=ORIENTED_EDGE('',*,*,#1453,.T.);
#504=ORIENTED_EDGE('',*,*,#1710,.F.);
#505=ORIENTED_EDGE('',*,*,#1711,.T.);
#506=ORIENTED_EDGE('',*,*,#1712,.F.);
#507=ORIENTED_EDGE('',*,*,#1713,.T.);
#508=ORIENTED_EDGE('',*,*,#1714,.T.);
#509=ORIENTED_EDGE('',*,*,#1660,.T.);
#510=ORIENTED_EDGE('',*,*,#1659,.T.);
#511=ORIENTED_EDGE('',*,*,#1548,.T.);
#512=ORIENTED_EDGE('',*,*,#1706,.T.);
#513=ORIENTED_EDGE('',*,*,#1455,.T.);
#514=ORIENTED_EDGE('',*,*,#1715,.T.);
#515=ORIENTED_EDGE('',*,*,#1716,.T.);
#516=ORIENTED_EDGE('',*,*,#1717,.T.);
#517=ORIENTED_EDGE('',*,*,#1712,.T.);
#518=ORIENTED_EDGE('',*,*,#1454,.T.);
#519=ORIENTED_EDGE('',*,*,#1709,.F.);
#520=ORIENTED_EDGE('',*,*,#1718,.T.);
#521=ORIENTED_EDGE('',*,*,#1552,.T.);
#522=ORIENTED_EDGE('',*,*,#1678,.T.);
#523=ORIENTED_EDGE('',*,*,#1669,.T.);
#524=ORIENTED_EDGE('',*,*,#1697,.T.);
#525=ORIENTED_EDGE('',*,*,#1719,.T.);
#526=ORIENTED_EDGE('',*,*,#1710,.T.);
#527=ORIENTED_EDGE('',*,*,#1452,.T.);
#528=ORIENTED_EDGE('',*,*,#1720,.T.);
#529=ORIENTED_EDGE('',*,*,#1721,.T.);
#530=ORIENTED_EDGE('',*,*,#1471,.T.);
#531=ORIENTED_EDGE('',*,*,#1702,.F.);
#532=ORIENTED_EDGE('',*,*,#1493,.T.);
#533=ORIENTED_EDGE('',*,*,#1580,.F.);
#534=ORIENTED_EDGE('',*,*,#1722,.T.);
#535=ORIENTED_EDGE('',*,*,#1618,.F.);
#536=ORIENTED_EDGE('',*,*,#1723,.T.);
#537=ORIENTED_EDGE('',*,*,#1451,.F.);
#538=ORIENTED_EDGE('',*,*,#1724,.T.);
#539=ORIENTED_EDGE('',*,*,#1578,.F.);
#540=ORIENTED_EDGE('',*,*,#1725,.T.);
#541=ORIENTED_EDGE('',*,*,#1720,.F.);
#542=ORIENTED_EDGE('',*,*,#1499,.F.);
#543=ORIENTED_EDGE('',*,*,#1726,.T.);
#544=ORIENTED_EDGE('',*,*,#1447,.F.);
#545=ORIENTED_EDGE('',*,*,#1727,.T.);
#546=ORIENTED_EDGE('',*,*,#1463,.F.);
#547=ORIENTED_EDGE('',*,*,#1728,.T.);
#548=ORIENTED_EDGE('',*,*,#1514,.F.);
#549=ORIENTED_EDGE('',*,*,#1729,.T.);
#550=ORIENTED_EDGE('',*,*,#1527,.F.);
#551=ORIENTED_EDGE('',*,*,#1730,.T.);
#552=ORIENTED_EDGE('',*,*,#1459,.F.);
#553=ORIENTED_EDGE('',*,*,#1701,.F.);
#554=ORIENTED_EDGE('',*,*,#1531,.F.);
#555=ORIENTED_EDGE('',*,*,#1535,.F.);
#556=ORIENTED_EDGE('',*,*,#1643,.F.);
#557=ORIENTED_EDGE('',*,*,#1731,.F.);
#558=ORIENTED_EDGE('',*,*,#1593,.F.);
#559=ORIENTED_EDGE('',*,*,#1642,.F.);
#560=ORIENTED_EDGE('',*,*,#1647,.F.);
#561=ORIENTED_EDGE('',*,*,#1732,.F.);
#562=ORIENTED_EDGE('',*,*,#1594,.F.);
#563=ORIENTED_EDGE('',*,*,#1731,.T.);
#564=ORIENTED_EDGE('',*,*,#1646,.F.);
#565=ORIENTED_EDGE('',*,*,#1652,.F.);
#566=ORIENTED_EDGE('',*,*,#1733,.F.);
#567=ORIENTED_EDGE('',*,*,#1625,.F.);
#568=ORIENTED_EDGE('',*,*,#1595,.F.);
#569=ORIENTED_EDGE('',*,*,#1732,.T.);
#570=ORIENTED_EDGE('',*,*,#1733,.T.);
#571=ORIENTED_EDGE('',*,*,#1651,.F.);
#572=ORIENTED_EDGE('',*,*,#1734,.F.);
#573=ORIENTED_EDGE('',*,*,#1626,.F.);
#574=ORIENTED_EDGE('',*,*,#1650,.F.);
#575=ORIENTED_EDGE('',*,*,#1655,.F.);
#576=ORIENTED_EDGE('',*,*,#1735,.F.);
#577=ORIENTED_EDGE('',*,*,#1623,.F.);
#578=ORIENTED_EDGE('',*,*,#1734,.T.);
#579=ORIENTED_EDGE('',*,*,#1654,.F.);
#580=ORIENTED_EDGE('',*,*,#1658,.F.);
#581=ORIENTED_EDGE('',*,*,#1736,.F.);
#582=ORIENTED_EDGE('',*,*,#1599,.F.);
#583=ORIENTED_EDGE('',*,*,#1624,.F.);
#584=ORIENTED_EDGE('',*,*,#1735,.T.);
#585=ORIENTED_EDGE('',*,*,#1657,.F.);
#586=ORIENTED_EDGE('',*,*,#1666,.F.);
#587=ORIENTED_EDGE('',*,*,#1737,.F.);
#588=ORIENTED_EDGE('',*,*,#1600,.F.);
#589=ORIENTED_EDGE('',*,*,#1736,.T.);
#590=ORIENTED_EDGE('',*,*,#1665,.F.);
#591=ORIENTED_EDGE('',*,*,#1738,.T.);
#592=ORIENTED_EDGE('',*,*,#1739,.F.);
#593=ORIENTED_EDGE('',*,*,#1638,.F.);
#594=ORIENTED_EDGE('',*,*,#1601,.F.);
#595=ORIENTED_EDGE('',*,*,#1737,.T.);
#596=ORIENTED_EDGE('',*,*,#1740,.T.);
#597=ORIENTED_EDGE('',*,*,#1741,.T.);
#598=ORIENTED_EDGE('',*,*,#1672,.F.);
#599=ORIENTED_EDGE('',*,*,#1742,.F.);
#600=ORIENTED_EDGE('',*,*,#1632,.F.);
#601=ORIENTED_EDGE('',*,*,#1639,.F.);
#602=ORIENTED_EDGE('',*,*,#1739,.T.);
#603=ORIENTED_EDGE('',*,*,#1677,.F.);
#604=ORIENTED_EDGE('',*,*,#1684,.F.);
#605=ORIENTED_EDGE('',*,*,#1743,.F.);
#606=ORIENTED_EDGE('',*,*,#1633,.F.);
#607=ORIENTED_EDGE('',*,*,#1742,.T.);
#608=ORIENTED_EDGE('',*,*,#1671,.F.);
#609=ORIENTED_EDGE('',*,*,#1743,.T.);
#610=ORIENTED_EDGE('',*,*,#1683,.F.);
#611=ORIENTED_EDGE('',*,*,#1744,.F.);
#612=ORIENTED_EDGE('',*,*,#1634,.F.);
#613=ORIENTED_EDGE('',*,*,#1744,.T.);
#614=ORIENTED_EDGE('',*,*,#1682,.F.);
#615=ORIENTED_EDGE('',*,*,#1745,.F.);
#616=ORIENTED_EDGE('',*,*,#1627,.F.);
#617=ORIENTED_EDGE('',*,*,#1635,.F.);
#618=ORIENTED_EDGE('',*,*,#1681,.F.);
#619=ORIENTED_EDGE('',*,*,#1689,.F.);
#620=ORIENTED_EDGE('',*,*,#1746,.F.);
#621=ORIENTED_EDGE('',*,*,#1621,.F.);
#622=ORIENTED_EDGE('',*,*,#1628,.F.);
#623=ORIENTED_EDGE('',*,*,#1745,.T.);
#624=ORIENTED_EDGE('',*,*,#1746,.T.);
#625=ORIENTED_EDGE('',*,*,#1688,.F.);
#626=ORIENTED_EDGE('',*,*,#1747,.F.);
#627=ORIENTED_EDGE('',*,*,#1622,.F.);
#628=ORIENTED_EDGE('',*,*,#1698,.F.);
#629=ORIENTED_EDGE('',*,*,#1694,.F.);
#630=ORIENTED_EDGE('',*,*,#1748,.F.);
#631=ORIENTED_EDGE('',*,*,#1605,.F.);
#632=ORIENTED_EDGE('',*,*,#1747,.T.);
#633=ORIENTED_EDGE('',*,*,#1748,.T.);
#634=ORIENTED_EDGE('',*,*,#1693,.F.);
#635=ORIENTED_EDGE('',*,*,#1749,.F.);
#636=ORIENTED_EDGE('',*,*,#1606,.F.);
#637=ORIENTED_EDGE('',*,*,#1619,.F.);
#638=ORIENTED_EDGE('',*,*,#1722,.F.);
#639=ORIENTED_EDGE('',*,*,#1750,.F.);
#640=ORIENTED_EDGE('',*,*,#1590,.F.);
#641=ORIENTED_EDGE('',*,*,#1750,.T.);
#642=ORIENTED_EDGE('',*,*,#1579,.F.);
#643=ORIENTED_EDGE('',*,*,#1751,.F.);
#644=ORIENTED_EDGE('',*,*,#1582,.F.);
#645=ORIENTED_EDGE('',*,*,#1751,.T.);
#646=ORIENTED_EDGE('',*,*,#1724,.F.);
#647=ORIENTED_EDGE('',*,*,#1450,.F.);
#648=ORIENTED_EDGE('',*,*,#1583,.F.);
#649=ORIENTED_EDGE('',*,*,#1721,.F.);
#650=ORIENTED_EDGE('',*,*,#1725,.F.);
#651=ORIENTED_EDGE('',*,*,#1752,.F.);
#652=ORIENTED_EDGE('',*,*,#1577,.F.);
#653=ORIENTED_EDGE('',*,*,#1472,.F.);
#654=ORIENTED_EDGE('',*,*,#1752,.T.);
#655=ORIENTED_EDGE('',*,*,#1581,.F.);
#656=ORIENTED_EDGE('',*,*,#1753,.F.);
#657=ORIENTED_EDGE('',*,*,#1572,.F.);
#658=ORIENTED_EDGE('',*,*,#1753,.T.);
#659=ORIENTED_EDGE('',*,*,#1723,.F.);
#660=ORIENTED_EDGE('',*,*,#1617,.F.);
#661=ORIENTED_EDGE('',*,*,#1573,.F.);
#662=ORIENTED_EDGE('',*,*,#1448,.F.);
#663=ORIENTED_EDGE('',*,*,#1726,.F.);
#664=ORIENTED_EDGE('',*,*,#1754,.F.);
#665=ORIENTED_EDGE('',*,*,#1584,.F.);
#666=ORIENTED_EDGE('',*,*,#1755,.T.);
#667=ORIENTED_EDGE('',*,*,#1756,.T.);
#668=ORIENTED_EDGE('',*,*,#1585,.F.);
#669=ORIENTED_EDGE('',*,*,#1754,.T.);
#670=ORIENTED_EDGE('',*,*,#1498,.F.);
#671=ORIENTED_EDGE('',*,*,#1502,.F.);
#672=ORIENTED_EDGE('',*,*,#1757,.T.);
#673=ORIENTED_EDGE('',*,*,#1758,.T.);
#674=ORIENTED_EDGE('',*,*,#1496,.F.);
#675=ORIENTED_EDGE('',*,*,#1759,.F.);
#676=ORIENTED_EDGE('',*,*,#1759,.T.);
#677=ORIENTED_EDGE('',*,*,#1727,.F.);
#678=ORIENTED_EDGE('',*,*,#1470,.F.);
#679=ORIENTED_EDGE('',*,*,#1503,.F.);
#680=ORIENTED_EDGE('',*,*,#1517,.F.);
#681=ORIENTED_EDGE('',*,*,#1760,.T.);
#682=ORIENTED_EDGE('',*,*,#1761,.T.);
#683=ORIENTED_EDGE('',*,*,#1511,.F.);
#684=ORIENTED_EDGE('',*,*,#1762,.F.);
#685=ORIENTED_EDGE('',*,*,#1762,.T.);
#686=ORIENTED_EDGE('',*,*,#1728,.F.);
#687=ORIENTED_EDGE('',*,*,#1462,.F.);
#688=ORIENTED_EDGE('',*,*,#1518,.F.);
#689=ORIENTED_EDGE('',*,*,#1464,.F.);
#690=ORIENTED_EDGE('',*,*,#1729,.F.);
#691=ORIENTED_EDGE('',*,*,#1513,.F.);
#692=ORIENTED_EDGE('',*,*,#1509,.F.);
#693=ORIENTED_EDGE('',*,*,#1460,.F.);
#694=ORIENTED_EDGE('',*,*,#1730,.F.);
#695=ORIENTED_EDGE('',*,*,#1763,.F.);
#696=ORIENTED_EDGE('',*,*,#1519,.F.);
#697=ORIENTED_EDGE('',*,*,#1764,.T.);
#698=ORIENTED_EDGE('',*,*,#1765,.T.);
#699=ORIENTED_EDGE('',*,*,#1520,.F.);
#700=ORIENTED_EDGE('',*,*,#1763,.T.);
#701=ORIENTED_EDGE('',*,*,#1526,.F.);
#702=ORIENTED_EDGE('',*,*,#1679,.F.);
#703=ORIENTED_EDGE('',*,*,#1553,.F.);
#704=ORIENTED_EDGE('',*,*,#1718,.F.);
#705=ORIENTED_EDGE('',*,*,#1708,.F.);
#706=ORIENTED_EDGE('',*,*,#1490,.F.);
#707=ORIENTED_EDGE('',*,*,#1685,.F.);
#708=ORIENTED_EDGE('',*,*,#1640,.F.);
#709=ORIENTED_EDGE('',*,*,#1537,.F.);
#710=ORIENTED_EDGE('',*,*,#1700,.F.);
#711=ORIENTED_EDGE('',*,*,#1707,.F.);
#712=ORIENTED_EDGE('',*,*,#1704,.F.);
#713=ORIENTED_EDGE('',*,*,#1542,.F.);
#714=ORIENTED_EDGE('',*,*,#1648,.F.);
#715=ORIENTED_EDGE('',*,*,#1719,.F.);
#716=ORIENTED_EDGE('',*,*,#1696,.F.);
#717=ORIENTED_EDGE('',*,*,#1686,.F.);
#718=ORIENTED_EDGE('',*,*,#1492,.F.);
#719=ORIENTED_EDGE('',*,*,#1711,.F.);
#720=ORIENTED_EDGE('',*,*,#1766,.T.);
#721=ORIENTED_EDGE('',*,*,#1767,.T.);
#722=ORIENTED_EDGE('',*,*,#1768,.T.);
#723=ORIENTED_EDGE('',*,*,#1769,.T.);
#724=ORIENTED_EDGE('',*,*,#1770,.T.);
#725=ORIENTED_EDGE('',*,*,#1771,.T.);
#726=ORIENTED_EDGE('',*,*,#1770,.F.);
#727=ORIENTED_EDGE('',*,*,#1772,.T.);
#728=ORIENTED_EDGE('',*,*,#1773,.T.);
#729=ORIENTED_EDGE('',*,*,#1774,.T.);
#730=ORIENTED_EDGE('',*,*,#1775,.T.);
#731=ORIENTED_EDGE('',*,*,#1776,.T.);
#732=ORIENTED_EDGE('',*,*,#1777,.T.);
#733=ORIENTED_EDGE('',*,*,#1776,.F.);
#734=ORIENTED_EDGE('',*,*,#1778,.T.);
#735=ORIENTED_EDGE('',*,*,#1779,.T.);
#736=ORIENTED_EDGE('',*,*,#1780,.T.);
#737=ORIENTED_EDGE('',*,*,#1781,.T.);
#738=ORIENTED_EDGE('',*,*,#1780,.F.);
#739=ORIENTED_EDGE('',*,*,#1781,.F.);
#740=ORIENTED_EDGE('',*,*,#1528,.F.);
#741=ORIENTED_EDGE('',*,*,#1481,.T.);
#742=ORIENTED_EDGE('',*,*,#1777,.F.);
#743=ORIENTED_EDGE('',*,*,#1480,.T.);
#744=ORIENTED_EDGE('',*,*,#1771,.F.);
#745=ORIENTED_EDGE('',*,*,#1782,.F.);
#746=ORIENTED_EDGE('',*,*,#1539,.F.);
#747=ORIENTED_EDGE('',*,*,#1783,.F.);
#748=ORIENTED_EDGE('',*,*,#1778,.F.);
#749=ORIENTED_EDGE('',*,*,#1547,.F.);
#750=ORIENTED_EDGE('',*,*,#1644,.F.);
#751=ORIENTED_EDGE('',*,*,#1540,.F.);
#752=ORIENTED_EDGE('',*,*,#1782,.T.);
#753=ORIENTED_EDGE('',*,*,#1779,.F.);
#754=ORIENTED_EDGE('',*,*,#1783,.T.);
#755=ORIENTED_EDGE('',*,*,#1784,.F.);
#756=ORIENTED_EDGE('',*,*,#1775,.F.);
#757=ORIENTED_EDGE('',*,*,#1785,.F.);
#758=ORIENTED_EDGE('',*,*,#1715,.F.);
#759=ORIENTED_EDGE('',*,*,#1668,.F.);
#760=ORIENTED_EDGE('',*,*,#1785,.T.);
#761=ORIENTED_EDGE('',*,*,#1774,.F.);
#762=ORIENTED_EDGE('',*,*,#1786,.F.);
#763=ORIENTED_EDGE('',*,*,#1716,.F.);
#764=ORIENTED_EDGE('',*,*,#1661,.F.);
#765=ORIENTED_EDGE('',*,*,#1714,.F.);
#766=ORIENTED_EDGE('',*,*,#1787,.F.);
#767=ORIENTED_EDGE('',*,*,#1772,.F.);
#768=ORIENTED_EDGE('',*,*,#1784,.T.);
#769=ORIENTED_EDGE('',*,*,#1667,.F.);
#770=ORIENTED_EDGE('',*,*,#1786,.T.);
#771=ORIENTED_EDGE('',*,*,#1773,.F.);
#772=ORIENTED_EDGE('',*,*,#1787,.T.);
#773=ORIENTED_EDGE('',*,*,#1713,.F.);
#774=ORIENTED_EDGE('',*,*,#1717,.F.);
#775=ORIENTED_EDGE('',*,*,#1788,.F.);
#776=ORIENTED_EDGE('',*,*,#1674,.F.);
#777=ORIENTED_EDGE('',*,*,#1789,.F.);
#778=ORIENTED_EDGE('',*,*,#1769,.F.);
#779=ORIENTED_EDGE('',*,*,#1741,.F.);
#780=ORIENTED_EDGE('',*,*,#1790,.F.);
#781=ORIENTED_EDGE('',*,*,#1766,.F.);
#782=ORIENTED_EDGE('',*,*,#1789,.T.);
#783=ORIENTED_EDGE('',*,*,#1673,.F.);
#784=ORIENTED_EDGE('',*,*,#1788,.T.);
#785=ORIENTED_EDGE('',*,*,#1768,.F.);
#786=ORIENTED_EDGE('',*,*,#1791,.F.);
#787=ORIENTED_EDGE('',*,*,#1663,.F.);
#788=ORIENTED_EDGE('',*,*,#1675,.F.);
#789=ORIENTED_EDGE('',*,*,#1740,.F.);
#790=ORIENTED_EDGE('',*,*,#1738,.F.);
#791=ORIENTED_EDGE('',*,*,#1664,.F.);
#792=ORIENTED_EDGE('',*,*,#1791,.T.);
#793=ORIENTED_EDGE('',*,*,#1767,.F.);
#794=ORIENTED_EDGE('',*,*,#1790,.T.);
#795=ORIENTED_EDGE('',*,*,#1792,.T.);
#796=ORIENTED_EDGE('',*,*,#1793,.T.);
#797=ORIENTED_EDGE('',*,*,#1561,.F.);
#798=ORIENTED_EDGE('',*,*,#1576,.F.);
#799=ORIENTED_EDGE('',*,*,#1563,.T.);
#800=ORIENTED_EDGE('',*,*,#1794,.T.);
#801=ORIENTED_EDGE('',*,*,#1792,.F.);
#802=ORIENTED_EDGE('',*,*,#1575,.F.);
#803=ORIENTED_EDGE('',*,*,#1795,.T.);
#804=ORIENTED_EDGE('',*,*,#1560,.T.);
#805=ORIENTED_EDGE('',*,*,#1796,.F.);
#806=ORIENTED_EDGE('',*,*,#1797,.F.);
#807=ORIENTED_EDGE('',*,*,#1798,.T.);
#808=ORIENTED_EDGE('',*,*,#1795,.F.);
#809=ORIENTED_EDGE('',*,*,#1796,.T.);
#810=ORIENTED_EDGE('',*,*,#1799,.F.);
#811=ORIENTED_EDGE('',*,*,#1798,.F.);
#812=ORIENTED_EDGE('',*,*,#1800,.F.);
#813=ORIENTED_EDGE('',*,*,#1691,.F.);
#814=ORIENTED_EDGE('',*,*,#1794,.F.);
#815=ORIENTED_EDGE('',*,*,#1562,.T.);
#816=ORIENTED_EDGE('',*,*,#1793,.F.);
#817=ORIENTED_EDGE('',*,*,#1801,.F.);
#818=ORIENTED_EDGE('',*,*,#1802,.F.);
#819=ORIENTED_EDGE('',*,*,#1803,.F.);
#820=ORIENTED_EDGE('',*,*,#1804,.F.);
#821=ORIENTED_EDGE('',*,*,#1805,.T.);
#822=ORIENTED_EDGE('',*,*,#1806,.T.);
#823=ORIENTED_EDGE('',*,*,#1807,.F.);
#824=ORIENTED_EDGE('',*,*,#1808,.F.);
#825=ORIENTED_EDGE('',*,*,#1809,.F.);
#826=ORIENTED_EDGE('',*,*,#1810,.F.);
#827=ORIENTED_EDGE('',*,*,#1811,.F.);
#828=ORIENTED_EDGE('',*,*,#1812,.F.);
#829=ORIENTED_EDGE('',*,*,#1813,.F.);
#830=ORIENTED_EDGE('',*,*,#1814,.T.);
#831=ORIENTED_EDGE('',*,*,#1815,.T.);
#832=ORIENTED_EDGE('',*,*,#1816,.T.);
#833=ORIENTED_EDGE('',*,*,#1817,.T.);
#834=ORIENTED_EDGE('',*,*,#1818,.T.);
#835=ORIENTED_EDGE('',*,*,#1819,.T.);
#836=ORIENTED_EDGE('',*,*,#1820,.T.);
#837=ORIENTED_EDGE('',*,*,#1821,.F.);
#838=ORIENTED_EDGE('',*,*,#1822,.F.);
#839=ORIENTED_EDGE('',*,*,#1823,.F.);
#840=ORIENTED_EDGE('',*,*,#1824,.F.);
#841=ORIENTED_EDGE('',*,*,#1825,.T.);
#842=ORIENTED_EDGE('',*,*,#1826,.T.);
#843=ORIENTED_EDGE('',*,*,#1827,.T.);
#844=ORIENTED_EDGE('',*,*,#1828,.T.);
#845=ORIENTED_EDGE('',*,*,#1805,.F.);
#846=ORIENTED_EDGE('',*,*,#1829,.F.);
#847=ORIENTED_EDGE('',*,*,#1830,.T.);
#848=ORIENTED_EDGE('',*,*,#1831,.F.);
#849=ORIENTED_EDGE('',*,*,#1832,.T.);
#850=ORIENTED_EDGE('',*,*,#1806,.F.);
#851=ORIENTED_EDGE('',*,*,#1828,.F.);
#852=ORIENTED_EDGE('',*,*,#1833,.F.);
#853=ORIENTED_EDGE('',*,*,#1834,.F.);
#854=ORIENTED_EDGE('',*,*,#1835,.F.);
#855=ORIENTED_EDGE('',*,*,#1836,.F.);
#856=ORIENTED_EDGE('',*,*,#1837,.T.);
#857=ORIENTED_EDGE('',*,*,#1838,.F.);
#858=ORIENTED_EDGE('',*,*,#1839,.T.);
#859=ORIENTED_EDGE('',*,*,#1840,.T.);
#860=ORIENTED_EDGE('',*,*,#1841,.F.);
#861=ORIENTED_EDGE('',*,*,#1842,.F.);
#862=ORIENTED_EDGE('',*,*,#1843,.F.);
#863=ORIENTED_EDGE('',*,*,#1844,.F.);
#864=ORIENTED_EDGE('',*,*,#1845,.T.);
#865=ORIENTED_EDGE('',*,*,#1846,.T.);
#866=ORIENTED_EDGE('',*,*,#1803,.T.);
#867=ORIENTED_EDGE('',*,*,#1847,.F.);
#868=ORIENTED_EDGE('',*,*,#1848,.T.);
#869=ORIENTED_EDGE('',*,*,#1849,.F.);
#870=ORIENTED_EDGE('',*,*,#1829,.T.);
#871=ORIENTED_EDGE('',*,*,#1804,.T.);
#872=ORIENTED_EDGE('',*,*,#1846,.F.);
#873=ORIENTED_EDGE('',*,*,#1807,.T.);
#874=ORIENTED_EDGE('',*,*,#1832,.F.);
#875=ORIENTED_EDGE('',*,*,#1850,.T.);
#876=ORIENTED_EDGE('',*,*,#1851,.T.);
#877=ORIENTED_EDGE('',*,*,#1852,.F.);
#878=ORIENTED_EDGE('',*,*,#1853,.F.);
#879=ORIENTED_EDGE('',*,*,#1854,.F.);
#880=ORIENTED_EDGE('',*,*,#1851,.F.);
#881=ORIENTED_EDGE('',*,*,#1855,.F.);
#882=ORIENTED_EDGE('',*,*,#1856,.F.);
#883=ORIENTED_EDGE('',*,*,#1857,.F.);
#884=ORIENTED_EDGE('',*,*,#1858,.T.);
#885=ORIENTED_EDGE('',*,*,#1859,.F.);
#886=ORIENTED_EDGE('',*,*,#1860,.T.);
#887=ORIENTED_EDGE('',*,*,#1861,.F.);
#888=ORIENTED_EDGE('',*,*,#1862,.F.);
#889=ORIENTED_EDGE('',*,*,#1811,.T.);
#890=ORIENTED_EDGE('',*,*,#1863,.F.);
#891=ORIENTED_EDGE('',*,*,#1864,.T.);
#892=ORIENTED_EDGE('',*,*,#1865,.T.);
#893=ORIENTED_EDGE('',*,*,#1866,.F.);
#894=ORIENTED_EDGE('',*,*,#1867,.F.);
#895=ORIENTED_EDGE('',*,*,#1868,.F.);
#896=ORIENTED_EDGE('',*,*,#1869,.F.);
#897=ORIENTED_EDGE('',*,*,#1870,.T.);
#898=ORIENTED_EDGE('',*,*,#1871,.F.);
#899=ORIENTED_EDGE('',*,*,#1872,.F.);
#900=ORIENTED_EDGE('',*,*,#1865,.F.);
#901=ORIENTED_EDGE('',*,*,#1873,.F.);
#902=ORIENTED_EDGE('',*,*,#1874,.F.);
#903=ORIENTED_EDGE('',*,*,#1875,.F.);
#904=ORIENTED_EDGE('',*,*,#1870,.F.);
#905=ORIENTED_EDGE('',*,*,#1876,.F.);
#906=ORIENTED_EDGE('',*,*,#1877,.F.);
#907=ORIENTED_EDGE('',*,*,#1878,.F.);
#908=ORIENTED_EDGE('',*,*,#1879,.F.);
#909=ORIENTED_EDGE('',*,*,#1880,.F.);
#910=ORIENTED_EDGE('',*,*,#1881,.F.);
#911=ORIENTED_EDGE('',*,*,#1882,.T.);
#912=ORIENTED_EDGE('',*,*,#1883,.F.);
#913=ORIENTED_EDGE('',*,*,#1884,.F.);
#914=ORIENTED_EDGE('',*,*,#1885,.F.);
#915=ORIENTED_EDGE('',*,*,#1886,.F.);
#916=ORIENTED_EDGE('',*,*,#1887,.T.);
#917=ORIENTED_EDGE('',*,*,#1882,.F.);
#918=ORIENTED_EDGE('',*,*,#1888,.F.);
#919=ORIENTED_EDGE('',*,*,#1889,.F.);
#920=ORIENTED_EDGE('',*,*,#1890,.F.);
#921=ORIENTED_EDGE('',*,*,#1891,.T.);
#922=ORIENTED_EDGE('',*,*,#1892,.F.);
#923=ORIENTED_EDGE('',*,*,#1893,.F.);
#924=ORIENTED_EDGE('',*,*,#1894,.F.);
#925=ORIENTED_EDGE('',*,*,#1839,.F.);
#926=ORIENTED_EDGE('',*,*,#1895,.F.);
#927=ORIENTED_EDGE('',*,*,#1896,.F.);
#928=ORIENTED_EDGE('',*,*,#1557,.T.);
#929=ORIENTED_EDGE('',*,*,#1897,.F.);
#930=ORIENTED_EDGE('',*,*,#1898,.F.);
#931=ORIENTED_EDGE('',*,*,#1899,.F.);
#932=ORIENTED_EDGE('',*,*,#1475,.F.);
#933=ORIENTED_EDGE('',*,*,#1570,.F.);
#934=ORIENTED_EDGE('',*,*,#1900,.F.);
#935=ORIENTED_EDGE('',*,*,#1901,.F.);
#936=ORIENTED_EDGE('',*,*,#1566,.F.);
#937=ORIENTED_EDGE('',*,*,#1616,.F.);
#938=ORIENTED_EDGE('',*,*,#1902,.F.);
#939=ORIENTED_EDGE('',*,*,#1903,.F.);
#940=ORIENTED_EDGE('',*,*,#1904,.F.);
#941=ORIENTED_EDGE('',*,*,#1905,.F.);
#942=ORIENTED_EDGE('',*,*,#1906,.F.);
#943=ORIENTED_EDGE('',*,*,#1907,.F.);
#944=ORIENTED_EDGE('',*,*,#1908,.F.);
#945=ORIENTED_EDGE('',*,*,#1612,.T.);
#946=ORIENTED_EDGE('',*,*,#1909,.F.);
#947=ORIENTED_EDGE('',*,*,#1910,.T.);
#948=ORIENTED_EDGE('',*,*,#1911,.F.);
#949=ORIENTED_EDGE('',*,*,#1912,.F.);
#950=ORIENTED_EDGE('',*,*,#1823,.T.);
#951=ORIENTED_EDGE('',*,*,#1913,.F.);
#952=ORIENTED_EDGE('',*,*,#1914,.F.);
#953=ORIENTED_EDGE('',*,*,#1915,.F.);
#954=ORIENTED_EDGE('',*,*,#1873,.T.);
#955=ORIENTED_EDGE('',*,*,#1864,.F.);
#956=ORIENTED_EDGE('',*,*,#1916,.F.);
#957=ORIENTED_EDGE('',*,*,#1860,.F.);
#958=ORIENTED_EDGE('',*,*,#1917,.F.);
#959=ORIENTED_EDGE('',*,*,#1918,.F.);
#960=ORIENTED_EDGE('',*,*,#1919,.F.);
#961=ORIENTED_EDGE('',*,*,#1920,.T.);
#962=ORIENTED_EDGE('',*,*,#1858,.F.);
#963=ORIENTED_EDGE('',*,*,#1921,.F.);
#964=ORIENTED_EDGE('',*,*,#1855,.T.);
#965=ORIENTED_EDGE('',*,*,#1850,.F.);
#966=ORIENTED_EDGE('',*,*,#1831,.T.);
#967=ORIENTED_EDGE('',*,*,#1922,.F.);
#968=ORIENTED_EDGE('',*,*,#1923,.F.);
#969=ORIENTED_EDGE('',*,*,#1924,.F.);
#970=ORIENTED_EDGE('',*,*,#1925,.F.);
#971=ORIENTED_EDGE('',*,*,#1926,.F.);
#972=ORIENTED_EDGE('',*,*,#1927,.F.);
#973=ORIENTED_EDGE('',*,*,#1917,.T.);
#974=ORIENTED_EDGE('',*,*,#1859,.T.);
#975=ORIENTED_EDGE('',*,*,#1920,.F.);
#976=ORIENTED_EDGE('',*,*,#1928,.F.);
#977=ORIENTED_EDGE('',*,*,#1929,.F.);
#978=ORIENTED_EDGE('',*,*,#1930,.T.);
#979=ORIENTED_EDGE('',*,*,#1909,.T.);
#980=ORIENTED_EDGE('',*,*,#1611,.F.);
#981=ORIENTED_EDGE('',*,*,#1931,.F.);
#982=ORIENTED_EDGE('',*,*,#1932,.F.);
#983=ORIENTED_EDGE('',*,*,#1933,.F.);
#984=ORIENTED_EDGE('',*,*,#1934,.F.);
#985=ORIENTED_EDGE('',*,*,#1935,.T.);
#986=ORIENTED_EDGE('',*,*,#1848,.F.);
#987=ORIENTED_EDGE('',*,*,#1845,.F.);
#988=ORIENTED_EDGE('',*,*,#1936,.F.);
#989=ORIENTED_EDGE('',*,*,#1840,.F.);
#990=ORIENTED_EDGE('',*,*,#1937,.F.);
#991=ORIENTED_EDGE('',*,*,#1910,.F.);
#992=ORIENTED_EDGE('',*,*,#1930,.F.);
#993=ORIENTED_EDGE('',*,*,#1938,.F.);
#994=ORIENTED_EDGE('',*,*,#1939,.F.);
#995=ORIENTED_EDGE('',*,*,#1922,.T.);
#996=ORIENTED_EDGE('',*,*,#1830,.F.);
#997=ORIENTED_EDGE('',*,*,#1827,.F.);
#998=ORIENTED_EDGE('',*,*,#1849,.T.);
#999=ORIENTED_EDGE('',*,*,#1935,.F.);
#1000=ORIENTED_EDGE('',*,*,#1940,.F.);
#1001=ORIENTED_EDGE('',*,*,#1876,.T.);
#1002=ORIENTED_EDGE('',*,*,#1869,.T.);
#1003=ORIENTED_EDGE('',*,*,#1941,.F.);
#1004=ORIENTED_EDGE('',*,*,#1942,.F.);
#1005=ORIENTED_EDGE('',*,*,#1943,.T.);
#1006=ORIENTED_EDGE('',*,*,#1944,.F.);
#1007=ORIENTED_EDGE('',*,*,#1885,.T.);
#1008=ORIENTED_EDGE('',*,*,#1945,.F.);
#1009=ORIENTED_EDGE('',*,*,#1943,.F.);
#1010=ORIENTED_EDGE('',*,*,#1946,.F.);
#1011=ORIENTED_EDGE('',*,*,#1947,.F.);
#1012=ORIENTED_EDGE('',*,*,#1948,.T.);
#1013=ORIENTED_EDGE('',*,*,#1880,.T.);
#1014=ORIENTED_EDGE('',*,*,#1949,.F.);
#1015=ORIENTED_EDGE('',*,*,#1950,.T.);
#1016=ORIENTED_EDGE('',*,*,#1888,.T.);
#1017=ORIENTED_EDGE('',*,*,#1881,.T.);
#1018=ORIENTED_EDGE('',*,*,#1948,.F.);
#1019=ORIENTED_EDGE('',*,*,#1951,.F.);
#1020=ORIENTED_EDGE('',*,*,#1952,.F.);
#1021=ORIENTED_EDGE('',*,*,#1953,.F.);
#1022=ORIENTED_EDGE('',*,*,#1954,.T.);
#1023=ORIENTED_EDGE('',*,*,#1889,.T.);
#1024=ORIENTED_EDGE('',*,*,#1950,.F.);
#1025=ORIENTED_EDGE('',*,*,#1955,.F.);
#1026=ORIENTED_EDGE('',*,*,#1956,.F.);
#1027=ORIENTED_EDGE('',*,*,#1957,.T.);
#1028=ORIENTED_EDGE('',*,*,#1958,.T.);
#1029=ORIENTED_EDGE('',*,*,#1890,.T.);
#1030=ORIENTED_EDGE('',*,*,#1954,.F.);
#1031=ORIENTED_EDGE('',*,*,#1959,.F.);
#1032=ORIENTED_EDGE('',*,*,#1960,.F.);
#1033=ORIENTED_EDGE('',*,*,#1961,.T.);
#1034=ORIENTED_EDGE('',*,*,#1957,.F.);
#1035=ORIENTED_EDGE('',*,*,#1962,.F.);
#1036=ORIENTED_EDGE('',*,*,#1963,.F.);
#1037=ORIENTED_EDGE('',*,*,#1964,.F.);
#1038=ORIENTED_EDGE('',*,*,#1965,.F.);
#1039=ORIENTED_EDGE('',*,*,#1966,.T.);
#1040=ORIENTED_EDGE('',*,*,#1967,.F.);
#1041=ORIENTED_EDGE('',*,*,#1966,.F.);
#1042=ORIENTED_EDGE('',*,*,#1968,.F.);
#1043=ORIENTED_EDGE('',*,*,#1969,.F.);
#1044=ORIENTED_EDGE('',*,*,#1970,.F.);
#1045=ORIENTED_EDGE('',*,*,#1971,.F.);
#1046=ORIENTED_EDGE('',*,*,#1972,.F.);
#1047=ORIENTED_EDGE('',*,*,#1973,.T.);
#1048=ORIENTED_EDGE('',*,*,#1974,.T.);
#1049=ORIENTED_EDGE('',*,*,#1975,.F.);
#1050=ORIENTED_EDGE('',*,*,#1976,.F.);
#1051=ORIENTED_EDGE('',*,*,#1977,.T.);
#1052=ORIENTED_EDGE('',*,*,#1892,.T.);
#1053=ORIENTED_EDGE('',*,*,#1978,.T.);
#1054=ORIENTED_EDGE('',*,*,#1973,.F.);
#1055=ORIENTED_EDGE('',*,*,#1979,.F.);
#1056=ORIENTED_EDGE('',*,*,#1893,.T.);
#1057=ORIENTED_EDGE('',*,*,#1977,.F.);
#1058=ORIENTED_EDGE('',*,*,#1980,.F.);
#1059=ORIENTED_EDGE('',*,*,#1981,.F.);
#1060=ORIENTED_EDGE('',*,*,#1982,.F.);
#1061=ORIENTED_EDGE('',*,*,#1983,.F.);
#1062=ORIENTED_EDGE('',*,*,#1984,.T.);
#1063=ORIENTED_EDGE('',*,*,#1985,.F.);
#1064=ORIENTED_EDGE('',*,*,#1984,.F.);
#1065=ORIENTED_EDGE('',*,*,#1986,.F.);
#1066=ORIENTED_EDGE('',*,*,#1987,.F.);
#1067=ORIENTED_EDGE('',*,*,#1988,.T.);
#1068=ORIENTED_EDGE('',*,*,#1989,.F.);
#1069=ORIENTED_EDGE('',*,*,#1833,.T.);
#1070=ORIENTED_EDGE('',*,*,#1990,.F.);
#1071=ORIENTED_EDGE('',*,*,#1690,.T.);
#1072=ORIENTED_EDGE('',*,*,#1896,.T.);
#1073=ORIENTED_EDGE('',*,*,#1991,.T.);
#1074=ORIENTED_EDGE('',*,*,#1992,.F.);
#1075=ORIENTED_EDGE('',*,*,#1993,.F.);
#1076=ORIENTED_EDGE('',*,*,#1692,.T.);
#1077=ORIENTED_EDGE('',*,*,#1994,.F.);
#1078=ORIENTED_EDGE('',*,*,#1988,.F.);
#1079=ORIENTED_EDGE('',*,*,#1995,.F.);
#1080=ORIENTED_EDGE('',*,*,#1991,.F.);
#1081=ORIENTED_EDGE('',*,*,#1895,.T.);
#1082=ORIENTED_EDGE('',*,*,#1838,.T.);
#1083=ORIENTED_EDGE('',*,*,#1996,.T.);
#1084=ORIENTED_EDGE('',*,*,#1997,.F.);
#1085=ORIENTED_EDGE('',*,*,#1998,.T.);
#1086=ORIENTED_EDGE('',*,*,#1814,.F.);
#1087=ORIENTED_EDGE('',*,*,#1999,.F.);
#1088=ORIENTED_EDGE('',*,*,#1871,.T.);
#1089=ORIENTED_EDGE('',*,*,#1875,.T.);
#1090=ORIENTED_EDGE('',*,*,#2000,.F.);
#1091=ORIENTED_EDGE('',*,*,#2001,.F.);
#1092=ORIENTED_EDGE('',*,*,#1897,.T.);
#1093=ORIENTED_EDGE('',*,*,#1703,.F.);
#1094=ORIENTED_EDGE('',*,*,#1478,.F.);
#1095=ORIENTED_EDGE('',*,*,#1883,.T.);
#1096=ORIENTED_EDGE('',*,*,#2002,.T.);
#1097=ORIENTED_EDGE('',*,*,#1816,.F.);
#1098=ORIENTED_EDGE('',*,*,#2003,.F.);
#1099=ORIENTED_EDGE('',*,*,#2004,.F.);
#1100=ORIENTED_EDGE('',*,*,#2003,.T.);
#1101=ORIENTED_EDGE('',*,*,#1815,.F.);
#1102=ORIENTED_EDGE('',*,*,#1998,.F.);
#1103=ORIENTED_EDGE('',*,*,#2005,.F.);
#1104=ORIENTED_EDGE('',*,*,#1835,.T.);
#1105=ORIENTED_EDGE('',*,*,#2006,.F.);
#1106=ORIENTED_EDGE('',*,*,#2007,.T.);
#1107=ORIENTED_EDGE('',*,*,#1819,.F.);
#1108=ORIENTED_EDGE('',*,*,#2008,.F.);
#1109=ORIENTED_EDGE('',*,*,#2009,.F.);
#1110=ORIENTED_EDGE('',*,*,#1996,.F.);
#1111=ORIENTED_EDGE('',*,*,#1837,.F.);
#1112=ORIENTED_EDGE('',*,*,#2001,.T.);
#1113=ORIENTED_EDGE('',*,*,#1477,.F.);
#1114=ORIENTED_EDGE('',*,*,#2010,.F.);
#1115=ORIENTED_EDGE('',*,*,#2011,.F.);
#1116=ORIENTED_EDGE('',*,*,#1820,.F.);
#1117=ORIENTED_EDGE('',*,*,#2007,.F.);
#1118=ORIENTED_EDGE('',*,*,#2012,.F.);
#1119=ORIENTED_EDGE('',*,*,#2013,.F.);
#1120=ORIENTED_EDGE('',*,*,#1974,.F.);
#1121=ORIENTED_EDGE('',*,*,#1978,.F.);
#1122=ORIENTED_EDGE('',*,*,#1891,.F.);
#1123=ORIENTED_EDGE('',*,*,#2014,.F.);
#1124=ORIENTED_EDGE('',*,*,#2008,.T.);
#1125=ORIENTED_EDGE('',*,*,#1818,.F.);
#1126=ORIENTED_EDGE('',*,*,#2015,.F.);
#1127=ORIENTED_EDGE('',*,*,#2016,.F.);
#1128=ORIENTED_EDGE('',*,*,#2017,.F.);
#1129=ORIENTED_EDGE('',*,*,#2015,.T.);
#1130=ORIENTED_EDGE('',*,*,#1817,.F.);
#1131=ORIENTED_EDGE('',*,*,#2002,.F.);
#1132=ORIENTED_EDGE('',*,*,#1887,.F.);
#1133=ORIENTED_EDGE('',*,*,#1958,.F.);
#1134=ORIENTED_EDGE('',*,*,#1961,.F.);
#1135=ORIENTED_EDGE('',*,*,#2018,.F.);
#1136=ORIENTED_EDGE('',*,*,#2019,.F.);
#1137=ORIENTED_EDGE('',*,*,#1905,.T.);
#1138=ORIENTED_EDGE('',*,*,#2020,.F.);
#1139=ORIENTED_EDGE('',*,*,#1614,.T.);
#1140=ORIENTED_EDGE('',*,*,#2021,.F.);
#1141=ORIENTED_EDGE('',*,*,#1821,.T.);
#1142=ORIENTED_EDGE('',*,*,#2011,.T.);
#1143=ORIENTED_EDGE('',*,*,#2022,.F.);
#1144=ORIENTED_EDGE('',*,*,#1903,.T.);
#1145=ORIENTED_EDGE('',*,*,#2023,.F.);
#1146=ORIENTED_EDGE('',*,*,#1842,.T.);
#1147=ORIENTED_EDGE('',*,*,#2024,.F.);
#1148=ORIENTED_EDGE('',*,*,#1801,.T.);
#1149=ORIENTED_EDGE('',*,*,#2025,.F.);
#1150=ORIENTED_EDGE('',*,*,#1809,.T.);
#1151=ORIENTED_EDGE('',*,*,#2026,.F.);
#1152=ORIENTED_EDGE('',*,*,#1853,.T.);
#1153=ORIENTED_EDGE('',*,*,#2027,.F.);
#1154=ORIENTED_EDGE('',*,*,#1866,.T.);
#1155=ORIENTED_EDGE('',*,*,#1872,.T.);
#1156=ORIENTED_EDGE('',*,*,#1999,.T.);
#1157=ORIENTED_EDGE('',*,*,#1813,.T.);
#1158=ORIENTED_EDGE('',*,*,#2028,.F.);
#1159=ORIENTED_EDGE('',*,*,#1874,.T.);
#1160=ORIENTED_EDGE('',*,*,#1915,.T.);
#1161=ORIENTED_EDGE('',*,*,#2029,.T.);
#1162=ORIENTED_EDGE('',*,*,#1941,.T.);
#1163=ORIENTED_EDGE('',*,*,#1942,.T.);
#1164=ORIENTED_EDGE('',*,*,#2029,.F.);
#1165=ORIENTED_EDGE('',*,*,#1914,.T.);
#1166=ORIENTED_EDGE('',*,*,#2030,.T.);
#1167=ORIENTED_EDGE('',*,*,#1946,.T.);
#1168=ORIENTED_EDGE('',*,*,#1947,.T.);
#1169=ORIENTED_EDGE('',*,*,#2030,.F.);
#1170=ORIENTED_EDGE('',*,*,#1918,.T.);
#1171=ORIENTED_EDGE('',*,*,#1927,.T.);
#1172=ORIENTED_EDGE('',*,*,#2031,.T.);
#1173=ORIENTED_EDGE('',*,*,#1951,.T.);
#1174=ORIENTED_EDGE('',*,*,#2031,.F.);
#1175=ORIENTED_EDGE('',*,*,#1926,.T.);
#1176=ORIENTED_EDGE('',*,*,#2032,.T.);
#1177=ORIENTED_EDGE('',*,*,#1952,.T.);
#1178=ORIENTED_EDGE('',*,*,#1953,.T.);
#1179=ORIENTED_EDGE('',*,*,#2032,.F.);
#1180=ORIENTED_EDGE('',*,*,#1925,.T.);
#1181=ORIENTED_EDGE('',*,*,#2033,.T.);
#1182=ORIENTED_EDGE('',*,*,#1955,.T.);
#1183=ORIENTED_EDGE('',*,*,#1956,.T.);
#1184=ORIENTED_EDGE('',*,*,#2033,.F.);
#1185=ORIENTED_EDGE('',*,*,#1928,.T.);
#1186=ORIENTED_EDGE('',*,*,#1919,.T.);
#1187=ORIENTED_EDGE('',*,*,#2034,.T.);
#1188=ORIENTED_EDGE('',*,*,#1959,.T.);
#1189=ORIENTED_EDGE('',*,*,#1960,.T.);
#1190=ORIENTED_EDGE('',*,*,#2034,.F.);
#1191=ORIENTED_EDGE('',*,*,#1924,.T.);
#1192=ORIENTED_EDGE('',*,*,#2035,.T.);
#1193=ORIENTED_EDGE('',*,*,#1962,.T.);
#1194=ORIENTED_EDGE('',*,*,#1963,.T.);
#1195=ORIENTED_EDGE('',*,*,#2035,.F.);
#1196=ORIENTED_EDGE('',*,*,#1923,.T.);
#1197=ORIENTED_EDGE('',*,*,#1939,.T.);
#1198=ORIENTED_EDGE('',*,*,#2036,.T.);
#1199=ORIENTED_EDGE('',*,*,#2037,.F.);
#1200=ORIENTED_EDGE('',*,*,#2038,.F.);
#1201=ORIENTED_EDGE('',*,*,#2036,.F.);
#1202=ORIENTED_EDGE('',*,*,#1940,.T.);
#1203=ORIENTED_EDGE('',*,*,#1934,.T.);
#1204=ORIENTED_EDGE('',*,*,#2039,.T.);
#1205=ORIENTED_EDGE('',*,*,#1971,.T.);
#1206=ORIENTED_EDGE('',*,*,#2040,.F.);
#1207=ORIENTED_EDGE('',*,*,#1979,.T.);
#1208=ORIENTED_EDGE('',*,*,#1972,.T.);
#1209=ORIENTED_EDGE('',*,*,#2039,.F.);
#1210=ORIENTED_EDGE('',*,*,#1933,.T.);
#1211=ORIENTED_EDGE('',*,*,#2041,.T.);
#1212=ORIENTED_EDGE('',*,*,#1980,.T.);
#1213=ORIENTED_EDGE('',*,*,#2041,.F.);
#1214=ORIENTED_EDGE('',*,*,#1932,.T.);
#1215=ORIENTED_EDGE('',*,*,#2042,.T.);
#1216=ORIENTED_EDGE('',*,*,#1981,.T.);
#1217=ORIENTED_EDGE('',*,*,#2042,.F.);
#1218=ORIENTED_EDGE('',*,*,#1938,.T.);
#1219=ORIENTED_EDGE('',*,*,#1929,.T.);
#1220=ORIENTED_EDGE('',*,*,#2043,.T.);
#1221=ORIENTED_EDGE('',*,*,#1982,.T.);
#1222=ORIENTED_EDGE('',*,*,#1983,.T.);
#1223=ORIENTED_EDGE('',*,*,#2043,.F.);
#1224=ORIENTED_EDGE('',*,*,#1931,.T.);
#1225=ORIENTED_EDGE('',*,*,#1610,.T.);
#1226=ORIENTED_EDGE('',*,*,#2044,.T.);
#1227=ORIENTED_EDGE('',*,*,#1986,.T.);
#1228=ORIENTED_EDGE('',*,*,#2044,.F.);
#1229=ORIENTED_EDGE('',*,*,#1609,.T.);
#1230=ORIENTED_EDGE('',*,*,#2045,.T.);
#1231=ORIENTED_EDGE('',*,*,#1987,.T.);
#1232=ORIENTED_EDGE('',*,*,#1995,.T.);
#1233=ORIENTED_EDGE('',*,*,#2045,.F.);
#1234=ORIENTED_EDGE('',*,*,#1608,.T.);
#1235=ORIENTED_EDGE('',*,*,#2046,.T.);
#1236=ORIENTED_EDGE('',*,*,#1992,.T.);
#1237=ORIENTED_EDGE('',*,*,#2046,.F.);
#1238=ORIENTED_EDGE('',*,*,#1607,.T.);
#1239=ORIENTED_EDGE('',*,*,#1749,.T.);
#1240=ORIENTED_EDGE('',*,*,#1993,.T.);
#1241=ORIENTED_EDGE('',*,*,#1613,.T.);
#1242=ORIENTED_EDGE('',*,*,#1908,.T.);
#1243=ORIENTED_EDGE('',*,*,#2047,.T.);
#1244=ORIENTED_EDGE('',*,*,#2021,.T.);
#1245=ORIENTED_EDGE('',*,*,#2047,.F.);
#1246=ORIENTED_EDGE('',*,*,#1907,.T.);
#1247=ORIENTED_EDGE('',*,*,#2048,.T.);
#1248=ORIENTED_EDGE('',*,*,#1906,.T.);
#1249=ORIENTED_EDGE('',*,*,#2048,.F.);
#1250=ORIENTED_EDGE('',*,*,#1913,.T.);
#1251=ORIENTED_EDGE('',*,*,#1822,.T.);
#1252=ORIENTED_EDGE('',*,*,#2023,.T.);
#1253=ORIENTED_EDGE('',*,*,#2010,.T.);
#1254=ORIENTED_EDGE('',*,*,#1476,.T.);
#1255=ORIENTED_EDGE('',*,*,#1899,.T.);
#1256=ORIENTED_EDGE('',*,*,#2049,.T.);
#1257=ORIENTED_EDGE('',*,*,#2022,.T.);
#1258=ORIENTED_EDGE('',*,*,#2049,.F.);
#1259=ORIENTED_EDGE('',*,*,#1898,.T.);
#1260=ORIENTED_EDGE('',*,*,#2050,.T.);
#1261=ORIENTED_EDGE('',*,*,#1904,.T.);
#1262=ORIENTED_EDGE('',*,*,#2050,.F.);
#1263=ORIENTED_EDGE('',*,*,#1902,.T.);
#1264=ORIENTED_EDGE('',*,*,#1615,.T.);
#1265=ORIENTED_EDGE('',*,*,#2020,.T.);
#1266=ORIENTED_EDGE('',*,*,#1824,.T.);
#1267=ORIENTED_EDGE('',*,*,#1912,.T.);
#1268=ORIENTED_EDGE('',*,*,#2051,.T.);
#1269=ORIENTED_EDGE('',*,*,#2025,.T.);
#1270=ORIENTED_EDGE('',*,*,#1937,.T.);
#1271=ORIENTED_EDGE('',*,*,#1843,.T.);
#1272=ORIENTED_EDGE('',*,*,#2051,.F.);
#1273=ORIENTED_EDGE('',*,*,#1911,.T.);
#1274=ORIENTED_EDGE('',*,*,#1936,.T.);
#1275=ORIENTED_EDGE('',*,*,#1844,.T.);
#1276=ORIENTED_EDGE('',*,*,#2052,.T.);
#1277=ORIENTED_EDGE('',*,*,#1841,.T.);
#1278=ORIENTED_EDGE('',*,*,#2052,.F.);
#1279=ORIENTED_EDGE('',*,*,#1847,.T.);
#1280=ORIENTED_EDGE('',*,*,#1802,.T.);
#1281=ORIENTED_EDGE('',*,*,#2024,.T.);
#1282=ORIENTED_EDGE('',*,*,#1921,.T.);
#1283=ORIENTED_EDGE('',*,*,#1857,.T.);
#1284=ORIENTED_EDGE('',*,*,#2053,.T.);
#1285=ORIENTED_EDGE('',*,*,#1856,.T.);
#1286=ORIENTED_EDGE('',*,*,#2053,.F.);
#1287=ORIENTED_EDGE('',*,*,#1863,.T.);
#1288=ORIENTED_EDGE('',*,*,#1810,.T.);
#1289=ORIENTED_EDGE('',*,*,#2027,.T.);
#1290=ORIENTED_EDGE('',*,*,#1808,.T.);
#1291=ORIENTED_EDGE('',*,*,#1852,.T.);
#1292=ORIENTED_EDGE('',*,*,#1854,.T.);
#1293=ORIENTED_EDGE('',*,*,#2026,.T.);
#1294=ORIENTED_EDGE('',*,*,#1812,.T.);
#1295=ORIENTED_EDGE('',*,*,#1862,.T.);
#1296=ORIENTED_EDGE('',*,*,#2054,.T.);
#1297=ORIENTED_EDGE('',*,*,#2028,.T.);
#1298=ORIENTED_EDGE('',*,*,#1916,.T.);
#1299=ORIENTED_EDGE('',*,*,#1867,.T.);
#1300=ORIENTED_EDGE('',*,*,#2054,.F.);
#1301=ORIENTED_EDGE('',*,*,#1861,.T.);
#1302=ORIENTED_EDGE('',*,*,#1985,.T.);
#1303=ORIENTED_EDGE('',*,*,#1990,.T.);
#1304=ORIENTED_EDGE('',*,*,#1836,.T.);
#1305=ORIENTED_EDGE('',*,*,#2009,.T.);
#1306=ORIENTED_EDGE('',*,*,#2014,.T.);
#1307=ORIENTED_EDGE('',*,*,#1894,.T.);
#1308=ORIENTED_EDGE('',*,*,#1944,.T.);
#1309=ORIENTED_EDGE('',*,*,#1945,.T.);
#1310=ORIENTED_EDGE('',*,*,#1884,.T.);
#1311=ORIENTED_EDGE('',*,*,#2004,.T.);
#1312=ORIENTED_EDGE('',*,*,#2005,.T.);
#1313=ORIENTED_EDGE('',*,*,#2000,.T.);
#1314=ORIENTED_EDGE('',*,*,#1877,.T.);
#1315=ORIENTED_EDGE('',*,*,#2012,.T.);
#1316=ORIENTED_EDGE('',*,*,#2006,.T.);
#1317=ORIENTED_EDGE('',*,*,#1834,.T.);
#1318=ORIENTED_EDGE('',*,*,#1989,.T.);
#1319=ORIENTED_EDGE('',*,*,#1997,.T.);
#1320=ORIENTED_EDGE('',*,*,#2055,.F.);
#1321=ORIENTED_EDGE('',*,*,#2056,.F.);
#1322=ORIENTED_EDGE('',*,*,#2057,.F.);
#1323=ORIENTED_EDGE('',*,*,#2058,.F.);
#1324=ORIENTED_EDGE('',*,*,#2059,.F.);
#1325=ORIENTED_EDGE('',*,*,#2060,.F.);
#1326=ORIENTED_EDGE('',*,*,#2059,.T.);
#1327=ORIENTED_EDGE('',*,*,#2061,.F.);
#1328=ORIENTED_EDGE('',*,*,#2062,.F.);
#1329=ORIENTED_EDGE('',*,*,#2063,.F.);
#1330=ORIENTED_EDGE('',*,*,#2064,.F.);
#1331=ORIENTED_EDGE('',*,*,#2065,.F.);
#1332=ORIENTED_EDGE('',*,*,#2066,.F.);
#1333=ORIENTED_EDGE('',*,*,#2065,.T.);
#1334=ORIENTED_EDGE('',*,*,#2067,.F.);
#1335=ORIENTED_EDGE('',*,*,#2068,.F.);
#1336=ORIENTED_EDGE('',*,*,#2069,.F.);
#1337=ORIENTED_EDGE('',*,*,#2070,.F.);
#1338=ORIENTED_EDGE('',*,*,#2069,.T.);
#1339=ORIENTED_EDGE('',*,*,#2070,.T.);
#1340=ORIENTED_EDGE('',*,*,#1868,.T.);
#1341=ORIENTED_EDGE('',*,*,#1826,.F.);
#1342=ORIENTED_EDGE('',*,*,#2066,.T.);
#1343=ORIENTED_EDGE('',*,*,#1825,.F.);
#1344=ORIENTED_EDGE('',*,*,#2060,.T.);
#1345=ORIENTED_EDGE('',*,*,#2071,.T.);
#1346=ORIENTED_EDGE('',*,*,#2067,.T.);
#1347=ORIENTED_EDGE('',*,*,#2072,.T.);
#1348=ORIENTED_EDGE('',*,*,#1878,.T.);
#1349=ORIENTED_EDGE('',*,*,#1879,.T.);
#1350=ORIENTED_EDGE('',*,*,#2072,.F.);
#1351=ORIENTED_EDGE('',*,*,#2068,.T.);
#1352=ORIENTED_EDGE('',*,*,#2071,.F.);
#1353=ORIENTED_EDGE('',*,*,#1886,.T.);
#1354=ORIENTED_EDGE('',*,*,#1949,.T.);
#1355=ORIENTED_EDGE('',*,*,#2073,.T.);
#1356=ORIENTED_EDGE('',*,*,#1975,.T.);
#1357=ORIENTED_EDGE('',*,*,#2013,.T.);
#1358=ORIENTED_EDGE('',*,*,#2074,.T.);
#1359=ORIENTED_EDGE('',*,*,#2062,.T.);
#1360=ORIENTED_EDGE('',*,*,#2074,.F.);
#1361=ORIENTED_EDGE('',*,*,#2017,.T.);
#1362=ORIENTED_EDGE('',*,*,#2075,.T.);
#1363=ORIENTED_EDGE('',*,*,#2063,.T.);
#1364=ORIENTED_EDGE('',*,*,#1967,.T.);
#1365=ORIENTED_EDGE('',*,*,#1976,.T.);
#1366=ORIENTED_EDGE('',*,*,#2073,.F.);
#1367=ORIENTED_EDGE('',*,*,#2061,.T.);
#1368=ORIENTED_EDGE('',*,*,#2076,.T.);
#1369=ORIENTED_EDGE('',*,*,#2018,.T.);
#1370=ORIENTED_EDGE('',*,*,#2075,.F.);
#1371=ORIENTED_EDGE('',*,*,#2016,.T.);
#1372=ORIENTED_EDGE('',*,*,#2019,.T.);
#1373=ORIENTED_EDGE('',*,*,#2076,.F.);
#1374=ORIENTED_EDGE('',*,*,#2064,.T.);
#1375=ORIENTED_EDGE('',*,*,#2077,.T.);
#1376=ORIENTED_EDGE('',*,*,#2056,.T.);
#1377=ORIENTED_EDGE('',*,*,#2078,.T.);
#1378=ORIENTED_EDGE('',*,*,#1969,.T.);
#1379=ORIENTED_EDGE('',*,*,#2040,.T.);
#1380=ORIENTED_EDGE('',*,*,#1970,.T.);
#1381=ORIENTED_EDGE('',*,*,#2078,.F.);
#1382=ORIENTED_EDGE('',*,*,#2055,.T.);
#1383=ORIENTED_EDGE('',*,*,#2079,.T.);
#1384=ORIENTED_EDGE('',*,*,#2077,.F.);
#1385=ORIENTED_EDGE('',*,*,#1968,.T.);
#1386=ORIENTED_EDGE('',*,*,#1965,.T.);
#1387=ORIENTED_EDGE('',*,*,#2080,.T.);
#1388=ORIENTED_EDGE('',*,*,#2057,.T.);
#1389=ORIENTED_EDGE('',*,*,#2038,.T.);
#1390=ORIENTED_EDGE('',*,*,#2079,.F.);
#1391=ORIENTED_EDGE('',*,*,#2058,.T.);
#1392=ORIENTED_EDGE('',*,*,#2080,.F.);
#1393=ORIENTED_EDGE('',*,*,#1964,.T.);
#1394=ORIENTED_EDGE('',*,*,#2037,.T.);
#1395=ORIENTED_EDGE('',*,*,#2081,.F.);
#1396=ORIENTED_EDGE('',*,*,#1900,.T.);
#1397=ORIENTED_EDGE('',*,*,#1569,.T.);
#1398=ORIENTED_EDGE('',*,*,#2082,.F.);
#1399=ORIENTED_EDGE('',*,*,#1567,.F.);
#1400=ORIENTED_EDGE('',*,*,#1901,.T.);
#1401=ORIENTED_EDGE('',*,*,#2081,.T.);
#1402=ORIENTED_EDGE('',*,*,#2083,.F.);
#1403=ORIENTED_EDGE('',*,*,#1799,.T.);
#1404=ORIENTED_EDGE('',*,*,#1994,.T.);
#1405=ORIENTED_EDGE('',*,*,#1800,.T.);
#1406=ORIENTED_EDGE('',*,*,#1797,.T.);
#1407=ORIENTED_EDGE('',*,*,#2083,.T.);
#1408=ORIENTED_EDGE('',*,*,#2082,.T.);
#1409=ORIENTED_EDGE('',*,*,#1568,.F.);
#1410=ORIENTED_EDGE('',*,*,#1756,.F.);
#1411=ORIENTED_EDGE('',*,*,#2084,.F.);
#1412=ORIENTED_EDGE('',*,*,#1636,.F.);
#1413=ORIENTED_EDGE('',*,*,#1586,.F.);
#1414=ORIENTED_EDGE('',*,*,#1497,.F.);
#1415=ORIENTED_EDGE('',*,*,#1758,.F.);
#1416=ORIENTED_EDGE('',*,*,#2085,.F.);
#1417=ORIENTED_EDGE('',*,*,#1637,.F.);
#1418=ORIENTED_EDGE('',*,*,#2084,.T.);
#1419=ORIENTED_EDGE('',*,*,#1755,.F.);
#1420=ORIENTED_EDGE('',*,*,#2085,.T.);
#1421=ORIENTED_EDGE('',*,*,#1757,.F.);
#1422=ORIENTED_EDGE('',*,*,#1501,.F.);
#1423=ORIENTED_EDGE('',*,*,#1630,.F.);
#1424=ORIENTED_EDGE('',*,*,#1765,.F.);
#1425=ORIENTED_EDGE('',*,*,#2086,.F.);
#1426=ORIENTED_EDGE('',*,*,#1591,.F.);
#1427=ORIENTED_EDGE('',*,*,#1521,.F.);
#1428=ORIENTED_EDGE('',*,*,#1764,.F.);
#1429=ORIENTED_EDGE('',*,*,#1525,.F.);
#1430=ORIENTED_EDGE('',*,*,#1530,.F.);
#1431=ORIENTED_EDGE('',*,*,#1592,.F.);
#1432=ORIENTED_EDGE('',*,*,#2086,.T.);
#1433=ORIENTED_EDGE('',*,*,#1508,.F.);
#1434=ORIENTED_EDGE('',*,*,#2087,.F.);
#1435=ORIENTED_EDGE('',*,*,#1603,.F.);
#1436=ORIENTED_EDGE('',*,*,#1486,.F.);
#1437=ORIENTED_EDGE('',*,*,#1512,.F.);
#1438=ORIENTED_EDGE('',*,*,#1761,.F.);
#1439=ORIENTED_EDGE('',*,*,#2088,.F.);
#1440=ORIENTED_EDGE('',*,*,#1604,.F.);
#1441=ORIENTED_EDGE('',*,*,#2087,.T.);
#1442=ORIENTED_EDGE('',*,*,#1507,.F.);
#1443=ORIENTED_EDGE('',*,*,#2088,.T.);
#1444=ORIENTED_EDGE('',*,*,#1760,.F.);
#1445=ORIENTED_EDGE('',*,*,#1516,.F.);
#1446=ORIENTED_EDGE('',*,*,#1597,.F.);
#1447=EDGE_CURVE('',#2089,#2090,#2515,.T.);
#1448=EDGE_CURVE('',#2090,#2091,#2516,.F.);
#1449=EDGE_CURVE('',#2091,#2092,#2517,.T.);
#1450=EDGE_CURVE('',#2092,#2093,#2518,.T.);
#1451=EDGE_CURVE('',#2093,#2094,#2519,.T.);
#1452=EDGE_CURVE('',#2095,#2094,#2520,.T.);
#1453=EDGE_CURVE('',#2096,#2095,#2521,.T.);
#1454=EDGE_CURVE('',#2097,#2096,#2522,.T.);
#1455=EDGE_CURVE('',#2098,#2097,#2523,.T.);
#1456=EDGE_CURVE('',#2099,#2098,#2524,.T.);
#1457=EDGE_CURVE('',#2100,#2099,#2525,.T.);
#1458=EDGE_CURVE('',#2101,#2100,#2526,.T.);
#1459=EDGE_CURVE('',#2101,#2102,#2527,.T.);
#1460=EDGE_CURVE('',#2102,#2103,#2528,.F.);
#1461=EDGE_CURVE('',#2103,#2104,#2529,.T.);
#1462=EDGE_CURVE('',#2104,#2105,#2530,.T.);
#1463=EDGE_CURVE('',#2105,#2106,#2531,.T.);
#1464=EDGE_CURVE('',#2106,#2107,#2532,.T.);
#1465=EDGE_CURVE('',#2107,#2108,#2533,.T.);
#1466=EDGE_CURVE('',#2109,#2108,#2534,.T.);
#1467=EDGE_CURVE('',#2110,#2109,#2535,.T.);
#1468=EDGE_CURVE('',#2110,#2111,#2536,.T.);
#1469=EDGE_CURVE('',#2111,#2112,#2537,.T.);
#1470=EDGE_CURVE('',#2112,#2089,#2538,.F.);
#1471=EDGE_CURVE('',#2113,#2114,#2539,.T.);
#1472=EDGE_CURVE('',#2113,#2115,#2540,.F.);
#1473=EDGE_CURVE('',#2116,#2115,#2541,.T.);
#1474=EDGE_CURVE('',#2117,#2116,#2542,.T.);
#1475=EDGE_CURVE('',#2117,#2118,#2543,.T.);
#1476=EDGE_CURVE('',#2119,#2118,#2544,.F.);
#1477=EDGE_CURVE('',#2119,#2120,#2545,.T.);
#1478=EDGE_CURVE('',#2120,#2121,#2546,.T.);
#1479=EDGE_CURVE('',#2114,#2121,#2547,.T.);
#1480=EDGE_CURVE('',#2122,#2122,#140,.T.);
#1481=EDGE_CURVE('',#2123,#2123,#141,.T.);
#1482=EDGE_CURVE('',#2124,#2125,#2548,.T.);
#1483=EDGE_CURVE('',#2124,#2110,#2549,.T.);
#1484=EDGE_CURVE('',#2125,#2109,#2550,.T.);
#1485=EDGE_CURVE('',#2126,#2108,#2551,.T.);
#1486=EDGE_CURVE('',#2126,#2127,#2552,.T.);
#1487=EDGE_CURVE('',#2127,#2128,#2553,.T.);
#1488=EDGE_CURVE('',#2125,#2128,#2554,.T.);
#1489=EDGE_CURVE('',#2129,#2130,#2555,.T.);
#1490=EDGE_CURVE('',#2130,#2131,#2556,.T.);
#1491=EDGE_CURVE('',#2131,#2132,#2557,.T.);
#1492=EDGE_CURVE('',#2132,#2129,#2558,.T.);
#1493=EDGE_CURVE('',#2133,#2134,#2559,.T.);
#1494=EDGE_CURVE('',#2135,#2133,#2560,.T.);
#1495=EDGE_CURVE('',#2135,#2134,#2561,.T.);
#1496=EDGE_CURVE('',#2136,#2137,#2562,.T.);
#1497=EDGE_CURVE('',#2137,#2138,#2563,.T.);
#1498=EDGE_CURVE('',#2138,#2139,#2564,.T.);
#1499=EDGE_CURVE('',#2139,#2136,#2565,.T.);
#1500=EDGE_CURVE('',#2140,#2141,#2566,.T.);
#1501=EDGE_CURVE('',#2140,#2142,#2567,.T.);
#1502=EDGE_CURVE('',#2142,#2143,#2568,.T.);
#1503=EDGE_CURVE('',#2143,#2112,#2569,.T.);
#1504=EDGE_CURVE('',#2141,#2111,#2570,.T.);
#1505=EDGE_CURVE('',#2141,#2144,#2571,.T.);
#1506=EDGE_CURVE('',#2124,#2144,#2572,.T.);
#1507=EDGE_CURVE('',#2145,#2146,#2573,.F.);
#1508=EDGE_CURVE('',#2146,#2126,#2574,.T.);
#1509=EDGE_CURVE('',#2107,#2147,#2575,.T.);
#1510=EDGE_CURVE('',#2145,#2147,#2576,.T.);
#1511=EDGE_CURVE('',#2148,#2149,#2577,.T.);
#1512=EDGE_CURVE('',#2149,#2145,#2578,.T.);
#1513=EDGE_CURVE('',#2147,#2150,#2579,.T.);
#1514=EDGE_CURVE('',#2150,#2148,#2580,.T.);
#1515=EDGE_CURVE('',#2151,#2152,#2581,.T.);
#1516=EDGE_CURVE('',#2151,#2153,#2582,.F.);
#1517=EDGE_CURVE('',#2153,#2154,#2583,.T.);
#1518=EDGE_CURVE('',#2154,#2104,#2584,.T.);
#1519=EDGE_CURVE('',#2103,#2155,#2585,.T.);
#1520=EDGE_CURVE('',#2155,#2156,#2586,.T.);
#1521=EDGE_CURVE('',#2156,#2157,#2587,.T.);
#1522=EDGE_CURVE('',#2158,#2157,#2588,.T.);
#1523=EDGE_CURVE('',#2158,#2152,#2589,.T.);
#1524=EDGE_CURVE('',#2159,#2160,#2590,.T.);
#1525=EDGE_CURVE('',#2159,#2161,#2591,.T.);
#1526=EDGE_CURVE('',#2161,#2162,#2592,.T.);
#1527=EDGE_CURVE('',#2162,#2160,#2593,.T.);
#1528=EDGE_CURVE('',#2163,#2163,#142,.T.);
#1529=EDGE_CURVE('',#2164,#2165,#2594,.T.);
#1530=EDGE_CURVE('',#2165,#2159,#2595,.T.);
#1531=EDGE_CURVE('',#2160,#2166,#2596,.T.);
#1532=EDGE_CURVE('',#2166,#2167,#2597,.T.);
#1533=EDGE_CURVE('',#2168,#2167,#2598,.T.);
#1534=EDGE_CURVE('',#2168,#2169,#2599,.F.);
#1535=EDGE_CURVE('',#2169,#2164,#2600,.F.);
#1536=EDGE_CURVE('',#2167,#2170,#2601,.T.);
#1537=EDGE_CURVE('',#2170,#2171,#2602,.F.);
#1538=EDGE_CURVE('',#2171,#2168,#2603,.T.);
#1539=EDGE_CURVE('',#2172,#2173,#92,.T.);
#1540=EDGE_CURVE('',#2173,#2174,#50,.T.);
#1541=EDGE_CURVE('',#2174,#2175,#2604,.T.);
#1542=EDGE_CURVE('',#2175,#2176,#2605,.T.);
#1543=EDGE_CURVE('',#2176,#2177,#2606,.T.);
#1544=EDGE_CURVE('',#2178,#2177,#2607,.T.);
#1545=EDGE_CURVE('',#2178,#2179,#2608,.T.);
#1546=EDGE_CURVE('',#2179,#2180,#2609,.T.);
#1547=EDGE_CURVE('',#2180,#2172,#51,.T.);
#1548=EDGE_CURVE('',#2181,#2177,#2610,.T.);
#1549=EDGE_CURVE('',#2181,#2182,#2611,.T.);
#1550=EDGE_CURVE('',#2182,#2183,#2612,.T.);
#1551=EDGE_CURVE('',#2183,#2178,#2613,.T.);
#1552=EDGE_CURVE('',#2184,#2185,#2614,.T.);
#1553=EDGE_CURVE('',#2184,#2186,#2615,.T.);
#1554=EDGE_CURVE('',#2186,#2187,#2616,.T.);
#1555=EDGE_CURVE('',#2187,#2185,#2617,.T.);
#1556=EDGE_CURVE('',#2133,#2188,#2618,.T.);
#1557=EDGE_CURVE('',#2189,#2188,#2619,.T.);
#1558=EDGE_CURVE('',#2189,#2190,#2620,.T.);
#1559=EDGE_CURVE('',#2190,#2135,#2621,.T.);
#1560=EDGE_CURVE('',#2191,#2191,#143,.F.);
#1561=EDGE_CURVE('',#2192,#2193,#2622,.T.);
#1562=EDGE_CURVE('',#2194,#2193,#144,.T.);
#1563=EDGE_CURVE('',#2195,#2194,#2623,.T.);
#1564=EDGE_CURVE('',#2196,#2195,#2624,.T.);
#1565=EDGE_CURVE('',#2196,#2197,#2625,.T.);
#1566=EDGE_CURVE('',#2197,#2198,#2626,.T.);
#1567=EDGE_CURVE('',#2198,#2199,#2627,.T.);
#1568=EDGE_CURVE('',#2199,#2200,#145,.T.);
#1569=EDGE_CURVE('',#2201,#2200,#2628,.T.);
#1570=EDGE_CURVE('',#2201,#2117,#2629,.T.);
#1571=EDGE_CURVE('',#2192,#2116,#2630,.T.);
#1572=EDGE_CURVE('',#2202,#2203,#2631,.T.);
#1573=EDGE_CURVE('',#2203,#2204,#2632,.T.);
#1574=EDGE_CURVE('',#2204,#2196,#2633,.T.);
#1575=EDGE_CURVE('',#2195,#2205,#2634,.T.);
#1576=EDGE_CURVE('',#2205,#2192,#2635,.T.);
#1577=EDGE_CURVE('',#2115,#2202,#2636,.T.);
#1578=EDGE_CURVE('',#2206,#2207,#2637,.T.);
#1579=EDGE_CURVE('',#2207,#2208,#2638,.T.);
#1580=EDGE_CURVE('',#2208,#2209,#2639,.T.);
#1581=EDGE_CURVE('',#2209,#2206,#2640,.T.);
#1582=EDGE_CURVE('',#2210,#2211,#2641,.T.);
#1583=EDGE_CURVE('',#2211,#2092,#2642,.T.);
#1584=EDGE_CURVE('',#2091,#2212,#2643,.T.);
#1585=EDGE_CURVE('',#2212,#2213,#2644,.T.);
#1586=EDGE_CURVE('',#2213,#2214,#2645,.T.);
#1587=EDGE_CURVE('',#2215,#2214,#2646,.T.);
#1588=EDGE_CURVE('',#2215,#2216,#2647,.T.);
#1589=EDGE_CURVE('',#2217,#2216,#2648,.T.);
#1590=EDGE_CURVE('',#2217,#2210,#2649,.T.);
#1591=EDGE_CURVE('',#2157,#2218,#2650,.T.);
#1592=EDGE_CURVE('',#2218,#2165,#2651,.T.);
#1593=EDGE_CURVE('',#2164,#2219,#2652,.T.);
#1594=EDGE_CURVE('',#2219,#2220,#2653,.T.);
#1595=EDGE_CURVE('',#2220,#2221,#2654,.T.);
#1596=EDGE_CURVE('',#2221,#2158,#2655,.T.);
#1597=EDGE_CURVE('',#2222,#2151,#2656,.T.);
#1598=EDGE_CURVE('',#2223,#2152,#2657,.T.);
#1599=EDGE_CURVE('',#2223,#2224,#2658,.T.);
#1600=EDGE_CURVE('',#2224,#2225,#2659,.T.);
#1601=EDGE_CURVE('',#2225,#2226,#2660,.T.);
#1602=EDGE_CURVE('',#2226,#2128,#2661,.T.);
#1603=EDGE_CURVE('',#2127,#2227,#2662,.T.);
#1604=EDGE_CURVE('',#2227,#2222,#2663,.T.);
#1605=EDGE_CURVE('',#2228,#2229,#2664,.T.);
#1606=EDGE_CURVE('',#2229,#2230,#2665,.T.);
#1607=EDGE_CURVE('',#2231,#2230,#2666,.T.);
#1608=EDGE_CURVE('',#2232,#2231,#2667,.T.);
#1609=EDGE_CURVE('',#2233,#2232,#2668,.T.);
#1610=EDGE_CURVE('',#2234,#2233,#2669,.T.);
#1611=EDGE_CURVE('',#2234,#2235,#2670,.T.);
#1612=EDGE_CURVE('',#2236,#2235,#2671,.T.);
#1613=EDGE_CURVE('',#2237,#2236,#2672,.T.);
#1614=EDGE_CURVE('',#2238,#2237,#2673,.T.);
#1615=EDGE_CURVE('',#2239,#2238,#2674,.F.);
#1616=EDGE_CURVE('',#2239,#2197,#2675,.T.);
#1617=EDGE_CURVE('',#2204,#2240,#2676,.F.);
#1618=EDGE_CURVE('',#2240,#2241,#2677,.T.);
#1619=EDGE_CURVE('',#2241,#2217,#2678,.T.);
#1620=EDGE_CURVE('',#2242,#2216,#2679,.T.);
#1621=EDGE_CURVE('',#2242,#2243,#2680,.T.);
#1622=EDGE_CURVE('',#2243,#2228,#2681,.T.);
#1623=EDGE_CURVE('',#2244,#2245,#2682,.T.);
#1624=EDGE_CURVE('',#2245,#2223,#2683,.F.);
#1625=EDGE_CURVE('',#2221,#2246,#2684,.T.);
#1626=EDGE_CURVE('',#2246,#2244,#2685,.T.);
#1627=EDGE_CURVE('',#2247,#2248,#2686,.T.);
#1628=EDGE_CURVE('',#2248,#2242,#2687,.F.);
#1629=EDGE_CURVE('',#2247,#2215,#2688,.T.);
#1630=EDGE_CURVE('',#2249,#2140,#2689,.T.);
#1631=EDGE_CURVE('',#2250,#2144,#2690,.T.);
#1632=EDGE_CURVE('',#2250,#2251,#2691,.T.);
#1633=EDGE_CURVE('',#2251,#2252,#2692,.T.);
#1634=EDGE_CURVE('',#2252,#2253,#2693,.T.);
#1635=EDGE_CURVE('',#2253,#2247,#2694,.T.);
#1636=EDGE_CURVE('',#2214,#2254,#2695,.T.);
#1637=EDGE_CURVE('',#2254,#2249,#2696,.T.);
#1638=EDGE_CURVE('',#2226,#2255,#2697,.T.);
#1639=EDGE_CURVE('',#2255,#2250,#2698,.T.);
#1640=EDGE_CURVE('',#2171,#2256,#2699,.T.);
#1641=EDGE_CURVE('',#2257,#2256,#2700,.T.);
#1642=EDGE_CURVE('',#2257,#2258,#2701,.T.);
#1643=EDGE_CURVE('',#2258,#2169,#2702,.F.);
#1644=EDGE_CURVE('',#2174,#2180,#93,.T.);
#1645=EDGE_CURVE('',#2259,#2179,#2703,.F.);
#1646=EDGE_CURVE('',#2259,#2260,#2704,.F.);
#1647=EDGE_CURVE('',#2260,#2257,#2705,.F.);
#1648=EDGE_CURVE('',#2256,#2175,#2706,.T.);
#1649=EDGE_CURVE('',#2261,#2183,#2707,.F.);
#1650=EDGE_CURVE('',#2261,#2262,#2708,.T.);
#1651=EDGE_CURVE('',#2262,#2263,#2709,.T.);
#1652=EDGE_CURVE('',#2263,#2259,#2710,.T.);
#1653=EDGE_CURVE('',#2264,#2182,#2711,.F.);
#1654=EDGE_CURVE('',#2264,#2265,#2712,.F.);
#1655=EDGE_CURVE('',#2265,#2261,#2713,.F.);
#1656=EDGE_CURVE('',#2266,#2267,#2714,.F.);
#1657=EDGE_CURVE('',#2266,#2268,#2715,.T.);
#1658=EDGE_CURVE('',#2268,#2264,#2716,.F.);
#1659=EDGE_CURVE('',#2267,#2181,#2717,.T.);
#1660=EDGE_CURVE('',#2269,#2267,#2718,.F.);
#1661=EDGE_CURVE('',#2269,#2270,#94,.T.);
#1662=EDGE_CURVE('',#2271,#2270,#2719,.T.);
#1663=EDGE_CURVE('',#2271,#2272,#95,.T.);
#1664=EDGE_CURVE('',#2272,#2273,#52,.T.);
#1665=EDGE_CURVE('',#2273,#2274,#2720,.F.);
#1666=EDGE_CURVE('',#2274,#2266,#2721,.F.);
#1667=EDGE_CURVE('',#2270,#2275,#53,.T.);
#1668=EDGE_CURVE('',#2275,#2276,#96,.T.);
#1669=EDGE_CURVE('',#2277,#2276,#2722,.F.);
#1670=EDGE_CURVE('',#2278,#2277,#2723,.F.);
#1671=EDGE_CURVE('',#2278,#2279,#2724,.F.);
#1672=EDGE_CURVE('',#2279,#2280,#2725,.F.);
#1673=EDGE_CURVE('',#2280,#2281,#54,.T.);
#1674=EDGE_CURVE('',#2281,#2282,#97,.T.);
#1675=EDGE_CURVE('',#2282,#2271,#55,.T.);
#1676=EDGE_CURVE('',#2283,#2187,#2726,.F.);
#1677=EDGE_CURVE('',#2283,#2278,#2727,.T.);
#1678=EDGE_CURVE('',#2185,#2277,#2728,.T.);
#1679=EDGE_CURVE('',#2186,#2284,#2729,.F.);
#1680=EDGE_CURVE('',#2285,#2284,#2730,.F.);
#1681=EDGE_CURVE('',#2285,#2286,#2731,.F.);
#1682=EDGE_CURVE('',#2286,#2287,#2732,.F.);
#1683=EDGE_CURVE('',#2287,#2288,#2733,.F.);
#1684=EDGE_CURVE('',#2288,#2283,#2734,.F.);
#1685=EDGE_CURVE('',#2284,#2130,#2735,.F.);
#1686=EDGE_CURVE('',#2129,#2289,#2736,.F.);
#1687=EDGE_CURVE('',#2290,#2289,#2737,.F.);
#1688=EDGE_CURVE('',#2290,#2291,#2738,.F.);
#1689=EDGE_CURVE('',#2291,#2285,#2739,.T.);
#1690=EDGE_CURVE('',#2292,#2189,#2740,.F.);
#1691=EDGE_CURVE('',#2292,#2293,#98,.T.);
#1692=EDGE_CURVE('',#2294,#2293,#2741,.F.);
#1693=EDGE_CURVE('',#2294,#2295,#2742,.F.);
#1694=EDGE_CURVE('',#2295,#2296,#2743,.F.);
#1695=EDGE_CURVE('',#2190,#2296,#2744,.T.);
#1696=EDGE_CURVE('',#2289,#2297,#2745,.T.);
#1697=EDGE_CURVE('',#2134,#2297,#2746,.T.);
#1698=EDGE_CURVE('',#2296,#2290,#2747,.T.);
#1699=EDGE_CURVE('',#2298,#2100,#2748,.T.);
#1700=EDGE_CURVE('',#2298,#2170,#2749,.F.);
#1701=EDGE_CURVE('',#2166,#2101,#2750,.T.);
#1702=EDGE_CURVE('',#2133,#2114,#2751,.T.);
#1703=EDGE_CURVE('',#2121,#2188,#2752,.T.);
#1704=EDGE_CURVE('',#2176,#2299,#2753,.F.);
#1705=EDGE_CURVE('',#2299,#2099,#2754,.T.);
#1706=EDGE_CURVE('',#2177,#2098,#2755,.T.);
#1707=EDGE_CURVE('',#2299,#2298,#2756,.F.);
#1708=EDGE_CURVE('',#2131,#2300,#2757,.T.);
#1709=EDGE_CURVE('',#2300,#2096,#2758,.T.);
#1710=EDGE_CURVE('',#2301,#2095,#2759,.T.);
#1711=EDGE_CURVE('',#2301,#2132,#2760,.T.);
#1712=EDGE_CURVE('',#2302,#2097,#2761,.T.);
#1713=EDGE_CURVE('',#2302,#2303,#99,.T.);
#1714=EDGE_CURVE('',#2303,#2269,#56,.T.);
#1715=EDGE_CURVE('',#2276,#2304,#57,.T.);
#1716=EDGE_CURVE('',#2304,#2305,#100,.T.);
#1717=EDGE_CURVE('',#2305,#2302,#58,.T.);
#1718=EDGE_CURVE('',#2300,#2184,#2762,.T.);
#1719=EDGE_CURVE('',#2297,#2301,#2763,.T.);
#1720=EDGE_CURVE('',#2094,#2306,#2764,.F.);
#1721=EDGE_CURVE('',#2306,#2113,#2765,.F.);
#1722=EDGE_CURVE('',#2208,#2241,#2766,.F.);
#1723=EDGE_CURVE('',#2240,#2209,#2767,.F.);
#1724=EDGE_CURVE('',#2093,#2207,#2768,.F.);
#1725=EDGE_CURVE('',#2206,#2306,#2769,.F.);
#1726=EDGE_CURVE('',#2139,#2090,#2770,.T.);
#1727=EDGE_CURVE('',#2089,#2136,#2771,.T.);
#1728=EDGE_CURVE('',#2105,#2148,#2772,.F.);
#1729=EDGE_CURVE('',#2150,#2106,#2773,.F.);
#1730=EDGE_CURVE('',#2162,#2102,#2774,.T.);
#1731=EDGE_CURVE('',#2219,#2258,#2775,.F.);
#1732=EDGE_CURVE('',#2220,#2260,#2776,.T.);
#1733=EDGE_CURVE('',#2246,#2263,#2777,.T.);
#1734=EDGE_CURVE('',#2244,#2262,#2778,.T.);
#1735=EDGE_CURVE('',#2245,#2265,#2779,.T.);
#1736=EDGE_CURVE('',#2224,#2268,#2780,.T.);
#1737=EDGE_CURVE('',#2225,#2274,#2781,.T.);
#1738=EDGE_CURVE('',#2273,#2307,#101,.F.);
#1739=EDGE_CURVE('',#2255,#2307,#2782,.F.);
#1740=EDGE_CURVE('',#2307,#2308,#59,.T.);
#1741=EDGE_CURVE('',#2308,#2280,#102,.F.);
#1742=EDGE_CURVE('',#2251,#2279,#2783,.T.);
#1743=EDGE_CURVE('',#2252,#2288,#2784,.T.);
#1744=EDGE_CURVE('',#2253,#2287,#2785,.T.);
#1745=EDGE_CURVE('',#2248,#2286,#2786,.T.);
#1746=EDGE_CURVE('',#2243,#2291,#2787,.F.);
#1747=EDGE_CURVE('',#2228,#2290,#2788,.T.);
#1748=EDGE_CURVE('',#2229,#2295,#2789,.T.);
#1749=EDGE_CURVE('',#2230,#2294,#2790,.F.);
#1750=EDGE_CURVE('',#2210,#2208,#2791,.F.);
#1751=EDGE_CURVE('',#2211,#2207,#2792,.F.);
#1752=EDGE_CURVE('',#2202,#2206,#2793,.F.);
#1753=EDGE_CURVE('',#2203,#2209,#2794,.F.);
#1754=EDGE_CURVE('',#2212,#2139,#2795,.F.);
#1755=EDGE_CURVE('',#2138,#2309,#2796,.F.);
#1756=EDGE_CURVE('',#2309,#2213,#2797,.F.);
#1757=EDGE_CURVE('',#2142,#2310,#2798,.F.);
#1758=EDGE_CURVE('',#2310,#2137,#2799,.F.);
#1759=EDGE_CURVE('',#2143,#2136,#2800,.F.);
#1760=EDGE_CURVE('',#2153,#2311,#2801,.T.);
#1761=EDGE_CURVE('',#2311,#2149,#2802,.F.);
#1762=EDGE_CURVE('',#2154,#2148,#2803,.F.);
#1763=EDGE_CURVE('',#2155,#2162,#2804,.F.);
#1764=EDGE_CURVE('',#2161,#2312,#2805,.F.);
#1765=EDGE_CURVE('',#2312,#2156,#2806,.F.);
#1766=EDGE_CURVE('',#2313,#2314,#103,.F.);
#1767=EDGE_CURVE('',#2314,#2315,#104,.F.);
#1768=EDGE_CURVE('',#2315,#2316,#105,.T.);
#1769=EDGE_CURVE('',#2316,#2313,#106,.T.);
#1770=EDGE_CURVE('',#2317,#2317,#146,.T.);
#1771=EDGE_CURVE('',#2318,#2318,#147,.T.);
#1772=EDGE_CURVE('',#2319,#2320,#107,.T.);
#1773=EDGE_CURVE('',#2320,#2321,#108,.T.);
#1774=EDGE_CURVE('',#2321,#2322,#109,.T.);
#1775=EDGE_CURVE('',#2322,#2319,#110,.T.);
#1776=EDGE_CURVE('',#2323,#2323,#148,.T.);
#1777=EDGE_CURVE('',#2324,#2324,#149,.T.);
#1778=EDGE_CURVE('',#2325,#2326,#111,.T.);
#1779=EDGE_CURVE('',#2326,#2325,#112,.T.);
#1780=EDGE_CURVE('',#2327,#2327,#150,.T.);
#1781=EDGE_CURVE('',#2328,#2328,#151,.T.);
#1782=EDGE_CURVE('',#2173,#2325,#60,.T.);
#1783=EDGE_CURVE('',#2326,#2172,#61,.F.);
#1784=EDGE_CURVE('',#2319,#2275,#62,.F.);
#1785=EDGE_CURVE('',#2304,#2322,#63,.T.);
#1786=EDGE_CURVE('',#2305,#2321,#64,.T.);
#1787=EDGE_CURVE('',#2320,#2303,#65,.F.);
#1788=EDGE_CURVE('',#2282,#2316,#66,.T.);
#1789=EDGE_CURVE('',#2313,#2281,#67,.F.);
#1790=EDGE_CURVE('',#2314,#2308,#68,.F.);
#1791=EDGE_CURVE('',#2272,#2315,#69,.T.);
#1792=EDGE_CURVE('',#2205,#2329,#2807,.T.);
#1793=EDGE_CURVE('',#2329,#2193,#113,.T.);
#1794=EDGE_CURVE('',#2194,#2329,#114,.T.);
#1795=EDGE_CURVE('',#2330,#2330,#152,.T.);
#1796=EDGE_CURVE('',#2331,#2331,#153,.T.);
#1797=EDGE_CURVE('',#2332,#2333,#115,.T.);
#1798=EDGE_CURVE('',#2332,#2333,#116,.T.);
#1799=EDGE_CURVE('',#2333,#2292,#70,.T.);
#1800=EDGE_CURVE('',#2293,#2332,#71,.T.);
#1801=EDGE_CURVE('',#2334,#2335,#2808,.T.);
#1802=EDGE_CURVE('',#2336,#2334,#2809,.F.);
#1803=EDGE_CURVE('',#2337,#2336,#2810,.T.);
#1804=EDGE_CURVE('',#2338,#2337,#2811,.T.);
#1805=EDGE_CURVE('',#2338,#2339,#2812,.T.);
#1806=EDGE_CURVE('',#2339,#2340,#2813,.T.);
#1807=EDGE_CURVE('',#2341,#2340,#2814,.T.);
#1808=EDGE_CURVE('',#2342,#2341,#2815,.T.);
#1809=EDGE_CURVE('',#2343,#2342,#2816,.T.);
#1810=EDGE_CURVE('',#2344,#2343,#2817,.T.);
#1811=EDGE_CURVE('',#2345,#2344,#2818,.T.);
#1812=EDGE_CURVE('',#2346,#2345,#2819,.F.);
#1813=EDGE_CURVE('',#2347,#2346,#2820,.T.);
#1814=EDGE_CURVE('',#2347,#2348,#2821,.T.);
#1815=EDGE_CURVE('',#2348,#2349,#2822,.T.);
#1816=EDGE_CURVE('',#2349,#2350,#2823,.T.);
#1817=EDGE_CURVE('',#2350,#2351,#2824,.T.);
#1818=EDGE_CURVE('',#2351,#2352,#2825,.T.);
#1819=EDGE_CURVE('',#2352,#2353,#2826,.T.);
#1820=EDGE_CURVE('',#2353,#2354,#2827,.T.);
#1821=EDGE_CURVE('',#2355,#2354,#2828,.T.);
#1822=EDGE_CURVE('',#2356,#2355,#2829,.T.);
#1823=EDGE_CURVE('',#2357,#2356,#2830,.T.);
#1824=EDGE_CURVE('',#2335,#2357,#2831,.F.);
#1825=EDGE_CURVE('',#2358,#2358,#154,.T.);
#1826=EDGE_CURVE('',#2359,#2359,#155,.T.);
#1827=EDGE_CURVE('',#2360,#2361,#2832,.T.);
#1828=EDGE_CURVE('',#2361,#2339,#2833,.T.);
#1829=EDGE_CURVE('',#2360,#2338,#2834,.T.);
#1830=EDGE_CURVE('',#2361,#2362,#2835,.T.);
#1831=EDGE_CURVE('',#2363,#2362,#2836,.T.);
#1832=EDGE_CURVE('',#2363,#2340,#2837,.T.);
#1833=EDGE_CURVE('',#2364,#2365,#2838,.T.);
#1834=EDGE_CURVE('',#2366,#2364,#2839,.T.);
#1835=EDGE_CURVE('',#2367,#2366,#2840,.T.);
#1836=EDGE_CURVE('',#2365,#2367,#2841,.T.);
#1837=EDGE_CURVE('',#2368,#2369,#2842,.T.);
#1838=EDGE_CURVE('',#2370,#2369,#2843,.T.);
#1839=EDGE_CURVE('',#2370,#2368,#2844,.T.);
#1840=EDGE_CURVE('',#2371,#2372,#2845,.T.);
#1841=EDGE_CURVE('',#2373,#2372,#2846,.T.);
#1842=EDGE_CURVE('',#2374,#2373,#2847,.T.);
#1843=EDGE_CURVE('',#2371,#2374,#2848,.T.);
#1844=EDGE_CURVE('',#2375,#2376,#2849,.T.);
#1845=EDGE_CURVE('',#2375,#2377,#2850,.T.);
#1846=EDGE_CURVE('',#2377,#2337,#2851,.T.);
#1847=EDGE_CURVE('',#2376,#2336,#2852,.T.);
#1848=EDGE_CURVE('',#2377,#2378,#2853,.T.);
#1849=EDGE_CURVE('',#2360,#2378,#2854,.T.);
#1850=EDGE_CURVE('',#2363,#2379,#2855,.T.);
#1851=EDGE_CURVE('',#2379,#2380,#2856,.T.);
#1852=EDGE_CURVE('',#2341,#2380,#2857,.T.);
#1853=EDGE_CURVE('',#2381,#2382,#2858,.T.);
#1854=EDGE_CURVE('',#2380,#2381,#2859,.T.);
#1855=EDGE_CURVE('',#2383,#2379,#2860,.T.);
#1856=EDGE_CURVE('',#2382,#2383,#2861,.T.);
#1857=EDGE_CURVE('',#2384,#2385,#2862,.T.);
#1858=EDGE_CURVE('',#2384,#2386,#2863,.T.);
#1859=EDGE_CURVE('',#2387,#2386,#2864,.T.);
#1860=EDGE_CURVE('',#2387,#2388,#2865,.T.);
#1861=EDGE_CURVE('',#2389,#2388,#2866,.T.);
#1862=EDGE_CURVE('',#2345,#2389,#2867,.T.);
#1863=EDGE_CURVE('',#2385,#2344,#2868,.T.);
#1864=EDGE_CURVE('',#2390,#2391,#2869,.T.);
#1865=EDGE_CURVE('',#2391,#2392,#2870,.T.);
#1866=EDGE_CURVE('',#2393,#2392,#2871,.T.);
#1867=EDGE_CURVE('',#2390,#2393,#2872,.T.);
#1868=EDGE_CURVE('',#2394,#2394,#156,.T.);
#1869=EDGE_CURVE('',#2395,#2396,#2873,.F.);
#1870=EDGE_CURVE('',#2395,#2397,#2874,.T.);
#1871=EDGE_CURVE('',#2398,#2397,#2875,.T.);
#1872=EDGE_CURVE('',#2392,#2398,#2876,.T.);
#1873=EDGE_CURVE('',#2399,#2391,#2877,.T.);
#1874=EDGE_CURVE('',#2396,#2399,#2878,.F.);
#1875=EDGE_CURVE('',#2397,#2400,#2879,.T.);
#1876=EDGE_CURVE('',#2401,#2395,#2880,.T.);
#1877=EDGE_CURVE('',#2400,#2401,#2881,.F.);
#1878=EDGE_CURVE('',#2402,#2403,#117,.T.);
#1879=EDGE_CURVE('',#2404,#2402,#72,.T.);
#1880=EDGE_CURVE('',#2405,#2404,#2882,.T.);
#1881=EDGE_CURVE('',#2406,#2405,#2883,.T.);
#1882=EDGE_CURVE('',#2406,#2407,#2884,.T.);
#1883=EDGE_CURVE('',#2408,#2407,#2885,.T.);
#1884=EDGE_CURVE('',#2409,#2408,#2886,.T.);
#1885=EDGE_CURVE('',#2410,#2409,#2887,.T.);
#1886=EDGE_CURVE('',#2403,#2410,#73,.T.);
#1887=EDGE_CURVE('',#2411,#2407,#2888,.T.);
#1888=EDGE_CURVE('',#2412,#2406,#2889,.T.);
#1889=EDGE_CURVE('',#2413,#2412,#2890,.T.);
#1890=EDGE_CURVE('',#2411,#2413,#2891,.T.);
#1891=EDGE_CURVE('',#2414,#2415,#2892,.T.);
#1892=EDGE_CURVE('',#2416,#2415,#2893,.T.);
#1893=EDGE_CURVE('',#2417,#2416,#2894,.T.);
#1894=EDGE_CURVE('',#2414,#2417,#2895,.T.);
#1895=EDGE_CURVE('',#2418,#2370,#2896,.T.);
#1896=EDGE_CURVE('',#2189,#2418,#2897,.T.);
#1897=EDGE_CURVE('',#2368,#2188,#2898,.T.);
#1898=EDGE_CURVE('',#2419,#2420,#2899,.T.);
#1899=EDGE_CURVE('',#2118,#2419,#2900,.T.);
#1900=EDGE_CURVE('',#2421,#2201,#2901,.T.);
#1901=EDGE_CURVE('',#2198,#2421,#2902,.T.);
#1902=EDGE_CURVE('',#2420,#2239,#2903,.T.);
#1903=EDGE_CURVE('',#2422,#2423,#2904,.T.);
#1904=EDGE_CURVE('',#2424,#2422,#2905,.T.);
#1905=EDGE_CURVE('',#2425,#2424,#2906,.T.);
#1906=EDGE_CURVE('',#2423,#2425,#2907,.T.);
#1907=EDGE_CURVE('',#2426,#2427,#2908,.T.);
#1908=EDGE_CURVE('',#2236,#2426,#2909,.T.);
#1909=EDGE_CURVE('',#2428,#2235,#2910,.T.);
#1910=EDGE_CURVE('',#2428,#2429,#2911,.T.);
#1911=EDGE_CURVE('',#2430,#2429,#2912,.T.);
#1912=EDGE_CURVE('',#2357,#2430,#2913,.T.);
#1913=EDGE_CURVE('',#2427,#2356,#2914,.T.);
#1914=EDGE_CURVE('',#2431,#2432,#2915,.T.);
#1915=EDGE_CURVE('',#2399,#2431,#2916,.T.);
#1916=EDGE_CURVE('',#2388,#2390,#2917,.F.);
#1917=EDGE_CURVE('',#2433,#2387,#2918,.T.);
#1918=EDGE_CURVE('',#2432,#2433,#2919,.T.);
#1919=EDGE_CURVE('',#2434,#2435,#2920,.T.);
#1920=EDGE_CURVE('',#2434,#2386,#2921,.T.);
#1921=EDGE_CURVE('',#2383,#2384,#2922,.T.);
#1922=EDGE_CURVE('',#2436,#2362,#2923,.T.);
#1923=EDGE_CURVE('',#2437,#2436,#2924,.T.);
#1924=EDGE_CURVE('',#2435,#2437,#2925,.T.);
#1925=EDGE_CURVE('',#2438,#2439,#2926,.T.);
#1926=EDGE_CURVE('',#2440,#2438,#2927,.T.);
#1927=EDGE_CURVE('',#2433,#2440,#2928,.T.);
#1928=EDGE_CURVE('',#2439,#2434,#2929,.F.);
#1929=EDGE_CURVE('',#2441,#2442,#2930,.T.);
#1930=EDGE_CURVE('',#2441,#2428,#2931,.T.);
#1931=EDGE_CURVE('',#2442,#2234,#2932,.F.);
#1932=EDGE_CURVE('',#2443,#2444,#2933,.T.);
#1933=EDGE_CURVE('',#2445,#2443,#2934,.T.);
#1934=EDGE_CURVE('',#2446,#2445,#2935,.T.);
#1935=EDGE_CURVE('',#2446,#2378,#2936,.T.);
#1936=EDGE_CURVE('',#2372,#2375,#2937,.F.);
#1937=EDGE_CURVE('',#2429,#2371,#2938,.F.);
#1938=EDGE_CURVE('',#2444,#2441,#2939,.T.);
#1939=EDGE_CURVE('',#2436,#2447,#2940,.T.);
#1940=EDGE_CURVE('',#2447,#2446,#2941,.T.);
#1941=EDGE_CURVE('',#2448,#2396,#2942,.F.);
#1942=EDGE_CURVE('',#2449,#2448,#2943,.T.);
#1943=EDGE_CURVE('',#2449,#2450,#2944,.T.);
#1944=EDGE_CURVE('',#2401,#2450,#2945,.T.);
#1945=EDGE_CURVE('',#2450,#2409,#2946,.T.);
#1946=EDGE_CURVE('',#2451,#2449,#2947,.F.);
#1947=EDGE_CURVE('',#2452,#2451,#2948,.F.);
#1948=EDGE_CURVE('',#2452,#2405,#2949,.F.);
#1949=EDGE_CURVE('',#2410,#2404,#118,.T.);
#1950=EDGE_CURVE('',#2453,#2412,#2950,.F.);
#1951=EDGE_CURVE('',#2454,#2452,#2951,.T.);
#1952=EDGE_CURVE('',#2455,#2454,#2952,.T.);
#1953=EDGE_CURVE('',#2453,#2455,#2953,.T.);
#1954=EDGE_CURVE('',#2456,#2413,#2954,.F.);
#1955=EDGE_CURVE('',#2457,#2453,#2955,.F.);
#1956=EDGE_CURVE('',#2456,#2457,#2956,.F.);
#1957=EDGE_CURVE('',#2458,#2459,#2957,.F.);
#1958=EDGE_CURVE('',#2459,#2411,#2958,.T.);
#1959=EDGE_CURVE('',#2460,#2456,#2959,.F.);
#1960=EDGE_CURVE('',#2458,#2460,#2960,.T.);
#1961=EDGE_CURVE('',#2461,#2459,#2961,.F.);
#1962=EDGE_CURVE('',#2462,#2458,#2962,.F.);
#1963=EDGE_CURVE('',#2463,#2462,#2963,.F.);
#1964=EDGE_CURVE('',#2464,#2463,#74,.T.);
#1965=EDGE_CURVE('',#2465,#2464,#119,.T.);
#1966=EDGE_CURVE('',#2465,#2466,#2964,.T.);
#1967=EDGE_CURVE('',#2461,#2466,#120,.T.);
#1968=EDGE_CURVE('',#2467,#2465,#75,.T.);
#1969=EDGE_CURVE('',#2468,#2467,#121,.T.);
#1970=EDGE_CURVE('',#2469,#2468,#76,.T.);
#1971=EDGE_CURVE('',#2470,#2469,#2965,.F.);
#1972=EDGE_CURVE('',#2471,#2470,#2966,.F.);
#1973=EDGE_CURVE('',#2471,#2472,#2967,.F.);
#1974=EDGE_CURVE('',#2472,#2473,#2968,.F.);
#1975=EDGE_CURVE('',#2474,#2473,#122,.T.);
#1976=EDGE_CURVE('',#2466,#2474,#77,.T.);
#1977=EDGE_CURVE('',#2475,#2416,#2969,.F.);
#1978=EDGE_CURVE('',#2415,#2472,#2970,.T.);
#1979=EDGE_CURVE('',#2475,#2471,#2971,.T.);
#1980=EDGE_CURVE('',#2476,#2475,#2972,.F.);
#1981=EDGE_CURVE('',#2477,#2476,#2973,.F.);
#1982=EDGE_CURVE('',#2478,#2477,#2974,.F.);
#1983=EDGE_CURVE('',#2479,#2478,#2975,.F.);
#1984=EDGE_CURVE('',#2479,#2480,#2976,.F.);
#1985=EDGE_CURVE('',#2417,#2480,#2977,.F.);
#1986=EDGE_CURVE('',#2481,#2479,#2978,.T.);
#1987=EDGE_CURVE('',#2482,#2481,#2979,.F.);
#1988=EDGE_CURVE('',#2482,#2483,#2980,.F.);
#1989=EDGE_CURVE('',#2364,#2483,#2981,.F.);
#1990=EDGE_CURVE('',#2480,#2365,#2982,.F.);
#1991=EDGE_CURVE('',#2418,#2484,#2983,.T.);
#1992=EDGE_CURVE('',#2485,#2484,#2984,.F.);
#1993=EDGE_CURVE('',#2294,#2485,#2985,.F.);
#1994=EDGE_CURVE('',#2292,#2293,#123,.T.);
#1995=EDGE_CURVE('',#2484,#2482,#2986,.T.);
#1996=EDGE_CURVE('',#2369,#2486,#2987,.T.);
#1997=EDGE_CURVE('',#2483,#2486,#2988,.T.);
#1998=EDGE_CURVE('',#2487,#2348,#2989,.T.);
#1999=EDGE_CURVE('',#2398,#2347,#2990,.T.);
#2000=EDGE_CURVE('',#2487,#2400,#2991,.F.);
#2001=EDGE_CURVE('',#2368,#2120,#2992,.T.);
#2002=EDGE_CURVE('',#2407,#2350,#2993,.T.);
#2003=EDGE_CURVE('',#2488,#2349,#2994,.T.);
#2004=EDGE_CURVE('',#2408,#2488,#2995,.F.);
#2005=EDGE_CURVE('',#2488,#2487,#2996,.F.);
#2006=EDGE_CURVE('',#2489,#2366,#2997,.T.);
#2007=EDGE_CURVE('',#2489,#2353,#2998,.T.);
#2008=EDGE_CURVE('',#2490,#2352,#2999,.T.);
#2009=EDGE_CURVE('',#2367,#2490,#3000,.T.);
#2010=EDGE_CURVE('',#2491,#2119,#3001,.F.);
#2011=EDGE_CURVE('',#2354,#2491,#3002,.F.);
#2012=EDGE_CURVE('',#2486,#2489,#3003,.T.);
#2013=EDGE_CURVE('',#2473,#2492,#78,.T.);
#2014=EDGE_CURVE('',#2490,#2414,#3004,.T.);
#2015=EDGE_CURVE('',#2493,#2351,#3005,.T.);
#2016=EDGE_CURVE('',#2494,#2493,#79,.T.);
#2017=EDGE_CURVE('',#2492,#2494,#124,.T.);
#2018=EDGE_CURVE('',#2495,#2461,#80,.T.);
#2019=EDGE_CURVE('',#2493,#2495,#125,.T.);
#2020=EDGE_CURVE('',#2238,#2424,#3006,.F.);
#2021=EDGE_CURVE('',#2425,#2237,#3007,.F.);
#2022=EDGE_CURVE('',#2422,#2491,#3008,.F.);
#2023=EDGE_CURVE('',#2355,#2423,#3009,.F.);
#2024=EDGE_CURVE('',#2334,#2373,#3010,.T.);
#2025=EDGE_CURVE('',#2374,#2335,#3011,.T.);
#2026=EDGE_CURVE('',#2381,#2342,#3012,.F.);
#2027=EDGE_CURVE('',#2343,#2382,#3013,.F.);
#2028=EDGE_CURVE('',#2393,#2346,#3014,.T.);
#2029=EDGE_CURVE('',#2431,#2448,#3015,.F.);
#2030=EDGE_CURVE('',#2432,#2451,#3016,.T.);
#2031=EDGE_CURVE('',#2440,#2454,#3017,.T.);
#2032=EDGE_CURVE('',#2438,#2455,#3018,.T.);
#2033=EDGE_CURVE('',#2439,#2457,#3019,.T.);
#2034=EDGE_CURVE('',#2435,#2460,#3020,.T.);
#2035=EDGE_CURVE('',#2437,#2462,#3021,.T.);
#2036=EDGE_CURVE('',#2447,#2496,#3022,.F.);
#2037=EDGE_CURVE('',#2463,#2496,#126,.F.);
#2038=EDGE_CURVE('',#2496,#2497,#81,.T.);
#2039=EDGE_CURVE('',#2445,#2470,#3023,.T.);
#2040=EDGE_CURVE('',#2497,#2469,#127,.F.);
#2041=EDGE_CURVE('',#2443,#2476,#3024,.T.);
#2042=EDGE_CURVE('',#2444,#2477,#3025,.T.);
#2043=EDGE_CURVE('',#2442,#2478,#3026,.T.);
#2044=EDGE_CURVE('',#2233,#2481,#3027,.F.);
#2045=EDGE_CURVE('',#2232,#2482,#3028,.T.);
#2046=EDGE_CURVE('',#2231,#2485,#3029,.T.);
#2047=EDGE_CURVE('',#2426,#2425,#3030,.F.);
#2048=EDGE_CURVE('',#2427,#2423,#3031,.F.);
#2049=EDGE_CURVE('',#2419,#2422,#3032,.F.);
#2050=EDGE_CURVE('',#2420,#2424,#3033,.F.);
#2051=EDGE_CURVE('',#2430,#2374,#3034,.F.);
#2052=EDGE_CURVE('',#2376,#2373,#3035,.F.);
#2053=EDGE_CURVE('',#2385,#2382,#3036,.F.);
#2054=EDGE_CURVE('',#2389,#2393,#3037,.F.);
#2055=EDGE_CURVE('',#2498,#2499,#128,.F.);
#2056=EDGE_CURVE('',#2500,#2498,#129,.T.);
#2057=EDGE_CURVE('',#2501,#2500,#130,.T.);
#2058=EDGE_CURVE('',#2499,#2501,#131,.F.);
#2059=EDGE_CURVE('',#2502,#2502,#157,.T.);
#2060=EDGE_CURVE('',#2503,#2503,#158,.T.);
#2061=EDGE_CURVE('',#2504,#2505,#132,.T.);
#2062=EDGE_CURVE('',#2506,#2504,#133,.T.);
#2063=EDGE_CURVE('',#2507,#2506,#134,.T.);
#2064=EDGE_CURVE('',#2505,#2507,#135,.T.);
#2065=EDGE_CURVE('',#2508,#2508,#159,.T.);
#2066=EDGE_CURVE('',#2509,#2509,#160,.T.);
#2067=EDGE_CURVE('',#2510,#2511,#136,.T.);
#2068=EDGE_CURVE('',#2511,#2510,#137,.T.);
#2069=EDGE_CURVE('',#2512,#2512,#161,.T.);
#2070=EDGE_CURVE('',#2513,#2513,#162,.T.);
#2071=EDGE_CURVE('',#2403,#2510,#82,.T.);
#2072=EDGE_CURVE('',#2511,#2402,#83,.F.);
#2073=EDGE_CURVE('',#2504,#2474,#84,.F.);
#2074=EDGE_CURVE('',#2492,#2506,#85,.T.);
#2075=EDGE_CURVE('',#2494,#2507,#86,.T.);
#2076=EDGE_CURVE('',#2505,#2495,#87,.F.);
#2077=EDGE_CURVE('',#2467,#2500,#88,.T.);
#2078=EDGE_CURVE('',#2498,#2468,#89,.F.);
#2079=EDGE_CURVE('',#2499,#2497,#90,.F.);
#2080=EDGE_CURVE('',#2464,#2501,#91,.T.);
#2081=EDGE_CURVE('',#2421,#2514,#3038,.T.);
#2082=EDGE_CURVE('',#2514,#2200,#138,.T.);
#2083=EDGE_CURVE('',#2199,#2514,#139,.T.);
#2084=EDGE_CURVE('',#2254,#2309,#3039,.F.);
#2085=EDGE_CURVE('',#2249,#2310,#3040,.F.);
#2086=EDGE_CURVE('',#2218,#2312,#3041,.F.);
#2087=EDGE_CURVE('',#2227,#2146,#3042,.T.);
#2088=EDGE_CURVE('',#2222,#2311,#3043,.F.);
#2089=VERTEX_POINT('',#5909);
#2090=VERTEX_POINT('',#5910);
#2091=VERTEX_POINT('',#5912);
#2092=VERTEX_POINT('',#5914);
#2093=VERTEX_POINT('',#5916);
#2094=VERTEX_POINT('',#5918);
#2095=VERTEX_POINT('',#5920);
#2096=VERTEX_POINT('',#5922);
#2097=VERTEX_POINT('',#5924);
#2098=VERTEX_POINT('',#5926);
#2099=VERTEX_POINT('',#5928);
#2100=VERTEX_POINT('',#5930);
#2101=VERTEX_POINT('',#5932);
#2102=VERTEX_POINT('',#5934);
#2103=VERTEX_POINT('',#5936);
#2104=VERTEX_POINT('',#5938);
#2105=VERTEX_POINT('',#5940);
#2106=VERTEX_POINT('',#5942);
#2107=VERTEX_POINT('',#5944);
#2108=VERTEX_POINT('',#5946);
#2109=VERTEX_POINT('',#5948);
#2110=VERTEX_POINT('',#5950);
#2111=VERTEX_POINT('',#5952);
#2112=VERTEX_POINT('',#5954);
#2113=VERTEX_POINT('',#5958);
#2114=VERTEX_POINT('',#5959);
#2115=VERTEX_POINT('',#5961);
#2116=VERTEX_POINT('',#5963);
#2117=VERTEX_POINT('',#5965);
#2118=VERTEX_POINT('',#5967);
#2119=VERTEX_POINT('',#5969);
#2120=VERTEX_POINT('',#5971);
#2121=VERTEX_POINT('',#5973);
#2122=VERTEX_POINT('',#5977);
#2123=VERTEX_POINT('',#5979);
#2124=VERTEX_POINT('',#5981);
#2125=VERTEX_POINT('',#5982);
#2126=VERTEX_POINT('',#5987);
#2127=VERTEX_POINT('',#5989);
#2128=VERTEX_POINT('',#5991);
#2129=VERTEX_POINT('',#5995);
#2130=VERTEX_POINT('',#5996);
#2131=VERTEX_POINT('',#5998);
#2132=VERTEX_POINT('',#6000);
#2133=VERTEX_POINT('',#6004);
#2134=VERTEX_POINT('',#6005);
#2135=VERTEX_POINT('',#6007);
#2136=VERTEX_POINT('',#6011);
#2137=VERTEX_POINT('',#6012);
#2138=VERTEX_POINT('',#6014);
#2139=VERTEX_POINT('',#6016);
#2140=VERTEX_POINT('',#6020);
#2141=VERTEX_POINT('',#6021);
#2142=VERTEX_POINT('',#6023);
#2143=VERTEX_POINT('',#6025);
#2144=VERTEX_POINT('',#6030);
#2145=VERTEX_POINT('',#6034);
#2146=VERTEX_POINT('',#6035);
#2147=VERTEX_POINT('',#6038);
#2148=VERTEX_POINT('',#6042);
#2149=VERTEX_POINT('',#6043);
#2150=VERTEX_POINT('',#6046);
#2151=VERTEX_POINT('',#6050);
#2152=VERTEX_POINT('',#6051);
#2153=VERTEX_POINT('',#6053);
#2154=VERTEX_POINT('',#6055);
#2155=VERTEX_POINT('',#6058);
#2156=VERTEX_POINT('',#6060);
#2157=VERTEX_POINT('',#6062);
#2158=VERTEX_POINT('',#6064);
#2159=VERTEX_POINT('',#6068);
#2160=VERTEX_POINT('',#6069);
#2161=VERTEX_POINT('',#6071);
#2162=VERTEX_POINT('',#6073);
#2163=VERTEX_POINT('',#6077);
#2164=VERTEX_POINT('',#6079);
#2165=VERTEX_POINT('',#6080);
#2166=VERTEX_POINT('',#6083);
#2167=VERTEX_POINT('',#6085);
#2168=VERTEX_POINT('',#6087);
#2169=VERTEX_POINT('',#6089);
#2170=VERTEX_POINT('',#6093);
#2171=VERTEX_POINT('',#6095);
#2172=VERTEX_POINT('',#6099);
#2173=VERTEX_POINT('',#6100);
#2174=VERTEX_POINT('',#6105);
#2175=VERTEX_POINT('',#6107);
#2176=VERTEX_POINT('',#6109);
#2177=VERTEX_POINT('',#6111);
#2178=VERTEX_POINT('',#6113);
#2179=VERTEX_POINT('',#6115);
#2180=VERTEX_POINT('',#6117);
#2181=VERTEX_POINT('',#6124);
#2182=VERTEX_POINT('',#6126);
#2183=VERTEX_POINT('',#6128);
#2184=VERTEX_POINT('',#6132);
#2185=VERTEX_POINT('',#6133);
#2186=VERTEX_POINT('',#6135);
#2187=VERTEX_POINT('',#6137);
#2188=VERTEX_POINT('',#6141);
#2189=VERTEX_POINT('',#6143);
#2190=VERTEX_POINT('',#6145);
#2191=VERTEX_POINT('',#6149);
#2192=VERTEX_POINT('',#6151);
#2193=VERTEX_POINT('',#6152);
#2194=VERTEX_POINT('',#6154);
#2195=VERTEX_POINT('',#6156);
#2196=VERTEX_POINT('',#6158);
#2197=VERTEX_POINT('',#6160);
#2198=VERTEX_POINT('',#6162);
#2199=VERTEX_POINT('',#6164);
#2200=VERTEX_POINT('',#6166);
#2201=VERTEX_POINT('',#6168);
#2202=VERTEX_POINT('',#6173);
#2203=VERTEX_POINT('',#6174);
#2204=VERTEX_POINT('',#6176);
#2205=VERTEX_POINT('',#6179);
#2206=VERTEX_POINT('',#6184);
#2207=VERTEX_POINT('',#6185);
#2208=VERTEX_POINT('',#6187);
#2209=VERTEX_POINT('',#6189);
#2210=VERTEX_POINT('',#6193);
#2211=VERTEX_POINT('',#6194);
#2212=VERTEX_POINT('',#6197);
#2213=VERTEX_POINT('',#6199);
#2214=VERTEX_POINT('',#6201);
#2215=VERTEX_POINT('',#6203);
#2216=VERTEX_POINT('',#6205);
#2217=VERTEX_POINT('',#6207);
#2218=VERTEX_POINT('',#6211);
#2219=VERTEX_POINT('',#6214);
#2220=VERTEX_POINT('',#6216);
#2221=VERTEX_POINT('',#6218);
#2222=VERTEX_POINT('',#6222);
#2223=VERTEX_POINT('',#6224);
#2224=VERTEX_POINT('',#6226);
#2225=VERTEX_POINT('',#6228);
#2226=VERTEX_POINT('',#6230);
#2227=VERTEX_POINT('',#6233);
#2228=VERTEX_POINT('',#6237);
#2229=VERTEX_POINT('',#6238);
#2230=VERTEX_POINT('',#6240);
#2231=VERTEX_POINT('',#6242);
#2232=VERTEX_POINT('',#6244);
#2233=VERTEX_POINT('',#6246);
#2234=VERTEX_POINT('',#6248);
#2235=VERTEX_POINT('',#6250);
#2236=VERTEX_POINT('',#6252);
#2237=VERTEX_POINT('',#6254);
#2238=VERTEX_POINT('',#6256);
#2239=VERTEX_POINT('',#6258);
#2240=VERTEX_POINT('',#6261);
#2241=VERTEX_POINT('',#6263);
#2242=VERTEX_POINT('',#6266);
#2243=VERTEX_POINT('',#6268);
#2244=VERTEX_POINT('',#6272);
#2245=VERTEX_POINT('',#6273);
#2246=VERTEX_POINT('',#6276);
#2247=VERTEX_POINT('',#6280);
#2248=VERTEX_POINT('',#6281);
#2249=VERTEX_POINT('',#6286);
#2250=VERTEX_POINT('',#6288);
#2251=VERTEX_POINT('',#6290);
#2252=VERTEX_POINT('',#6292);
#2253=VERTEX_POINT('',#6294);
#2254=VERTEX_POINT('',#6297);
#2255=VERTEX_POINT('',#6301);
#2256=VERTEX_POINT('',#6305);
#2257=VERTEX_POINT('',#6307);
#2258=VERTEX_POINT('',#6309);
#2259=VERTEX_POINT('',#6314);
#2260=VERTEX_POINT('',#6316);
#2261=VERTEX_POINT('',#6321);
#2262=VERTEX_POINT('',#6323);
#2263=VERTEX_POINT('',#6325);
#2264=VERTEX_POINT('',#6329);
#2265=VERTEX_POINT('',#6331);
#2266=VERTEX_POINT('',#6335);
#2267=VERTEX_POINT('',#6336);
#2268=VERTEX_POINT('',#6338);
#2269=VERTEX_POINT('',#6343);
#2270=VERTEX_POINT('',#6345);
#2271=VERTEX_POINT('',#6347);
#2272=VERTEX_POINT('',#6349);
#2273=VERTEX_POINT('',#6354);
#2274=VERTEX_POINT('',#6356);
#2275=VERTEX_POINT('',#6363);
#2276=VERTEX_POINT('',#6365);
#2277=VERTEX_POINT('',#6367);
#2278=VERTEX_POINT('',#6369);
#2279=VERTEX_POINT('',#6371);
#2280=VERTEX_POINT('',#6373);
#2281=VERTEX_POINT('',#6378);
#2282=VERTEX_POINT('',#6380);
#2283=VERTEX_POINT('',#6387);
#2284=VERTEX_POINT('',#6392);
#2285=VERTEX_POINT('',#6394);
#2286=VERTEX_POINT('',#6396);
#2287=VERTEX_POINT('',#6398);
#2288=VERTEX_POINT('',#6400);
#2289=VERTEX_POINT('',#6405);
#2290=VERTEX_POINT('',#6407);
#2291=VERTEX_POINT('',#6409);
#2292=VERTEX_POINT('',#6413);
#2293=VERTEX_POINT('',#6415);
#2294=VERTEX_POINT('',#6417);
#2295=VERTEX_POINT('',#6419);
#2296=VERTEX_POINT('',#6421);
#2297=VERTEX_POINT('',#6425);
#2298=VERTEX_POINT('',#6430);
#2299=VERTEX_POINT('',#6438);
#2300=VERTEX_POINT('',#6445);
#2301=VERTEX_POINT('',#6448);
#2302=VERTEX_POINT('',#6452);
#2303=VERTEX_POINT('',#6454);
#2304=VERTEX_POINT('',#6464);
#2305=VERTEX_POINT('',#6466);
#2306=VERTEX_POINT('',#6475);
#2307=VERTEX_POINT('',#6507);
#2308=VERTEX_POINT('',#6514);
#2309=VERTEX_POINT('',#6545);
#2310=VERTEX_POINT('',#6549);
#2311=VERTEX_POINT('',#6555);
#2312=VERTEX_POINT('',#6564);
#2313=VERTEX_POINT('',#6571);
#2314=VERTEX_POINT('',#6572);
#2315=VERTEX_POINT('',#6574);
#2316=VERTEX_POINT('',#6576);
#2317=VERTEX_POINT('',#6579);
#2318=VERTEX_POINT('',#6582);
#2319=VERTEX_POINT('',#6585);
#2320=VERTEX_POINT('',#6586);
#2321=VERTEX_POINT('',#6588);
#2322=VERTEX_POINT('',#6590);
#2323=VERTEX_POINT('',#6593);
#2324=VERTEX_POINT('',#6596);
#2325=VERTEX_POINT('',#6599);
#2326=VERTEX_POINT('',#6600);
#2327=VERTEX_POINT('',#6603);
#2328=VERTEX_POINT('',#6606);
#2329=VERTEX_POINT('',#6854);
#2330=VERTEX_POINT('',#6860);
#2331=VERTEX_POINT('',#6863);
#2332=VERTEX_POINT('',#6865);
#2333=VERTEX_POINT('',#6866);
#2334=VERTEX_POINT('',#6902);
#2335=VERTEX_POINT('',#6903);
#2336=VERTEX_POINT('',#6905);
#2337=VERTEX_POINT('',#6907);
#2338=VERTEX_POINT('',#6909);
#2339=VERTEX_POINT('',#6911);
#2340=VERTEX_POINT('',#6913);
#2341=VERTEX_POINT('',#6915);
#2342=VERTEX_POINT('',#6917);
#2343=VERTEX_POINT('',#6919);
#2344=VERTEX_POINT('',#6921);
#2345=VERTEX_POINT('',#6923);
#2346=VERTEX_POINT('',#6925);
#2347=VERTEX_POINT('',#6927);
#2348=VERTEX_POINT('',#6929);
#2349=VERTEX_POINT('',#6931);
#2350=VERTEX_POINT('',#6933);
#2351=VERTEX_POINT('',#6935);
#2352=VERTEX_POINT('',#6937);
#2353=VERTEX_POINT('',#6939);
#2354=VERTEX_POINT('',#6941);
#2355=VERTEX_POINT('',#6943);
#2356=VERTEX_POINT('',#6945);
#2357=VERTEX_POINT('',#6947);
#2358=VERTEX_POINT('',#6951);
#2359=VERTEX_POINT('',#6953);
#2360=VERTEX_POINT('',#6955);
#2361=VERTEX_POINT('',#6956);
#2362=VERTEX_POINT('',#6961);
#2363=VERTEX_POINT('',#6963);
#2364=VERTEX_POINT('',#6967);
#2365=VERTEX_POINT('',#6968);
#2366=VERTEX_POINT('',#6970);
#2367=VERTEX_POINT('',#6972);
#2368=VERTEX_POINT('',#6976);
#2369=VERTEX_POINT('',#6977);
#2370=VERTEX_POINT('',#6979);
#2371=VERTEX_POINT('',#6983);
#2372=VERTEX_POINT('',#6984);
#2373=VERTEX_POINT('',#6986);
#2374=VERTEX_POINT('',#6988);
#2375=VERTEX_POINT('',#6992);
#2376=VERTEX_POINT('',#6993);
#2377=VERTEX_POINT('',#6995);
#2378=VERTEX_POINT('',#7000);
#2379=VERTEX_POINT('',#7004);
#2380=VERTEX_POINT('',#7006);
#2381=VERTEX_POINT('',#7010);
#2382=VERTEX_POINT('',#7011);
#2383=VERTEX_POINT('',#7014);
#2384=VERTEX_POINT('',#7018);
#2385=VERTEX_POINT('',#7019);
#2386=VERTEX_POINT('',#7021);
#2387=VERTEX_POINT('',#7023);
#2388=VERTEX_POINT('',#7025);
#2389=VERTEX_POINT('',#7027);
#2390=VERTEX_POINT('',#7032);
#2391=VERTEX_POINT('',#7033);
#2392=VERTEX_POINT('',#7035);
#2393=VERTEX_POINT('',#7037);
#2394=VERTEX_POINT('',#7041);
#2395=VERTEX_POINT('',#7043);
#2396=VERTEX_POINT('',#7044);
#2397=VERTEX_POINT('',#7046);
#2398=VERTEX_POINT('',#7048);
#2399=VERTEX_POINT('',#7051);
#2400=VERTEX_POINT('',#7055);
#2401=VERTEX_POINT('',#7057);
#2402=VERTEX_POINT('',#7061);
#2403=VERTEX_POINT('',#7062);
#2404=VERTEX_POINT('',#7067);
#2405=VERTEX_POINT('',#7069);
#2406=VERTEX_POINT('',#7071);
#2407=VERTEX_POINT('',#7073);
#2408=VERTEX_POINT('',#7075);
#2409=VERTEX_POINT('',#7077);
#2410=VERTEX_POINT('',#7079);
#2411=VERTEX_POINT('',#7086);
#2412=VERTEX_POINT('',#7088);
#2413=VERTEX_POINT('',#7090);
#2414=VERTEX_POINT('',#7094);
#2415=VERTEX_POINT('',#7095);
#2416=VERTEX_POINT('',#7097);
#2417=VERTEX_POINT('',#7099);
#2418=VERTEX_POINT('',#7103);
#2419=VERTEX_POINT('',#7108);
#2420=VERTEX_POINT('',#7109);
#2421=VERTEX_POINT('',#7112);
#2422=VERTEX_POINT('',#7117);
#2423=VERTEX_POINT('',#7118);
#2424=VERTEX_POINT('',#7120);
#2425=VERTEX_POINT('',#7122);
#2426=VERTEX_POINT('',#7126);
#2427=VERTEX_POINT('',#7127);
#2428=VERTEX_POINT('',#7130);
#2429=VERTEX_POINT('',#7132);
#2430=VERTEX_POINT('',#7134);
#2431=VERTEX_POINT('',#7139);
#2432=VERTEX_POINT('',#7140);
#2433=VERTEX_POINT('',#7144);
#2434=VERTEX_POINT('',#7148);
#2435=VERTEX_POINT('',#7149);
#2436=VERTEX_POINT('',#7153);
#2437=VERTEX_POINT('',#7155);
#2438=VERTEX_POINT('',#7159);
#2439=VERTEX_POINT('',#7160);
#2440=VERTEX_POINT('',#7162);
#2441=VERTEX_POINT('',#7167);
#2442=VERTEX_POINT('',#7168);
#2443=VERTEX_POINT('',#7173);
#2444=VERTEX_POINT('',#7174);
#2445=VERTEX_POINT('',#7176);
#2446=VERTEX_POINT('',#7178);
#2447=VERTEX_POINT('',#7185);
#2448=VERTEX_POINT('',#7189);
#2449=VERTEX_POINT('',#7191);
#2450=VERTEX_POINT('',#7193);
#2451=VERTEX_POINT('',#7198);
#2452=VERTEX_POINT('',#7200);
#2453=VERTEX_POINT('',#7205);
#2454=VERTEX_POINT('',#7207);
#2455=VERTEX_POINT('',#7209);
#2456=VERTEX_POINT('',#7213);
#2457=VERTEX_POINT('',#7215);
#2458=VERTEX_POINT('',#7219);
#2459=VERTEX_POINT('',#7220);
#2460=VERTEX_POINT('',#7223);
#2461=VERTEX_POINT('',#7227);
#2462=VERTEX_POINT('',#7229);
#2463=VERTEX_POINT('',#7231);
#2464=VERTEX_POINT('',#7236);
#2465=VERTEX_POINT('',#7238);
#2466=VERTEX_POINT('',#7240);
#2467=VERTEX_POINT('',#7247);
#2468=VERTEX_POINT('',#7249);
#2469=VERTEX_POINT('',#7254);
#2470=VERTEX_POINT('',#7256);
#2471=VERTEX_POINT('',#7258);
#2472=VERTEX_POINT('',#7260);
#2473=VERTEX_POINT('',#7262);
#2474=VERTEX_POINT('',#7264);
#2475=VERTEX_POINT('',#7271);
#2476=VERTEX_POINT('',#7276);
#2477=VERTEX_POINT('',#7278);
#2478=VERTEX_POINT('',#7280);
#2479=VERTEX_POINT('',#7282);
#2480=VERTEX_POINT('',#7284);
#2481=VERTEX_POINT('',#7288);
#2482=VERTEX_POINT('',#7290);
#2483=VERTEX_POINT('',#7292);
#2484=VERTEX_POINT('',#7297);
#2485=VERTEX_POINT('',#7299);
#2486=VERTEX_POINT('',#7305);
#2487=VERTEX_POINT('',#7309);
#2488=VERTEX_POINT('',#7317);
#2489=VERTEX_POINT('',#7323);
#2490=VERTEX_POINT('',#7326);
#2491=VERTEX_POINT('',#7330);
#2492=VERTEX_POINT('',#7338);
#2493=VERTEX_POINT('',#7341);
#2494=VERTEX_POINT('',#7346);
#2495=VERTEX_POINT('',#7353);
#2496=VERTEX_POINT('',#7385);
#2497=VERTEX_POINT('',#7392);
#2498=VERTEX_POINT('',#7436);
#2499=VERTEX_POINT('',#7437);
#2500=VERTEX_POINT('',#7439);
#2501=VERTEX_POINT('',#7441);
#2502=VERTEX_POINT('',#7444);
#2503=VERTEX_POINT('',#7447);
#2504=VERTEX_POINT('',#7450);
#2505=VERTEX_POINT('',#7451);
#2506=VERTEX_POINT('',#7453);
#2507=VERTEX_POINT('',#7455);
#2508=VERTEX_POINT('',#7458);
#2509=VERTEX_POINT('',#7461);
#2510=VERTEX_POINT('',#7464);
#2511=VERTEX_POINT('',#7465);
#2512=VERTEX_POINT('',#7468);
#2513=VERTEX_POINT('',#7471);
#2514=VERTEX_POINT('',#7719);
#2515=LINE('',#5908,#3044);
#2516=LINE('',#5911,#3045);
#2517=LINE('',#5913,#3046);
#2518=LINE('',#5915,#3047);
#2519=LINE('',#5917,#3048);
#2520=LINE('',#5919,#3049);
#2521=LINE('',#5921,#3050);
#2522=LINE('',#5923,#3051);
#2523=LINE('',#5925,#3052);
#2524=LINE('',#5927,#3053);
#2525=LINE('',#5929,#3054);
#2526=LINE('',#5931,#3055);
#2527=LINE('',#5933,#3056);
#2528=LINE('',#5935,#3057);
#2529=LINE('',#5937,#3058);
#2530=LINE('',#5939,#3059);
#2531=LINE('',#5941,#3060);
#2532=LINE('',#5943,#3061);
#2533=LINE('',#5945,#3062);
#2534=LINE('',#5947,#3063);
#2535=LINE('',#5949,#3064);
#2536=LINE('',#5951,#3065);
#2537=LINE('',#5953,#3066);
#2538=LINE('',#5955,#3067);
#2539=LINE('',#5957,#3068);
#2540=LINE('',#5960,#3069);
#2541=LINE('',#5962,#3070);
#2542=LINE('',#5964,#3071);
#2543=LINE('',#5966,#3072);
#2544=LINE('',#5968,#3073);
#2545=LINE('',#5970,#3074);
#2546=LINE('',#5972,#3075);
#2547=LINE('',#5974,#3076);
#2548=LINE('',#5980,#3077);
#2549=LINE('',#5983,#3078);
#2550=LINE('',#5984,#3079);
#2551=LINE('',#5986,#3080);
#2552=LINE('',#5988,#3081);
#2553=LINE('',#5990,#3082);
#2554=LINE('',#5992,#3083);
#2555=LINE('',#5994,#3084);
#2556=LINE('',#5997,#3085);
#2557=LINE('',#5999,#3086);
#2558=LINE('',#6001,#3087);
#2559=LINE('',#6003,#3088);
#2560=LINE('',#6006,#3089);
#2561=LINE('',#6008,#3090);
#2562=LINE('',#6010,#3091);
#2563=LINE('',#6013,#3092);
#2564=LINE('',#6015,#3093);
#2565=LINE('',#6017,#3094);
#2566=LINE('',#6019,#3095);
#2567=LINE('',#6022,#3096);
#2568=LINE('',#6024,#3097);
#2569=LINE('',#6026,#3098);
#2570=LINE('',#6027,#3099);
#2571=LINE('',#6029,#3100);
#2572=LINE('',#6031,#3101);
#2573=LINE('',#6033,#3102);
#2574=LINE('',#6036,#3103);
#2575=LINE('',#6037,#3104);
#2576=LINE('',#6039,#3105);
#2577=LINE('',#6041,#3106);
#2578=LINE('',#6044,#3107);
#2579=LINE('',#6045,#3108);
#2580=LINE('',#6047,#3109);
#2581=LINE('',#6049,#3110);
#2582=LINE('',#6052,#3111);
#2583=LINE('',#6054,#3112);
#2584=LINE('',#6056,#3113);
#2585=LINE('',#6057,#3114);
#2586=LINE('',#6059,#3115);
#2587=LINE('',#6061,#3116);
#2588=LINE('',#6063,#3117);
#2589=LINE('',#6065,#3118);
#2590=LINE('',#6067,#3119);
#2591=LINE('',#6070,#3120);
#2592=LINE('',#6072,#3121);
#2593=LINE('',#6074,#3122);
#2594=LINE('',#6078,#3123);
#2595=LINE('',#6081,#3124);
#2596=LINE('',#6082,#3125);
#2597=LINE('',#6084,#3126);
#2598=LINE('',#6086,#3127);
#2599=LINE('',#6088,#3128);
#2600=LINE('',#6090,#3129);
#2601=LINE('',#6092,#3130);
#2602=LINE('',#6094,#3131);
#2603=LINE('',#6096,#3132);
#2604=LINE('',#6106,#3133);
#2605=LINE('',#6108,#3134);
#2606=LINE('',#6110,#3135);
#2607=LINE('',#6112,#3136);
#2608=LINE('',#6114,#3137);
#2609=LINE('',#6116,#3138);
#2610=LINE('',#6123,#3139);
#2611=LINE('',#6125,#3140);
#2612=LINE('',#6127,#3141);
#2613=LINE('',#6129,#3142);
#2614=LINE('',#6131,#3143);
#2615=LINE('',#6134,#3144);
#2616=LINE('',#6136,#3145);
#2617=LINE('',#6138,#3146);
#2618=LINE('',#6140,#3147);
#2619=LINE('',#6142,#3148);
#2620=LINE('',#6144,#3149);
#2621=LINE('',#6146,#3150);
#2622=LINE('',#6150,#3151);
#2623=LINE('',#6155,#3152);
#2624=LINE('',#6157,#3153);
#2625=LINE('',#6159,#3154);
#2626=LINE('',#6161,#3155);
#2627=LINE('',#6163,#3156);
#2628=LINE('',#6167,#3157);
#2629=LINE('',#6169,#3158);
#2630=LINE('',#6170,#3159);
#2631=LINE('',#6172,#3160);
#2632=LINE('',#6175,#3161);
#2633=LINE('',#6177,#3162);
#2634=LINE('',#6178,#3163);
#2635=LINE('',#6180,#3164);
#2636=LINE('',#6181,#3165);
#2637=LINE('',#6183,#3166);
#2638=LINE('',#6186,#3167);
#2639=LINE('',#6188,#3168);
#2640=LINE('',#6190,#3169);
#2641=LINE('',#6192,#3170);
#2642=LINE('',#6195,#3171);
#2643=LINE('',#6196,#3172);
#2644=LINE('',#6198,#3173);
#2645=LINE('',#6200,#3174);
#2646=LINE('',#6202,#3175);
#2647=LINE('',#6204,#3176);
#2648=LINE('',#6206,#3177);
#2649=LINE('',#6208,#3178);
#2650=LINE('',#6210,#3179);
#2651=LINE('',#6212,#3180);
#2652=LINE('',#6213,#3181);
#2653=LINE('',#6215,#3182);
#2654=LINE('',#6217,#3183);
#2655=LINE('',#6219,#3184);
#2656=LINE('',#6221,#3185);
#2657=LINE('',#6223,#3186);
#2658=LINE('',#6225,#3187);
#2659=LINE('',#6227,#3188);
#2660=LINE('',#6229,#3189);
#2661=LINE('',#6231,#3190);
#2662=LINE('',#6232,#3191);
#2663=LINE('',#6234,#3192);
#2664=LINE('',#6236,#3193);
#2665=LINE('',#6239,#3194);
#2666=LINE('',#6241,#3195);
#2667=LINE('',#6243,#3196);
#2668=LINE('',#6245,#3197);
#2669=LINE('',#6247,#3198);
#2670=LINE('',#6249,#3199);
#2671=LINE('',#6251,#3200);
#2672=LINE('',#6253,#3201);
#2673=LINE('',#6255,#3202);
#2674=LINE('',#6257,#3203);
#2675=LINE('',#6259,#3204);
#2676=LINE('',#6260,#3205);
#2677=LINE('',#6262,#3206);
#2678=LINE('',#6264,#3207);
#2679=LINE('',#6265,#3208);
#2680=LINE('',#6267,#3209);
#2681=LINE('',#6269,#3210);
#2682=LINE('',#6271,#3211);
#2683=LINE('',#6274,#3212);
#2684=LINE('',#6275,#3213);
#2685=LINE('',#6277,#3214);
#2686=LINE('',#6279,#3215);
#2687=LINE('',#6282,#3216);
#2688=LINE('',#6283,#3217);
#2689=LINE('',#6285,#3218);
#2690=LINE('',#6287,#3219);
#2691=LINE('',#6289,#3220);
#2692=LINE('',#6291,#3221);
#2693=LINE('',#6293,#3222);
#2694=LINE('',#6295,#3223);
#2695=LINE('',#6296,#3224);
#2696=LINE('',#6298,#3225);
#2697=LINE('',#6300,#3226);
#2698=LINE('',#6302,#3227);
#2699=LINE('',#6304,#3228);
#2700=LINE('',#6306,#3229);
#2701=LINE('',#6308,#3230);
#2702=LINE('',#6310,#3231);
#2703=LINE('',#6313,#3232);
#2704=LINE('',#6315,#3233);
#2705=LINE('',#6317,#3234);
#2706=LINE('',#6318,#3235);
#2707=LINE('',#6320,#3236);
#2708=LINE('',#6322,#3237);
#2709=LINE('',#6324,#3238);
#2710=LINE('',#6326,#3239);
#2711=LINE('',#6328,#3240);
#2712=LINE('',#6330,#3241);
#2713=LINE('',#6332,#3242);
#2714=LINE('',#6334,#3243);
#2715=LINE('',#6337,#3244);
#2716=LINE('',#6339,#3245);
#2717=LINE('',#6340,#3246);
#2718=LINE('',#6342,#3247);
#2719=LINE('',#6346,#3248);
#2720=LINE('',#6355,#3249);
#2721=LINE('',#6357,#3250);
#2722=LINE('',#6366,#3251);
#2723=LINE('',#6368,#3252);
#2724=LINE('',#6370,#3253);
#2725=LINE('',#6372,#3254);
#2726=LINE('',#6386,#3255);
#2727=LINE('',#6388,#3256);
#2728=LINE('',#6389,#3257);
#2729=LINE('',#6391,#3258);
#2730=LINE('',#6393,#3259);
#2731=LINE('',#6395,#3260);
#2732=LINE('',#6397,#3261);
#2733=LINE('',#6399,#3262);
#2734=LINE('',#6401,#3263);
#2735=LINE('',#6403,#3264);
#2736=LINE('',#6404,#3265);
#2737=LINE('',#6406,#3266);
#2738=LINE('',#6408,#3267);
#2739=LINE('',#6410,#3268);
#2740=LINE('',#6412,#3269);
#2741=LINE('',#6416,#3270);
#2742=LINE('',#6418,#3271);
#2743=LINE('',#6420,#3272);
#2744=LINE('',#6422,#3273);
#2745=LINE('',#6424,#3274);
#2746=LINE('',#6426,#3275);
#2747=LINE('',#6427,#3276);
#2748=LINE('',#6429,#3277);
#2749=LINE('',#6431,#3278);
#2750=LINE('',#6432,#3279);
#2751=LINE('',#6434,#3280);
#2752=LINE('',#6435,#3281);
#2753=LINE('',#6437,#3282);
#2754=LINE('',#6439,#3283);
#2755=LINE('',#6440,#3284);
#2756=LINE('',#6442,#3285);
#2757=LINE('',#6444,#3286);
#2758=LINE('',#6446,#3287);
#2759=LINE('',#6447,#3288);
#2760=LINE('',#6449,#3289);
#2761=LINE('',#6451,#3290);
#2762=LINE('',#6471,#3291);
#2763=LINE('',#6473,#3292);
#2764=LINE('',#6474,#3293);
#2765=LINE('',#6476,#3294);
#2766=LINE('',#6478,#3295);
#2767=LINE('',#6479,#3296);
#2768=LINE('',#6481,#3297);
#2769=LINE('',#6482,#3298);
#2770=LINE('',#6484,#3299);
#2771=LINE('',#6485,#3300);
#2772=LINE('',#6487,#3301);
#2773=LINE('',#6488,#3302);
#2774=LINE('',#6490,#3303);
#2775=LINE('',#6492,#3304);
#2776=LINE('',#6494,#3305);
#2777=LINE('',#6496,#3306);
#2778=LINE('',#6498,#3307);
#2779=LINE('',#6500,#3308);
#2780=LINE('',#6502,#3309);
#2781=LINE('',#6504,#3310);
#2782=LINE('',#6508,#3311);
#2783=LINE('',#6516,#3312);
#2784=LINE('',#6518,#3313);
#2785=LINE('',#6520,#3314);
#2786=LINE('',#6522,#3315);
#2787=LINE('',#6524,#3316);
#2788=LINE('',#6526,#3317);
#2789=LINE('',#6528,#3318);
#2790=LINE('',#6530,#3319);
#2791=LINE('',#6532,#3320);
#2792=LINE('',#6534,#3321);
#2793=LINE('',#6537,#3322);
#2794=LINE('',#6539,#3323);
#2795=LINE('',#6542,#3324);
#2796=LINE('',#6544,#3325);
#2797=LINE('',#6546,#3326);
#2798=LINE('',#6548,#3327);
#2799=LINE('',#6550,#3328);
#2800=LINE('',#6551,#3329);
#2801=LINE('',#6554,#3330);
#2802=LINE('',#6556,#3331);
#2803=LINE('',#6557,#3332);
#2804=LINE('',#6561,#3333);
#2805=LINE('',#6563,#3334);
#2806=LINE('',#6565,#3335);
#2807=LINE('',#6853,#3336);
#2808=LINE('',#6901,#3337);
#2809=LINE('',#6904,#3338);
#2810=LINE('',#6906,#3339);
#2811=LINE('',#6908,#3340);
#2812=LINE('',#6910,#3341);
#2813=LINE('',#6912,#3342);
#2814=LINE('',#6914,#3343);
#2815=LINE('',#6916,#3344);
#2816=LINE('',#6918,#3345);
#2817=LINE('',#6920,#3346);
#2818=LINE('',#6922,#3347);
#2819=LINE('',#6924,#3348);
#2820=LINE('',#6926,#3349);
#2821=LINE('',#6928,#3350);
#2822=LINE('',#6930,#3351);
#2823=LINE('',#6932,#3352);
#2824=LINE('',#6934,#3353);
#2825=LINE('',#6936,#3354);
#2826=LINE('',#6938,#3355);
#2827=LINE('',#6940,#3356);
#2828=LINE('',#6942,#3357);
#2829=LINE('',#6944,#3358);
#2830=LINE('',#6946,#3359);
#2831=LINE('',#6948,#3360);
#2832=LINE('',#6954,#3361);
#2833=LINE('',#6957,#3362);
#2834=LINE('',#6958,#3363);
#2835=LINE('',#6960,#3364);
#2836=LINE('',#6962,#3365);
#2837=LINE('',#6964,#3366);
#2838=LINE('',#6966,#3367);
#2839=LINE('',#6969,#3368);
#2840=LINE('',#6971,#3369);
#2841=LINE('',#6973,#3370);
#2842=LINE('',#6975,#3371);
#2843=LINE('',#6978,#3372);
#2844=LINE('',#6980,#3373);
#2845=LINE('',#6982,#3374);
#2846=LINE('',#6985,#3375);
#2847=LINE('',#6987,#3376);
#2848=LINE('',#6989,#3377);
#2849=LINE('',#6991,#3378);
#2850=LINE('',#6994,#3379);
#2851=LINE('',#6996,#3380);
#2852=LINE('',#6997,#3381);
#2853=LINE('',#6999,#3382);
#2854=LINE('',#7001,#3383);
#2855=LINE('',#7003,#3384);
#2856=LINE('',#7005,#3385);
#2857=LINE('',#7007,#3386);
#2858=LINE('',#7009,#3387);
#2859=LINE('',#7012,#3388);
#2860=LINE('',#7013,#3389);
#2861=LINE('',#7015,#3390);
#2862=LINE('',#7017,#3391);
#2863=LINE('',#7020,#3392);
#2864=LINE('',#7022,#3393);
#2865=LINE('',#7024,#3394);
#2866=LINE('',#7026,#3395);
#2867=LINE('',#7028,#3396);
#2868=LINE('',#7029,#3397);
#2869=LINE('',#7031,#3398);
#2870=LINE('',#7034,#3399);
#2871=LINE('',#7036,#3400);
#2872=LINE('',#7038,#3401);
#2873=LINE('',#7042,#3402);
#2874=LINE('',#7045,#3403);
#2875=LINE('',#7047,#3404);
#2876=LINE('',#7049,#3405);
#2877=LINE('',#7050,#3406);
#2878=LINE('',#7052,#3407);
#2879=LINE('',#7054,#3408);
#2880=LINE('',#7056,#3409);
#2881=LINE('',#7058,#3410);
#2882=LINE('',#7068,#3411);
#2883=LINE('',#7070,#3412);
#2884=LINE('',#7072,#3413);
#2885=LINE('',#7074,#3414);
#2886=LINE('',#7076,#3415);
#2887=LINE('',#7078,#3416);
#2888=LINE('',#7085,#3417);
#2889=LINE('',#7087,#3418);
#2890=LINE('',#7089,#3419);
#2891=LINE('',#7091,#3420);
#2892=LINE('',#7093,#3421);
#2893=LINE('',#7096,#3422);
#2894=LINE('',#7098,#3423);
#2895=LINE('',#7100,#3424);
#2896=LINE('',#7102,#3425);
#2897=LINE('',#7104,#3426);
#2898=LINE('',#7105,#3427);
#2899=LINE('',#7107,#3428);
#2900=LINE('',#7110,#3429);
#2901=LINE('',#7111,#3430);
#2902=LINE('',#7113,#3431);
#2903=LINE('',#7114,#3432);
#2904=LINE('',#7116,#3433);
#2905=LINE('',#7119,#3434);
#2906=LINE('',#7121,#3435);
#2907=LINE('',#7123,#3436);
#2908=LINE('',#7125,#3437);
#2909=LINE('',#7128,#3438);
#2910=LINE('',#7129,#3439);
#2911=LINE('',#7131,#3440);
#2912=LINE('',#7133,#3441);
#2913=LINE('',#7135,#3442);
#2914=LINE('',#7136,#3443);
#2915=LINE('',#7138,#3444);
#2916=LINE('',#7141,#3445);
#2917=LINE('',#7142,#3446);
#2918=LINE('',#7143,#3447);
#2919=LINE('',#7145,#3448);
#2920=LINE('',#7147,#3449);
#2921=LINE('',#7150,#3450);
#2922=LINE('',#7151,#3451);
#2923=LINE('',#7152,#3452);
#2924=LINE('',#7154,#3453);
#2925=LINE('',#7156,#3454);
#2926=LINE('',#7158,#3455);
#2927=LINE('',#7161,#3456);
#2928=LINE('',#7163,#3457);
#2929=LINE('',#7164,#3458);
#2930=LINE('',#7166,#3459);
#2931=LINE('',#7169,#3460);
#2932=LINE('',#7170,#3461);
#2933=LINE('',#7172,#3462);
#2934=LINE('',#7175,#3463);
#2935=LINE('',#7177,#3464);
#2936=LINE('',#7179,#3465);
#2937=LINE('',#7180,#3466);
#2938=LINE('',#7181,#3467);
#2939=LINE('',#7182,#3468);
#2940=LINE('',#7184,#3469);
#2941=LINE('',#7186,#3470);
#2942=LINE('',#7188,#3471);
#2943=LINE('',#7190,#3472);
#2944=LINE('',#7192,#3473);
#2945=LINE('',#7194,#3474);
#2946=LINE('',#7196,#3475);
#2947=LINE('',#7197,#3476);
#2948=LINE('',#7199,#3477);
#2949=LINE('',#7201,#3478);
#2950=LINE('',#7204,#3479);
#2951=LINE('',#7206,#3480);
#2952=LINE('',#7208,#3481);
#2953=LINE('',#7210,#3482);
#2954=LINE('',#7212,#3483);
#2955=LINE('',#7214,#3484);
#2956=LINE('',#7216,#3485);
#2957=LINE('',#7218,#3486);
#2958=LINE('',#7221,#3487);
#2959=LINE('',#7222,#3488);
#2960=LINE('',#7224,#3489);
#2961=LINE('',#7226,#3490);
#2962=LINE('',#7228,#3491);
#2963=LINE('',#7230,#3492);
#2964=LINE('',#7239,#3493);
#2965=LINE('',#7255,#3494);
#2966=LINE('',#7257,#3495);
#2967=LINE('',#7259,#3496);
#2968=LINE('',#7261,#3497);
#2969=LINE('',#7270,#3498);
#2970=LINE('',#7272,#3499);
#2971=LINE('',#7273,#3500);
#2972=LINE('',#7275,#3501);
#2973=LINE('',#7277,#3502);
#2974=LINE('',#7279,#3503);
#2975=LINE('',#7281,#3504);
#2976=LINE('',#7283,#3505);
#2977=LINE('',#7285,#3506);
#2978=LINE('',#7287,#3507);
#2979=LINE('',#7289,#3508);
#2980=LINE('',#7291,#3509);
#2981=LINE('',#7293,#3510);
#2982=LINE('',#7294,#3511);
#2983=LINE('',#7296,#3512);
#2984=LINE('',#7298,#3513);
#2985=LINE('',#7300,#3514);
#2986=LINE('',#7303,#3515);
#2987=LINE('',#7304,#3516);
#2988=LINE('',#7306,#3517);
#2989=LINE('',#7308,#3518);
#2990=LINE('',#7310,#3519);
#2991=LINE('',#7311,#3520);
#2992=LINE('',#7313,#3521);
#2993=LINE('',#7315,#3522);
#2994=LINE('',#7316,#3523);
#2995=LINE('',#7318,#3524);
#2996=LINE('',#7320,#3525);
#2997=LINE('',#7322,#3526);
#2998=LINE('',#7324,#3527);
#2999=LINE('',#7325,#3528);
#3000=LINE('',#7327,#3529);
#3001=LINE('',#7329,#3530);
#3002=LINE('',#7331,#3531);
#3003=LINE('',#7332,#3532);
#3004=LINE('',#7339,#3533);
#3005=LINE('',#7340,#3534);
#3006=LINE('',#7356,#3535);
#3007=LINE('',#7357,#3536);
#3008=LINE('',#7359,#3537);
#3009=LINE('',#7360,#3538);
#3010=LINE('',#7362,#3539);
#3011=LINE('',#7363,#3540);
#3012=LINE('',#7365,#3541);
#3013=LINE('',#7366,#3542);
#3014=LINE('',#7368,#3543);
#3015=LINE('',#7370,#3544);
#3016=LINE('',#7372,#3545);
#3017=LINE('',#7374,#3546);
#3018=LINE('',#7376,#3547);
#3019=LINE('',#7378,#3548);
#3020=LINE('',#7380,#3549);
#3021=LINE('',#7382,#3550);
#3022=LINE('',#7384,#3551);
#3023=LINE('',#7393,#3552);
#3024=LINE('',#7396,#3553);
#3025=LINE('',#7398,#3554);
#3026=LINE('',#7400,#3555);
#3027=LINE('',#7402,#3556);
#3028=LINE('',#7404,#3557);
#3029=LINE('',#7406,#3558);
#3030=LINE('',#7409,#3559);
#3031=LINE('',#7411,#3560);
#3032=LINE('',#7414,#3561);
#3033=LINE('',#7416,#3562);
#3034=LINE('',#7419,#3563);
#3035=LINE('',#7422,#3564);
#3036=LINE('',#7425,#3565);
#3037=LINE('',#7429,#3566);
#3038=LINE('',#7718,#3567);
#3039=LINE('',#7746,#3568);
#3040=LINE('',#7748,#3569);
#3041=LINE('',#7751,#3570);
#3042=LINE('',#7754,#3571);
#3043=LINE('',#7756,#3572);
#3044=VECTOR('',#4817,1.);
#3045=VECTOR('',#4818,1.);
#3046=VECTOR('',#4819,1.);
#3047=VECTOR('',#4820,1.);
#3048=VECTOR('',#4821,1.);
#3049=VECTOR('',#4822,1.);
#3050=VECTOR('',#4823,1.);
#3051=VECTOR('',#4824,1.);
#3052=VECTOR('',#4825,1.);
#3053=VECTOR('',#4826,1.);
#3054=VECTOR('',#4827,1.);
#3055=VECTOR('',#4828,1.);
#3056=VECTOR('',#4829,1.);
#3057=VECTOR('',#4830,1.);
#3058=VECTOR('',#4831,1.);
#3059=VECTOR('',#4832,1.);
#3060=VECTOR('',#4833,1.);
#3061=VECTOR('',#4834,1.);
#3062=VECTOR('',#4835,1.);
#3063=VECTOR('',#4836,1.);
#3064=VECTOR('',#4837,1.);
#3065=VECTOR('',#4838,1.);
#3066=VECTOR('',#4839,1.);
#3067=VECTOR('',#4840,1.);
#3068=VECTOR('',#4843,1.);
#3069=VECTOR('',#4844,1.);
#3070=VECTOR('',#4845,1.);
#3071=VECTOR('',#4846,1.);
#3072=VECTOR('',#4847,1.);
#3073=VECTOR('',#4848,1.);
#3074=VECTOR('',#4849,1.);
#3075=VECTOR('',#4850,1.);
#3076=VECTOR('',#4851,1.);
#3077=VECTOR('',#4858,1.);
#3078=VECTOR('',#4859,1.);
#3079=VECTOR('',#4860,1.);
#3080=VECTOR('',#4863,1.);
#3081=VECTOR('',#4864,1.);
#3082=VECTOR('',#4865,1.);
#3083=VECTOR('',#4866,1.);
#3084=VECTOR('',#4869,1.);
#3085=VECTOR('',#4870,1.);
#3086=VECTOR('',#4871,1.);
#3087=VECTOR('',#4872,1.);
#3088=VECTOR('',#4875,1.);
#3089=VECTOR('',#4876,1.);
#3090=VECTOR('',#4877,1.);
#3091=VECTOR('',#4880,1.);
#3092=VECTOR('',#4881,1.);
#3093=VECTOR('',#4882,1.);
#3094=VECTOR('',#4883,1.);
#3095=VECTOR('',#4886,1.);
#3096=VECTOR('',#4887,1.);
#3097=VECTOR('',#4888,1.);
#3098=VECTOR('',#4889,1.);
#3099=VECTOR('',#4890,1.);
#3100=VECTOR('',#4893,1.);
#3101=VECTOR('',#4894,1.);
#3102=VECTOR('',#4897,1.);
#3103=VECTOR('',#4898,1.);
#3104=VECTOR('',#4899,1.);
#3105=VECTOR('',#4900,1.);
#3106=VECTOR('',#4903,1.);
#3107=VECTOR('',#4904,1.);
#3108=VECTOR('',#4905,1.);
#3109=VECTOR('',#4906,1.);
#3110=VECTOR('',#4909,1.);
#3111=VECTOR('',#4910,1.);
#3112=VECTOR('',#4911,1.);
#3113=VECTOR('',#4912,1.);
#3114=VECTOR('',#4913,1.);
#3115=VECTOR('',#4914,1.);
#3116=VECTOR('',#4915,1.);
#3117=VECTOR('',#4916,1.);
#3118=VECTOR('',#4917,1.);
#3119=VECTOR('',#4920,1.);
#3120=VECTOR('',#4921,1.);
#3121=VECTOR('',#4922,1.);
#3122=VECTOR('',#4923,1.);
#3123=VECTOR('',#4928,1.);
#3124=VECTOR('',#4929,1.);
#3125=VECTOR('',#4930,1.);
#3126=VECTOR('',#4931,1.);
#3127=VECTOR('',#4932,1.);
#3128=VECTOR('',#4933,1.);
#3129=VECTOR('',#4934,1.);
#3130=VECTOR('',#4937,1.);
#3131=VECTOR('',#4938,1.);
#3132=VECTOR('',#4939,1.);
#3133=VECTOR('',#4944,1.);
#3134=VECTOR('',#4945,1.);
#3135=VECTOR('',#4946,1.);
#3136=VECTOR('',#4947,1.);
#3137=VECTOR('',#4948,1.);
#3138=VECTOR('',#4949,1.);
#3139=VECTOR('',#4952,1.);
#3140=VECTOR('',#4953,1.);
#3141=VECTOR('',#4954,1.);
#3142=VECTOR('',#4955,1.);
#3143=VECTOR('',#4958,1.);
#3144=VECTOR('',#4959,1.);
#3145=VECTOR('',#4960,1.);
#3146=VECTOR('',#4961,1.);
#3147=VECTOR('',#4964,1.);
#3148=VECTOR('',#4965,1.);
#3149=VECTOR('',#4966,1.);
#3150=VECTOR('',#4967,1.);
#3151=VECTOR('',#4972,1.);
#3152=VECTOR('',#4975,1.);
#3153=VECTOR('',#4976,1.);
#3154=VECTOR('',#4977,1.);
#3155=VECTOR('',#4978,1.);
#3156=VECTOR('',#4979,1.);
#3157=VECTOR('',#4982,1.);
#3158=VECTOR('',#4983,1.);
#3159=VECTOR('',#4984,1.);
#3160=VECTOR('',#4987,1.);
#3161=VECTOR('',#4988,1.);
#3162=VECTOR('',#4989,1.);
#3163=VECTOR('',#4990,1.);
#3164=VECTOR('',#4991,1.);
#3165=VECTOR('',#4992,1.);
#3166=VECTOR('',#4995,1.);
#3167=VECTOR('',#4996,1.);
#3168=VECTOR('',#4997,1.);
#3169=VECTOR('',#4998,1.);
#3170=VECTOR('',#5001,1.);
#3171=VECTOR('',#5002,1.);
#3172=VECTOR('',#5003,1.);
#3173=VECTOR('',#5004,1.);
#3174=VECTOR('',#5005,1.);
#3175=VECTOR('',#5006,1.);
#3176=VECTOR('',#5007,1.);
#3177=VECTOR('',#5008,1.);
#3178=VECTOR('',#5009,1.);
#3179=VECTOR('',#5012,1.);
#3180=VECTOR('',#5013,1.);
#3181=VECTOR('',#5014,1.);
#3182=VECTOR('',#5015,1.);
#3183=VECTOR('',#5016,1.);
#3184=VECTOR('',#5017,1.);
#3185=VECTOR('',#5020,1.);
#3186=VECTOR('',#5021,1.);
#3187=VECTOR('',#5022,1.);
#3188=VECTOR('',#5023,1.);
#3189=VECTOR('',#5024,1.);
#3190=VECTOR('',#5025,1.);
#3191=VECTOR('',#5026,1.);
#3192=VECTOR('',#5027,1.);
#3193=VECTOR('',#5030,1.);
#3194=VECTOR('',#5031,1.);
#3195=VECTOR('',#5032,1.);
#3196=VECTOR('',#5033,1.);
#3197=VECTOR('',#5034,1.);
#3198=VECTOR('',#5035,1.);
#3199=VECTOR('',#5036,1.);
#3200=VECTOR('',#5037,1.);
#3201=VECTOR('',#5038,1.);
#3202=VECTOR('',#5039,1.);
#3203=VECTOR('',#5040,1.);
#3204=VECTOR('',#5041,1.);
#3205=VECTOR('',#5042,1.);
#3206=VECTOR('',#5043,1.);
#3207=VECTOR('',#5044,1.);
#3208=VECTOR('',#5045,1.);
#3209=VECTOR('',#5046,1.);
#3210=VECTOR('',#5047,1.);
#3211=VECTOR('',#5050,1.);
#3212=VECTOR('',#5051,1.);
#3213=VECTOR('',#5052,1.);
#3214=VECTOR('',#5053,1.);
#3215=VECTOR('',#5056,1.);
#3216=VECTOR('',#5057,1.);
#3217=VECTOR('',#5058,1.);
#3218=VECTOR('',#5061,1.);
#3219=VECTOR('',#5062,1.);
#3220=VECTOR('',#5063,1.);
#3221=VECTOR('',#5064,1.);
#3222=VECTOR('',#5065,1.);
#3223=VECTOR('',#5066,1.);
#3224=VECTOR('',#5067,1.);
#3225=VECTOR('',#5068,1.);
#3226=VECTOR('',#5071,1.);
#3227=VECTOR('',#5072,1.);
#3228=VECTOR('',#5075,1.);
#3229=VECTOR('',#5076,1.);
#3230=VECTOR('',#5077,1.);
#3231=VECTOR('',#5078,1.);
#3232=VECTOR('',#5083,1.);
#3233=VECTOR('',#5084,1.);
#3234=VECTOR('',#5085,1.);
#3235=VECTOR('',#5086,1.);
#3236=VECTOR('',#5089,1.);
#3237=VECTOR('',#5090,1.);
#3238=VECTOR('',#5091,1.);
#3239=VECTOR('',#5092,1.);
#3240=VECTOR('',#5095,1.);
#3241=VECTOR('',#5096,1.);
#3242=VECTOR('',#5097,1.);
#3243=VECTOR('',#5100,1.);
#3244=VECTOR('',#5101,1.);
#3245=VECTOR('',#5102,1.);
#3246=VECTOR('',#5103,1.);
#3247=VECTOR('',#5106,1.);
#3248=VECTOR('',#5109,1.);
#3249=VECTOR('',#5112,1.);
#3250=VECTOR('',#5113,1.);
#3251=VECTOR('',#5118,1.);
#3252=VECTOR('',#5119,1.);
#3253=VECTOR('',#5120,1.);
#3254=VECTOR('',#5121,1.);
#3255=VECTOR('',#5126,1.);
#3256=VECTOR('',#5127,1.);
#3257=VECTOR('',#5128,1.);
#3258=VECTOR('',#5131,1.);
#3259=VECTOR('',#5132,1.);
#3260=VECTOR('',#5133,1.);
#3261=VECTOR('',#5134,1.);
#3262=VECTOR('',#5135,1.);
#3263=VECTOR('',#5136,1.);
#3264=VECTOR('',#5139,1.);
#3265=VECTOR('',#5140,1.);
#3266=VECTOR('',#5141,1.);
#3267=VECTOR('',#5142,1.);
#3268=VECTOR('',#5143,1.);
#3269=VECTOR('',#5146,1.);
#3270=VECTOR('',#5149,1.);
#3271=VECTOR('',#5150,1.);
#3272=VECTOR('',#5151,1.);
#3273=VECTOR('',#5152,1.);
#3274=VECTOR('',#5155,1.);
#3275=VECTOR('',#5156,1.);
#3276=VECTOR('',#5157,1.);
#3277=VECTOR('',#5160,1.);
#3278=VECTOR('',#5161,1.);
#3279=VECTOR('',#5162,1.);
#3280=VECTOR('',#5165,1.);
#3281=VECTOR('',#5166,1.);
#3282=VECTOR('',#5169,1.);
#3283=VECTOR('',#5170,1.);
#3284=VECTOR('',#5171,1.);
#3285=VECTOR('',#5174,1.);
#3286=VECTOR('',#5177,1.);
#3287=VECTOR('',#5178,1.);
#3288=VECTOR('',#5179,1.);
#3289=VECTOR('',#5180,1.);
#3290=VECTOR('',#5183,1.);
#3291=VECTOR('',#5190,1.);
#3292=VECTOR('',#5193,1.);
#3293=VECTOR('',#5194,1.);
#3294=VECTOR('',#5195,1.);
#3295=VECTOR('',#5198,1.);
#3296=VECTOR('',#5199,1.);
#3297=VECTOR('',#5202,1.);
#3298=VECTOR('',#5203,1.);
#3299=VECTOR('',#5206,1.);
#3300=VECTOR('',#5207,1.);
#3301=VECTOR('',#5210,1.);
#3302=VECTOR('',#5211,1.);
#3303=VECTOR('',#5214,1.);
#3304=VECTOR('',#5217,1.);
#3305=VECTOR('',#5220,1.);
#3306=VECTOR('',#5223,1.);
#3307=VECTOR('',#5226,1.);
#3308=VECTOR('',#5229,1.);
#3309=VECTOR('',#5232,1.);
#3310=VECTOR('',#5235,1.);
#3311=VECTOR('',#5240,1.);
#3312=VECTOR('',#5245,1.);
#3313=VECTOR('',#5248,1.);
#3314=VECTOR('',#5251,1.);
#3315=VECTOR('',#5254,1.);
#3316=VECTOR('',#5257,1.);
#3317=VECTOR('',#5260,1.);
#3318=VECTOR('',#5263,1.);
#3319=VECTOR('',#5266,1.);
#3320=VECTOR('',#5269,1.);
#3321=VECTOR('',#5272,1.);
#3322=VECTOR('',#5277,1.);
#3323=VECTOR('',#5280,1.);
#3324=VECTOR('',#5285,1.);
#3325=VECTOR('',#5288,1.);
#3326=VECTOR('',#5289,1.);
#3327=VECTOR('',#5292,1.);
#3328=VECTOR('',#5293,1.);
#3329=VECTOR('',#5294,1.);
#3330=VECTOR('',#5299,1.);
#3331=VECTOR('',#5300,1.);
#3332=VECTOR('',#5301,1.);
#3333=VECTOR('',#5308,1.);
#3334=VECTOR('',#5311,1.);
#3335=VECTOR('',#5312,1.);
#3336=VECTOR('',#5371,1.);
#3337=VECTOR('',#5396,1.);
#3338=VECTOR('',#5397,1.);
#3339=VECTOR('',#5398,1.);
#3340=VECTOR('',#5399,1.);
#3341=VECTOR('',#5400,1.);
#3342=VECTOR('',#5401,1.);
#3343=VECTOR('',#5402,1.);
#3344=VECTOR('',#5403,1.);
#3345=VECTOR('',#5404,1.);
#3346=VECTOR('',#5405,1.);
#3347=VECTOR('',#5406,1.);
#3348=VECTOR('',#5407,1.);
#3349=VECTOR('',#5408,1.);
#3350=VECTOR('',#5409,1.);
#3351=VECTOR('',#5410,1.);
#3352=VECTOR('',#5411,1.);
#3353=VECTOR('',#5412,1.);
#3354=VECTOR('',#5413,1.);
#3355=VECTOR('',#5414,1.);
#3356=VECTOR('',#5415,1.);
#3357=VECTOR('',#5416,1.);
#3358=VECTOR('',#5417,1.);
#3359=VECTOR('',#5418,1.);
#3360=VECTOR('',#5419,1.);
#3361=VECTOR('',#5426,1.);
#3362=VECTOR('',#5427,1.);
#3363=VECTOR('',#5428,1.);
#3364=VECTOR('',#5431,1.);
#3365=VECTOR('',#5432,1.);
#3366=VECTOR('',#5433,1.);
#3367=VECTOR('',#5436,1.);
#3368=VECTOR('',#5437,1.);
#3369=VECTOR('',#5438,1.);
#3370=VECTOR('',#5439,1.);
#3371=VECTOR('',#5442,1.);
#3372=VECTOR('',#5443,1.);
#3373=VECTOR('',#5444,1.);
#3374=VECTOR('',#5447,1.);
#3375=VECTOR('',#5448,1.);
#3376=VECTOR('',#5449,1.);
#3377=VECTOR('',#5450,1.);
#3378=VECTOR('',#5453,1.);
#3379=VECTOR('',#5454,1.);
#3380=VECTOR('',#5455,1.);
#3381=VECTOR('',#5456,1.);
#3382=VECTOR('',#5459,1.);
#3383=VECTOR('',#5460,1.);
#3384=VECTOR('',#5463,1.);
#3385=VECTOR('',#5464,1.);
#3386=VECTOR('',#5465,1.);
#3387=VECTOR('',#5468,1.);
#3388=VECTOR('',#5469,1.);
#3389=VECTOR('',#5470,1.);
#3390=VECTOR('',#5471,1.);
#3391=VECTOR('',#5474,1.);
#3392=VECTOR('',#5475,1.);
#3393=VECTOR('',#5476,1.);
#3394=VECTOR('',#5477,1.);
#3395=VECTOR('',#5478,1.);
#3396=VECTOR('',#5479,1.);
#3397=VECTOR('',#5480,1.);
#3398=VECTOR('',#5483,1.);
#3399=VECTOR('',#5484,1.);
#3400=VECTOR('',#5485,1.);
#3401=VECTOR('',#5486,1.);
#3402=VECTOR('',#5491,1.);
#3403=VECTOR('',#5492,1.);
#3404=VECTOR('',#5493,1.);
#3405=VECTOR('',#5494,1.);
#3406=VECTOR('',#5495,1.);
#3407=VECTOR('',#5496,1.);
#3408=VECTOR('',#5499,1.);
#3409=VECTOR('',#5500,1.);
#3410=VECTOR('',#5501,1.);
#3411=VECTOR('',#5506,1.);
#3412=VECTOR('',#5507,1.);
#3413=VECTOR('',#5508,1.);
#3414=VECTOR('',#5509,1.);
#3415=VECTOR('',#5510,1.);
#3416=VECTOR('',#5511,1.);
#3417=VECTOR('',#5514,1.);
#3418=VECTOR('',#5515,1.);
#3419=VECTOR('',#5516,1.);
#3420=VECTOR('',#5517,1.);
#3421=VECTOR('',#5520,1.);
#3422=VECTOR('',#5521,1.);
#3423=VECTOR('',#5522,1.);
#3424=VECTOR('',#5523,1.);
#3425=VECTOR('',#5526,1.);
#3426=VECTOR('',#5527,1.);
#3427=VECTOR('',#5528,1.);
#3428=VECTOR('',#5531,1.);
#3429=VECTOR('',#5532,1.);
#3430=VECTOR('',#5533,1.);
#3431=VECTOR('',#5534,1.);
#3432=VECTOR('',#5535,1.);
#3433=VECTOR('',#5538,1.);
#3434=VECTOR('',#5539,1.);
#3435=VECTOR('',#5540,1.);
#3436=VECTOR('',#5541,1.);
#3437=VECTOR('',#5544,1.);
#3438=VECTOR('',#5545,1.);
#3439=VECTOR('',#5546,1.);
#3440=VECTOR('',#5547,1.);
#3441=VECTOR('',#5548,1.);
#3442=VECTOR('',#5549,1.);
#3443=VECTOR('',#5550,1.);
#3444=VECTOR('',#5553,1.);
#3445=VECTOR('',#5554,1.);
#3446=VECTOR('',#5555,1.);
#3447=VECTOR('',#5556,1.);
#3448=VECTOR('',#5557,1.);
#3449=VECTOR('',#5560,1.);
#3450=VECTOR('',#5561,1.);
#3451=VECTOR('',#5562,1.);
#3452=VECTOR('',#5563,1.);
#3453=VECTOR('',#5564,1.);
#3454=VECTOR('',#5565,1.);
#3455=VECTOR('',#5568,1.);
#3456=VECTOR('',#5569,1.);
#3457=VECTOR('',#5570,1.);
#3458=VECTOR('',#5571,1.);
#3459=VECTOR('',#5574,1.);
#3460=VECTOR('',#5575,1.);
#3461=VECTOR('',#5576,1.);
#3462=VECTOR('',#5579,1.);
#3463=VECTOR('',#5580,1.);
#3464=VECTOR('',#5581,1.);
#3465=VECTOR('',#5582,1.);
#3466=VECTOR('',#5583,1.);
#3467=VECTOR('',#5584,1.);
#3468=VECTOR('',#5585,1.);
#3469=VECTOR('',#5588,1.);
#3470=VECTOR('',#5589,1.);
#3471=VECTOR('',#5592,1.);
#3472=VECTOR('',#5593,1.);
#3473=VECTOR('',#5594,1.);
#3474=VECTOR('',#5595,1.);
#3475=VECTOR('',#5598,1.);
#3476=VECTOR('',#5599,1.);
#3477=VECTOR('',#5600,1.);
#3478=VECTOR('',#5601,1.);
#3479=VECTOR('',#5606,1.);
#3480=VECTOR('',#5607,1.);
#3481=VECTOR('',#5608,1.);
#3482=VECTOR('',#5609,1.);
#3483=VECTOR('',#5612,1.);
#3484=VECTOR('',#5613,1.);
#3485=VECTOR('',#5614,1.);
#3486=VECTOR('',#5617,1.);
#3487=VECTOR('',#5618,1.);
#3488=VECTOR('',#5619,1.);
#3489=VECTOR('',#5620,1.);
#3490=VECTOR('',#5623,1.);
#3491=VECTOR('',#5624,1.);
#3492=VECTOR('',#5625,1.);
#3493=VECTOR('',#5628,1.);
#3494=VECTOR('',#5635,1.);
#3495=VECTOR('',#5636,1.);
#3496=VECTOR('',#5637,1.);
#3497=VECTOR('',#5638,1.);
#3498=VECTOR('',#5643,1.);
#3499=VECTOR('',#5644,1.);
#3500=VECTOR('',#5645,1.);
#3501=VECTOR('',#5648,1.);
#3502=VECTOR('',#5649,1.);
#3503=VECTOR('',#5650,1.);
#3504=VECTOR('',#5651,1.);
#3505=VECTOR('',#5652,1.);
#3506=VECTOR('',#5653,1.);
#3507=VECTOR('',#5656,1.);
#3508=VECTOR('',#5657,1.);
#3509=VECTOR('',#5658,1.);
#3510=VECTOR('',#5659,1.);
#3511=VECTOR('',#5660,1.);
#3512=VECTOR('',#5663,1.);
#3513=VECTOR('',#5664,1.);
#3514=VECTOR('',#5665,1.);
#3515=VECTOR('',#5670,1.);
#3516=VECTOR('',#5671,1.);
#3517=VECTOR('',#5672,1.);
#3518=VECTOR('',#5675,1.);
#3519=VECTOR('',#5676,1.);
#3520=VECTOR('',#5677,1.);
#3521=VECTOR('',#5680,1.);
#3522=VECTOR('',#5683,1.);
#3523=VECTOR('',#5684,1.);
#3524=VECTOR('',#5685,1.);
#3525=VECTOR('',#5688,1.);
#3526=VECTOR('',#5691,1.);
#3527=VECTOR('',#5692,1.);
#3528=VECTOR('',#5693,1.);
#3529=VECTOR('',#5694,1.);
#3530=VECTOR('',#5697,1.);
#3531=VECTOR('',#5698,1.);
#3532=VECTOR('',#5699,1.);
#3533=VECTOR('',#5702,1.);
#3534=VECTOR('',#5703,1.);
#3535=VECTOR('',#5712,1.);
#3536=VECTOR('',#5713,1.);
#3537=VECTOR('',#5716,1.);
#3538=VECTOR('',#5717,1.);
#3539=VECTOR('',#5720,1.);
#3540=VECTOR('',#5721,1.);
#3541=VECTOR('',#5724,1.);
#3542=VECTOR('',#5725,1.);
#3543=VECTOR('',#5728,1.);
#3544=VECTOR('',#5731,1.);
#3545=VECTOR('',#5734,1.);
#3546=VECTOR('',#5737,1.);
#3547=VECTOR('',#5740,1.);
#3548=VECTOR('',#5743,1.);
#3549=VECTOR('',#5746,1.);
#3550=VECTOR('',#5749,1.);
#3551=VECTOR('',#5752,1.);
#3552=VECTOR('',#5757,1.);
#3553=VECTOR('',#5762,1.);
#3554=VECTOR('',#5765,1.);
#3555=VECTOR('',#5768,1.);
#3556=VECTOR('',#5771,1.);
#3557=VECTOR('',#5774,1.);
#3558=VECTOR('',#5777,1.);
#3559=VECTOR('',#5782,1.);
#3560=VECTOR('',#5785,1.);
#3561=VECTOR('',#5790,1.);
#3562=VECTOR('',#5793,1.);
#3563=VECTOR('',#5798,1.);
#3564=VECTOR('',#5803,1.);
#3565=VECTOR('',#5808,1.);
#3566=VECTOR('',#5815,1.);
#3567=VECTOR('',#5876,1.);
#3568=VECTOR('',#5887,1.);
#3569=VECTOR('',#5890,1.);
#3570=VECTOR('',#5895,1.);
#3571=VECTOR('',#5900,1.);
#3572=VECTOR('',#5903,1.);
#3573=EDGE_LOOP('',(#163,#164,#165,#166,#167,#168,#169,#170,#171,#172,#173,
#174,#175,#176,#177,#178,#179,#180,#181,#182,#183,#184,#185,#186));
#3574=EDGE_LOOP('',(#187,#188,#189,#190,#191,#192,#193,#194,#195));
#3575=EDGE_LOOP('',(#196));
#3576=EDGE_LOOP('',(#197));
#3577=EDGE_LOOP('',(#198,#199,#200,#201));
#3578=EDGE_LOOP('',(#202,#203,#204,#205,#206,#207));
#3579=EDGE_LOOP('',(#208,#209,#210,#211));
#3580=EDGE_LOOP('',(#212,#213,#214));
#3581=EDGE_LOOP('',(#215,#216,#217,#218));
#3582=EDGE_LOOP('',(#219,#220,#221,#222,#223,#224));
#3583=EDGE_LOOP('',(#225,#226,#227,#228,#229));
#3584=EDGE_LOOP('',(#230,#231,#232,#233,#234,#235));
#3585=EDGE_LOOP('',(#236,#237,#238,#239,#240));
#3586=EDGE_LOOP('',(#241,#242,#243,#244,#245,#246,#247,#248,#249,#250));
#3587=EDGE_LOOP('',(#251,#252,#253,#254));
#3588=EDGE_LOOP('',(#255));
#3589=EDGE_LOOP('',(#256,#257,#258,#259,#260,#261,#262,#263));
#3590=EDGE_LOOP('',(#264,#265,#266,#267));
#3591=EDGE_LOOP('',(#268,#269,#270,#271,#272,#273,#274,#275,#276));
#3592=EDGE_LOOP('',(#277,#278,#279,#280,#281));
#3593=EDGE_LOOP('',(#282,#283,#284,#285));
#3594=EDGE_LOOP('',(#286,#287,#288,#289,#290));
#3595=EDGE_LOOP('',(#291));
#3596=EDGE_LOOP('',(#292,#293,#294,#295,#296,#297,#298,#299,#300,#301,#302,
#303));
#3597=EDGE_LOOP('',(#304,#305,#306,#307,#308,#309,#310,#311,#312));
#3598=EDGE_LOOP('',(#313,#314,#315,#316));
#3599=EDGE_LOOP('',(#317,#318,#319,#320,#321,#322,#323,#324,#325,#326));
#3600=EDGE_LOOP('',(#327,#328,#329,#330,#331,#332,#333,#334));
#3601=EDGE_LOOP('',(#335,#336,#337,#338,#339,#340,#341,#342,#343,#344));
#3602=EDGE_LOOP('',(#345,#346,#347,#348,#349,#350,#351,#352,#353,#354,#355,
#356,#357,#358,#359,#360,#361,#362,#363,#364,#365));
#3603=EDGE_LOOP('',(#366,#367,#368,#369,#370,#371,#372));
#3604=EDGE_LOOP('',(#373,#374,#375,#376,#377));
#3605=EDGE_LOOP('',(#378,#379,#380,#381,#382,#383,#384,#385,#386,#387,#388,
#389));
#3606=EDGE_LOOP('',(#390,#391,#392,#393,#394,#395,#396));
#3607=EDGE_LOOP('',(#397,#398,#399,#400,#401,#402));
#3608=EDGE_LOOP('',(#403,#404,#405,#406,#407,#408,#409,#410));
#3609=EDGE_LOOP('',(#411,#412,#413,#414,#415,#416,#417));
#3610=EDGE_LOOP('',(#418,#419,#420,#421,#422));
#3611=EDGE_LOOP('',(#423,#424,#425,#426,#427,#428));
#3612=EDGE_LOOP('',(#429,#430,#431,#432,#433,#434,#435,#436));
#3613=EDGE_LOOP('',(#437,#438,#439,#440,#441,#442,#443,#444,#445,#446));
#3614=EDGE_LOOP('',(#447,#448,#449,#450,#451));
#3615=EDGE_LOOP('',(#452,#453,#454,#455,#456,#457,#458,#459));
#3616=EDGE_LOOP('',(#460,#461,#462,#463,#464,#465,#466));
#3617=EDGE_LOOP('',(#467,#468,#469,#470,#471,#472,#473));
#3618=EDGE_LOOP('',(#474,#475,#476,#477,#478,#479,#480));
#3619=EDGE_LOOP('',(#481,#482,#483,#484,#485,#486));
#3620=EDGE_LOOP('',(#487,#488,#489,#490));
#3621=EDGE_LOOP('',(#491,#492,#493,#494,#495));
#3622=EDGE_LOOP('',(#496,#497,#498,#499));
#3623=EDGE_LOOP('',(#500,#501,#502,#503,#504,#505));
#3624=EDGE_LOOP('',(#506,#507,#508,#509,#510,#511,#512,#513));
#3625=EDGE_LOOP('',(#514,#515,#516,#517,#518,#519,#520,#521,#522,#523));
#3626=EDGE_LOOP('',(#524,#525,#526,#527,#528,#529,#530,#531,#532));
#3627=EDGE_LOOP('',(#533,#534,#535,#536));
#3628=EDGE_LOOP('',(#537,#538,#539,#540,#541));
#3629=EDGE_LOOP('',(#542,#543,#544,#545));
#3630=EDGE_LOOP('',(#546,#547,#548,#549));
#3631=EDGE_LOOP('',(#550,#551,#552,#553,#554));
#3632=EDGE_LOOP('',(#555,#556,#557,#558));
#3633=EDGE_LOOP('',(#559,#560,#561,#562,#563));
#3634=EDGE_LOOP('',(#564,#565,#566,#567,#568,#569));
#3635=EDGE_LOOP('',(#570,#571,#572,#573));
#3636=EDGE_LOOP('',(#574,#575,#576,#577,#578));
#3637=EDGE_LOOP('',(#579,#580,#581,#582,#583,#584));
#3638=EDGE_LOOP('',(#585,#586,#587,#588,#589));
#3639=EDGE_LOOP('',(#590,#591,#592,#593,#594,#595));
#3640=EDGE_LOOP('',(#596,#597,#598,#599,#600,#601,#602));
#3641=EDGE_LOOP('',(#603,#604,#605,#606,#607,#608));
#3642=EDGE_LOOP('',(#609,#610,#611,#612));
#3643=EDGE_LOOP('',(#613,#614,#615,#616,#617));
#3644=EDGE_LOOP('',(#618,#619,#620,#621,#622,#623));
#3645=EDGE_LOOP('',(#624,#625,#626,#627));
#3646=EDGE_LOOP('',(#628,#629,#630,#631,#632));
#3647=EDGE_LOOP('',(#633,#634,#635,#636));
#3648=EDGE_LOOP('',(#637,#638,#639,#640));
#3649=EDGE_LOOP('',(#641,#642,#643,#644));
#3650=EDGE_LOOP('',(#645,#646,#647,#648));
#3651=EDGE_LOOP('',(#649,#650,#651,#652,#653));
#3652=EDGE_LOOP('',(#654,#655,#656,#657));
#3653=EDGE_LOOP('',(#658,#659,#660,#661));
#3654=EDGE_LOOP('',(#662,#663,#664,#665));
#3655=EDGE_LOOP('',(#666,#667,#668,#669,#670));
#3656=EDGE_LOOP('',(#671,#672,#673,#674,#675));
#3657=EDGE_LOOP('',(#676,#677,#678,#679));
#3658=EDGE_LOOP('',(#680,#681,#682,#683,#684));
#3659=EDGE_LOOP('',(#685,#686,#687,#688));
#3660=EDGE_LOOP('',(#689,#690,#691,#692));
#3661=EDGE_LOOP('',(#693,#694,#695,#696));
#3662=EDGE_LOOP('',(#697,#698,#699,#700,#701));
#3663=EDGE_LOOP('',(#702,#703,#704,#705,#706,#707));
#3664=EDGE_LOOP('',(#708,#709,#710,#711,#712,#713,#714));
#3665=EDGE_LOOP('',(#715,#716,#717,#718,#719));
#3666=EDGE_LOOP('',(#720,#721,#722,#723));
#3667=EDGE_LOOP('',(#724));
#3668=EDGE_LOOP('',(#725));
#3669=EDGE_LOOP('',(#726));
#3670=EDGE_LOOP('',(#727,#728,#729,#730));
#3671=EDGE_LOOP('',(#731));
#3672=EDGE_LOOP('',(#732));
#3673=EDGE_LOOP('',(#733));
#3674=EDGE_LOOP('',(#734,#735));
#3675=EDGE_LOOP('',(#736));
#3676=EDGE_LOOP('',(#737));
#3677=EDGE_LOOP('',(#738));
#3678=EDGE_LOOP('',(#739));
#3679=EDGE_LOOP('',(#740));
#3680=EDGE_LOOP('',(#741));
#3681=EDGE_LOOP('',(#742));
#3682=EDGE_LOOP('',(#743));
#3683=EDGE_LOOP('',(#744));
#3684=EDGE_LOOP('',(#745,#746,#747,#748));
#3685=EDGE_LOOP('',(#749,#750,#751,#752,#753,#754));
#3686=EDGE_LOOP('',(#755,#756,#757,#758,#759));
#3687=EDGE_LOOP('',(#760,#761,#762,#763));
#3688=EDGE_LOOP('',(#764,#765,#766,#767,#768,#769));
#3689=EDGE_LOOP('',(#770,#771,#772,#773,#774));
#3690=EDGE_LOOP('',(#775,#776,#777,#778));
#3691=EDGE_LOOP('',(#779,#780,#781,#782,#783));
#3692=EDGE_LOOP('',(#784,#785,#786,#787,#788));
#3693=EDGE_LOOP('',(#789,#790,#791,#792,#793,#794));
#3694=EDGE_LOOP('',(#795,#796,#797,#798));
#3695=EDGE_LOOP('',(#799,#800,#801,#802));
#3696=EDGE_LOOP('',(#803));
#3697=EDGE_LOOP('',(#804));
#3698=EDGE_LOOP('',(#805));
#3699=EDGE_LOOP('',(#806,#807));
#3700=EDGE_LOOP('',(#808));
#3701=EDGE_LOOP('',(#809));
#3702=EDGE_LOOP('',(#810,#811,#812,#813));
#3703=EDGE_LOOP('',(#814,#815,#816));
#3704=EDGE_LOOP('',(#817,#818,#819,#820,#821,#822,#823,#824,#825,#826,#827,
#828,#829,#830,#831,#832,#833,#834,#835,#836,#837,#838,#839,#840));
#3705=EDGE_LOOP('',(#841));
#3706=EDGE_LOOP('',(#842));
#3707=EDGE_LOOP('',(#843,#844,#845,#846));
#3708=EDGE_LOOP('',(#847,#848,#849,#850,#851));
#3709=EDGE_LOOP('',(#852,#853,#854,#855));
#3710=EDGE_LOOP('',(#856,#857,#858));
#3711=EDGE_LOOP('',(#859,#860,#861,#862));
#3712=EDGE_LOOP('',(#863,#864,#865,#866,#867));
#3713=EDGE_LOOP('',(#868,#869,#870,#871,#872));
#3714=EDGE_LOOP('',(#873,#874,#875,#876,#877));
#3715=EDGE_LOOP('',(#878,#879,#880,#881,#882));
#3716=EDGE_LOOP('',(#883,#884,#885,#886,#887,#888,#889,#890));
#3717=EDGE_LOOP('',(#891,#892,#893,#894));
#3718=EDGE_LOOP('',(#895));
#3719=EDGE_LOOP('',(#896,#897,#898,#899,#900,#901,#902));
#3720=EDGE_LOOP('',(#903,#904,#905,#906));
#3721=EDGE_LOOP('',(#907,#908,#909,#910,#911,#912,#913,#914,#915));
#3722=EDGE_LOOP('',(#916,#917,#918,#919,#920));
#3723=EDGE_LOOP('',(#921,#922,#923,#924));
#3724=EDGE_LOOP('',(#925,#926,#927,#928,#929));
#3725=EDGE_LOOP('',(#930,#931,#932,#933,#934,#935,#936,#937,#938));
#3726=EDGE_LOOP('',(#939,#940,#941,#942));
#3727=EDGE_LOOP('',(#943,#944,#945,#946,#947,#948,#949,#950,#951));
#3728=EDGE_LOOP('',(#952,#953,#954,#955,#956,#957,#958,#959));
#3729=EDGE_LOOP('',(#960,#961,#962,#963,#964,#965,#966,#967,#968,#969));
#3730=EDGE_LOOP('',(#970,#971,#972,#973,#974,#975,#976));
#3731=EDGE_LOOP('',(#977,#978,#979,#980,#981));
#3732=EDGE_LOOP('',(#982,#983,#984,#985,#986,#987,#988,#989,#990,#991,#992,
#993));
#3733=EDGE_LOOP('',(#994,#995,#996,#997,#998,#999,#1000));
#3734=EDGE_LOOP('',(#1001,#1002,#1003,#1004,#1005,#1006));
#3735=EDGE_LOOP('',(#1007,#1008,#1009,#1010,#1011,#1012,#1013,#1014));
#3736=EDGE_LOOP('',(#1015,#1016,#1017,#1018,#1019,#1020,#1021));
#3737=EDGE_LOOP('',(#1022,#1023,#1024,#1025,#1026));
#3738=EDGE_LOOP('',(#1027,#1028,#1029,#1030,#1031,#1032));
#3739=EDGE_LOOP('',(#1033,#1034,#1035,#1036,#1037,#1038,#1039,#1040));
#3740=EDGE_LOOP('',(#1041,#1042,#1043,#1044,#1045,#1046,#1047,#1048,#1049,
#1050));
#3741=EDGE_LOOP('',(#1051,#1052,#1053,#1054,#1055));
#3742=EDGE_LOOP('',(#1056,#1057,#1058,#1059,#1060,#1061,#1062,#1063));
#3743=EDGE_LOOP('',(#1064,#1065,#1066,#1067,#1068,#1069,#1070));
#3744=EDGE_LOOP('',(#1071,#1072,#1073,#1074,#1075,#1076,#1077));
#3745=EDGE_LOOP('',(#1078,#1079,#1080,#1081,#1082,#1083,#1084));
#3746=EDGE_LOOP('',(#1085,#1086,#1087,#1088,#1089,#1090));
#3747=EDGE_LOOP('',(#1091,#1092,#1093,#1094));
#3748=EDGE_LOOP('',(#1095,#1096,#1097,#1098,#1099));
#3749=EDGE_LOOP('',(#1100,#1101,#1102,#1103));
#3750=EDGE_LOOP('',(#1104,#1105,#1106,#1107,#1108,#1109));
#3751=EDGE_LOOP('',(#1110,#1111,#1112,#1113,#1114,#1115,#1116,#1117,#1118));
#3752=EDGE_LOOP('',(#1119,#1120,#1121,#1122,#1123,#1124,#1125,#1126,#1127,
#1128));
#3753=EDGE_LOOP('',(#1129,#1130,#1131,#1132,#1133,#1134,#1135,#1136));
#3754=EDGE_LOOP('',(#1137,#1138,#1139,#1140));
#3755=EDGE_LOOP('',(#1141,#1142,#1143,#1144,#1145));
#3756=EDGE_LOOP('',(#1146,#1147,#1148,#1149));
#3757=EDGE_LOOP('',(#1150,#1151,#1152,#1153));
#3758=EDGE_LOOP('',(#1154,#1155,#1156,#1157,#1158));
#3759=EDGE_LOOP('',(#1159,#1160,#1161,#1162));
#3760=EDGE_LOOP('',(#1163,#1164,#1165,#1166,#1167));
#3761=EDGE_LOOP('',(#1168,#1169,#1170,#1171,#1172,#1173));
#3762=EDGE_LOOP('',(#1174,#1175,#1176,#1177));
#3763=EDGE_LOOP('',(#1178,#1179,#1180,#1181,#1182));
#3764=EDGE_LOOP('',(#1183,#1184,#1185,#1186,#1187,#1188));
#3765=EDGE_LOOP('',(#1189,#1190,#1191,#1192,#1193));
#3766=EDGE_LOOP('',(#1194,#1195,#1196,#1197,#1198,#1199));
#3767=EDGE_LOOP('',(#1200,#1201,#1202,#1203,#1204,#1205,#1206));
#3768=EDGE_LOOP('',(#1207,#1208,#1209,#1210,#1211,#1212));
#3769=EDGE_LOOP('',(#1213,#1214,#1215,#1216));
#3770=EDGE_LOOP('',(#1217,#1218,#1219,#1220,#1221));
#3771=EDGE_LOOP('',(#1222,#1223,#1224,#1225,#1226,#1227));
#3772=EDGE_LOOP('',(#1228,#1229,#1230,#1231));
#3773=EDGE_LOOP('',(#1232,#1233,#1234,#1235,#1236));
#3774=EDGE_LOOP('',(#1237,#1238,#1239,#1240));
#3775=EDGE_LOOP('',(#1241,#1242,#1243,#1244));
#3776=EDGE_LOOP('',(#1245,#1246,#1247,#1248));
#3777=EDGE_LOOP('',(#1249,#1250,#1251,#1252));
#3778=EDGE_LOOP('',(#1253,#1254,#1255,#1256,#1257));
#3779=EDGE_LOOP('',(#1258,#1259,#1260,#1261));
#3780=EDGE_LOOP('',(#1262,#1263,#1264,#1265));
#3781=EDGE_LOOP('',(#1266,#1267,#1268,#1269));
#3782=EDGE_LOOP('',(#1270,#1271,#1272,#1273));
#3783=EDGE_LOOP('',(#1274,#1275,#1276,#1277));
#3784=EDGE_LOOP('',(#1278,#1279,#1280,#1281));
#3785=EDGE_LOOP('',(#1282,#1283,#1284,#1285));
#3786=EDGE_LOOP('',(#1286,#1287,#1288,#1289));
#3787=EDGE_LOOP('',(#1290,#1291,#1292,#1293));
#3788=EDGE_LOOP('',(#1294,#1295,#1296,#1297));
#3789=EDGE_LOOP('',(#1298,#1299,#1300,#1301));
#3790=EDGE_LOOP('',(#1302,#1303,#1304,#1305,#1306,#1307));
#3791=EDGE_LOOP('',(#1308,#1309,#1310,#1311,#1312,#1313,#1314));
#3792=EDGE_LOOP('',(#1315,#1316,#1317,#1318,#1319));
#3793=EDGE_LOOP('',(#1320,#1321,#1322,#1323));
#3794=EDGE_LOOP('',(#1324));
#3795=EDGE_LOOP('',(#1325));
#3796=EDGE_LOOP('',(#1326));
#3797=EDGE_LOOP('',(#1327,#1328,#1329,#1330));
#3798=EDGE_LOOP('',(#1331));
#3799=EDGE_LOOP('',(#1332));
#3800=EDGE_LOOP('',(#1333));
#3801=EDGE_LOOP('',(#1334,#1335));
#3802=EDGE_LOOP('',(#1336));
#3803=EDGE_LOOP('',(#1337));
#3804=EDGE_LOOP('',(#1338));
#3805=EDGE_LOOP('',(#1339));
#3806=EDGE_LOOP('',(#1340));
#3807=EDGE_LOOP('',(#1341));
#3808=EDGE_LOOP('',(#1342));
#3809=EDGE_LOOP('',(#1343));
#3810=EDGE_LOOP('',(#1344));
#3811=EDGE_LOOP('',(#1345,#1346,#1347,#1348));
#3812=EDGE_LOOP('',(#1349,#1350,#1351,#1352,#1353,#1354));
#3813=EDGE_LOOP('',(#1355,#1356,#1357,#1358,#1359));
#3814=EDGE_LOOP('',(#1360,#1361,#1362,#1363));
#3815=EDGE_LOOP('',(#1364,#1365,#1366,#1367,#1368,#1369));
#3816=EDGE_LOOP('',(#1370,#1371,#1372,#1373,#1374));
#3817=EDGE_LOOP('',(#1375,#1376,#1377,#1378));
#3818=EDGE_LOOP('',(#1379,#1380,#1381,#1382,#1383));
#3819=EDGE_LOOP('',(#1384,#1385,#1386,#1387,#1388));
#3820=EDGE_LOOP('',(#1389,#1390,#1391,#1392,#1393,#1394));
#3821=EDGE_LOOP('',(#1395,#1396,#1397,#1398));
#3822=EDGE_LOOP('',(#1399,#1400,#1401,#1402));
#3823=EDGE_LOOP('',(#1403,#1404,#1405,#1406));
#3824=EDGE_LOOP('',(#1407,#1408,#1409));
#3825=EDGE_LOOP('',(#1410,#1411,#1412,#1413));
#3826=EDGE_LOOP('',(#1414,#1415,#1416,#1417,#1418,#1419));
#3827=EDGE_LOOP('',(#1420,#1421,#1422,#1423));
#3828=EDGE_LOOP('',(#1424,#1425,#1426,#1427));
#3829=EDGE_LOOP('',(#1428,#1429,#1430,#1431,#1432));
#3830=EDGE_LOOP('',(#1433,#1434,#1435,#1436));
#3831=EDGE_LOOP('',(#1437,#1438,#1439,#1440,#1441,#1442));
#3832=EDGE_LOOP('',(#1443,#1444,#1445,#1446));
#3833=FACE_BOUND('',#3573,.T.);
#3834=FACE_BOUND('',#3574,.T.);
#3835=FACE_BOUND('',#3575,.T.);
#3836=FACE_BOUND('',#3576,.T.);
#3837=FACE_BOUND('',#3577,.T.);
#3838=FACE_BOUND('',#3578,.T.);
#3839=FACE_BOUND('',#3579,.T.);
#3840=FACE_BOUND('',#3580,.T.);
#3841=FACE_BOUND('',#3581,.T.);
#3842=FACE_BOUND('',#3582,.T.);
#3843=FACE_BOUND('',#3583,.T.);
#3844=FACE_BOUND('',#3584,.T.);
#3845=FACE_BOUND('',#3585,.T.);
#3846=FACE_BOUND('',#3586,.T.);
#3847=FACE_BOUND('',#3587,.T.);
#3848=FACE_BOUND('',#3588,.T.);
#3849=FACE_BOUND('',#3589,.T.);
#3850=FACE_BOUND('',#3590,.T.);
#3851=FACE_BOUND('',#3591,.T.);
#3852=FACE_BOUND('',#3592,.T.);
#3853=FACE_BOUND('',#3593,.T.);
#3854=FACE_BOUND('',#3594,.T.);
#3855=FACE_BOUND('',#3595,.T.);
#3856=FACE_BOUND('',#3596,.T.);
#3857=FACE_BOUND('',#3597,.T.);
#3858=FACE_BOUND('',#3598,.T.);
#3859=FACE_BOUND('',#3599,.T.);
#3860=FACE_BOUND('',#3600,.T.);
#3861=FACE_BOUND('',#3601,.T.);
#3862=FACE_BOUND('',#3602,.T.);
#3863=FACE_BOUND('',#3603,.T.);
#3864=FACE_BOUND('',#3604,.T.);
#3865=FACE_BOUND('',#3605,.T.);
#3866=FACE_BOUND('',#3606,.T.);
#3867=FACE_BOUND('',#3607,.T.);
#3868=FACE_BOUND('',#3608,.T.);
#3869=FACE_BOUND('',#3609,.T.);
#3870=FACE_BOUND('',#3610,.T.);
#3871=FACE_BOUND('',#3611,.T.);
#3872=FACE_BOUND('',#3612,.T.);
#3873=FACE_BOUND('',#3613,.T.);
#3874=FACE_BOUND('',#3614,.T.);
#3875=FACE_BOUND('',#3615,.T.);
#3876=FACE_BOUND('',#3616,.T.);
#3877=FACE_BOUND('',#3617,.T.);
#3878=FACE_BOUND('',#3618,.T.);
#3879=FACE_BOUND('',#3619,.T.);
#3880=FACE_BOUND('',#3620,.T.);
#3881=FACE_BOUND('',#3621,.T.);
#3882=FACE_BOUND('',#3622,.T.);
#3883=FACE_BOUND('',#3623,.T.);
#3884=FACE_BOUND('',#3624,.T.);
#3885=FACE_BOUND('',#3625,.T.);
#3886=FACE_BOUND('',#3626,.T.);
#3887=FACE_BOUND('',#3627,.T.);
#3888=FACE_BOUND('',#3628,.T.);
#3889=FACE_BOUND('',#3629,.T.);
#3890=FACE_BOUND('',#3630,.T.);
#3891=FACE_BOUND('',#3631,.T.);
#3892=FACE_BOUND('',#3632,.T.);
#3893=FACE_BOUND('',#3633,.T.);
#3894=FACE_BOUND('',#3634,.T.);
#3895=FACE_BOUND('',#3635,.T.);
#3896=FACE_BOUND('',#3636,.T.);
#3897=FACE_BOUND('',#3637,.T.);
#3898=FACE_BOUND('',#3638,.T.);
#3899=FACE_BOUND('',#3639,.T.);
#3900=FACE_BOUND('',#3640,.T.);
#3901=FACE_BOUND('',#3641,.T.);
#3902=FACE_BOUND('',#3642,.T.);
#3903=FACE_BOUND('',#3643,.T.);
#3904=FACE_BOUND('',#3644,.T.);
#3905=FACE_BOUND('',#3645,.T.);
#3906=FACE_BOUND('',#3646,.T.);
#3907=FACE_BOUND('',#3647,.T.);
#3908=FACE_BOUND('',#3648,.T.);
#3909=FACE_BOUND('',#3649,.T.);
#3910=FACE_BOUND('',#3650,.T.);
#3911=FACE_BOUND('',#3651,.T.);
#3912=FACE_BOUND('',#3652,.T.);
#3913=FACE_BOUND('',#3653,.T.);
#3914=FACE_BOUND('',#3654,.T.);
#3915=FACE_BOUND('',#3655,.T.);
#3916=FACE_BOUND('',#3656,.T.);
#3917=FACE_BOUND('',#3657,.T.);
#3918=FACE_BOUND('',#3658,.T.);
#3919=FACE_BOUND('',#3659,.T.);
#3920=FACE_BOUND('',#3660,.T.);
#3921=FACE_BOUND('',#3661,.T.);
#3922=FACE_BOUND('',#3662,.T.);
#3923=FACE_BOUND('',#3663,.T.);
#3924=FACE_BOUND('',#3664,.T.);
#3925=FACE_BOUND('',#3665,.T.);
#3926=FACE_BOUND('',#3666,.T.);
#3927=FACE_BOUND('',#3667,.T.);
#3928=FACE_BOUND('',#3668,.T.);
#3929=FACE_BOUND('',#3669,.T.);
#3930=FACE_BOUND('',#3670,.T.);
#3931=FACE_BOUND('',#3671,.T.);
#3932=FACE_BOUND('',#3672,.T.);
#3933=FACE_BOUND('',#3673,.T.);
#3934=FACE_BOUND('',#3674,.T.);
#3935=FACE_BOUND('',#3675,.T.);
#3936=FACE_BOUND('',#3676,.T.);
#3937=FACE_BOUND('',#3677,.T.);
#3938=FACE_BOUND('',#3678,.T.);
#3939=FACE_BOUND('',#3679,.T.);
#3940=FACE_BOUND('',#3680,.T.);
#3941=FACE_BOUND('',#3681,.T.);
#3942=FACE_BOUND('',#3682,.T.);
#3943=FACE_BOUND('',#3683,.T.);
#3944=FACE_BOUND('',#3684,.T.);
#3945=FACE_BOUND('',#3685,.T.);
#3946=FACE_BOUND('',#3686,.T.);
#3947=FACE_BOUND('',#3687,.T.);
#3948=FACE_BOUND('',#3688,.T.);
#3949=FACE_BOUND('',#3689,.T.);
#3950=FACE_BOUND('',#3690,.T.);
#3951=FACE_BOUND('',#3691,.T.);
#3952=FACE_BOUND('',#3692,.T.);
#3953=FACE_BOUND('',#3693,.T.);
#3954=FACE_BOUND('',#3694,.T.);
#3955=FACE_BOUND('',#3695,.T.);
#3956=FACE_BOUND('',#3696,.T.);
#3957=FACE_BOUND('',#3697,.T.);
#3958=FACE_BOUND('',#3698,.T.);
#3959=FACE_BOUND('',#3699,.T.);
#3960=FACE_BOUND('',#3700,.T.);
#3961=FACE_BOUND('',#3701,.T.);
#3962=FACE_BOUND('',#3702,.T.);
#3963=FACE_BOUND('',#3703,.T.);
#3964=FACE_BOUND('',#3704,.T.);
#3965=FACE_BOUND('',#3705,.T.);
#3966=FACE_BOUND('',#3706,.T.);
#3967=FACE_BOUND('',#3707,.T.);
#3968=FACE_BOUND('',#3708,.T.);
#3969=FACE_BOUND('',#3709,.T.);
#3970=FACE_BOUND('',#3710,.T.);
#3971=FACE_BOUND('',#3711,.T.);
#3972=FACE_BOUND('',#3712,.T.);
#3973=FACE_BOUND('',#3713,.T.);
#3974=FACE_BOUND('',#3714,.T.);
#3975=FACE_BOUND('',#3715,.T.);
#3976=FACE_BOUND('',#3716,.T.);
#3977=FACE_BOUND('',#3717,.T.);
#3978=FACE_BOUND('',#3718,.T.);
#3979=FACE_BOUND('',#3719,.T.);
#3980=FACE_BOUND('',#3720,.T.);
#3981=FACE_BOUND('',#3721,.T.);
#3982=FACE_BOUND('',#3722,.T.);
#3983=FACE_BOUND('',#3723,.T.);
#3984=FACE_BOUND('',#3724,.T.);
#3985=FACE_BOUND('',#3725,.T.);
#3986=FACE_BOUND('',#3726,.T.);
#3987=FACE_BOUND('',#3727,.T.);
#3988=FACE_BOUND('',#3728,.T.);
#3989=FACE_BOUND('',#3729,.T.);
#3990=FACE_BOUND('',#3730,.T.);
#3991=FACE_BOUND('',#3731,.T.);
#3992=FACE_BOUND('',#3732,.T.);
#3993=FACE_BOUND('',#3733,.T.);
#3994=FACE_BOUND('',#3734,.T.);
#3995=FACE_BOUND('',#3735,.T.);
#3996=FACE_BOUND('',#3736,.T.);
#3997=FACE_BOUND('',#3737,.T.);
#3998=FACE_BOUND('',#3738,.T.);
#3999=FACE_BOUND('',#3739,.T.);
#4000=FACE_BOUND('',#3740,.T.);
#4001=FACE_BOUND('',#3741,.T.);
#4002=FACE_BOUND('',#3742,.T.);
#4003=FACE_BOUND('',#3743,.T.);
#4004=FACE_BOUND('',#3744,.T.);
#4005=FACE_BOUND('',#3745,.T.);
#4006=FACE_BOUND('',#3746,.T.);
#4007=FACE_BOUND('',#3747,.T.);
#4008=FACE_BOUND('',#3748,.T.);
#4009=FACE_BOUND('',#3749,.T.);
#4010=FACE_BOUND('',#3750,.T.);
#4011=FACE_BOUND('',#3751,.T.);
#4012=FACE_BOUND('',#3752,.T.);
#4013=FACE_BOUND('',#3753,.T.);
#4014=FACE_BOUND('',#3754,.T.);
#4015=FACE_BOUND('',#3755,.T.);
#4016=FACE_BOUND('',#3756,.T.);
#4017=FACE_BOUND('',#3757,.T.);
#4018=FACE_BOUND('',#3758,.T.);
#4019=FACE_BOUND('',#3759,.T.);
#4020=FACE_BOUND('',#3760,.T.);
#4021=FACE_BOUND('',#3761,.T.);
#4022=FACE_BOUND('',#3762,.T.);
#4023=FACE_BOUND('',#3763,.T.);
#4024=FACE_BOUND('',#3764,.T.);
#4025=FACE_BOUND('',#3765,.T.);
#4026=FACE_BOUND('',#3766,.T.);
#4027=FACE_BOUND('',#3767,.T.);
#4028=FACE_BOUND('',#3768,.T.);
#4029=FACE_BOUND('',#3769,.T.);
#4030=FACE_BOUND('',#3770,.T.);
#4031=FACE_BOUND('',#3771,.T.);
#4032=FACE_BOUND('',#3772,.T.);
#4033=FACE_BOUND('',#3773,.T.);
#4034=FACE_BOUND('',#3774,.T.);
#4035=FACE_BOUND('',#3775,.T.);
#4036=FACE_BOUND('',#3776,.T.);
#4037=FACE_BOUND('',#3777,.T.);
#4038=FACE_BOUND('',#3778,.T.);
#4039=FACE_BOUND('',#3779,.T.);
#4040=FACE_BOUND('',#3780,.T.);
#4041=FACE_BOUND('',#3781,.T.);
#4042=FACE_BOUND('',#3782,.T.);
#4043=FACE_BOUND('',#3783,.T.);
#4044=FACE_BOUND('',#3784,.T.);
#4045=FACE_BOUND('',#3785,.T.);
#4046=FACE_BOUND('',#3786,.T.);
#4047=FACE_BOUND('',#3787,.T.);
#4048=FACE_BOUND('',#3788,.T.);
#4049=FACE_BOUND('',#3789,.T.);
#4050=FACE_BOUND('',#3790,.T.);
#4051=FACE_BOUND('',#3791,.T.);
#4052=FACE_BOUND('',#3792,.T.);
#4053=FACE_BOUND('',#3793,.T.);
#4054=FACE_BOUND('',#3794,.T.);
#4055=FACE_BOUND('',#3795,.T.);
#4056=FACE_BOUND('',#3796,.T.);
#4057=FACE_BOUND('',#3797,.T.);
#4058=FACE_BOUND('',#3798,.T.);
#4059=FACE_BOUND('',#3799,.T.);
#4060=FACE_BOUND('',#3800,.T.);
#4061=FACE_BOUND('',#3801,.T.);
#4062=FACE_BOUND('',#3802,.T.);
#4063=FACE_BOUND('',#3803,.T.);
#4064=FACE_BOUND('',#3804,.T.);
#4065=FACE_BOUND('',#3805,.T.);
#4066=FACE_BOUND('',#3806,.T.);
#4067=FACE_BOUND('',#3807,.T.);
#4068=FACE_BOUND('',#3808,.T.);
#4069=FACE_BOUND('',#3809,.T.);
#4070=FACE_BOUND('',#3810,.T.);
#4071=FACE_BOUND('',#3811,.T.);
#4072=FACE_BOUND('',#3812,.T.);
#4073=FACE_BOUND('',#3813,.T.);
#4074=FACE_BOUND('',#3814,.T.);
#4075=FACE_BOUND('',#3815,.T.);
#4076=FACE_BOUND('',#3816,.T.);
#4077=FACE_BOUND('',#3817,.T.);
#4078=FACE_BOUND('',#3818,.T.);
#4079=FACE_BOUND('',#3819,.T.);
#4080=FACE_BOUND('',#3820,.T.);
#4081=FACE_BOUND('',#3821,.T.);
#4082=FACE_BOUND('',#3822,.T.);
#4083=FACE_BOUND('',#3823,.T.);
#4084=FACE_BOUND('',#3824,.T.);
#4085=FACE_BOUND('',#3825,.T.);
#4086=FACE_BOUND('',#3826,.T.);
#4087=FACE_BOUND('',#3827,.T.);
#4088=FACE_BOUND('',#3828,.T.);
#4089=FACE_BOUND('',#3829,.T.);
#4090=FACE_BOUND('',#3830,.T.);
#4091=FACE_BOUND('',#3831,.T.);
#4092=FACE_BOUND('',#3832,.T.);
#4093=PLANE('',#4532);
#4094=PLANE('',#4533);
#4095=PLANE('',#4534);
#4096=PLANE('',#4537);
#4097=PLANE('',#4538);
#4098=PLANE('',#4539);
#4099=PLANE('',#4540);
#4100=PLANE('',#4541);
#4101=PLANE('',#4542);
#4102=PLANE('',#4543);
#4103=PLANE('',#4544);
#4104=PLANE('',#4545);
#4105=PLANE('',#4546);
#4106=PLANE('',#4547);
#4107=PLANE('',#4549);
#4108=PLANE('',#4550);
#4109=PLANE('',#4552);
#4110=PLANE('',#4553);
#4111=PLANE('',#4554);
#4112=PLANE('',#4555);
#4113=PLANE('',#4559);
#4114=PLANE('',#4560);
#4115=PLANE('',#4561);
#4116=PLANE('',#4562);
#4117=PLANE('',#4563);
#4118=PLANE('',#4564);
#4119=PLANE('',#4565);
#4120=PLANE('',#4566);
#4121=PLANE('',#4567);
#4122=PLANE('',#4568);
#4123=PLANE('',#4569);
#4124=PLANE('',#4570);
#4125=PLANE('',#4572);
#4126=PLANE('',#4573);
#4127=PLANE('',#4574);
#4128=PLANE('',#4575);
#4129=PLANE('',#4578);
#4130=PLANE('',#4581);
#4131=PLANE('',#4582);
#4132=PLANE('',#4583);
#4133=PLANE('',#4584);
#4134=PLANE('',#4586);
#4135=PLANE('',#4587);
#4136=PLANE('',#4588);
#4137=PLANE('',#4589);
#4138=PLANE('',#4590);
#4139=PLANE('',#4591);
#4140=PLANE('',#4592);
#4141=PLANE('',#4594);
#4142=PLANE('',#4596);
#4143=PLANE('',#4597);
#4144=PLANE('',#4598);
#4145=PLANE('',#4599);
#4146=PLANE('',#4600);
#4147=PLANE('',#4601);
#4148=PLANE('',#4602);
#4149=PLANE('',#4603);
#4150=PLANE('',#4604);
#4151=PLANE('',#4605);
#4152=PLANE('',#4606);
#4153=PLANE('',#4607);
#4154=PLANE('',#4608);
#4155=PLANE('',#4609);
#4156=PLANE('',#4611);
#4157=PLANE('',#4613);
#4158=PLANE('',#4614);
#4159=PLANE('',#4615);
#4160=PLANE('',#4616);
#4161=PLANE('',#4617);
#4162=PLANE('',#4618);
#4163=PLANE('',#4619);
#4164=PLANE('',#4620);
#4165=PLANE('',#4621);
#4166=PLANE('',#4622);
#4167=PLANE('',#4623);
#4168=PLANE('',#4624);
#4169=PLANE('',#4625);
#4170=PLANE('',#4626);
#4171=PLANE('',#4627);
#4172=PLANE('',#4628);
#4173=PLANE('',#4629);
#4174=PLANE('',#4630);
#4175=PLANE('',#4631);
#4176=PLANE('',#4632);
#4177=PLANE('',#4633);
#4178=PLANE('',#4634);
#4179=PLANE('',#4635);
#4180=PLANE('',#4636);
#4181=PLANE('',#4637);
#4182=PLANE('',#4644);
#4183=PLANE('',#4652);
#4184=PLANE('',#4658);
#4185=PLANE('',#4663);
#4186=PLANE('',#4665);
#4187=PLANE('',#4673);
#4188=PLANE('',#4675);
#4189=PLANE('',#4676);
#4190=PLANE('',#4679);
#4191=PLANE('',#4680);
#4192=PLANE('',#4681);
#4193=PLANE('',#4682);
#4194=PLANE('',#4683);
#4195=PLANE('',#4684);
#4196=PLANE('',#4685);
#4197=PLANE('',#4686);
#4198=PLANE('',#4687);
#4199=PLANE('',#4688);
#4200=PLANE('',#4689);
#4201=PLANE('',#4691);
#4202=PLANE('',#4692);
#4203=PLANE('',#4694);
#4204=PLANE('',#4695);
#4205=PLANE('',#4696);
#4206=PLANE('',#4697);
#4207=PLANE('',#4698);
#4208=PLANE('',#4699);
#4209=PLANE('',#4700);
#4210=PLANE('',#4701);
#4211=PLANE('',#4702);
#4212=PLANE('',#4703);
#4213=PLANE('',#4704);
#4214=PLANE('',#4705);
#4215=PLANE('',#4706);
#4216=PLANE('',#4707);
#4217=PLANE('',#4709);
#4218=PLANE('',#4710);
#4219=PLANE('',#4711);
#4220=PLANE('',#4712);
#4221=PLANE('',#4715);
#4222=PLANE('',#4718);
#4223=PLANE('',#4719);
#4224=PLANE('',#4720);
#4225=PLANE('',#4721);
#4226=PLANE('',#4723);
#4227=PLANE('',#4724);
#4228=PLANE('',#4725);
#4229=PLANE('',#4726);
#4230=PLANE('',#4727);
#4231=PLANE('',#4728);
#4232=PLANE('',#4729);
#4233=PLANE('',#4730);
#4234=PLANE('',#4732);
#4235=PLANE('',#4734);
#4236=PLANE('',#4735);
#4237=PLANE('',#4736);
#4238=PLANE('',#4737);
#4239=PLANE('',#4738);
#4240=PLANE('',#4739);
#4241=PLANE('',#4740);
#4242=PLANE('',#4741);
#4243=PLANE('',#4742);
#4244=PLANE('',#4743);
#4245=PLANE('',#4744);
#4246=PLANE('',#4745);
#4247=PLANE('',#4746);
#4248=PLANE('',#4748);
#4249=PLANE('',#4750);
#4250=PLANE('',#4751);
#4251=PLANE('',#4752);
#4252=PLANE('',#4753);
#4253=PLANE('',#4754);
#4254=PLANE('',#4755);
#4255=PLANE('',#4756);
#4256=PLANE('',#4757);
#4257=PLANE('',#4758);
#4258=PLANE('',#4759);
#4259=PLANE('',#4760);
#4260=PLANE('',#4761);
#4261=PLANE('',#4762);
#4262=PLANE('',#4763);
#4263=PLANE('',#4764);
#4264=PLANE('',#4765);
#4265=PLANE('',#4766);
#4266=PLANE('',#4767);
#4267=PLANE('',#4768);
#4268=PLANE('',#4769);
#4269=PLANE('',#4770);
#4270=PLANE('',#4771);
#4271=PLANE('',#4772);
#4272=PLANE('',#4773);
#4273=PLANE('',#4774);
#4274=PLANE('',#4781);
#4275=PLANE('',#4789);
#4276=PLANE('',#4795);
#4277=PLANE('',#4800);
#4278=PLANE('',#4802);
#4279=PLANE('',#4805);
#4280=PLANE('',#4806);
#4281=PLANE('',#4807);
#4282=PLANE('',#4808);
#4283=PLANE('',#4809);
#4284=PLANE('',#4810);
#4285=PLANE('',#4811);
#4286=PLANE('',#4812);
#4287=ADVANCED_FACE('',(#3833),#4093,.F.);
#4288=ADVANCED_FACE('',(#3834),#4094,.F.);
#4289=ADVANCED_FACE('',(#3835,#3836,#3837),#4095,.F.);
#4290=ADVANCED_FACE('',(#3838),#4096,.F.);
#4291=ADVANCED_FACE('',(#3839),#4097,.F.);
#4292=ADVANCED_FACE('',(#3840),#4098,.T.);
#4293=ADVANCED_FACE('',(#3841),#4099,.T.);
#4294=ADVANCED_FACE('',(#3842),#4100,.T.);
#4295=ADVANCED_FACE('',(#3843),#4101,.T.);
#4296=ADVANCED_FACE('',(#3844),#4102,.T.);
#4297=ADVANCED_FACE('',(#3845),#4103,.F.);
#4298=ADVANCED_FACE('',(#3846),#4104,.T.);
#4299=ADVANCED_FACE('',(#3847),#4105,.T.);
#4300=ADVANCED_FACE('',(#3848,#3849),#4106,.F.);
#4301=ADVANCED_FACE('',(#3850),#4107,.F.);
#4302=ADVANCED_FACE('',(#3851),#4108,.F.);
#4303=ADVANCED_FACE('',(#3852),#4109,.T.);
#4304=ADVANCED_FACE('',(#3853),#4110,.T.);
#4305=ADVANCED_FACE('',(#3854),#4111,.F.);
#4306=ADVANCED_FACE('',(#3855,#3856),#4112,.F.);
#4307=ADVANCED_FACE('',(#3857),#4113,.F.);
#4308=ADVANCED_FACE('',(#3858),#4114,.F.);
#4309=ADVANCED_FACE('',(#3859),#4115,.T.);
#4310=ADVANCED_FACE('',(#3860),#4116,.F.);
#4311=ADVANCED_FACE('',(#3861),#4117,.F.);
#4312=ADVANCED_FACE('',(#3862),#4118,.F.);
#4313=ADVANCED_FACE('',(#3863),#4119,.T.);
#4314=ADVANCED_FACE('',(#3864),#4120,.T.);
#4315=ADVANCED_FACE('',(#3865),#4121,.F.);
#4316=ADVANCED_FACE('',(#3866),#4122,.T.);
#4317=ADVANCED_FACE('',(#3867),#4123,.F.);
#4318=ADVANCED_FACE('',(#3868),#4124,.F.);
#4319=ADVANCED_FACE('',(#3869),#4125,.T.);
#4320=ADVANCED_FACE('',(#3870),#4126,.F.);
#4321=ADVANCED_FACE('',(#3871),#4127,.T.);
#4322=ADVANCED_FACE('',(#3872),#4128,.F.);
#4323=ADVANCED_FACE('',(#3873),#4129,.F.);
#4324=ADVANCED_FACE('',(#3874),#4130,.T.);
#4325=ADVANCED_FACE('',(#3875),#4131,.F.);
#4326=ADVANCED_FACE('',(#3876),#4132,.F.);
#4327=ADVANCED_FACE('',(#3877),#4133,.F.);
#4328=ADVANCED_FACE('',(#3878),#4134,.T.);
#4329=ADVANCED_FACE('',(#3879),#4135,.F.);
#4330=ADVANCED_FACE('',(#3880),#4136,.F.);
#4331=ADVANCED_FACE('',(#3881),#4137,.F.);
#4332=ADVANCED_FACE('',(#3882),#4138,.F.);
#4333=ADVANCED_FACE('',(#3883),#4139,.F.);
#4334=ADVANCED_FACE('',(#3884),#4140,.F.);
#4335=ADVANCED_FACE('',(#3885),#4141,.F.);
#4336=ADVANCED_FACE('',(#3886),#4142,.F.);
#4337=ADVANCED_FACE('',(#3887),#4143,.F.);
#4338=ADVANCED_FACE('',(#3888),#4144,.F.);
#4339=ADVANCED_FACE('',(#3889),#4145,.T.);
#4340=ADVANCED_FACE('',(#3890),#4146,.F.);
#4341=ADVANCED_FACE('',(#3891),#4147,.T.);
#4342=ADVANCED_FACE('',(#3892),#4148,.F.);
#4343=ADVANCED_FACE('',(#3893),#4149,.F.);
#4344=ADVANCED_FACE('',(#3894),#4150,.T.);
#4345=ADVANCED_FACE('',(#3895),#4151,.F.);
#4346=ADVANCED_FACE('',(#3896),#4152,.T.);
#4347=ADVANCED_FACE('',(#3897),#4153,.F.);
#4348=ADVANCED_FACE('',(#3898),#4154,.T.);
#4349=ADVANCED_FACE('',(#3899),#4155,.T.);
#4350=ADVANCED_FACE('',(#3900),#4156,.T.);
#4351=ADVANCED_FACE('',(#3901),#4157,.T.);
#4352=ADVANCED_FACE('',(#3902),#4158,.F.);
#4353=ADVANCED_FACE('',(#3903),#4159,.T.);
#4354=ADVANCED_FACE('',(#3904),#4160,.F.);
#4355=ADVANCED_FACE('',(#3905),#4161,.F.);
#4356=ADVANCED_FACE('',(#3906),#4162,.T.);
#4357=ADVANCED_FACE('',(#3907),#4163,.F.);
#4358=ADVANCED_FACE('',(#3908),#4164,.F.);
#4359=ADVANCED_FACE('',(#3909),#4165,.F.);
#4360=ADVANCED_FACE('',(#3910),#4166,.F.);
#4361=ADVANCED_FACE('',(#3911),#4167,.T.);
#4362=ADVANCED_FACE('',(#3912),#4168,.T.);
#4363=ADVANCED_FACE('',(#3913),#4169,.T.);
#4364=ADVANCED_FACE('',(#3914),#4170,.T.);
#4365=ADVANCED_FACE('',(#3915),#4171,.T.);
#4366=ADVANCED_FACE('',(#3916),#4172,.T.);
#4367=ADVANCED_FACE('',(#3917),#4173,.T.);
#4368=ADVANCED_FACE('',(#3918),#4174,.F.);
#4369=ADVANCED_FACE('',(#3919),#4175,.F.);
#4370=ADVANCED_FACE('',(#3920),#4176,.F.);
#4371=ADVANCED_FACE('',(#3921),#4177,.T.);
#4372=ADVANCED_FACE('',(#3922),#4178,.T.);
#4373=ADVANCED_FACE('',(#3923),#4179,.T.);
#4374=ADVANCED_FACE('',(#3924),#4180,.F.);
#4375=ADVANCED_FACE('',(#3925),#4181,.T.);
#4376=ADVANCED_FACE('',(#3926,#3927),#34,.F.);
#4377=ADVANCED_FACE('',(#3928,#3929),#4182,.F.);
#4378=ADVANCED_FACE('',(#3930,#3931),#35,.F.);
#4379=ADVANCED_FACE('',(#3932,#3933),#4183,.F.);
#4380=ADVANCED_FACE('',(#3934,#3935),#36,.F.);
#4381=ADVANCED_FACE('',(#3936,#3937),#4184,.F.);
#4382=ADVANCED_FACE('',(#3938,#3939),#37,.F.);
#4383=ADVANCED_FACE('',(#3940,#3941),#38,.F.);
#4384=ADVANCED_FACE('',(#3942,#3943),#39,.F.);
#4385=ADVANCED_FACE('',(#3944),#12,.T.);
#4386=ADVANCED_FACE('',(#3945),#13,.T.);
#4387=ADVANCED_FACE('',(#3946),#14,.T.);
#4388=ADVANCED_FACE('',(#3947),#15,.T.);
#4389=ADVANCED_FACE('',(#3948),#16,.T.);
#4390=ADVANCED_FACE('',(#3949),#17,.T.);
#4391=ADVANCED_FACE('',(#3950),#18,.T.);
#4392=ADVANCED_FACE('',(#3951),#19,.T.);
#4393=ADVANCED_FACE('',(#3952),#20,.T.);
#4394=ADVANCED_FACE('',(#3953),#21,.T.);
#4395=ADVANCED_FACE('',(#3954),#4185,.F.);
#4396=ADVANCED_FACE('',(#3955),#4186,.F.);
#4397=ADVANCED_FACE('',(#3956,#3957),#40,.F.);
#4398=ADVANCED_FACE('',(#3958,#3959),#41,.F.);
#4399=ADVANCED_FACE('',(#3960,#3961),#4187,.T.);
#4400=ADVANCED_FACE('',(#3962),#22,.T.);
#4401=ADVANCED_FACE('',(#3963),#42,.F.);
#4402=ADVANCED_FACE('',(#3964),#4188,.F.);
#4403=ADVANCED_FACE('',(#3965,#3966,#3967),#4189,.F.);
#4404=ADVANCED_FACE('',(#3968),#4190,.F.);
#4405=ADVANCED_FACE('',(#3969),#4191,.F.);
#4406=ADVANCED_FACE('',(#3970),#4192,.T.);
#4407=ADVANCED_FACE('',(#3971),#4193,.T.);
#4408=ADVANCED_FACE('',(#3972),#4194,.T.);
#4409=ADVANCED_FACE('',(#3973),#4195,.T.);
#4410=ADVANCED_FACE('',(#3974),#4196,.T.);
#4411=ADVANCED_FACE('',(#3975),#4197,.F.);
#4412=ADVANCED_FACE('',(#3976),#4198,.T.);
#4413=ADVANCED_FACE('',(#3977),#4199,.T.);
#4414=ADVANCED_FACE('',(#3978,#3979),#4200,.F.);
#4415=ADVANCED_FACE('',(#3980),#4201,.F.);
#4416=ADVANCED_FACE('',(#3981),#4202,.F.);
#4417=ADVANCED_FACE('',(#3982),#4203,.T.);
#4418=ADVANCED_FACE('',(#3983),#4204,.T.);
#4419=ADVANCED_FACE('',(#3984),#4205,.F.);
#4420=ADVANCED_FACE('',(#3985),#4206,.F.);
#4421=ADVANCED_FACE('',(#3986),#4207,.F.);
#4422=ADVANCED_FACE('',(#3987),#4208,.T.);
#4423=ADVANCED_FACE('',(#3988),#4209,.F.);
#4424=ADVANCED_FACE('',(#3989),#4210,.F.);
#4425=ADVANCED_FACE('',(#3990),#4211,.T.);
#4426=ADVANCED_FACE('',(#3991),#4212,.T.);
#4427=ADVANCED_FACE('',(#3992),#4213,.F.);
#4428=ADVANCED_FACE('',(#3993),#4214,.T.);
#4429=ADVANCED_FACE('',(#3994),#4215,.F.);
#4430=ADVANCED_FACE('',(#3995),#4216,.F.);
#4431=ADVANCED_FACE('',(#3996),#4217,.T.);
#4432=ADVANCED_FACE('',(#3997),#4218,.F.);
#4433=ADVANCED_FACE('',(#3998),#4219,.T.);
#4434=ADVANCED_FACE('',(#3999),#4220,.F.);
#4435=ADVANCED_FACE('',(#4000),#4221,.F.);
#4436=ADVANCED_FACE('',(#4001),#4222,.T.);
#4437=ADVANCED_FACE('',(#4002),#4223,.F.);
#4438=ADVANCED_FACE('',(#4003),#4224,.F.);
#4439=ADVANCED_FACE('',(#4004),#4225,.F.);
#4440=ADVANCED_FACE('',(#4005),#4226,.T.);
#4441=ADVANCED_FACE('',(#4006),#4227,.F.);
#4442=ADVANCED_FACE('',(#4007),#4228,.F.);
#4443=ADVANCED_FACE('',(#4008),#4229,.F.);
#4444=ADVANCED_FACE('',(#4009),#4230,.F.);
#4445=ADVANCED_FACE('',(#4010),#4231,.F.);
#4446=ADVANCED_FACE('',(#4011),#4232,.F.);
#4447=ADVANCED_FACE('',(#4012),#4233,.F.);
#4448=ADVANCED_FACE('',(#4013),#4234,.F.);
#4449=ADVANCED_FACE('',(#4014),#4235,.F.);
#4450=ADVANCED_FACE('',(#4015),#4236,.F.);
#4451=ADVANCED_FACE('',(#4016),#4237,.T.);
#4452=ADVANCED_FACE('',(#4017),#4238,.F.);
#4453=ADVANCED_FACE('',(#4018),#4239,.T.);
#4454=ADVANCED_FACE('',(#4019),#4240,.F.);
#4455=ADVANCED_FACE('',(#4020),#4241,.F.);
#4456=ADVANCED_FACE('',(#4021),#4242,.T.);
#4457=ADVANCED_FACE('',(#4022),#4243,.F.);
#4458=ADVANCED_FACE('',(#4023),#4244,.T.);
#4459=ADVANCED_FACE('',(#4024),#4245,.F.);
#4460=ADVANCED_FACE('',(#4025),#4246,.T.);
#4461=ADVANCED_FACE('',(#4026),#4247,.T.);
#4462=ADVANCED_FACE('',(#4027),#4248,.T.);
#4463=ADVANCED_FACE('',(#4028),#4249,.T.);
#4464=ADVANCED_FACE('',(#4029),#4250,.F.);
#4465=ADVANCED_FACE('',(#4030),#4251,.T.);
#4466=ADVANCED_FACE('',(#4031),#4252,.F.);
#4467=ADVANCED_FACE('',(#4032),#4253,.F.);
#4468=ADVANCED_FACE('',(#4033),#4254,.T.);
#4469=ADVANCED_FACE('',(#4034),#4255,.F.);
#4470=ADVANCED_FACE('',(#4035),#4256,.F.);
#4471=ADVANCED_FACE('',(#4036),#4257,.F.);
#4472=ADVANCED_FACE('',(#4037),#4258,.F.);
#4473=ADVANCED_FACE('',(#4038),#4259,.T.);
#4474=ADVANCED_FACE('',(#4039),#4260,.T.);
#4475=ADVANCED_FACE('',(#4040),#4261,.T.);
#4476=ADVANCED_FACE('',(#4041),#4262,.T.);
#4477=ADVANCED_FACE('',(#4042),#4263,.T.);
#4478=ADVANCED_FACE('',(#4043),#4264,.T.);
#4479=ADVANCED_FACE('',(#4044),#4265,.T.);
#4480=ADVANCED_FACE('',(#4045),#4266,.F.);
#4481=ADVANCED_FACE('',(#4046),#4267,.F.);
#4482=ADVANCED_FACE('',(#4047),#4268,.F.);
#4483=ADVANCED_FACE('',(#4048),#4269,.T.);
#4484=ADVANCED_FACE('',(#4049),#4270,.T.);
#4485=ADVANCED_FACE('',(#4050),#4271,.T.);
#4486=ADVANCED_FACE('',(#4051),#4272,.F.);
#4487=ADVANCED_FACE('',(#4052),#4273,.T.);
#4488=ADVANCED_FACE('',(#4053,#4054),#43,.F.);
#4489=ADVANCED_FACE('',(#4055,#4056),#4274,.F.);
#4490=ADVANCED_FACE('',(#4057,#4058),#44,.F.);
#4491=ADVANCED_FACE('',(#4059,#4060),#4275,.F.);
#4492=ADVANCED_FACE('',(#4061,#4062),#45,.F.);
#4493=ADVANCED_FACE('',(#4063,#4064),#4276,.F.);
#4494=ADVANCED_FACE('',(#4065,#4066),#46,.F.);
#4495=ADVANCED_FACE('',(#4067,#4068),#47,.F.);
#4496=ADVANCED_FACE('',(#4069,#4070),#48,.F.);
#4497=ADVANCED_FACE('',(#4071),#23,.T.);
#4498=ADVANCED_FACE('',(#4072),#24,.T.);
#4499=ADVANCED_FACE('',(#4073),#25,.T.);
#4500=ADVANCED_FACE('',(#4074),#26,.T.);
#4501=ADVANCED_FACE('',(#4075),#27,.T.);
#4502=ADVANCED_FACE('',(#4076),#28,.T.);
#4503=ADVANCED_FACE('',(#4077),#29,.T.);
#4504=ADVANCED_FACE('',(#4078),#30,.T.);
#4505=ADVANCED_FACE('',(#4079),#31,.T.);
#4506=ADVANCED_FACE('',(#4080),#32,.T.);
#4507=ADVANCED_FACE('',(#4081),#4277,.F.);
#4508=ADVANCED_FACE('',(#4082),#4278,.F.);
#4509=ADVANCED_FACE('',(#4083),#33,.T.);
#4510=ADVANCED_FACE('',(#4084),#49,.F.);
#4511=ADVANCED_FACE('',(#4085),#4279,.T.);
#4512=ADVANCED_FACE('',(#4086),#4280,.T.);
#4513=ADVANCED_FACE('',(#4087),#4281,.T.);
#4514=ADVANCED_FACE('',(#4088),#4282,.T.);
#4515=ADVANCED_FACE('',(#4089),#4283,.T.);
#4516=ADVANCED_FACE('',(#4090),#4284,.T.);
#4517=ADVANCED_FACE('',(#4091),#4285,.F.);
#4518=ADVANCED_FACE('',(#4092),#4286,.F.);
#4519=CLOSED_SHELL('',(#4287,#4288,#4289,#4290,#4291,#4292,#4293,#4294,
#4295,#4296,#4297,#4298,#4299,#4300,#4301,#4302,#4303,#4304,#4305,#4306,
#4307,#4308,#4309,#4310,#4311,#4312,#4313,#4314,#4315,#4316,#4317,#4318,
#4319,#4320,#4321,#4322,#4323,#4324,#4325,#4326,#4327,#4328,#4329,#4330,
#4331,#4332,#4333,#4334,#4335,#4336,#4337,#4338,#4339,#4340,#4341,#4342,
#4343,#4344,#4345,#4346,#4347,#4348,#4349,#4350,#4351,#4352,#4353,#4354,
#4355,#4356,#4357,#4358,#4359,#4360,#4361,#4362,#4363,#4364,#4365,#4366,
#4367,#4368,#4369,#4370,#4371,#4372,#4373,#4374,#4375,#4376,#4377,#4378,
#4379,#4380,#4381,#4382,#4383,#4384,#4385,#4386,#4387,#4388,#4389,#4390,
#4391,#4392,#4393,#4394,#4395,#4396,#4397,#4398,#4399,#4400,#4401,#4402,
#4403,#4404,#4405,#4406,#4407,#4408,#4409,#4410,#4411,#4412,#4413,#4414,
#4415,#4416,#4417,#4418,#4419,#4420,#4421,#4422,#4423,#4424,#4425,#4426,
#4427,#4428,#4429,#4430,#4431,#4432,#4433,#4434,#4435,#4436,#4437,#4438,
#4439,#4440,#4441,#4442,#4443,#4444,#4445,#4446,#4447,#4448,#4449,#4450,
#4451,#4452,#4453,#4454,#4455,#4456,#4457,#4458,#4459,#4460,#4461,#4462,
#4463,#4464,#4465,#4466,#4467,#4468,#4469,#4470,#4471,#4472,#4473,#4474,
#4475,#4476,#4477,#4478,#4479,#4480,#4481,#4482,#4483,#4484,#4485,#4486,
#4487,#4488,#4489,#4490,#4491,#4492,#4493,#4494,#4495,#4496,#4497,#4498,
#4499,#4500,#4501,#4502,#4503,#4504,#4505,#4506,#4507,#4508,#4509,#4510,
#4511,#4512,#4513,#4514,#4515,#4516,#4517,#4518));
#4520=STYLED_ITEM('',(#4521),#4528);
#4521=PRESENTATION_STYLE_ASSIGNMENT((#4522));
#4522=SURFACE_STYLE_USAGE(.BOTH.,#4523);
#4523=SURFACE_SIDE_STYLE('',(#4524));
#4524=SURFACE_STYLE_FILL_AREA(#4525);
#4525=FILL_AREA_STYLE('',(#4526));
#4526=FILL_AREA_STYLE_COLOUR('',#4527);
#4527=COLOUR_RGB('',0.501960784313726,0.501960784313726,0.501960784313726);
#4528=MANIFOLD_SOLID_BREP('Part 2',#4519);
#4529=SHAPE_DEFINITION_REPRESENTATION(#7764,#4530);
#4530=SHAPE_REPRESENTATION('Part 2',(#4531),#7759);
#4531=AXIS2_PLACEMENT_3D('',#5906,#4813,#4814);
#4532=AXIS2_PLACEMENT_3D('',#5907,#4815,#4816);
#4533=AXIS2_PLACEMENT_3D('',#5956,#4841,#4842);
#4534=AXIS2_PLACEMENT_3D('',#5975,#4852,#4853);
#4535=AXIS2_PLACEMENT_3D('',#5976,#4854,#4855);
#4536=AXIS2_PLACEMENT_3D('',#5978,#4856,#4857);
#4537=AXIS2_PLACEMENT_3D('',#5985,#4861,#4862);
#4538=AXIS2_PLACEMENT_3D('',#5993,#4867,#4868);
#4539=AXIS2_PLACEMENT_3D('',#6002,#4873,#4874);
#4540=AXIS2_PLACEMENT_3D('',#6009,#4878,#4879);
#4541=AXIS2_PLACEMENT_3D('',#6018,#4884,#4885);
#4542=AXIS2_PLACEMENT_3D('',#6028,#4891,#4892);
#4543=AXIS2_PLACEMENT_3D('',#6032,#4895,#4896);
#4544=AXIS2_PLACEMENT_3D('',#6040,#4901,#4902);
#4545=AXIS2_PLACEMENT_3D('',#6048,#4907,#4908);
#4546=AXIS2_PLACEMENT_3D('',#6066,#4918,#4919);
#4547=AXIS2_PLACEMENT_3D('',#6075,#4924,#4925);
#4548=AXIS2_PLACEMENT_3D('',#6076,#4926,#4927);
#4549=AXIS2_PLACEMENT_3D('',#6091,#4935,#4936);
#4550=AXIS2_PLACEMENT_3D('',#6097,#4940,#4941);
#4551=AXIS2_PLACEMENT_3D('',#6098,#4942,#4943);
#4552=AXIS2_PLACEMENT_3D('',#6122,#4950,#4951);
#4553=AXIS2_PLACEMENT_3D('',#6130,#4956,#4957);
#4554=AXIS2_PLACEMENT_3D('',#6139,#4962,#4963);
#4555=AXIS2_PLACEMENT_3D('',#6147,#4968,#4969);
#4556=AXIS2_PLACEMENT_3D('',#6148,#4970,#4971);
#4557=AXIS2_PLACEMENT_3D('',#6153,#4973,#4974);
#4558=AXIS2_PLACEMENT_3D('',#6165,#4980,#4981);
#4559=AXIS2_PLACEMENT_3D('',#6171,#4985,#4986);
#4560=AXIS2_PLACEMENT_3D('',#6182,#4993,#4994);
#4561=AXIS2_PLACEMENT_3D('',#6191,#4999,#5000);
#4562=AXIS2_PLACEMENT_3D('',#6209,#5010,#5011);
#4563=AXIS2_PLACEMENT_3D('',#6220,#5018,#5019);
#4564=AXIS2_PLACEMENT_3D('',#6235,#5028,#5029);
#4565=AXIS2_PLACEMENT_3D('',#6270,#5048,#5049);
#4566=AXIS2_PLACEMENT_3D('',#6278,#5054,#5055);
#4567=AXIS2_PLACEMENT_3D('',#6284,#5059,#5060);
#4568=AXIS2_PLACEMENT_3D('',#6299,#5069,#5070);
#4569=AXIS2_PLACEMENT_3D('',#6303,#5073,#5074);
#4570=AXIS2_PLACEMENT_3D('',#6311,#5079,#5080);
#4571=AXIS2_PLACEMENT_3D('',#6312,#5081,#5082);
#4572=AXIS2_PLACEMENT_3D('',#6319,#5087,#5088);
#4573=AXIS2_PLACEMENT_3D('',#6327,#5093,#5094);
#4574=AXIS2_PLACEMENT_3D('',#6333,#5098,#5099);
#4575=AXIS2_PLACEMENT_3D('',#6341,#5104,#5105);
#4576=AXIS2_PLACEMENT_3D('',#6344,#5107,#5108);
#4577=AXIS2_PLACEMENT_3D('',#6348,#5110,#5111);
#4578=AXIS2_PLACEMENT_3D('',#6358,#5114,#5115);
#4579=AXIS2_PLACEMENT_3D('',#6364,#5116,#5117);
#4580=AXIS2_PLACEMENT_3D('',#6379,#5122,#5123);
#4581=AXIS2_PLACEMENT_3D('',#6385,#5124,#5125);
#4582=AXIS2_PLACEMENT_3D('',#6390,#5129,#5130);
#4583=AXIS2_PLACEMENT_3D('',#6402,#5137,#5138);
#4584=AXIS2_PLACEMENT_3D('',#6411,#5144,#5145);
#4585=AXIS2_PLACEMENT_3D('',#6414,#5147,#5148);
#4586=AXIS2_PLACEMENT_3D('',#6423,#5153,#5154);
#4587=AXIS2_PLACEMENT_3D('',#6428,#5158,#5159);
#4588=AXIS2_PLACEMENT_3D('',#6433,#5163,#5164);
#4589=AXIS2_PLACEMENT_3D('',#6436,#5167,#5168);
#4590=AXIS2_PLACEMENT_3D('',#6441,#5172,#5173);
#4591=AXIS2_PLACEMENT_3D('',#6443,#5175,#5176);
#4592=AXIS2_PLACEMENT_3D('',#6450,#5181,#5182);
#4593=AXIS2_PLACEMENT_3D('',#6453,#5184,#5185);
#4594=AXIS2_PLACEMENT_3D('',#6459,#5186,#5187);
#4595=AXIS2_PLACEMENT_3D('',#6465,#5188,#5189);
#4596=AXIS2_PLACEMENT_3D('',#6472,#5191,#5192);
#4597=AXIS2_PLACEMENT_3D('',#6477,#5196,#5197);
#4598=AXIS2_PLACEMENT_3D('',#6480,#5200,#5201);
#4599=AXIS2_PLACEMENT_3D('',#6483,#5204,#5205);
#4600=AXIS2_PLACEMENT_3D('',#6486,#5208,#5209);
#4601=AXIS2_PLACEMENT_3D('',#6489,#5212,#5213);
#4602=AXIS2_PLACEMENT_3D('',#6491,#5215,#5216);
#4603=AXIS2_PLACEMENT_3D('',#6493,#5218,#5219);
#4604=AXIS2_PLACEMENT_3D('',#6495,#5221,#5222);
#4605=AXIS2_PLACEMENT_3D('',#6497,#5224,#5225);
#4606=AXIS2_PLACEMENT_3D('',#6499,#5227,#5228);
#4607=AXIS2_PLACEMENT_3D('',#6501,#5230,#5231);
#4608=AXIS2_PLACEMENT_3D('',#6503,#5233,#5234);
#4609=AXIS2_PLACEMENT_3D('',#6505,#5236,#5237);
#4610=AXIS2_PLACEMENT_3D('',#6506,#5238,#5239);
#4611=AXIS2_PLACEMENT_3D('',#6509,#5241,#5242);
#4612=AXIS2_PLACEMENT_3D('',#6515,#5243,#5244);
#4613=AXIS2_PLACEMENT_3D('',#6517,#5246,#5247);
#4614=AXIS2_PLACEMENT_3D('',#6519,#5249,#5250);
#4615=AXIS2_PLACEMENT_3D('',#6521,#5252,#5253);
#4616=AXIS2_PLACEMENT_3D('',#6523,#5255,#5256);
#4617=AXIS2_PLACEMENT_3D('',#6525,#5258,#5259);
#4618=AXIS2_PLACEMENT_3D('',#6527,#5261,#5262);
#4619=AXIS2_PLACEMENT_3D('',#6529,#5264,#5265);
#4620=AXIS2_PLACEMENT_3D('',#6531,#5267,#5268);
#4621=AXIS2_PLACEMENT_3D('',#6533,#5270,#5271);
#4622=AXIS2_PLACEMENT_3D('',#6535,#5273,#5274);
#4623=AXIS2_PLACEMENT_3D('',#6536,#5275,#5276);
#4624=AXIS2_PLACEMENT_3D('',#6538,#5278,#5279);
#4625=AXIS2_PLACEMENT_3D('',#6540,#5281,#5282);
#4626=AXIS2_PLACEMENT_3D('',#6541,#5283,#5284);
#4627=AXIS2_PLACEMENT_3D('',#6543,#5286,#5287);
#4628=AXIS2_PLACEMENT_3D('',#6547,#5290,#5291);
#4629=AXIS2_PLACEMENT_3D('',#6552,#5295,#5296);
#4630=AXIS2_PLACEMENT_3D('',#6553,#5297,#5298);
#4631=AXIS2_PLACEMENT_3D('',#6558,#5302,#5303);
#4632=AXIS2_PLACEMENT_3D('',#6559,#5304,#5305);
#4633=AXIS2_PLACEMENT_3D('',#6560,#5306,#5307);
#4634=AXIS2_PLACEMENT_3D('',#6562,#5309,#5310);
#4635=AXIS2_PLACEMENT_3D('',#6566,#5313,#5314);
#4636=AXIS2_PLACEMENT_3D('',#6567,#5315,#5316);
#4637=AXIS2_PLACEMENT_3D('',#6568,#5317,#5318);
#4638=AXIS2_PLACEMENT_3D('',#6569,#5319,#5320);
#4639=AXIS2_PLACEMENT_3D('',#6570,#5321,#5322);
#4640=AXIS2_PLACEMENT_3D('',#6573,#5323,#5324);
#4641=AXIS2_PLACEMENT_3D('',#6575,#5325,#5326);
#4642=AXIS2_PLACEMENT_3D('',#6577,#5327,#5328);
#4643=AXIS2_PLACEMENT_3D('',#6578,#5329,#5330);
#4644=AXIS2_PLACEMENT_3D('',#6580,#5331,#5332);
#4645=AXIS2_PLACEMENT_3D('',#6581,#5333,#5334);
#4646=AXIS2_PLACEMENT_3D('',#6583,#5335,#5336);
#4647=AXIS2_PLACEMENT_3D('',#6584,#5337,#5338);
#4648=AXIS2_PLACEMENT_3D('',#6587,#5339,#5340);
#4649=AXIS2_PLACEMENT_3D('',#6589,#5341,#5342);
#4650=AXIS2_PLACEMENT_3D('',#6591,#5343,#5344);
#4651=AXIS2_PLACEMENT_3D('',#6592,#5345,#5346);
#4652=AXIS2_PLACEMENT_3D('',#6594,#5347,#5348);
#4653=AXIS2_PLACEMENT_3D('',#6595,#5349,#5350);
#4654=AXIS2_PLACEMENT_3D('',#6597,#5351,#5352);
#4655=AXIS2_PLACEMENT_3D('',#6598,#5353,#5354);
#4656=AXIS2_PLACEMENT_3D('',#6601,#5355,#5356);
#4657=AXIS2_PLACEMENT_3D('',#6602,#5357,#5358);
#4658=AXIS2_PLACEMENT_3D('',#6604,#5359,#5360);
#4659=AXIS2_PLACEMENT_3D('',#6605,#5361,#5362);
#4660=AXIS2_PLACEMENT_3D('',#6607,#5363,#5364);
#4661=AXIS2_PLACEMENT_3D('',#6608,#5365,#5366);
#4662=AXIS2_PLACEMENT_3D('',#6609,#5367,#5368);
#4663=AXIS2_PLACEMENT_3D('',#6852,#5369,#5370);
#4664=AXIS2_PLACEMENT_3D('',#6855,#5372,#5373);
#4665=AXIS2_PLACEMENT_3D('',#6856,#5374,#5375);
#4666=AXIS2_PLACEMENT_3D('',#6857,#5376,#5377);
#4667=AXIS2_PLACEMENT_3D('',#6858,#5378,#5379);
#4668=AXIS2_PLACEMENT_3D('',#6859,#5380,#5381);
#4669=AXIS2_PLACEMENT_3D('',#6861,#5382,#5383);
#4670=AXIS2_PLACEMENT_3D('',#6862,#5384,#5385);
#4671=AXIS2_PLACEMENT_3D('',#6864,#5386,#5387);
#4672=AXIS2_PLACEMENT_3D('',#6867,#5388,#5389);
#4673=AXIS2_PLACEMENT_3D('',#6868,#5390,#5391);
#4674=AXIS2_PLACEMENT_3D('',#6899,#5392,#5393);
#4675=AXIS2_PLACEMENT_3D('',#6900,#5394,#5395);
#4676=AXIS2_PLACEMENT_3D('',#6949,#5420,#5421);
#4677=AXIS2_PLACEMENT_3D('',#6950,#5422,#5423);
#4678=AXIS2_PLACEMENT_3D('',#6952,#5424,#5425);
#4679=AXIS2_PLACEMENT_3D('',#6959,#5429,#5430);
#4680=AXIS2_PLACEMENT_3D('',#6965,#5434,#5435);
#4681=AXIS2_PLACEMENT_3D('',#6974,#5440,#5441);
#4682=AXIS2_PLACEMENT_3D('',#6981,#5445,#5446);
#4683=AXIS2_PLACEMENT_3D('',#6990,#5451,#5452);
#4684=AXIS2_PLACEMENT_3D('',#6998,#5457,#5458);
#4685=AXIS2_PLACEMENT_3D('',#7002,#5461,#5462);
#4686=AXIS2_PLACEMENT_3D('',#7008,#5466,#5467);
#4687=AXIS2_PLACEMENT_3D('',#7016,#5472,#5473);
#4688=AXIS2_PLACEMENT_3D('',#7030,#5481,#5482);
#4689=AXIS2_PLACEMENT_3D('',#7039,#5487,#5488);
#4690=AXIS2_PLACEMENT_3D('',#7040,#5489,#5490);
#4691=AXIS2_PLACEMENT_3D('',#7053,#5497,#5498);
#4692=AXIS2_PLACEMENT_3D('',#7059,#5502,#5503);
#4693=AXIS2_PLACEMENT_3D('',#7060,#5504,#5505);
#4694=AXIS2_PLACEMENT_3D('',#7084,#5512,#5513);
#4695=AXIS2_PLACEMENT_3D('',#7092,#5518,#5519);
#4696=AXIS2_PLACEMENT_3D('',#7101,#5524,#5525);
#4697=AXIS2_PLACEMENT_3D('',#7106,#5529,#5530);
#4698=AXIS2_PLACEMENT_3D('',#7115,#5536,#5537);
#4699=AXIS2_PLACEMENT_3D('',#7124,#5542,#5543);
#4700=AXIS2_PLACEMENT_3D('',#7137,#5551,#5552);
#4701=AXIS2_PLACEMENT_3D('',#7146,#5558,#5559);
#4702=AXIS2_PLACEMENT_3D('',#7157,#5566,#5567);
#4703=AXIS2_PLACEMENT_3D('',#7165,#5572,#5573);
#4704=AXIS2_PLACEMENT_3D('',#7171,#5577,#5578);
#4705=AXIS2_PLACEMENT_3D('',#7183,#5586,#5587);
#4706=AXIS2_PLACEMENT_3D('',#7187,#5590,#5591);
#4707=AXIS2_PLACEMENT_3D('',#7195,#5596,#5597);
#4708=AXIS2_PLACEMENT_3D('',#7202,#5602,#5603);
#4709=AXIS2_PLACEMENT_3D('',#7203,#5604,#5605);
#4710=AXIS2_PLACEMENT_3D('',#7211,#5610,#5611);
#4711=AXIS2_PLACEMENT_3D('',#7217,#5615,#5616);
#4712=AXIS2_PLACEMENT_3D('',#7225,#5621,#5622);
#4713=AXIS2_PLACEMENT_3D('',#7237,#5626,#5627);
#4714=AXIS2_PLACEMENT_3D('',#7241,#5629,#5630);
#4715=AXIS2_PLACEMENT_3D('',#7242,#5631,#5632);
#4716=AXIS2_PLACEMENT_3D('',#7248,#5633,#5634);
#4717=AXIS2_PLACEMENT_3D('',#7263,#5639,#5640);
#4718=AXIS2_PLACEMENT_3D('',#7269,#5641,#5642);
#4719=AXIS2_PLACEMENT_3D('',#7274,#5646,#5647);
#4720=AXIS2_PLACEMENT_3D('',#7286,#5654,#5655);
#4721=AXIS2_PLACEMENT_3D('',#7295,#5661,#5662);
#4722=AXIS2_PLACEMENT_3D('',#7301,#5666,#5667);
#4723=AXIS2_PLACEMENT_3D('',#7302,#5668,#5669);
#4724=AXIS2_PLACEMENT_3D('',#7307,#5673,#5674);
#4725=AXIS2_PLACEMENT_3D('',#7312,#5678,#5679);
#4726=AXIS2_PLACEMENT_3D('',#7314,#5681,#5682);
#4727=AXIS2_PLACEMENT_3D('',#7319,#5686,#5687);
#4728=AXIS2_PLACEMENT_3D('',#7321,#5689,#5690);
#4729=AXIS2_PLACEMENT_3D('',#7328,#5695,#5696);
#4730=AXIS2_PLACEMENT_3D('',#7333,#5700,#5701);
#4731=AXIS2_PLACEMENT_3D('',#7347,#5704,#5705);
#4732=AXIS2_PLACEMENT_3D('',#7348,#5706,#5707);
#4733=AXIS2_PLACEMENT_3D('',#7354,#5708,#5709);
#4734=AXIS2_PLACEMENT_3D('',#7355,#5710,#5711);
#4735=AXIS2_PLACEMENT_3D('',#7358,#5714,#5715);
#4736=AXIS2_PLACEMENT_3D('',#7361,#5718,#5719);
#4737=AXIS2_PLACEMENT_3D('',#7364,#5722,#5723);
#4738=AXIS2_PLACEMENT_3D('',#7367,#5726,#5727);
#4739=AXIS2_PLACEMENT_3D('',#7369,#5729,#5730);
#4740=AXIS2_PLACEMENT_3D('',#7371,#5732,#5733);
#4741=AXIS2_PLACEMENT_3D('',#7373,#5735,#5736);
#4742=AXIS2_PLACEMENT_3D('',#7375,#5738,#5739);
#4743=AXIS2_PLACEMENT_3D('',#7377,#5741,#5742);
#4744=AXIS2_PLACEMENT_3D('',#7379,#5744,#5745);
#4745=AXIS2_PLACEMENT_3D('',#7381,#5747,#5748);
#4746=AXIS2_PLACEMENT_3D('',#7383,#5750,#5751);
#4747=AXIS2_PLACEMENT_3D('',#7386,#5753,#5754);
#4748=AXIS2_PLACEMENT_3D('',#7387,#5755,#5756);
#4749=AXIS2_PLACEMENT_3D('',#7394,#5758,#5759);
#4750=AXIS2_PLACEMENT_3D('',#7395,#5760,#5761);
#4751=AXIS2_PLACEMENT_3D('',#7397,#5763,#5764);
#4752=AXIS2_PLACEMENT_3D('',#7399,#5766,#5767);
#4753=AXIS2_PLACEMENT_3D('',#7401,#5769,#5770);
#4754=AXIS2_PLACEMENT_3D('',#7403,#5772,#5773);
#4755=AXIS2_PLACEMENT_3D('',#7405,#5775,#5776);
#4756=AXIS2_PLACEMENT_3D('',#7407,#5778,#5779);
#4757=AXIS2_PLACEMENT_3D('',#7408,#5780,#5781);
#4758=AXIS2_PLACEMENT_3D('',#7410,#5783,#5784);
#4759=AXIS2_PLACEMENT_3D('',#7412,#5786,#5787);
#4760=AXIS2_PLACEMENT_3D('',#7413,#5788,#5789);
#4761=AXIS2_PLACEMENT_3D('',#7415,#5791,#5792);
#4762=AXIS2_PLACEMENT_3D('',#7417,#5794,#5795);
#4763=AXIS2_PLACEMENT_3D('',#7418,#5796,#5797);
#4764=AXIS2_PLACEMENT_3D('',#7420,#5799,#5800);
#4765=AXIS2_PLACEMENT_3D('',#7421,#5801,#5802);
#4766=AXIS2_PLACEMENT_3D('',#7423,#5804,#5805);
#4767=AXIS2_PLACEMENT_3D('',#7424,#5806,#5807);
#4768=AXIS2_PLACEMENT_3D('',#7426,#5809,#5810);
#4769=AXIS2_PLACEMENT_3D('',#7427,#5811,#5812);
#4770=AXIS2_PLACEMENT_3D('',#7428,#5813,#5814);
#4771=AXIS2_PLACEMENT_3D('',#7430,#5816,#5817);
#4772=AXIS2_PLACEMENT_3D('',#7431,#5818,#5819);
#4773=AXIS2_PLACEMENT_3D('',#7432,#5820,#5821);
#4774=AXIS2_PLACEMENT_3D('',#7433,#5822,#5823);
#4775=AXIS2_PLACEMENT_3D('',#7434,#5824,#5825);
#4776=AXIS2_PLACEMENT_3D('',#7435,#5826,#5827);
#4777=AXIS2_PLACEMENT_3D('',#7438,#5828,#5829);
#4778=AXIS2_PLACEMENT_3D('',#7440,#5830,#5831);
#4779=AXIS2_PLACEMENT_3D('',#7442,#5832,#5833);
#4780=AXIS2_PLACEMENT_3D('',#7443,#5834,#5835);
#4781=AXIS2_PLACEMENT_3D('',#7445,#5836,#5837);
#4782=AXIS2_PLACEMENT_3D('',#7446,#5838,#5839);
#4783=AXIS2_PLACEMENT_3D('',#7448,#5840,#5841);
#4784=AXIS2_PLACEMENT_3D('',#7449,#5842,#5843);
#4785=AXIS2_PLACEMENT_3D('',#7452,#5844,#5845);
#4786=AXIS2_PLACEMENT_3D('',#7454,#5846,#5847);
#4787=AXIS2_PLACEMENT_3D('',#7456,#5848,#5849);
#4788=AXIS2_PLACEMENT_3D('',#7457,#5850,#5851);
#4789=AXIS2_PLACEMENT_3D('',#7459,#5852,#5853);
#4790=AXIS2_PLACEMENT_3D('',#7460,#5854,#5855);
#4791=AXIS2_PLACEMENT_3D('',#7462,#5856,#5857);
#4792=AXIS2_PLACEMENT_3D('',#7463,#5858,#5859);
#4793=AXIS2_PLACEMENT_3D('',#7466,#5860,#5861);
#4794=AXIS2_PLACEMENT_3D('',#7467,#5862,#5863);
#4795=AXIS2_PLACEMENT_3D('',#7469,#5864,#5865);
#4796=AXIS2_PLACEMENT_3D('',#7470,#5866,#5867);
#4797=AXIS2_PLACEMENT_3D('',#7472,#5868,#5869);
#4798=AXIS2_PLACEMENT_3D('',#7473,#5870,#5871);
#4799=AXIS2_PLACEMENT_3D('',#7474,#5872,#5873);
#4800=AXIS2_PLACEMENT_3D('',#7717,#5874,#5875);
#4801=AXIS2_PLACEMENT_3D('',#7720,#5877,#5878);
#4802=AXIS2_PLACEMENT_3D('',#7721,#5879,#5880);
#4803=AXIS2_PLACEMENT_3D('',#7722,#5881,#5882);
#4804=AXIS2_PLACEMENT_3D('',#7744,#5883,#5884);
#4805=AXIS2_PLACEMENT_3D('',#7745,#5885,#5886);
#4806=AXIS2_PLACEMENT_3D('',#7747,#5888,#5889);
#4807=AXIS2_PLACEMENT_3D('',#7749,#5891,#5892);
#4808=AXIS2_PLACEMENT_3D('',#7750,#5893,#5894);
#4809=AXIS2_PLACEMENT_3D('',#7752,#5896,#5897);
#4810=AXIS2_PLACEMENT_3D('',#7753,#5898,#5899);
#4811=AXIS2_PLACEMENT_3D('',#7755,#5901,#5902);
#4812=AXIS2_PLACEMENT_3D('',#7757,#5904,#5905);
#4813=DIRECTION('',(0.,0.,1.));
#4814=DIRECTION('',(1.,0.,0.));
#4815=DIRECTION('',(0.,0.,1.));
#4816=DIRECTION('',(1.,0.,0.));
#4817=DIRECTION('',(-1.,0.,0.));
#4818=DIRECTION('',(0.193724626205288,0.981055946010023,0.));
#4819=DIRECTION('',(0.,-1.,0.));
#4820=DIRECTION('',(0.193724626205283,-0.981055946010024,0.));
#4821=DIRECTION('',(1.,0.,0.));
#4822=DIRECTION('',(0.965699007730983,0.259664064643906,0.));
#4823=DIRECTION('',(0.721387321030952,-0.692531828189713,0.));
#4824=DIRECTION('',(-0.104684784518043,-0.994505452921406,0.));
#4825=DIRECTION('',(0.0949818699163533,-0.995479002484328,0.));
#4826=DIRECTION('',(-0.258819045102522,-0.965925826289068,0.));
#4827=DIRECTION('',(-1.,0.,0.));
#4828=DIRECTION('',(-0.965925826289068,0.258819045102521,0.));
#4829=DIRECTION('',(-1.,0.,0.));
#4830=DIRECTION('',(0.193724626205288,0.981055946010023,0.));
#4831=DIRECTION('',(0.,-1.,0.));
#4832=DIRECTION('',(0.193724626205292,-0.981055946010022,0.));
#4833=DIRECTION('',(1.,0.,0.));
#4834=DIRECTION('',(0.509677372062341,0.860365606244012,0.));
#4835=DIRECTION('',(0.,1.,0.));
#4836=DIRECTION('',(-0.316227766016838,0.948683298050514,0.));
#4837=DIRECTION('',(0.,1.,0.));
#4838=DIRECTION('',(-0.316227766016838,-0.948683298050514,0.));
#4839=DIRECTION('',(0.,1.,0.));
#4840=DIRECTION('',(0.509677372062341,-0.860365606244012,0.));
#4841=DIRECTION('',(0.,0.,1.));
#4842=DIRECTION('',(1.,0.,0.));
#4843=DIRECTION('',(0.965699007730983,0.259664064643906,0.));
#4844=DIRECTION('',(-0.193724626205287,-0.981055946010023,0.));
#4845=DIRECTION('',(0.,-1.,0.));
#4846=DIRECTION('',(-1.,0.,0.));
#4847=DIRECTION('',(0.,-1.,0.));
#4848=DIRECTION('',(0.193724626205287,-0.981055946010023,0.));
#4849=DIRECTION('',(-0.965699007730983,0.259664064643906,0.));
#4850=DIRECTION('',(-0.999200958721789,0.0399680383488719,0.));
#4851=DIRECTION('',(0.999200958721789,0.0399680383488719,0.));
#4852=DIRECTION('',(-1.,0.,0.));
#4853=DIRECTION('',(0.,0.,1.));
#4854=DIRECTION('',(1.,0.,0.));
#4855=DIRECTION('',(0.,0.,-1.));
#4856=DIRECTION('',(1.,0.,0.));
#4857=DIRECTION('',(0.,0.,-1.));
#4858=DIRECTION('',(0.,1.,2.16840434497101E-16));
#4859=DIRECTION('',(0.,0.,-1.));
#4860=DIRECTION('',(0.,0.,-1.));
#4861=DIRECTION('',(-0.948683298050514,-0.316227766016838,0.));
#4862=DIRECTION('',(0.316227766016838,-0.948683298050514,0.));
#4863=DIRECTION('',(0.,0.,-1.));
#4864=DIRECTION('',(0.315622713919009,-0.946868141757027,0.0618306120299035));
#4865=DIRECTION('',(0.297122522099196,-0.891367566297588,-0.34231866530198));
#4866=DIRECTION('',(-0.316227766016838,0.948683298050514,2.05712898549416E-16));
#4867=DIRECTION('',(0.692531828189714,0.721387321030952,0.));
#4868=DIRECTION('',(-0.721387321030952,0.692531828189714,0.));
#4869=DIRECTION('',(-0.713596450536893,0.685052592515417,0.146570976898747));
#4870=DIRECTION('',(0.,0.,-1.));
#4871=DIRECTION('',(0.721387321030952,-0.692531828189714,2.57136878102599E-16));
#4872=DIRECTION('',(0.0370190752776511,-0.035538312266545,0.998682440231545));
#4873=DIRECTION('',(0.259664064643907,-0.965699007730983,0.));
#4874=DIRECTION('',(0.965699007730983,0.259664064643907,0.));
#4875=DIRECTION('',(-0.965699007730983,-0.259664064643906,-1.38777878078145E-17));
#4876=DIRECTION('',(0.,0.,-1.));
#4877=DIRECTION('',(-0.964212114798521,-0.259264258224471,-0.055471092319141));
#4878=DIRECTION('',(0.,-1.,0.));
#4879=DIRECTION('',(0.,0.,-1.));
#4880=DIRECTION('',(0.,0.,1.));
#4881=DIRECTION('',(-1.,0.,0.));
#4882=DIRECTION('',(0.,0.,-1.));
#4883=DIRECTION('',(1.,0.,0.));
#4884=DIRECTION('',(-1.,0.,0.));
#4885=DIRECTION('',(0.,0.,1.));
#4886=DIRECTION('',(0.,-0.970142500145332,0.242535625036332));
#4887=DIRECTION('',(0.,-0.750789200657178,-0.660541880713521));
#4888=DIRECTION('',(0.,0.,-1.));
#4889=DIRECTION('',(0.,0.939692620785908,-0.342020143325669));
#4890=DIRECTION('',(0.,0.,-1.));
#4891=DIRECTION('',(0.948683298050514,-0.316227766016838,0.));
#4892=DIRECTION('',(0.316227766016838,0.948683298050514,0.));
#4893=DIRECTION('',(0.307692307692308,0.923076923076923,-0.230769230769231));
#4894=DIRECTION('',(-0.316227766016838,-0.948683298050514,-2.05712898549416E-16));
#4895=DIRECTION('',(-1.,0.,0.));
#4896=DIRECTION('',(0.,0.,1.));
#4897=DIRECTION('',(0.,0.777241149844526,-0.629202825000301));
#4898=DIRECTION('',(0.,0.933526205505457,0.358509168131839));
#4899=DIRECTION('',(0.,0.939692620785908,0.342020143325669));
#4900=DIRECTION('',(0.,0.,-1.));
#4901=DIRECTION('',(0.,-1.,0.));
#4902=DIRECTION('',(0.,0.,-1.));
#4903=DIRECTION('',(0.,0.,1.));
#4904=DIRECTION('',(1.,0.,0.));
#4905=DIRECTION('',(-0.852031291837943,0.,0.523490857349932));
#4906=DIRECTION('',(-1.,0.,0.));
#4907=DIRECTION('',(1.,0.,0.));
#4908=DIRECTION('',(0.,0.,-1.));
#4909=DIRECTION('',(0.,0.933526205505457,0.358509168131839));
#4910=DIRECTION('',(0.,-0.971442115722589,0.237276665098825));
#4911=DIRECTION('',(0.,0.,-1.));
#4912=DIRECTION('',(0.,-0.939692620785908,-0.342020143325669));
#4913=DIRECTION('',(0.,-0.939692620785908,0.342020143325669));
#4914=DIRECTION('',(0.,0.,1.));
#4915=DIRECTION('',(0.,0.917257072930821,0.398295696886601));
#4916=DIRECTION('',(0.,0.970142500145332,-0.242535625036333));
#4917=DIRECTION('',(0.,-1.,0.));
#4918=DIRECTION('',(0.,-1.,0.));
#4919=DIRECTION('',(0.,0.,-1.));
#4920=DIRECTION('',(0.,0.,-1.));
#4921=DIRECTION('',(-1.,0.,0.));
#4922=DIRECTION('',(0.,0.,-1.));
#4923=DIRECTION('',(1.,0.,0.));
#4924=DIRECTION('',(-1.,0.,0.));
#4925=DIRECTION('',(0.,0.,1.));
#4926=DIRECTION('',(-1.,0.,0.));
#4927=DIRECTION('',(0.,0.,1.));
#4928=DIRECTION('',(0.,-0.970142500145332,0.242535625036333));
#4929=DIRECTION('',(0.,-0.695113262676867,-0.71890023789864));
#4930=DIRECTION('',(0.,0.939692620785908,-0.342020143325669));
#4931=DIRECTION('',(0.,0.5,0.866025403784439));
#4932=DIRECTION('',(0.,0.,-1.));
#4933=DIRECTION('',(0.,0.290434485188154,-0.956894879186576));
#4934=DIRECTION('',(0.,0.530163997414135,-0.847895120781966));
#4935=DIRECTION('',(-0.258819045102521,-0.965925826289068,0.));
#4936=DIRECTION('',(0.965925826289068,-0.258819045102521,0.));
#4937=DIRECTION('',(-0.965925826289068,0.258819045102521,-7.12231134295571E-17));
#4938=DIRECTION('',(0.,0.,-1.));
#4939=DIRECTION('',(0.963910129642688,-0.258278940813937,0.0645697352034843));
#4940=DIRECTION('',(0.965925826289068,-0.258819045102521,0.));
#4941=DIRECTION('',(0.258819045102521,0.965925826289068,0.));
#4942=DIRECTION('',(0.965925826289068,-0.258819045102521,0.));
#4943=DIRECTION('',(0.258819045102521,0.965925826289068,0.));
#4944=DIRECTION('',(0.251587526194749,0.938937430309368,-0.234734357577342));
#4945=DIRECTION('',(0.,0.,-1.));
#4946=DIRECTION('',(-0.258819045102521,-0.965925826289068,-1.85913764673042E-16));
#4947=DIRECTION('',(0.,0.,-1.));
#4948=DIRECTION('',(0.237938191883563,0.887997421170531,0.393504760883102));
#4949=DIRECTION('',(0.251587526194749,0.938937430309368,-0.234734357577342));
#4950=DIRECTION('',(-0.995479002484328,-0.0949818699163533,0.));
#4951=DIRECTION('',(0.0949818699163533,-0.995479002484328,0.));
#4952=DIRECTION('',(-0.0949818699163533,0.995479002484328,-6.93889390390723E-18));
#4953=DIRECTION('',(-0.0887195160011089,0.929844983758004,0.357095440548611));
#4954=DIRECTION('',(-0.0949818699163533,0.995479002484328,0.));
#4955=DIRECTION('',(-0.0921704084789236,0.966012844050931,-0.241503211012733));
#4956=DIRECTION('',(-0.994505452921406,0.104684784518043,0.));
#4957=DIRECTION('',(-0.104684784518043,-0.994505452921406,0.));
#4958=DIRECTION('',(0.104684784518043,0.994505452921406,-2.86726628108713E-17));
#4959=DIRECTION('',(0.,0.,1.));
#4960=DIRECTION('',(0.104684784518043,0.994505452921406,0.));
#4961=DIRECTION('',(0.101591909034595,0.965123135828649,-0.241280783957162));
#4962=DIRECTION('',(-0.0399680383488719,0.999200958721789,0.));
#4963=DIRECTION('',(-0.999200958721789,-0.0399680383488719,0.));
#4964=DIRECTION('',(0.999200958721789,0.0399680383488719,-3.18868737871539E-16));
#4965=DIRECTION('',(0.,0.,-1.));
#4966=DIRECTION('',(-0.999164426773715,-0.0399665770709489,-0.00855108105361442));
#4967=DIRECTION('',(0.851896971518571,0.0340758788607431,-0.522599640640285));
#4968=DIRECTION('',(0.,-1.,0.));
#4969=DIRECTION('',(0.,0.,-1.));
#4970=DIRECTION('',(0.,-1.,0.));
#4971=DIRECTION('',(0.,0.,-1.));
#4972=DIRECTION('',(1.,0.,0.));
#4973=DIRECTION('',(0.,-1.,0.));
#4974=DIRECTION('',(0.,0.,-1.));
#4975=DIRECTION('',(1.,0.,0.));
#4976=DIRECTION('',(0.,0.,-1.));
#4977=DIRECTION('',(1.,0.,0.));
#4978=DIRECTION('',(0.,0.,-1.));
#4979=DIRECTION('',(-1.,0.,0.));
#4980=DIRECTION('',(0.,1.,0.));
#4981=DIRECTION('',(0.,0.,-1.));
#4982=DIRECTION('',(-1.,0.,0.));
#4983=DIRECTION('',(0.,0.,-1.));
#4984=DIRECTION('',(0.,0.,-1.));
#4985=DIRECTION('',(1.,0.,0.));
#4986=DIRECTION('',(0.,0.,-1.));
#4987=DIRECTION('',(0.,0.,1.));
#4988=DIRECTION('',(0.,-0.531053794315516,0.84733810698156));
#4989=DIRECTION('',(0.,0.977868461286706,0.209220630963514));
#4990=DIRECTION('',(0.,0.64018439966448,-0.768221279597376));
#4991=DIRECTION('',(0.,-0.64018439966448,-0.768221279597376));
#4992=DIRECTION('',(0.,0.939692620785909,0.342020143325668));
#4993=DIRECTION('',(0.,-1.,0.));
#4994=DIRECTION('',(0.,0.,-1.));
#4995=DIRECTION('',(-1.,0.,0.));
#4996=DIRECTION('',(0.,0.,1.));
#4997=DIRECTION('',(1.,0.,0.));
#4998=DIRECTION('',(0.,0.,-1.));
#4999=DIRECTION('',(1.,0.,0.));
#5000=DIRECTION('',(0.,0.,-1.));
#5001=DIRECTION('',(0.,0.,-1.));
#5002=DIRECTION('',(0.,-0.939692620785909,-0.342020143325668));
#5003=DIRECTION('',(0.,-0.939692620785908,0.342020143325669));
#5004=DIRECTION('',(0.,0.,1.));
#5005=DIRECTION('',(0.,0.917257072930823,0.398295696886595));
#5006=DIRECTION('',(0.,0.970142500145332,-0.242535625036332));
#5007=DIRECTION('',(0.,-1.,0.));
#5008=DIRECTION('',(0.,0.977868461286706,0.209220630963514));
#5009=DIRECTION('',(0.,0.531053794315516,-0.84733810698156));
#5010=DIRECTION('',(0.,-0.242535625036333,-0.970142500145332));
#5011=DIRECTION('',(0.,0.970142500145332,-0.242535625036333));
#5012=DIRECTION('',(0.488677777425221,0.846414739030318,-0.211603684757579));
#5013=DIRECTION('',(1.,0.,0.));
#5014=DIRECTION('',(-0.963910129642688,0.258278940813937,-0.0645697352034843));
#5015=DIRECTION('',(-0.251587526194749,-0.938937430309368,0.234734357577342));
#5016=DIRECTION('',(0.0921704084789236,-0.966012844050931,0.241503211012733));
#5017=DIRECTION('',(1.,0.,0.));
#5018=DIRECTION('',(0.,0.358509168131839,-0.933526205505457));
#5019=DIRECTION('',(0.,0.933526205505457,0.358509168131839));
#5020=DIRECTION('',(-0.474447867169311,0.821767811479922,0.315589742155842));
#5021=DIRECTION('',(1.,0.,0.));
#5022=DIRECTION('',(-0.0982074459386067,-0.929013506998831,-0.356776122205437));
#5023=DIRECTION('',(0.088719516001109,-0.929844983758004,-0.357095440548611));
#5024=DIRECTION('',(0.261625221111547,0.901011059668083,0.346022129399455));
#5025=DIRECTION('',(1.,0.,0.));
#5026=DIRECTION('',(0.,-0.933526205505457,-0.358509168131839));
#5027=DIRECTION('',(-1.,0.,0.));
#5028=DIRECTION('',(0.,0.209220630963514,-0.977868461286706));
#5029=DIRECTION('',(0.,0.977868461286706,0.209220630963514));
#5030=DIRECTION('',(0.964212114798521,0.259264258224471,0.055471092319141));
#5031=DIRECTION('',(0.999164426773715,0.0399665770709489,0.00855108105361442));
#5032=DIRECTION('',(-0.999164426773715,0.0399665770709489,0.00855108105361442));
#5033=DIRECTION('',(-0.964212114798521,0.259264258224471,0.055471092319141));
#5034=DIRECTION('',(-0.713596450536893,-0.685052592515417,-0.146570976898747));
#5035=DIRECTION('',(0.207963534140456,-0.95648891207979,-0.204646352364835));
#5036=DIRECTION('',(-1.,0.,0.));
#5037=DIRECTION('',(0.,0.977868461286706,0.209220630963514));
#5038=DIRECTION('',(0.476870962711465,0.85952028107116,0.183899351140766));
#5039=DIRECTION('',(1.,0.,0.));
#5040=DIRECTION('',(-0.476870962711473,0.859520281071155,0.183899351140765));
#5041=DIRECTION('',(0.,0.977868461286706,0.209220630963514));
#5042=DIRECTION('',(0.476870962711473,0.859520281071155,0.183899351140765));
#5043=DIRECTION('',(-1.,0.,0.));
#5044=DIRECTION('',(-0.476870962711465,0.85952028107116,0.183899351140766));
#5045=DIRECTION('',(1.,0.,0.));
#5046=DIRECTION('',(-0.207963534140456,-0.95648891207979,-0.204646352364835));
#5047=DIRECTION('',(0.713596450536893,-0.685052592515417,-0.146570976898747));
#5048=DIRECTION('',(0.,0.,1.));
#5049=DIRECTION('',(1.,0.,0.));
#5050=DIRECTION('',(0.0949818699163533,-0.995479002484328,0.));
#5051=DIRECTION('',(-0.25276533210379,0.967527615567876,0.));
#5052=DIRECTION('',(-0.147023315514068,-0.989133026794299,0.));
#5053=DIRECTION('',(-0.0356213104526834,-0.999365359736685,0.));
#5054=DIRECTION('',(0.,0.,1.));
#5055=DIRECTION('',(1.,0.,0.));
#5056=DIRECTION('',(-0.104684784518043,-0.994505452921406,0.));
#5057=DIRECTION('',(-0.00201721541814541,0.999997965418909,0.));
#5058=DIRECTION('',(1.,0.,0.));
#5059=DIRECTION('',(0.,-0.242535625036332,-0.970142500145332));
#5060=DIRECTION('',(0.,0.970142500145332,-0.242535625036332));
#5061=DIRECTION('',(0.859337848847319,-0.496138938356834,0.124034734589208));
#5062=DIRECTION('',(1.,0.,0.));
#5063=DIRECTION('',(-0.140352202546496,0.96053968126519,-0.240134920316297));
#5064=DIRECTION('',(-0.101591909034595,-0.965123135828649,0.241280783957162));
#5065=DIRECTION('',(0.0250148563988871,-0.969838922688575,0.242459730672144));
#5066=DIRECTION('',(0.139752651022874,-0.960621953690704,0.240155488422676));
#5067=DIRECTION('',(0.488677777425222,0.846414739030318,-0.211603684757579));
#5068=DIRECTION('',(1.,0.,0.));
#5069=DIRECTION('',(0.,-2.16840434497101E-16,1.));
#5070=DIRECTION('',(0.,-1.,-2.16840434497101E-16));
#5071=DIRECTION('',(0.0949818699163533,-0.995479002484328,-2.15860099431443E-16));
#5072=DIRECTION('',(-0.104684784518043,-0.994505452921406,-2.15648994521214E-16));
#5073=DIRECTION('',(-0.230560071302823,-0.931114306917074,-0.282609626472938));
#5074=DIRECTION('',(0.963910129642688,-0.258278940813937,0.0645697352034843));
#5075=DIRECTION('',(-0.338623768435707,-0.19550452386036,0.920386834217295));
#5076=DIRECTION('',(-0.292185321649071,0.343278947050917,-0.89262943169293));
#5077=DIRECTION('',(0.528717629623595,-0.363696618622966,0.766930529922644));
#5078=DIRECTION('',(-0.963910129642688,0.258278940813937,-0.0645697352034843));
#5079=DIRECTION('',(0.852343192002653,-0.329846582488741,-0.405847650069859));
#5080=DIRECTION('',(0.251587526194749,0.938937430309368,-0.234734357577342));
#5081=DIRECTION('',(0.852343192002653,-0.329846582488741,-0.405847650069859));
#5082=DIRECTION('',(0.522982870701067,0.537574946982,0.661439410173427));
#5083=DIRECTION('',(0.464293163478864,0.120066679282189,0.877505470565818));
#5084=DIRECTION('',(-0.48474321072098,-0.789552161648559,-0.376339479321535));
#5085=DIRECTION('',(-0.251587526194749,-0.938937430309368,0.234734357577342));
#5086=DIRECTION('',(-0.500422882351473,-0.288919285834271,-0.816151079820433));
#5087=DIRECTION('',(-0.885237897709668,0.031553359010868,0.464067074886485));
#5088=DIRECTION('',(-0.0921704084789236,0.966012844050931,-0.241503211012733));
#5089=DIRECTION('',(0.464197628311048,-0.00349757535383068,0.885724747784006));
#5090=DIRECTION('',(0.17478920594582,0.947140719682008,0.269022658162982));
#5091=DIRECTION('',(0.0356213104526834,0.999365359736685,3.3663682923561E-18));
#5092=DIRECTION('',(-0.0921704084789236,0.966012844050931,-0.241503211012733));
#5093=DIRECTION('',(0.882719798730866,0.0842231497464102,-0.462290188058684));
#5094=DIRECTION('',(-0.0949818699163533,0.995479002484328,0.));
#5095=DIRECTION('',(0.466500928658769,-0.275184267645176,0.84062506648392));
#5096=DIRECTION('',(-0.0982074459386067,-0.929013506998831,-0.356776122205437));
#5097=DIRECTION('',(0.0949818699163533,-0.995479002484328,0.));
#5098=DIRECTION('',(-0.87992179198732,-0.241166229654553,0.409361074920455));
#5099=DIRECTION('',(-0.0887195160011089,0.929844983758004,0.357095440548611));
#5100=DIRECTION('',(0.466500928658769,-0.275184267645175,0.84062506648392));
#5101=DIRECTION('',(-0.0887195160011089,0.929844983758004,0.357095440548611));
#5102=DIRECTION('',(0.275109184995103,-0.961084099529099,0.0251453765863981));
#5103=DIRECTION('',(-0.186807780334708,0.96781638779823,0.168624709682793));
#5104=DIRECTION('',(0.882719798730866,0.0842231497464103,-0.462290188058684));
#5105=DIRECTION('',(-0.0949818699163533,0.995479002484328,2.15860099431443E-16));
#5106=DIRECTION('',(0.0949818699163534,-0.995479002484328,-1.11557943609069E-16));
#5107=DIRECTION('',(0.882719798730866,0.0842231497464103,-0.462290188058684));
#5108=DIRECTION('',(0.469899730717671,-0.158215544578168,0.868425059821108));
#5109=DIRECTION('',(-0.464106843649419,0.00226292675692366,-0.885776335674117));
#5110=DIRECTION('',(0.882719798730866,0.0842231497464103,-0.462290188058684));
#5111=DIRECTION('',(0.469899730717671,-0.158215544578168,0.868425059821108));
#5112=DIRECTION('',(0.0949818699163533,-0.995479002484328,-2.12077626134268E-16));
#5113=DIRECTION('',(0.276129698090658,0.703049865497101,0.655342106427529));
#5114=DIRECTION('',(0.881856524395503,-0.0928270025679476,-0.462290188058685));
#5115=DIRECTION('',(0.104684784518043,0.994505452921406,2.15648994521214E-16));
#5116=DIRECTION('',(0.881856524395503,-0.0928270025679476,-0.462290188058685));
#5117=DIRECTION('',(0.471517836758148,0.173609758683658,0.864598508736118));
#5118=DIRECTION('',(-0.104684784518043,-0.994505452921406,-9.57413406331839E-17));
#5119=DIRECTION('',(0.470569939979063,0.235396941035588,0.850383567420719));
#5120=DIRECTION('',(-0.161189863424403,0.862013272661381,-0.48057355907794));
#5121=DIRECTION('',(-0.104684784518043,-0.994505452921406,-2.03387618214716E-16));
#5122=DIRECTION('',(0.881856524395503,-0.0928270025679476,-0.462290188058685));
#5123=DIRECTION('',(0.471517836758148,0.173609758683658,0.864598508736118));
#5124=DIRECTION('',(-0.879667852304482,0.200420565833612,0.431295799206246));
#5125=DIRECTION('',(0.101591909034595,0.965123135828649,-0.241280783957162));
#5126=DIRECTION('',(0.470569939979063,0.235396941035589,0.850383567420719));
#5127=DIRECTION('',(0.101591909034595,0.965123135828649,-0.241280783957162));
#5128=DIRECTION('',(0.16712583911536,0.979298750209732,-0.11420556789248));
#5129=DIRECTION('',(0.881856524395503,-0.0928270025679477,-0.462290188058685));
#5130=DIRECTION('',(0.104684784518043,0.994505452921406,0.));
#5131=DIRECTION('',(-0.293448735813192,0.659375563286941,-0.692178955176817));
#5132=DIRECTION('',(0.467688503712836,0.0475015325391149,0.882616036508109));
#5133=DIRECTION('',(-0.207963534140456,-0.95648891207979,-0.204646352364835));
#5134=DIRECTION('',(-0.104684784518043,-0.994505452921406,7.31892326487575E-18));
#5135=DIRECTION('',(0.0250148563988871,-0.969838922688575,0.242459730672144));
#5136=DIRECTION('',(0.161189863424403,-0.862013272661381,0.48057355907794));
#5137=DIRECTION('',(0.606700156037446,0.708925841345814,-0.359637417597599));
#5138=DIRECTION('',(-0.713596450536893,0.685052592515417,0.146570976898747));
#5139=DIRECTION('',(-0.271468983252304,0.609987339870059,0.744459559902491));
#5140=DIRECTION('',(-0.603394977947906,0.116159679520329,-0.788936898263087));
#5141=DIRECTION('',(0.139265472599609,0.350627219543972,0.926102413913532));
#5142=DIRECTION('',(0.713596450536893,-0.685052592515417,-0.146570976898747));
#5143=DIRECTION('',(-0.693381955284264,0.250688410040608,-0.675556648370426));
#5144=DIRECTION('',(-0.0353720598903565,0.950409945895294,-0.308981799014793));
#5145=DIRECTION('',(-0.999164426773715,-0.0399665770709489,-0.00855108105361442));
#5146=DIRECTION('',(0.,0.309175276919427,0.951005072616227));
#5147=DIRECTION('',(-0.0353720598903565,0.950409945895294,-0.308981799014793));
#5148=DIRECTION('',(0.108096362917862,0.310999895085681,0.94424268150758));
#5149=DIRECTION('',(0.,0.309175276919427,0.951005072616227));
#5150=DIRECTION('',(0.999164426773715,0.0399665770709489,0.00855108105361442));
#5151=DIRECTION('',(-0.876490350403512,0.119030898247781,0.466472197362131));
#5152=DIRECTION('',(-0.0717132853916001,0.305964366650467,0.949338196344444));
#5153=DIRECTION('',(0.229611080431287,-0.921161954381531,0.314228269802662));
#5154=DIRECTION('',(-0.964212114798521,-0.259264258224471,-0.055471092319141));
#5155=DIRECTION('',(0.675339051091012,-0.0816948186904764,-0.732968705109994));
#5156=DIRECTION('',(-0.968423962519055,-0.248449180348363,-0.0206889729836301));
#5157=DIRECTION('',(-0.964212114798521,-0.259264258224471,-0.055471092319141));
#5158=DIRECTION('',(-0.226044624379456,-0.843610022961951,0.487058473848149));
#5159=DIRECTION('',(0.,-0.5,-0.866025403784439));
#5160=DIRECTION('',(-0.0639910438227595,-0.486060234294301,-0.871579368129055));
#5161=DIRECTION('',(-0.536293115261042,-0.309628974460505,-0.785187616240949));
#5162=DIRECTION('',(-0.973344107085156,0.21551814755998,-0.0784421906560241));
#5163=DIRECTION('',(-0.0349068601662436,0.872671504156087,0.487058473848148));
#5164=DIRECTION('',(0.,-0.487355482971233,0.873203660790469));
#5165=DIRECTION('',(-0.0737720929014012,0.483775875212569,-0.872077164516569));
#5166=DIRECTION('',(0.,-0.487355482971233,0.873203660790469));
#5167=DIRECTION('',(0.843610022961951,-0.226044624379456,0.487058473848148));
#5168=DIRECTION('',(0.5,0.,-0.866025403784439));
#5169=DIRECTION('',(-0.536293115261041,-0.309628974460505,0.785187616240949));
#5170=DIRECTION('',(0.350082814506204,-0.456236806460147,-0.818101460344902));
#5171=DIRECTION('',(0.491308743625726,-0.0410392773174945,-0.870018101049725));
#5172=DIRECTION('',(0.,-0.873369362327711,0.487058473848148));
#5173=DIRECTION('',(0.,-0.487058473848148,-0.873369362327711));
#5174=DIRECTION('',(-0.644808439384414,-0.372280326054333,-0.667554818222082));
#5175=DIRECTION('',(0.604836081177694,0.630037584560098,0.487058473848148));
#5176=DIRECTION('',(-0.721387321030952,0.692531828189713,0.));
#5177=DIRECTION('',(-0.336708370093932,0.756579409275253,-0.560548901496915));
#5178=DIRECTION('',(0.495453338947364,0.181114747299117,-0.849543075562791));
#5179=DIRECTION('',(0.134024449585586,0.522355406564613,-0.842129607688745));
#5180=DIRECTION('',(-0.675339051091012,0.0816948186904763,0.732968705109994));
#5181=DIRECTION('',(0.869420861610364,0.0829542551615391,0.487058473848148));
#5182=DIRECTION('',(0.488742996918021,0.,-0.872427809600079));
#5183=DIRECTION('',(0.488914720945547,-0.00238388685497358,-0.872328328512952));
#5184=DIRECTION('',(0.869420861610364,0.0829542551615391,0.487058473848148));
#5185=DIRECTION('',(0.494072226902801,-0.145974932549649,-0.85707873248053));
#5186=DIRECTION('',(0.8685705932494,-0.0914284834999369,0.487058473848148));
#5187=DIRECTION('',(0.489107027691678,0.,-0.872223776024601));
#5188=DIRECTION('',(0.8685705932494,-0.0914284834999369,0.487058473848148));
#5189=DIRECTION('',(0.495565459391981,0.160245413897218,-0.853660519634429));
#5190=DIRECTION('',(-0.30273318174402,0.680237594770846,0.667554818222081));
#5191=DIRECTION('',(-0.22678263855747,0.843411926582512,0.487058473848148));
#5192=DIRECTION('',(0.,-0.50008807036881,0.865974550362076));
#5193=DIRECTION('',(-0.784245021656207,0.138400540653386,-0.604818184543343));
#5194=DIRECTION('',(-0.973166719707027,-0.216224345386132,-0.0786992256442464));
#5195=DIRECTION('',(-0.482590772870106,-0.531690642727203,0.695996556296773));
#5196=DIRECTION('',(0.,-0.84733810698156,-0.531053794315516));
#5197=DIRECTION('',(1.,0.,0.));
#5198=DIRECTION('',(0.,0.531053794315516,-0.84733810698156));
#5199=DIRECTION('',(0.,-0.531053794315516,0.84733810698156));
#5200=DIRECTION('',(0.,-0.342020143325668,0.939692620785908));
#5201=DIRECTION('',(-1.,0.,0.));
#5202=DIRECTION('',(0.,-0.939692620785909,-0.342020143325668));
#5203=DIRECTION('',(0.,0.939692620785909,0.342020143325668));
#5204=DIRECTION('',(0.,-0.342020143325669,-0.939692620785908));
#5205=DIRECTION('',(1.,0.,0.));
#5206=DIRECTION('',(0.,0.939692620785908,-0.342020143325669));
#5207=DIRECTION('',(0.,-0.939692620785908,0.342020143325669));
#5208=DIRECTION('',(0.,-0.342020143325669,0.939692620785908));
#5209=DIRECTION('',(-1.,0.,0.));
#5210=DIRECTION('',(0.,-0.939692620785908,-0.342020143325669));
#5211=DIRECTION('',(0.,0.939692620785908,0.342020143325669));
#5212=DIRECTION('',(0.,-0.342020143325669,-0.939692620785908));
#5213=DIRECTION('',(1.,0.,0.));
#5214=DIRECTION('',(0.,0.939692620785908,-0.342020143325669));
#5215=DIRECTION('',(-0.188251509917208,-0.832735478895522,-0.520685117131782));
#5216=DIRECTION('',(-0.963910129642688,0.258278940813937,-0.0645697352034843));
#5217=DIRECTION('',(0.403753289962408,-0.548910826343921,0.731901759505308));
#5218=DIRECTION('',(0.688834973484833,-0.344085948212042,-0.638052693393868));
#5219=DIRECTION('',(-0.251587526194749,-0.938937430309368,0.234734357577342));
#5220=DIRECTION('',(-0.702613734966705,-0.100244655152747,-0.704474945295745));
#5221=DIRECTION('',(-0.711554751310983,0.10576447846108,0.694624870691096));
#5222=DIRECTION('',(-0.0921704084789236,0.966012844050931,-0.241503211012733));
#5223=DIRECTION('',(-0.701067605755164,-0.040964394254339,-0.711917221707761));
#5224=DIRECTION('',(0.713015875416099,-0.0254146890408336,-0.700687130597938));
#5225=DIRECTION('',(-0.0356213104526834,-0.999365359736685,0.));
#5226=DIRECTION('',(-0.701113402484331,-0.015932080820442,-0.712871773643462));
#5227=DIRECTION('',(-0.710563909594698,-0.0677971998002454,0.700358815237407));
#5228=DIRECTION('',(-0.0949818699163533,0.995479002484328,0.));
#5229=DIRECTION('',(-0.702404079367287,0.12713910253831,-0.700331462875935));
#5230=DIRECTION('',(0.710437236810393,0.185600804785174,-0.678845544889491));
#5231=DIRECTION('',(-0.0982074459386067,-0.929013506998831,-0.356776122205437));
#5232=DIRECTION('',(-0.702447866149417,0.245900373731268,-0.66790718033343));
#5233=DIRECTION('',(-0.709837600171476,-0.310524973119445,0.632222130624963));
#5234=DIRECTION('',(-0.088719516001109,0.929844983758004,0.357095440548611));
#5235=DIRECTION('',(-0.701107006872933,0.225254540170891,-0.676542206404063));
#5236=DIRECTION('',(-0.703909953185489,-0.0671623243076322,0.707106781186547));
#5237=DIRECTION('',(-0.0949818699163533,0.995479002484328,2.2037381412918E-16));
#5238=DIRECTION('',(-0.703909953185489,-0.0671623243076322,0.707106781186547));
#5239=DIRECTION('',(0.710289221237661,-0.0665591242914209,0.700756095347844));
#5240=DIRECTION('',(0.708866888681765,-0.00345634603634483,0.705333813029484));
#5241=DIRECTION('',(-0.703221549687726,0.0740233210197606,0.707106781186546));
#5242=DIRECTION('',(0.104684784518043,0.994505452921406,2.12972731300455E-16));
#5243=DIRECTION('',(-0.703221549687726,0.0740233210197606,0.707106781186546));
#5244=DIRECTION('',(0.71097078143535,0.0732165032372453,0.699399665140696));
#5245=DIRECTION('',(-0.708273723825432,-0.159486395183476,-0.687686281592003));
#5246=DIRECTION('',(-0.703448322202387,0.241190059787947,0.668571471908676));
#5247=DIRECTION('',(0.101591909034595,0.965123135828649,-0.241280783957162));
#5248=DIRECTION('',(-0.708072767343632,-0.156301228339085,-0.688623904730314));
#5249=DIRECTION('',(0.706137691626166,-0.15453792737573,-0.691004768049601));
#5250=DIRECTION('',(0.0250148563988871,-0.969838922688574,0.242459730672144));
#5251=DIRECTION('',(-0.708062240988562,-0.148359601737692,-0.690389231852938));
#5252=DIRECTION('',(-0.704112594763316,0.0741171152382439,0.706209676459075));
#5253=DIRECTION('',(0.104684784518043,0.994505452921406,0.));
#5254=DIRECTION('',(-0.708193572265101,-0.145902594901939,-0.690778037435525));
#5255=DIRECTION('',(0.698100658777042,0.00140822227744494,-0.715998245196926));
#5256=DIRECTION('',(-0.207963534140456,-0.956488912079789,-0.204646352364835));
#5257=DIRECTION('',(0.712522733929784,0.0970632533612003,0.694902927379189));
#5258=DIRECTION('',(0.491094239802841,0.638370937964636,-0.592713247021375));
#5259=DIRECTION('',(0.713596450536893,-0.685052592515417,-0.146570976898747));
#5260=DIRECTION('',(-0.191216119403583,-0.584820494537392,-0.78830285097117));
#5261=DIRECTION('',(0.185858991253914,-0.810165738992432,0.555956752574267));
#5262=DIRECTION('',(-0.964212114798521,-0.259264258224471,-0.0554710923191409));
#5263=DIRECTION('',(0.10863242242765,-0.545403833944173,-0.831103877211807));
#5264=DIRECTION('',(-0.0286435584574111,0.833987147678468,-0.551039911500093));
#5265=DIRECTION('',(0.999164426773715,0.0399665770709489,0.00855108105361442));
#5266=DIRECTION('',(0.,0.551266101989475,0.834329482157577));
#5267=DIRECTION('',(-0.866025403784444,-0.423669053490772,-0.265526897157753));
#5268=DIRECTION('',(0.,0.531053794315516,-0.84733810698156));
#5269=DIRECTION('',(-0.485190190818586,0.840374061831851,0.24158210805782));
#5270=DIRECTION('',(-0.866025403784444,-0.499999999999991,0.));
#5271=DIRECTION('',(0.,0.,-1.));
#5272=DIRECTION('',(-0.427535056636429,0.740512440111151,-0.518512392703892));
#5273=DIRECTION('',(-0.866025403784443,-0.171010071662831,0.469846310392947));
#5274=DIRECTION('',(0.,-0.939692620785909,-0.342020143325668));
#5275=DIRECTION('',(-0.866025403784439,0.171010071662834,-0.469846310392954));
#5276=DIRECTION('',(0.,-0.939692620785909,-0.342020143325668));
#5277=DIRECTION('',(0.427535056636437,0.740512440111147,-0.518512392703891));
#5278=DIRECTION('',(-0.866025403784439,0.5,0.));
#5279=DIRECTION('',(0.,0.,1.));
#5280=DIRECTION('',(0.485190190818595,0.840374061831846,0.24158210805782));
#5281=DIRECTION('',(-0.866025403784439,0.423669053490779,0.265526897157757));
#5282=DIRECTION('',(0.,0.531053794315516,-0.84733810698156));
#5283=DIRECTION('',(0.866025403784439,-0.171010071662834,-0.469846310392954));
#5284=DIRECTION('',(0.,0.939692620785908,-0.342020143325669));
#5285=DIRECTION('',(-0.427535056636438,-0.740512440111146,-0.518512392703892));
#5286=DIRECTION('',(0.866025403784438,-0.5,0.));
#5287=DIRECTION('',(0.,0.,1.));
#5288=DIRECTION('',(-0.37244955802573,-0.645101557757136,-0.667177118092156));
#5289=DIRECTION('',(0.488677777425222,0.846414739030318,-0.211603684757579));
#5290=DIRECTION('',(-0.5,-0.866025403784439,0.));
#5291=DIRECTION('',(0.,0.,1.));
#5292=DIRECTION('',(0.85933784884732,-0.496138938356834,0.124034734589208));
#5293=DIRECTION('',(-0.769260235218117,0.444132603880054,0.459330948971317));
#5294=DIRECTION('',(0.817378863892364,-0.471913907098167,-0.330437675136131));
#5295=DIRECTION('',(-0.5,-0.296198132726025,-0.813797681349374));
#5296=DIRECTION('',(0.,-0.939692620785908,0.342020143325669));
#5297=DIRECTION('',(-0.866025403784435,-0.500000000000007,0.));
#5298=DIRECTION('',(0.,0.,-1.));
#5299=DIRECTION('',(0.474447867169312,-0.821767811479922,-0.315589742155842));
#5300=DIRECTION('',(0.4094087686731,-0.70911678840601,0.574053865533821));
#5301=DIRECTION('',(-0.427535056636444,0.740512440111145,-0.518512392703888));
#5302=DIRECTION('',(-0.866025403784434,-0.171010071662838,0.469846310392962));
#5303=DIRECTION('',(0.,-0.939692620785908,-0.342020143325669));
#5304=DIRECTION('',(0.5,-0.296198132726025,0.813797681349374));
#5305=DIRECTION('',(0.,0.939692620785908,0.342020143325669));
#5306=DIRECTION('',(0.866025403784439,-0.171010071662834,-0.469846310392954));
#5307=DIRECTION('',(0.,0.939692620785908,-0.342020143325669));
#5308=DIRECTION('',(-0.427535056636437,-0.740512440111147,-0.518512392703891));
#5309=DIRECTION('',(0.866025403784439,-0.5,0.));
#5310=DIRECTION('',(0.,0.,1.));
#5311=DIRECTION('',(-0.372449558025729,-0.645101557757136,-0.667177118092156));
#5312=DIRECTION('',(0.488677777425221,0.846414739030318,-0.211603684757579));
#5313=DIRECTION('',(-0.913609378691108,-0.406593043678377,0.));
#5314=DIRECTION('',(0.,0.,1.));
#5315=DIRECTION('',(0.5,-0.866025403784439,0.));
#5316=DIRECTION('',(0.,0.,-1.));
#5317=DIRECTION('',(-0.151577824570399,-0.988003832422692,-0.0295396380576661));
#5318=DIRECTION('',(0.675339051091012,-0.0816948186904763,-0.732968705109994));
#5319=DIRECTION('',(1.,0.,0.));
#5320=DIRECTION('',(0.,0.,-1.));
#5321=DIRECTION('',(0.620516717959194,-0.0816469365735782,-0.779931266510902));
#5322=DIRECTION('',(0.784193217729629,0.0646056201056394,0.617144319521468));
#5323=DIRECTION('',(0.621255957576701,0.0740950492175736,-0.780096762496104));
#5324=DIRECTION('',(0.783607704897965,-0.058743667865479,0.618472429709081));
#5325=DIRECTION('',(-0.832531072486996,-0.0992931014001055,0.545007241564735));
#5326=DIRECTION('',(0.553978350970192,-0.14921989650754,0.81904908835956));
#5327=DIRECTION('',(-0.831400096482424,0.109394749537161,0.544799658904737));
#5328=DIRECTION('',(0.555674256708924,0.163676478119642,0.815129517893528));
#5329=DIRECTION('',(1.,0.,0.));
#5330=DIRECTION('',(0.,0.,-1.));
#5331=DIRECTION('',(1.,0.,0.));
#5332=DIRECTION('',(0.,1.,0.));
#5333=DIRECTION('',(1.,0.,0.));
#5334=DIRECTION('',(0.,0.,-1.));
#5335=DIRECTION('',(1.,0.,0.));
#5336=DIRECTION('',(0.,0.,-1.));
#5337=DIRECTION('',(-0.832531072486996,-0.0992931014001055,0.545007241564735));
#5338=DIRECTION('',(0.553978350970192,-0.14921989650754,0.81904908835956));
#5339=DIRECTION('',(-0.815249522063485,-0.097231990655702,-0.570888918064092));
#5340=DIRECTION('',(0.579109848625681,-0.136879616362005,-0.803676398713643));
#5341=DIRECTION('',(-0.814154760576847,0.10712562639169,-0.570680406182169));
#5342=DIRECTION('',(0.580647936214413,0.150206059932271,-0.800178801099833));
#5343=DIRECTION('',(-0.831400096482424,0.109394749537161,0.544799658904737));
#5344=DIRECTION('',(0.555674256708924,0.163676478119642,0.815129517893528));
#5345=DIRECTION('',(1.,0.,0.));
#5346=DIRECTION('',(0.,0.,-1.));
#5347=DIRECTION('',(1.,0.,0.));
#5348=DIRECTION('',(0.,1.,0.));
#5349=DIRECTION('',(1.,0.,0.));
#5350=DIRECTION('',(0.,0.,-1.));
#5351=DIRECTION('',(1.,0.,0.));
#5352=DIRECTION('',(0.,0.,-1.));
#5353=DIRECTION('',(-0.948226264790109,0.317595577365614,0.));
#5354=DIRECTION('',(0.317595577365614,0.948226264790109,0.));
#5355=DIRECTION('',(-0.793487011803894,0.383837434187987,0.472278716664757));
#5356=DIRECTION('',(0.608587185289443,0.500454209411995,0.615765557808561));
#5357=DIRECTION('',(1.,0.,0.));
#5358=DIRECTION('',(0.,0.,-1.));
#5359=DIRECTION('',(1.,0.,0.));
#5360=DIRECTION('',(0.,1.,0.));
#5361=DIRECTION('',(1.,0.,0.));
#5362=DIRECTION('',(0.,0.,-1.));
#5363=DIRECTION('',(1.,0.,0.));
#5364=DIRECTION('',(0.,0.,-1.));
#5365=DIRECTION('',(1.,0.,0.));
#5366=DIRECTION('',(0.,0.,-1.));
#5367=DIRECTION('',(1.,0.,0.));
#5368=DIRECTION('',(0.,0.,-1.));
#5369=DIRECTION('',(0.,-0.768221279597376,0.64018439966448));
#5370=DIRECTION('',(0.,-0.64018439966448,-0.768221279597376));
#5371=DIRECTION('',(1.,0.,0.));
#5372=DIRECTION('',(0.,-0.768221279597376,0.64018439966448));
#5373=DIRECTION('',(0.,-0.64018439966448,-0.768221279597376));
#5374=DIRECTION('',(0.,-0.768221279597376,-0.64018439966448));
#5375=DIRECTION('',(0.,0.64018439966448,-0.768221279597376));
#5376=DIRECTION('',(0.,-0.768221279597376,-0.64018439966448));
#5377=DIRECTION('',(0.,-0.64018439966448,0.768221279597376));
#5378=DIRECTION('',(0.,-1.,0.));
#5379=DIRECTION('',(0.,0.,-1.));
#5380=DIRECTION('',(0.,-1.,0.));
#5381=DIRECTION('',(0.,0.,-1.));
#5382=DIRECTION('',(0.,1.,0.));
#5383=DIRECTION('',(0.,0.,1.));
#5384=DIRECTION('',(0.,-1.,0.));
#5385=DIRECTION('',(0.,0.,-1.));
#5386=DIRECTION('',(0.0430592566410331,0.925565452537371,-0.376130952577441));
#5387=DIRECTION('',(-0.105270635575543,0.378587629313599,0.919559405485165));
#5388=DIRECTION('',(0.0430592566410331,-0.925565452537371,0.376130952577441));
#5389=DIRECTION('',(0.105270635575543,0.378587629313599,0.919559405485165));
#5390=DIRECTION('',(0.,-1.,0.));
#5391=DIRECTION('',(1.,0.,0.));
#5392=DIRECTION('',(0.,-1.,0.));
#5393=DIRECTION('',(0.,0.,-1.));
#5394=DIRECTION('',(0.,0.,1.));
#5395=DIRECTION('',(-1.,0.,0.));
#5396=DIRECTION('',(1.,0.,0.));
#5397=DIRECTION('',(-0.509677372062341,-0.860365606244012,0.));
#5398=DIRECTION('',(0.,1.,0.));
#5399=DIRECTION('',(0.316227766016838,-0.948683298050514,0.));
#5400=DIRECTION('',(0.,1.,0.));
#5401=DIRECTION('',(0.316227766016838,0.948683298050514,0.));
#5402=DIRECTION('',(0.,1.,0.));
#5403=DIRECTION('',(-0.509677372062341,0.860365606244012,0.));
#5404=DIRECTION('',(-1.,0.,0.));
#5405=DIRECTION('',(-0.193724626205292,-0.981055946010022,0.));
#5406=DIRECTION('',(0.,-1.,0.));
#5407=DIRECTION('',(-0.193724626205288,0.981055946010023,0.));
#5408=DIRECTION('',(1.,0.,0.));
#5409=DIRECTION('',(0.965925826289068,0.258819045102521,0.));
#5410=DIRECTION('',(1.,0.,0.));
#5411=DIRECTION('',(0.258819045102522,-0.965925826289068,0.));
#5412=DIRECTION('',(-0.0949818699163533,-0.995479002484328,0.));
#5413=DIRECTION('',(0.104684784518043,-0.994505452921406,0.));
#5414=DIRECTION('',(-0.721387321030952,-0.692531828189713,0.));
#5415=DIRECTION('',(-0.965699007730983,0.259664064643906,0.));
#5416=DIRECTION('',(-1.,0.,0.));
#5417=DIRECTION('',(-0.193724626205283,-0.981055946010024,0.));
#5418=DIRECTION('',(0.,-1.,0.));
#5419=DIRECTION('',(-0.193724626205288,0.981055946010023,0.));
#5420=DIRECTION('',(1.,0.,0.));
#5421=DIRECTION('',(0.,0.,1.));
#5422=DIRECTION('',(1.,0.,0.));
#5423=DIRECTION('',(0.,0.,-1.));
#5424=DIRECTION('',(1.,0.,0.));
#5425=DIRECTION('',(0.,0.,-1.));
#5426=DIRECTION('',(0.,1.,2.16840434497101E-16));
#5427=DIRECTION('',(0.,0.,-1.));
#5428=DIRECTION('',(0.,0.,-1.));
#5429=DIRECTION('',(0.948683298050514,-0.316227766016838,0.));
#5430=DIRECTION('',(-0.316227766016838,-0.948683298050514,0.));
#5431=DIRECTION('',(0.316227766016838,0.948683298050514,2.05712898549416E-16));
#5432=DIRECTION('',(-0.297122522099196,-0.891367566297588,-0.34231866530198));
#5433=DIRECTION('',(0.,0.,-1.));
#5434=DIRECTION('',(-0.692531828189714,0.721387321030952,0.));
#5435=DIRECTION('',(0.721387321030952,0.692531828189714,0.));
#5436=DIRECTION('',(0.713596450536893,0.685052592515417,0.146570976898747));
#5437=DIRECTION('',(-0.0370190752776511,-0.035538312266545,0.998682440231545));
#5438=DIRECTION('',(-0.721387321030952,-0.692531828189714,2.57136878102599E-16));
#5439=DIRECTION('',(0.,0.,-1.));
#5440=DIRECTION('',(-0.259664064643907,-0.965699007730983,0.));
#5441=DIRECTION('',(-0.965699007730983,0.259664064643907,0.));
#5442=DIRECTION('',(0.965699007730983,-0.259664064643906,-1.38777878078145E-17));
#5443=DIRECTION('',(0.964212114798521,-0.259264258224471,-0.055471092319141));
#5444=DIRECTION('',(0.,0.,-1.));
#5445=DIRECTION('',(0.,-1.,0.));
#5446=DIRECTION('',(0.,0.,-1.));
#5447=DIRECTION('',(-1.,0.,0.));
#5448=DIRECTION('',(0.,0.,1.));
#5449=DIRECTION('',(-1.,0.,0.));
#5450=DIRECTION('',(0.,0.,-1.));
#5451=DIRECTION('',(1.,0.,0.));
#5452=DIRECTION('',(0.,0.,1.));
#5453=DIRECTION('',(0.,0.,-1.));
#5454=DIRECTION('',(0.,-0.970142500145332,0.242535625036332));
#5455=DIRECTION('',(0.,0.,-1.));
#5456=DIRECTION('',(0.,0.939692620785908,-0.342020143325669));
#5457=DIRECTION('',(-0.948683298050514,-0.316227766016838,0.));
#5458=DIRECTION('',(-0.316227766016838,0.948683298050514,0.));
#5459=DIRECTION('',(-0.307692307692308,0.923076923076923,-0.230769230769231));
#5460=DIRECTION('',(0.316227766016838,-0.948683298050514,-2.05712898549416E-16));
#5461=DIRECTION('',(1.,0.,0.));
#5462=DIRECTION('',(0.,0.,1.));
#5463=DIRECTION('',(0.,-0.933526205505457,-0.358509168131839));
#5464=DIRECTION('',(0.,0.,-1.));
#5465=DIRECTION('',(0.,0.939692620785908,0.342020143325669));
#5466=DIRECTION('',(0.,-1.,0.));
#5467=DIRECTION('',(0.,0.,-1.));
#5468=DIRECTION('',(1.,0.,0.));
#5469=DIRECTION('',(0.852031291837943,0.,0.523490857349932));
#5470=DIRECTION('',(-1.,0.,0.));
#5471=DIRECTION('',(0.,0.,1.));
#5472=DIRECTION('',(-1.,0.,0.));
#5473=DIRECTION('',(0.,0.,-1.));
#5474=DIRECTION('',(0.,0.,-1.));
#5475=DIRECTION('',(0.,0.933526205505457,0.358509168131839));
#5476=DIRECTION('',(0.,-1.,0.));
#5477=DIRECTION('',(0.,0.970142500145332,-0.242535625036333));
#5478=DIRECTION('',(0.,0.,1.));
#5479=DIRECTION('',(0.,-0.939692620785908,0.342020143325669));
#5480=DIRECTION('',(0.,-0.939692620785908,-0.342020143325669));
#5481=DIRECTION('',(0.,-1.,0.));
#5482=DIRECTION('',(0.,0.,-1.));
#5483=DIRECTION('',(-1.,0.,0.));
#5484=DIRECTION('',(0.,0.,-1.));
#5485=DIRECTION('',(-1.,0.,0.));
#5486=DIRECTION('',(0.,0.,-1.));
#5487=DIRECTION('',(1.,0.,0.));
#5488=DIRECTION('',(0.,0.,1.));
#5489=DIRECTION('',(-1.,0.,0.));
#5490=DIRECTION('',(0.,0.,1.));
#5491=DIRECTION('',(0.,0.290434485188154,-0.956894879186576));
#5492=DIRECTION('',(0.,0.,-1.));
#5493=DIRECTION('',(0.,0.5,0.866025403784439));
#5494=DIRECTION('',(0.,0.939692620785908,-0.342020143325669));
#5495=DIRECTION('',(0.,-0.970142500145332,0.242535625036333));
#5496=DIRECTION('',(0.,0.530163997414135,-0.847895120781966));
#5497=DIRECTION('',(0.258819045102521,-0.965925826289068,0.));
#5498=DIRECTION('',(-0.965925826289068,-0.258819045102521,0.));
#5499=DIRECTION('',(0.965925826289068,0.258819045102521,-7.12231134295571E-17));
#5500=DIRECTION('',(-0.963910129642688,-0.258278940813937,0.0645697352034843));
#5501=DIRECTION('',(0.,0.,-1.));
#5502=DIRECTION('',(-0.965925826289068,-0.258819045102521,0.));
#5503=DIRECTION('',(-0.258819045102521,0.965925826289068,0.));
#5504=DIRECTION('',(0.965925826289068,0.258819045102521,0.));
#5505=DIRECTION('',(-0.258819045102521,0.965925826289068,0.));
#5506=DIRECTION('',(-0.251587526194749,0.938937430309368,-0.234734357577342));
#5507=DIRECTION('',(-0.237938191883563,0.887997421170531,0.393504760883102));
#5508=DIRECTION('',(0.,0.,-1.));
#5509=DIRECTION('',(0.258819045102521,-0.965925826289068,-1.85913764673042E-16));
#5510=DIRECTION('',(0.,0.,-1.));
#5511=DIRECTION('',(-0.251587526194749,0.938937430309368,-0.234734357577342));
#5512=DIRECTION('',(0.995479002484328,-0.0949818699163533,0.));
#5513=DIRECTION('',(-0.0949818699163533,-0.995479002484328,0.));
#5514=DIRECTION('',(0.0949818699163533,0.995479002484328,-6.93889390390723E-18));
#5515=DIRECTION('',(0.0921704084789236,0.966012844050931,-0.241503211012733));
#5516=DIRECTION('',(0.0949818699163533,0.995479002484328,0.));
#5517=DIRECTION('',(0.0887195160011089,0.929844983758004,0.357095440548611));
#5518=DIRECTION('',(0.994505452921406,0.104684784518043,0.));
#5519=DIRECTION('',(0.104684784518043,-0.994505452921406,0.));
#5520=DIRECTION('',(-0.104684784518043,0.994505452921406,-2.86726628108713E-17));
#5521=DIRECTION('',(-0.101591909034595,0.965123135828649,-0.241280783957162));
#5522=DIRECTION('',(-0.104684784518043,0.994505452921406,0.));
#5523=DIRECTION('',(0.,0.,1.));
#5524=DIRECTION('',(0.0399680383488719,0.999200958721789,0.));
#5525=DIRECTION('',(0.999200958721789,-0.0399680383488719,0.));
#5526=DIRECTION('',(-0.851896971518571,0.0340758788607431,-0.522599640640285));
#5527=DIRECTION('',(0.999164426773715,-0.0399665770709489,-0.00855108105361442));
#5528=DIRECTION('',(-0.999200958721789,0.0399680383488719,-3.18868737871539E-16));
#5529=DIRECTION('',(-1.,0.,0.));
#5530=DIRECTION('',(0.,0.,-1.));
#5531=DIRECTION('',(0.,0.,1.));
#5532=DIRECTION('',(0.,0.939692620785909,0.342020143325668));
#5533=DIRECTION('',(0.,-0.64018439966448,-0.768221279597376));
#5534=DIRECTION('',(0.,0.64018439966448,-0.768221279597376));
#5535=DIRECTION('',(0.,-0.531053794315516,0.84733810698156));
#5536=DIRECTION('',(0.,-1.,0.));
#5537=DIRECTION('',(0.,0.,-1.));
#5538=DIRECTION('',(1.,0.,0.));
#5539=DIRECTION('',(0.,0.,-1.));
#5540=DIRECTION('',(-1.,0.,0.));
#5541=DIRECTION('',(0.,0.,1.));
#5542=DIRECTION('',(-1.,0.,0.));
#5543=DIRECTION('',(0.,0.,-1.));
#5544=DIRECTION('',(0.,0.,-1.));
#5545=DIRECTION('',(0.,0.531053794315516,-0.84733810698156));
#5546=DIRECTION('',(0.,-1.,0.));
#5547=DIRECTION('',(0.,0.970142500145332,-0.242535625036332));
#5548=DIRECTION('',(0.,0.,1.));
#5549=DIRECTION('',(0.,-0.939692620785908,0.342020143325669));
#5550=DIRECTION('',(0.,-0.939692620785909,-0.342020143325668));
#5551=DIRECTION('',(0.,-0.242535625036333,-0.970142500145332));
#5552=DIRECTION('',(0.,0.970142500145332,-0.242535625036333));
#5553=DIRECTION('',(0.251587526194749,-0.938937430309368,0.234734357577342));
#5554=DIRECTION('',(0.963910129642688,0.258278940813937,-0.0645697352034843));
#5555=DIRECTION('',(0.488677777425221,-0.846414739030318,0.211603684757579));
#5556=DIRECTION('',(-1.,0.,0.));
#5557=DIRECTION('',(-0.0921704084789236,-0.966012844050931,0.241503211012733));
#5558=DIRECTION('',(0.,0.358509168131839,-0.933526205505457));
#5559=DIRECTION('',(0.,0.933526205505457,0.358509168131839));
#5560=DIRECTION('',(0.0982074459386067,-0.929013506998831,-0.356776122205437));
#5561=DIRECTION('',(-1.,0.,0.));
#5562=DIRECTION('',(0.474447867169312,0.821767811479922,0.315589742155842));
#5563=DIRECTION('',(-1.,0.,0.));
#5564=DIRECTION('',(-0.261625221111547,0.901011059668083,0.346022129399455));
#5565=DIRECTION('',(-0.088719516001109,-0.929844983758004,-0.357095440548611));
#5566=DIRECTION('',(0.,0.,1.));
#5567=DIRECTION('',(-1.,0.,0.));
#5568=DIRECTION('',(-0.0949818699163533,-0.995479002484328,0.));
#5569=DIRECTION('',(0.0356213104526834,-0.999365359736685,0.));
#5570=DIRECTION('',(0.147023315514068,-0.989133026794299,0.));
#5571=DIRECTION('',(0.25276533210379,0.967527615567876,0.));
#5572=DIRECTION('',(0.,0.,1.));
#5573=DIRECTION('',(-1.,0.,0.));
#5574=DIRECTION('',(0.104684784518043,-0.994505452921406,0.));
#5575=DIRECTION('',(-1.,0.,0.));
#5576=DIRECTION('',(0.00201721541814541,0.999997965418909,0.));
#5577=DIRECTION('',(0.,-0.242535625036332,-0.970142500145332));
#5578=DIRECTION('',(0.,0.970142500145332,-0.242535625036332));
#5579=DIRECTION('',(-0.0250148563988871,-0.969838922688575,0.242459730672144));
#5580=DIRECTION('',(0.101591909034595,-0.965123135828649,0.241280783957162));
#5581=DIRECTION('',(0.140352202546496,0.96053968126519,-0.240134920316297));
#5582=DIRECTION('',(-1.,0.,0.));
#5583=DIRECTION('',(0.85933784884732,0.496138938356834,-0.124034734589208));
#5584=DIRECTION('',(0.488677777425222,-0.846414739030318,0.211603684757579));
#5585=DIRECTION('',(-0.139752651022874,-0.960621953690704,0.240155488422676));
#5586=DIRECTION('',(0.,-2.16840434497101E-16,1.));
#5587=DIRECTION('',(0.,-1.,-2.16840434497101E-16));
#5588=DIRECTION('',(-0.0949818699163533,-0.995479002484328,-2.15860099431443E-16));
#5589=DIRECTION('',(0.104684784518043,-0.994505452921406,-2.15648994521214E-16));
#5590=DIRECTION('',(0.230560071302823,-0.931114306917074,-0.282609626472938));
#5591=DIRECTION('',(-0.963910129642688,-0.258278940813937,0.0645697352034843));
#5592=DIRECTION('',(0.963910129642688,0.258278940813937,-0.0645697352034843));
#5593=DIRECTION('',(-0.528717629623595,-0.363696618622966,0.766930529922644));
#5594=DIRECTION('',(0.292185321649071,0.343278947050917,-0.89262943169293));
#5595=DIRECTION('',(0.338623768435707,-0.19550452386036,0.920386834217295));
#5596=DIRECTION('',(-0.852343192002653,-0.329846582488741,-0.405847650069859));
#5597=DIRECTION('',(-0.251587526194749,0.938937430309368,-0.234734357577342));
#5598=DIRECTION('',(0.500422882351473,-0.288919285834271,-0.816151079820433));
#5599=DIRECTION('',(0.251587526194749,-0.938937430309368,0.234734357577342));
#5600=DIRECTION('',(0.48474321072098,-0.789552161648559,-0.376339479321535));
#5601=DIRECTION('',(-0.464293163478864,0.120066679282189,0.877505470565818));
#5602=DIRECTION('',(0.852343192002653,0.329846582488741,0.405847650069859));
#5603=DIRECTION('',(-0.522982870701067,0.537574946982,0.661439410173427));
#5604=DIRECTION('',(0.885237897709668,0.031553359010868,0.464067074886485));
#5605=DIRECTION('',(0.0921704084789236,0.966012844050931,-0.241503211012733));
#5606=DIRECTION('',(-0.464197628311048,-0.00349757535383068,0.885724747784006));
#5607=DIRECTION('',(0.0921704084789236,0.966012844050931,-0.241503211012733));
#5608=DIRECTION('',(-0.0356213104526834,0.999365359736685,3.3663682923561E-18));
#5609=DIRECTION('',(-0.17478920594582,0.947140719682008,0.269022658162982));
#5610=DIRECTION('',(-0.882719798730866,0.0842231497464102,-0.462290188058684));
#5611=DIRECTION('',(0.0949818699163533,0.995479002484328,0.));
#5612=DIRECTION('',(-0.466500928658769,-0.275184267645176,0.84062506648392));
#5613=DIRECTION('',(-0.0949818699163533,-0.995479002484328,0.));
#5614=DIRECTION('',(0.0982074459386067,-0.929013506998831,-0.356776122205437));
#5615=DIRECTION('',(0.87992179198732,-0.241166229654553,0.409361074920455));
#5616=DIRECTION('',(0.0887195160011089,0.929844983758004,0.357095440548611));
#5617=DIRECTION('',(-0.466500928658769,-0.275184267645175,0.84062506648392));
#5618=DIRECTION('',(0.186807780334708,0.96781638779823,0.168624709682793));
#5619=DIRECTION('',(-0.275109184995103,-0.961084099529099,0.0251453765863981));
#5620=DIRECTION('',(0.0887195160011089,0.929844983758004,0.357095440548611));
#5621=DIRECTION('',(-0.882719798730866,0.0842231497464103,-0.462290188058684));
#5622=DIRECTION('',(0.0949818699163533,0.995479002484328,2.15860099431443E-16));
#5623=DIRECTION('',(-0.0949818699163534,-0.995479002484328,-1.11557943609069E-16));
#5624=DIRECTION('',(-0.276129698090658,0.703049865497101,0.655342106427529));
#5625=DIRECTION('',(-0.0949818699163533,-0.995479002484328,-2.12077626134268E-16));
#5626=DIRECTION('',(0.882719798730866,-0.0842231497464103,0.462290188058684));
#5627=DIRECTION('',(-0.469899730717671,-0.158215544578168,0.868425059821108));
#5628=DIRECTION('',(0.464106843649419,0.00226292675692366,-0.885776335674117));
#5629=DIRECTION('',(0.882719798730866,-0.0842231497464103,0.462290188058684));
#5630=DIRECTION('',(-0.469899730717671,-0.158215544578168,0.868425059821108));
#5631=DIRECTION('',(-0.881856524395503,-0.0928270025679476,-0.462290188058685));
#5632=DIRECTION('',(-0.104684784518043,0.994505452921406,2.15648994521214E-16));
#5633=DIRECTION('',(0.881856524395503,0.0928270025679476,0.462290188058685));
#5634=DIRECTION('',(-0.471517836758148,0.173609758683658,0.864598508736118));
#5635=DIRECTION('',(0.104684784518043,-0.994505452921406,-2.03387618214716E-16));
#5636=DIRECTION('',(0.161189863424403,0.862013272661381,-0.48057355907794));
#5637=DIRECTION('',(-0.470569939979063,0.235396941035588,0.850383567420719));
#5638=DIRECTION('',(0.104684784518043,-0.994505452921406,-9.57413406331839E-17));
#5639=DIRECTION('',(0.881856524395503,0.0928270025679476,0.462290188058685));
#5640=DIRECTION('',(-0.471517836758148,0.173609758683658,0.864598508736118));
#5641=DIRECTION('',(0.879667852304482,0.200420565833612,0.431295799206246));
#5642=DIRECTION('',(-0.101591909034595,0.965123135828649,-0.241280783957162));
#5643=DIRECTION('',(-0.470569939979063,0.235396941035589,0.850383567420719));
#5644=DIRECTION('',(-0.16712583911536,0.979298750209732,-0.11420556789248));
#5645=DIRECTION('',(-0.101591909034595,0.965123135828649,-0.241280783957162));
#5646=DIRECTION('',(-0.881856524395503,-0.0928270025679477,-0.462290188058685));
#5647=DIRECTION('',(-0.104684784518043,0.994505452921406,0.));
#5648=DIRECTION('',(-0.161189863424403,-0.862013272661381,0.48057355907794));
#5649=DIRECTION('',(-0.0250148563988871,-0.969838922688575,0.242459730672144));
#5650=DIRECTION('',(0.104684784518043,-0.994505452921406,7.31892326487575E-18));
#5651=DIRECTION('',(0.207963534140456,-0.95648891207979,-0.204646352364835));
#5652=DIRECTION('',(-0.467688503712836,0.0475015325391149,0.882616036508109));
#5653=DIRECTION('',(0.293448735813192,0.659375563286941,-0.692178955176817));
#5654=DIRECTION('',(-0.606700156037446,0.708925841345814,-0.359637417597599));
#5655=DIRECTION('',(0.713596450536893,0.685052592515417,0.146570976898747));
#5656=DIRECTION('',(0.693381955284264,0.250688410040608,-0.675556648370426));
#5657=DIRECTION('',(-0.713596450536893,-0.685052592515417,-0.146570976898747));
#5658=DIRECTION('',(-0.139265472599609,0.350627219543972,0.926102413913532));
#5659=DIRECTION('',(0.603394977947906,0.116159679520329,-0.788936898263087));
#5660=DIRECTION('',(0.271468983252304,0.609987339870059,0.744459559902491));
#5661=DIRECTION('',(0.0353720598903565,0.950409945895294,-0.308981799014793));
#5662=DIRECTION('',(0.999164426773715,-0.0399665770709489,-0.00855108105361442));
#5663=DIRECTION('',(0.0717132853916001,0.305964366650467,0.949338196344444));
#5664=DIRECTION('',(0.876490350403512,0.119030898247781,0.466472197362131));
#5665=DIRECTION('',(-0.999164426773715,0.0399665770709489,0.00855108105361442));
#5666=DIRECTION('',(-0.0353720598903565,-0.950409945895294,0.308981799014793));
#5667=DIRECTION('',(-0.108096362917862,0.310999895085681,0.94424268150758));
#5668=DIRECTION('',(-0.229611080431287,-0.921161954381531,0.314228269802662));
#5669=DIRECTION('',(0.964212114798521,-0.259264258224471,-0.055471092319141));
#5670=DIRECTION('',(0.964212114798521,-0.259264258224471,-0.055471092319141));
#5671=DIRECTION('',(0.968423962519055,-0.248449180348363,-0.0206889729836301));
#5672=DIRECTION('',(-0.675339051091012,-0.0816948186904764,-0.732968705109994));
#5673=DIRECTION('',(0.226044624379456,-0.843610022961951,0.487058473848149));
#5674=DIRECTION('',(0.,-0.5,-0.866025403784439));
#5675=DIRECTION('',(0.0639910438227595,-0.486060234294301,-0.871579368129055));
#5676=DIRECTION('',(0.973344107085156,0.21551814755998,-0.0784421906560241));
#5677=DIRECTION('',(0.536293115261042,-0.309628974460505,-0.785187616240949));
#5678=DIRECTION('',(0.0349068601662436,0.872671504156087,0.487058473848148));
#5679=DIRECTION('',(0.,-0.487355482971233,0.873203660790469));
#5680=DIRECTION('',(0.0737720929014012,0.483775875212569,-0.872077164516569));
#5681=DIRECTION('',(-0.843610022961951,-0.226044624379456,0.487058473848148));
#5682=DIRECTION('',(-0.5,0.,-0.866025403784439));
#5683=DIRECTION('',(-0.491308743625726,-0.0410392773174945,-0.870018101049725));
#5684=DIRECTION('',(-0.350082814506204,-0.456236806460147,-0.818101460344902));
#5685=DIRECTION('',(0.536293115261041,-0.309628974460505,0.785187616240949));
#5686=DIRECTION('',(0.,-0.873369362327711,0.487058473848148));
#5687=DIRECTION('',(0.,-0.487058473848148,-0.873369362327711));
#5688=DIRECTION('',(0.644808439384414,-0.372280326054333,-0.667554818222082));
#5689=DIRECTION('',(-0.604836081177694,0.630037584560098,0.487058473848148));
#5690=DIRECTION('',(0.721387321030952,0.692531828189713,0.));
#5691=DIRECTION('',(0.675339051091012,0.0816948186904763,0.732968705109994));
#5692=DIRECTION('',(-0.134024449585586,0.522355406564613,-0.842129607688745));
#5693=DIRECTION('',(-0.495453338947364,0.181114747299117,-0.849543075562791));
#5694=DIRECTION('',(0.336708370093932,0.756579409275253,-0.560548901496915));
#5695=DIRECTION('',(0.22678263855747,0.843411926582512,0.487058473848148));
#5696=DIRECTION('',(0.,-0.50008807036881,0.865974550362076));
#5697=DIRECTION('',(0.482590772870106,-0.531690642727203,0.695996556296773));
#5698=DIRECTION('',(0.973166719707027,-0.216224345386132,-0.0786992256442464));
#5699=DIRECTION('',(0.784245021656207,0.138400540653386,-0.604818184543343));
#5700=DIRECTION('',(-0.8685705932494,-0.0914284834999369,0.487058473848148));
#5701=DIRECTION('',(-0.489107027691678,0.,-0.872223776024601));
#5702=DIRECTION('',(0.30273318174402,0.680237594770846,0.667554818222081));
#5703=DIRECTION('',(-0.488914720945547,-0.00238388685497358,-0.872328328512952));
#5704=DIRECTION('',(0.8685705932494,0.0914284834999369,-0.487058473848148));
#5705=DIRECTION('',(-0.495565459391981,0.160245413897218,-0.853660519634429));
#5706=DIRECTION('',(-0.869420861610364,0.0829542551615391,0.487058473848148));
#5707=DIRECTION('',(-0.488742996918021,0.,-0.872427809600079));
#5708=DIRECTION('',(0.869420861610364,-0.0829542551615391,-0.487058473848148));
#5709=DIRECTION('',(-0.494072226902801,-0.145974932549649,-0.85707873248053));
#5710=DIRECTION('',(0.,-0.84733810698156,-0.531053794315516));
#5711=DIRECTION('',(-1.,0.,0.));
#5712=DIRECTION('',(0.,-0.531053794315516,0.84733810698156));
#5713=DIRECTION('',(0.,0.531053794315516,-0.84733810698156));
#5714=DIRECTION('',(0.,-0.342020143325668,0.939692620785908));
#5715=DIRECTION('',(1.,0.,0.));
#5716=DIRECTION('',(0.,0.939692620785909,0.342020143325668));
#5717=DIRECTION('',(0.,-0.939692620785909,-0.342020143325668));
#5718=DIRECTION('',(0.,-0.342020143325669,-0.939692620785908));
#5719=DIRECTION('',(-1.,0.,0.));
#5720=DIRECTION('',(0.,-0.939692620785908,0.342020143325669));
#5721=DIRECTION('',(0.,0.939692620785908,-0.342020143325669));
#5722=DIRECTION('',(0.,-0.342020143325669,0.939692620785908));
#5723=DIRECTION('',(1.,0.,0.));
#5724=DIRECTION('',(0.,0.939692620785908,0.342020143325669));
#5725=DIRECTION('',(0.,-0.939692620785908,-0.342020143325669));
#5726=DIRECTION('',(0.,-0.342020143325669,-0.939692620785908));
#5727=DIRECTION('',(-1.,0.,0.));
#5728=DIRECTION('',(0.,0.939692620785908,-0.342020143325669));
#5729=DIRECTION('',(0.188251509917208,-0.832735478895522,-0.520685117131782));
#5730=DIRECTION('',(0.963910129642688,0.258278940813937,-0.0645697352034843));
#5731=DIRECTION('',(-0.403753289962408,-0.548910826343921,0.731901759505308));
#5732=DIRECTION('',(-0.688834973484833,-0.344085948212042,-0.638052693393868));
#5733=DIRECTION('',(0.251587526194749,-0.938937430309368,0.234734357577342));
#5734=DIRECTION('',(0.702613734966705,-0.100244655152747,-0.704474945295745));
#5735=DIRECTION('',(0.711554751310983,0.10576447846108,0.694624870691096));
#5736=DIRECTION('',(0.0921704084789236,0.966012844050931,-0.241503211012733));
#5737=DIRECTION('',(0.701067605755164,-0.040964394254339,-0.711917221707761));
#5738=DIRECTION('',(-0.713015875416099,-0.0254146890408336,-0.700687130597938));
#5739=DIRECTION('',(0.0356213104526834,-0.999365359736685,0.));
#5740=DIRECTION('',(0.701113402484331,-0.015932080820442,-0.712871773643462));
#5741=DIRECTION('',(0.710563909594698,-0.0677971998002454,0.700358815237407));
#5742=DIRECTION('',(0.0949818699163533,0.995479002484328,0.));
#5743=DIRECTION('',(0.702404079367287,0.12713910253831,-0.700331462875935));
#5744=DIRECTION('',(-0.710437236810393,0.185600804785174,-0.678845544889491));
#5745=DIRECTION('',(0.0982074459386067,-0.929013506998831,-0.356776122205437));
#5746=DIRECTION('',(0.702447866149417,0.245900373731268,-0.66790718033343));
#5747=DIRECTION('',(0.709837600171476,-0.310524973119445,0.632222130624963));
#5748=DIRECTION('',(0.088719516001109,0.929844983758004,0.357095440548611));
#5749=DIRECTION('',(0.701107006872933,0.225254540170891,-0.676542206404063));
#5750=DIRECTION('',(0.703909953185489,-0.0671623243076322,0.707106781186547));
#5751=DIRECTION('',(0.0949818699163533,0.995479002484328,2.2037381412918E-16));
#5752=DIRECTION('',(-0.708866888681765,-0.00345634603634483,0.705333813029484));
#5753=DIRECTION('',(-0.703909953185489,0.0671623243076322,-0.707106781186547));
#5754=DIRECTION('',(-0.710289221237661,-0.0665591242914209,0.700756095347844));
#5755=DIRECTION('',(0.703221549687726,0.0740233210197606,0.707106781186546));
#5756=DIRECTION('',(-0.104684784518043,0.994505452921406,2.12972731300455E-16));
#5757=DIRECTION('',(0.708273723825432,-0.159486395183476,-0.687686281592003));
#5758=DIRECTION('',(-0.703221549687726,-0.0740233210197606,-0.707106781186546));
#5759=DIRECTION('',(-0.71097078143535,0.0732165032372453,0.699399665140696));
#5760=DIRECTION('',(0.703448322202387,0.241190059787947,0.668571471908676));
#5761=DIRECTION('',(-0.101591909034595,0.965123135828649,-0.241280783957162));
#5762=DIRECTION('',(0.708072767343632,-0.156301228339085,-0.688623904730314));
#5763=DIRECTION('',(-0.706137691626166,-0.15453792737573,-0.691004768049601));
#5764=DIRECTION('',(-0.0250148563988871,-0.969838922688574,0.242459730672144));
#5765=DIRECTION('',(0.708062240988562,-0.148359601737692,-0.690389231852938));
#5766=DIRECTION('',(0.704112594763316,0.0741171152382439,0.706209676459075));
#5767=DIRECTION('',(-0.104684784518043,0.994505452921406,0.));
#5768=DIRECTION('',(0.708193572265101,-0.145902594901939,-0.690778037435525));
#5769=DIRECTION('',(-0.698100658777042,0.00140822227744494,-0.715998245196926));
#5770=DIRECTION('',(0.207963534140456,-0.956488912079789,-0.204646352364835));
#5771=DIRECTION('',(-0.712522733929784,0.0970632533612003,0.694902927379189));
#5772=DIRECTION('',(-0.491094239802841,0.638370937964636,-0.592713247021375));
#5773=DIRECTION('',(-0.713596450536893,-0.685052592515417,-0.146570976898747));
#5774=DIRECTION('',(0.191216119403583,-0.584820494537392,-0.78830285097117));
#5775=DIRECTION('',(-0.185858991253914,-0.810165738992432,0.555956752574267));
#5776=DIRECTION('',(0.964212114798521,-0.259264258224471,-0.0554710923191409));
#5777=DIRECTION('',(-0.10863242242765,-0.545403833944173,-0.831103877211807));
#5778=DIRECTION('',(0.0286435584574111,0.833987147678468,-0.551039911500093));
#5779=DIRECTION('',(-0.999164426773715,0.0399665770709489,0.00855108105361442));
#5780=DIRECTION('',(0.866025403784444,-0.423669053490772,-0.265526897157753));
#5781=DIRECTION('',(0.,0.531053794315516,-0.84733810698156));
#5782=DIRECTION('',(0.485190190818586,0.840374061831851,0.24158210805782));
#5783=DIRECTION('',(0.866025403784444,-0.499999999999991,0.));
#5784=DIRECTION('',(0.,0.,-1.));
#5785=DIRECTION('',(0.427535056636429,0.740512440111151,-0.518512392703892));
#5786=DIRECTION('',(0.866025403784443,-0.171010071662831,0.469846310392947));
#5787=DIRECTION('',(0.,-0.939692620785909,-0.342020143325668));
#5788=DIRECTION('',(0.866025403784439,0.171010071662834,-0.469846310392954));
#5789=DIRECTION('',(0.,-0.939692620785909,-0.342020143325668));
#5790=DIRECTION('',(-0.427535056636437,0.740512440111147,-0.518512392703891));
#5791=DIRECTION('',(0.866025403784439,0.5,0.));
#5792=DIRECTION('',(0.,0.,1.));
#5793=DIRECTION('',(-0.485190190818595,0.840374061831846,0.24158210805782));
#5794=DIRECTION('',(0.866025403784439,0.423669053490779,0.265526897157757));
#5795=DIRECTION('',(0.,0.531053794315516,-0.84733810698156));
#5796=DIRECTION('',(-0.866025403784439,-0.171010071662834,-0.469846310392954));
#5797=DIRECTION('',(0.,0.939692620785908,-0.342020143325669));
#5798=DIRECTION('',(0.427535056636438,-0.740512440111146,-0.518512392703892));
#5799=DIRECTION('',(-0.866025403784438,-0.5,0.));
#5800=DIRECTION('',(0.,0.,1.));
#5801=DIRECTION('',(0.5,-0.866025403784439,0.));
#5802=DIRECTION('',(0.,0.,1.));
#5803=DIRECTION('',(-0.817378863892364,-0.471913907098167,-0.330437675136131));
#5804=DIRECTION('',(0.5,-0.296198132726025,-0.813797681349374));
#5805=DIRECTION('',(0.,-0.939692620785908,0.342020143325669));
#5806=DIRECTION('',(0.866025403784435,-0.500000000000007,0.));
#5807=DIRECTION('',(0.,0.,-1.));
#5808=DIRECTION('',(0.427535056636444,0.740512440111145,-0.518512392703888));
#5809=DIRECTION('',(0.866025403784434,-0.171010071662838,0.469846310392962));
#5810=DIRECTION('',(0.,-0.939692620785908,-0.342020143325669));
#5811=DIRECTION('',(-0.5,-0.296198132726025,0.813797681349374));
#5812=DIRECTION('',(0.,0.939692620785908,0.342020143325669));
#5813=DIRECTION('',(-0.866025403784439,-0.171010071662834,-0.469846310392954));
#5814=DIRECTION('',(0.,0.939692620785908,-0.342020143325669));
#5815=DIRECTION('',(0.427535056636437,-0.740512440111147,-0.518512392703891));
#5816=DIRECTION('',(-0.866025403784439,-0.5,0.));
#5817=DIRECTION('',(0.,0.,1.));
#5818=DIRECTION('',(0.913609378691108,-0.406593043678377,0.));
#5819=DIRECTION('',(0.,0.,1.));
#5820=DIRECTION('',(-0.5,-0.866025403784439,0.));
#5821=DIRECTION('',(0.,0.,-1.));
#5822=DIRECTION('',(0.151577824570399,-0.988003832422692,-0.0295396380576661));
#5823=DIRECTION('',(-0.675339051091012,-0.0816948186904763,-0.732968705109994));
#5824=DIRECTION('',(-1.,0.,0.));
#5825=DIRECTION('',(0.,0.,-1.));
#5826=DIRECTION('',(0.620516717959194,0.0816469365735782,0.779931266510902));
#5827=DIRECTION('',(-0.784193217729629,0.0646056201056394,0.617144319521468));
#5828=DIRECTION('',(-0.831400096482424,-0.109394749537161,-0.544799658904737));
#5829=DIRECTION('',(-0.555674256708924,0.163676478119642,0.815129517893528));
#5830=DIRECTION('',(-0.832531072486996,0.0992931014001055,-0.545007241564735));
#5831=DIRECTION('',(-0.553978350970192,-0.14921989650754,0.81904908835956));
#5832=DIRECTION('',(0.621255957576701,-0.0740950492175736,0.780096762496104));
#5833=DIRECTION('',(-0.783607704897965,-0.058743667865479,0.618472429709081));
#5834=DIRECTION('',(1.,0.,0.));
#5835=DIRECTION('',(0.,0.,-1.));
#5836=DIRECTION('',(-1.,0.,0.));
#5837=DIRECTION('',(0.,1.,0.));
#5838=DIRECTION('',(1.,0.,0.));
#5839=DIRECTION('',(0.,0.,-1.));
#5840=DIRECTION('',(-1.,0.,0.));
#5841=DIRECTION('',(0.,0.,-1.));
#5842=DIRECTION('',(-0.832531072486996,0.0992931014001055,-0.545007241564735));
#5843=DIRECTION('',(-0.553978350970192,-0.14921989650754,0.81904908835956));
#5844=DIRECTION('',(-0.831400096482424,-0.109394749537161,-0.544799658904737));
#5845=DIRECTION('',(-0.555674256708924,0.163676478119642,0.815129517893528));
#5846=DIRECTION('',(-0.814154760576847,-0.10712562639169,0.570680406182169));
#5847=DIRECTION('',(-0.580647936214413,0.150206059932271,-0.800178801099833));
#5848=DIRECTION('',(-0.815249522063485,0.097231990655702,0.570888918064092));
#5849=DIRECTION('',(-0.579109848625681,-0.136879616362005,-0.803676398713643));
#5850=DIRECTION('',(1.,0.,0.));
#5851=DIRECTION('',(0.,0.,-1.));
#5852=DIRECTION('',(-1.,0.,0.));
#5853=DIRECTION('',(0.,1.,0.));
#5854=DIRECTION('',(1.,0.,0.));
#5855=DIRECTION('',(0.,0.,-1.));
#5856=DIRECTION('',(-1.,0.,0.));
#5857=DIRECTION('',(0.,0.,-1.));
#5858=DIRECTION('',(-0.948226264790109,-0.317595577365614,0.));
#5859=DIRECTION('',(-0.317595577365614,0.948226264790109,0.));
#5860=DIRECTION('',(-0.793487011803894,-0.383837434187987,-0.472278716664757));
#5861=DIRECTION('',(-0.608587185289443,0.500454209411995,0.615765557808561));
#5862=DIRECTION('',(1.,0.,0.));
#5863=DIRECTION('',(0.,0.,-1.));
#5864=DIRECTION('',(-1.,0.,0.));
#5865=DIRECTION('',(0.,1.,0.));
#5866=DIRECTION('',(1.,0.,0.));
#5867=DIRECTION('',(0.,0.,-1.));
#5868=DIRECTION('',(-1.,0.,0.));
#5869=DIRECTION('',(0.,0.,-1.));
#5870=DIRECTION('',(-1.,0.,0.));
#5871=DIRECTION('',(0.,0.,-1.));
#5872=DIRECTION('',(-1.,0.,0.));
#5873=DIRECTION('',(0.,0.,-1.));
#5874=DIRECTION('',(0.,-0.768221279597376,0.64018439966448));
#5875=DIRECTION('',(0.,-0.64018439966448,-0.768221279597376));
#5876=DIRECTION('',(-1.,0.,0.));
#5877=DIRECTION('',(0.,0.768221279597376,-0.64018439966448));
#5878=DIRECTION('',(0.,-0.64018439966448,-0.768221279597376));
#5879=DIRECTION('',(0.,-0.768221279597376,-0.64018439966448));
#5880=DIRECTION('',(0.,0.64018439966448,-0.768221279597376));
#5881=DIRECTION('',(0.,0.768221279597376,0.64018439966448));
#5882=DIRECTION('',(0.,-0.64018439966448,0.768221279597376));
#5883=DIRECTION('',(0.,-1.,0.));
#5884=DIRECTION('',(0.,0.,-1.));
#5885=DIRECTION('',(0.735960750555871,-0.269655827388185,0.621005240232989));
#5886=DIRECTION('',(-0.488677777425222,-0.846414739030318,0.211603684757579));
#5887=DIRECTION('',(-0.331963601900947,0.655694916011246,0.678132984104117));
#5888=DIRECTION('',(0.,-0.71890023789864,0.695113262676867));
#5889=DIRECTION('',(-1.,0.,0.));
#5890=DIRECTION('',(0.162377997550022,0.685888156195989,0.709359445628033));
#5891=DIRECTION('',(-0.43982051296582,-0.5932232143154,0.674273041409627));
#5892=DIRECTION('',(-0.85933784884732,0.496138938356834,-0.124034734589208));
#5893=DIRECTION('',(0.735960750555875,-0.269655827388187,0.621005240232984));
#5894=DIRECTION('',(-0.488677777425221,-0.846414739030318,0.211603684757579));
#5895=DIRECTION('',(-0.33196360190094,0.655694916011247,0.678132984104119));
#5896=DIRECTION('',(0.,-0.71890023789864,0.695113262676867));
#5897=DIRECTION('',(-1.,0.,0.));
#5898=DIRECTION('',(-0.782905422056102,-0.223043159085549,0.58078468411305));
#5899=DIRECTION('',(0.,0.933526205505457,0.358509168131839));
#5900=DIRECTION('',(-0.566916164089587,0.640272211405588,-0.518321867371757));
#5901=DIRECTION('',(0.,-0.629202825000301,-0.777241149844526));
#5902=DIRECTION('',(1.,0.,0.));
#5903=DIRECTION('',(-0.374377212515462,-0.720717451112744,0.58344499176075));
#5904=DIRECTION('',(-0.726471370990037,-0.163055748604497,-0.667571846304863));
#5905=DIRECTION('',(-0.474447867169312,0.821767811479922,0.315589742155842));
#5906=CARTESIAN_POINT('',(0.,0.,0.));
#5907=CARTESIAN_POINT('',(-0.01,-0.00503598948161034,0.));
#5908=CARTESIAN_POINT('',(-0.05,-0.0163787838708181,0.));
#5909=CARTESIAN_POINT('',(-0.042,-0.0163787838708181,0.));
#5910=CARTESIAN_POINT('',(-0.0488452994616208,-0.0163787838708181,0.));
#5911=CARTESIAN_POINT('',(-0.0452317139084157,0.00192105576666314,0.));
#5912=CARTESIAN_POINT('',(-0.05,-0.0222263926711442,0.));
#5913=CARTESIAN_POINT('',(-0.05,-0.033,0.));
#5914=CARTESIAN_POINT('',(-0.05,-0.0437736073288558,0.));
#5915=CARTESIAN_POINT('',(-0.0558610969683385,-0.0140919703394694,0.));
#5916=CARTESIAN_POINT('',(-0.0488452994616208,-0.0496212161291819,0.));
#5917=CARTESIAN_POINT('',(-0.01,-0.0496212161291819,0.));
#5918=CARTESIAN_POINT('',(-0.0440481512623054,-0.049621216129182,0.));
#5919=CARTESIAN_POINT('',(-0.058656176263739,-0.053549126500763,0.));
#5920=CARTESIAN_POINT('',(-0.0492114402456388,-0.051009558245732,0.));
#5921=CARTESIAN_POINT('',(-0.0639029076609239,-0.0369057495270583,0.));
#5922=CARTESIAN_POINT('',(-0.057474670853894,-0.043076856861807,0.));
#5923=CARTESIAN_POINT('',(-0.0533585552373652,-0.00397375850478319,0.));
#5924=CARTESIAN_POINT('',(-0.0535730894275507,-0.00601183331154488,0.));
#5925=CARTESIAN_POINT('',(-0.0576882594095385,0.0371181378327413,0.));
#5926=CARTESIAN_POINT('',(-0.0571835199903686,0.0318281020190411,0.));
#5927=CARTESIAN_POINT('',(-0.0515278924642336,0.052935191295262,0.));
#5928=CARTESIAN_POINT('',(-0.0546700091808033,0.0412086520657126,0.));
#5929=CARTESIAN_POINT('',(-0.0490935316019001,0.0412086520657126,0.));
#5930=CARTESIAN_POINT('',(-0.0538408779368348,0.0412086520657126,0.));
#5931=CARTESIAN_POINT('',(-0.04,0.0375,0.));
#5932=CARTESIAN_POINT('',(-0.0404523847528039,0.0376212161291819,0.));
#5933=CARTESIAN_POINT('',(-0.05,0.0376212161291819,0.));
#5934=CARTESIAN_POINT('',(-0.0488452994616208,0.0376212161291819,0.));
#5935=CARTESIAN_POINT('',(-0.0554946675154881,0.00394763422977559,0.));
#5936=CARTESIAN_POINT('',(-0.05,0.0317736073288558,0.));
#5937=CARTESIAN_POINT('',(-0.05,0.021,0.));
#5938=CARTESIAN_POINT('',(-0.05,0.0102263926711442,0.));
#5939=CARTESIAN_POINT('',(-0.0455981433612661,-0.0120653918763574,0.));
#5940=CARTESIAN_POINT('',(-0.0488452994616208,0.00437878387081806,0.));
#5941=CARTESIAN_POINT('',(-0.01,0.00437878387081806,0.));
#5942=CARTESIAN_POINT('',(-0.042,0.00437878387081806,0.));
#5943=CARTESIAN_POINT('',(-0.0378157889745998,0.0114419800275449,0.));
#5944=CARTESIAN_POINT('',(-0.04,0.00775490238580199,0.));
#5945=CARTESIAN_POINT('',(-0.04,0.00925,0.));
#5946=CARTESIAN_POINT('',(-0.04,0.01,0.));
#5947=CARTESIAN_POINT('',(-0.038,0.004,0.));
#5948=CARTESIAN_POINT('',(-0.036,-0.002,0.));
#5949=CARTESIAN_POINT('',(-0.036,-0.006,0.));
#5950=CARTESIAN_POINT('',(-0.036,-0.01,0.));
#5951=CARTESIAN_POINT('',(-0.038,-0.016,0.));
#5952=CARTESIAN_POINT('',(-0.04,-0.022,0.));
#5953=CARTESIAN_POINT('',(-0.04,-0.02125,0.));
#5954=CARTESIAN_POINT('',(-0.04,-0.019754902385802,0.));
#5955=CARTESIAN_POINT('',(-0.0386612433223743,-0.0220148029889974,0.));
#5956=CARTESIAN_POINT('',(-0.01,-0.00503598948161034,0.));
#5957=CARTESIAN_POINT('',(-0.058656176263739,-0.053549126500763,0.));
#5958=CARTESIAN_POINT('',(-0.0409924555747426,-0.0487995787906372,0.));
#5959=CARTESIAN_POINT('',(-0.0253663007652446,-0.0445979063853576,0.));
#5960=CARTESIAN_POINT('',(-0.031511856875775,-0.000788141589560992,0.));
#5961=CARTESIAN_POINT('',(-0.04,-0.0437736073288558,0.));
#5962=CARTESIAN_POINT('',(-0.04,-0.04275,0.));
#5963=CARTESIAN_POINT('',(-0.04,-0.04,0.));
#5964=CARTESIAN_POINT('',(-0.02,-0.04,0.));
#5965=CARTESIAN_POINT('',(0.04,-0.04,0.));
#5966=CARTESIAN_POINT('',(0.04,-0.04275,0.));
#5967=CARTESIAN_POINT('',(0.04,-0.0437736073288558,0.));
#5968=CARTESIAN_POINT('',(0.031511856875775,-0.000788141589560992,0.));
#5969=CARTESIAN_POINT('',(0.0409924555747426,-0.0487995787906372,0.));
#5970=CARTESIAN_POINT('',(0.058656176263739,-0.053549126500763,0.));
#5971=CARTESIAN_POINT('',(0.0253663007652446,-0.0445979063853576,0.));
#5972=CARTESIAN_POINT('',(0.0272806570490428,-0.0446744806367095,0.));
#5973=CARTESIAN_POINT('',(-3.46944695195361E-18,-0.0435832543547478,0.));
#5974=CARTESIAN_POINT('',(-0.0272806570490428,-0.0446744806367095,0.));
#5975=CARTESIAN_POINT('',(-0.036,-0.006,0.03));
#5976=CARTESIAN_POINT('',(-0.036,-0.006,0.011));
#5977=CARTESIAN_POINT('',(-0.036,-0.006,0.01));
#5978=CARTESIAN_POINT('',(-0.036,-0.006,0.003));
#5979=CARTESIAN_POINT('',(-0.036,-0.006,0.002));
#5980=CARTESIAN_POINT('',(-0.036,-0.006,0.014));
#5981=CARTESIAN_POINT('',(-0.036,-0.01,0.014));
#5982=CARTESIAN_POINT('',(-0.036,-0.002,0.014));
#5983=CARTESIAN_POINT('',(-0.036,-0.01,0.03));
#5984=CARTESIAN_POINT('',(-0.036,-0.002,0.03));
#5985=CARTESIAN_POINT('',(-0.038,0.004,0.03));
#5986=CARTESIAN_POINT('',(-0.04,0.01,0.03));
#5987=CARTESIAN_POINT('',(-0.04,0.01,0.0165396087109954));
#5988=CARTESIAN_POINT('',(-0.039240919389291,0.00772275816787298,0.0166883128969438));
#5989=CARTESIAN_POINT('',(-0.0390350485172459,0.00710514555173765,0.0167286430805977));
#5990=CARTESIAN_POINT('',(-0.0394711266049863,0.0084133798149589,0.0172310542337748));
#5991=CARTESIAN_POINT('',(-0.0366666666666667,-8.67361737988404E-19,0.014));
#5992=CARTESIAN_POINT('',(-0.038,0.004,0.014));
#5993=CARTESIAN_POINT('',(-0.0549502887527834,-0.048847722797328,0.03));
#5994=CARTESIAN_POINT('',(-0.0575471980747965,-0.0463546898481953,0.00570457647939091));
#5995=CARTESIAN_POINT('',(-0.0527457167978142,-0.0509641118740984,0.00471836389271275));
#5996=CARTESIAN_POINT('',(-0.0561779548557919,-0.0476691633384398,0.00542333724947252));
#5997=CARTESIAN_POINT('',(-0.0561779548557919,-0.0476691633384398,0.00433012701892227));
#5998=CARTESIAN_POINT('',(-0.0561779548557919,-0.0476691633384398,0.00433012701892228));
#5999=CARTESIAN_POINT('',(-0.0549502887527833,-0.048847722797328,0.00433012701892228));
#6000=CARTESIAN_POINT('',(-0.0527601079290461,-0.0509502963881158,0.00433012701892228));
#6001=CARTESIAN_POINT('',(-0.0525537799257554,-0.0511483712712748,0.00989634260558818));
#6002=CARTESIAN_POINT('',(-0.0374502887527833,-0.050347722797328,0.03));
#6003=CARTESIAN_POINT('',(-0.0374502887527833,-0.050347722797328,0.00433012701892229));
#6004=CARTESIAN_POINT('',(-0.025,-0.047,0.0043301270189223));
#6005=CARTESIAN_POINT('',(-0.0283446671303945,-0.0478993380494402,0.00433012701892228));
#6006=CARTESIAN_POINT('',(-0.025,-0.047,0.03));
#6007=CARTESIAN_POINT('',(-0.025,-0.047,0.00452254561263148));
#6008=CARTESIAN_POINT('',(-0.0383012697113521,-0.0505765406514083,0.00375732398888702));
#6009=CARTESIAN_POINT('',(-0.045,-0.0205,0.03));
#6010=CARTESIAN_POINT('',(-0.042,-0.0205,0.015125));
#6011=CARTESIAN_POINT('',(-0.042,-0.0205,0.0015));
#6012=CARTESIAN_POINT('',(-0.042,-0.0205,0.0132561849803094));
#6013=CARTESIAN_POINT('',(-0.0488452994616208,-0.0205,0.0132561849803094));
#6014=CARTESIAN_POINT('',(-0.0488452994616208,-0.0205,0.0132561849803094));
#6015=CARTESIAN_POINT('',(-0.0488452994616208,-0.0205,0.0015));
#6016=CARTESIAN_POINT('',(-0.0488452994616208,-0.0205,0.0015));
#6017=CARTESIAN_POINT('',(-0.04,-0.0205,0.0015));
#6018=CARTESIAN_POINT('',(-0.04,-0.02125,0.03));
#6019=CARTESIAN_POINT('',(-0.04,-0.0247058823529412,0.0161764705882353));
#6020=CARTESIAN_POINT('',(-0.04,-0.0200325709630515,0.0150081427407628));
#6021=CARTESIAN_POINT('',(-0.04,-0.022,0.0155));
#6022=CARTESIAN_POINT('',(-0.04,-0.0125301219359169,0.0216087728324092));
#6023=CARTESIAN_POINT('',(-0.04,-0.0216547005383792,0.0135809984511139));
#6024=CARTESIAN_POINT('',(-0.04,-0.0216547005383792,0.0015));
#6025=CARTESIAN_POINT('',(-0.04,-0.0216547005383792,0.00069146997865204));
#6026=CARTESIAN_POINT('',(-0.04,-0.0167737147144527,-0.0010850635751325));
#6027=CARTESIAN_POINT('',(-0.04,-0.022,0.03));
#6028=CARTESIAN_POINT('',(-0.038,-0.016,0.03));
#6029=CARTESIAN_POINT('',(-0.0391360946745562,-0.0194082840236686,0.0148520710059172));
#6030=CARTESIAN_POINT('',(-0.038,-0.016,0.014));
#6031=CARTESIAN_POINT('',(-0.038,-0.016,0.014));
#6032=CARTESIAN_POINT('',(-0.04,0.00925,0.03));
#6033=CARTESIAN_POINT('',(-0.04,0.0085,0.0155929746472103));
#6034=CARTESIAN_POINT('',(-0.04,0.0085,0.0155929746472103));
#6035=CARTESIAN_POINT('',(-0.04,0.0081895219529082,0.0158443170579535));
#6036=CARTESIAN_POINT('',(-0.04,0.010435337825504,0.0167067948068515));
#6037=CARTESIAN_POINT('',(-0.04,0.00889493084363469,0.000414936424867505));
#6038=CARTESIAN_POINT('',(-0.04,0.0085,0.000271193353190833));
#6039=CARTESIAN_POINT('',(-0.04,0.0085,0.03));
#6040=CARTESIAN_POINT('',(-0.045,0.0085,0.03));
#6041=CARTESIAN_POINT('',(-0.0488452994616207,0.0085,0.03));
#6042=CARTESIAN_POINT('',(-0.0488452994616207,0.0085,0.0015));
#6043=CARTESIAN_POINT('',(-0.0488452994616207,0.0085,0.0155929746472103));
#6044=CARTESIAN_POINT('',(-0.045,0.0085,0.0155929746472103));
#6045=CARTESIAN_POINT('',(-0.0568897438232297,0.0085,0.0106483080896352));
#6046=CARTESIAN_POINT('',(-0.042,0.0085,0.0015));
#6047=CARTESIAN_POINT('',(-0.045,0.0085,0.0015));
#6048=CARTESIAN_POINT('',(-0.05,0.021,0.03));
#6049=CARTESIAN_POINT('',(-0.05,0.0236557379575143,0.023084692948819));
#6050=CARTESIAN_POINT('',(-0.05,0.00813475920898773,0.0171240534435645));
#6051=CARTESIAN_POINT('',(-0.05,0.01562347,0.02));
#6052=CARTESIAN_POINT('',(-0.05,0.0179233664678909,0.0147331666899805));
#6053=CARTESIAN_POINT('',(-0.05,0.0105,0.0165463386853057));
#6054=CARTESIAN_POINT('',(-0.05,0.0105,0.03));
#6055=CARTESIAN_POINT('',(-0.05,0.0105,9.95849235805859E-5));
#6056=CARTESIAN_POINT('',(-0.05,0.0050628241574694,-0.00187938524157181));
#6057=CARTESIAN_POINT('',(-0.05,0.0328159597133486,-0.000379385241571817));
#6058=CARTESIAN_POINT('',(-0.05,0.0315,9.95849235805807E-5));
#6059=CARTESIAN_POINT('',(-0.05,0.0315,0.0185308675));
#6060=CARTESIAN_POINT('',(-0.05,0.0315,0.0172969225871449));
#6061=CARTESIAN_POINT('',(-0.05,0.0256346673062011,0.0147500501326388));
#6062=CARTESIAN_POINT('',(-0.05,0.0340341746049019,0.0183973238487745));
#6063=CARTESIAN_POINT('',(-0.05,0.0190366747058823,0.0221466988235294));
#6064=CARTESIAN_POINT('',(-0.05,0.02762347,0.02));
#6065=CARTESIAN_POINT('',(-0.05,0.021,0.02));
#6066=CARTESIAN_POINT('',(-0.045,0.0335,0.03));
#6067=CARTESIAN_POINT('',(-0.04,0.0335,0.03));
#6068=CARTESIAN_POINT('',(-0.04,0.0335,0.0166620524803094));
#6069=CARTESIAN_POINT('',(-0.04,0.0335,0.0015));
#6070=CARTESIAN_POINT('',(-0.0488452994616208,0.0335,0.0166620524803094));
#6071=CARTESIAN_POINT('',(-0.0488452994616208,0.0335,0.0166620524803094));
#6072=CARTESIAN_POINT('',(-0.0488452994616208,0.0335,0.0015));
#6073=CARTESIAN_POINT('',(-0.0488452994616208,0.0335,0.0015));
#6074=CARTESIAN_POINT('',(-0.04,0.0335,0.0015));
#6075=CARTESIAN_POINT('',(-0.04,0.03675,0.03));
#6076=CARTESIAN_POINT('',(-0.04,0.036,0.007));
#6077=CARTESIAN_POINT('',(-0.04,0.036,0.008));
#6078=CARTESIAN_POINT('',(-0.04,0.033860204117647,0.0184408164705883));
#6079=CARTESIAN_POINT('',(-0.04,0.0359741371303777,0.0179123332174055));
#6080=CARTESIAN_POINT('',(-0.04,0.034955213750218,0.0181670640624455));
#6081=CARTESIAN_POINT('',(-0.04,0.034955213750218,0.0181670640624455));
#6082=CARTESIAN_POINT('',(-0.04,0.0376212161291819,0.));
#6083=CARTESIAN_POINT('',(-0.04,0.0375210489599362,3.64578680561241E-5));
#6084=CARTESIAN_POINT('',(-0.04,0.0390864576104532,0.00274782518535917));
#6085=CARTESIAN_POINT('',(-0.04,0.04,0.00433012701892223));
#6086=CARTESIAN_POINT('',(-0.04,0.04,0.03));
#6087=CARTESIAN_POINT('',(-0.04,0.04,0.0077127050314098));
#6088=CARTESIAN_POINT('',(-0.04,0.0402203620675336,0.00698667783855358));
#6089=CARTESIAN_POINT('',(-0.04,0.0377816151356387,0.0150216205529158));
#6090=CARTESIAN_POINT('',(-0.04,0.0398825012721669,0.0116616581390796));
#6091=CARTESIAN_POINT('',(-0.0467614807840235,0.0418117333157177,0.03));
#6092=CARTESIAN_POINT('',(-0.0467614807840235,0.0418117333157177,0.00433012701892223));
#6093=CARTESIAN_POINT('',(-0.0528399488661547,0.0434404539295431,0.00433012701892223));
#6094=CARTESIAN_POINT('',(-0.0528399488661547,0.0434404539295431,0.03));
#6095=CARTESIAN_POINT('',(-0.0528399488661547,0.0434404539295431,0.00685259154902403));
#6096=CARTESIAN_POINT('',(-0.0453461421224813,0.0414324944643409,0.00735458141532459));
#6097=CARTESIAN_POINT('',(-0.0580758758386621,0.0378279116737009,0.03));
#6098=CARTESIAN_POINT('',(-0.0585309881184052,0.0361294095225513,0.007));
#6099=CARTESIAN_POINT('',(-0.059107764473855,0.033976850859408,0.00827141307281576));
#6100=CARTESIAN_POINT('',(-0.0578618380978923,0.0386267113969909,0.0071161178191332));
#6101=CARTESIAN_POINT('',(-0.0578618380978923,0.0386267113969909,0.0071161178191332));
#6102=CARTESIAN_POINT('',(-0.0578585337768224,0.0386390432911082,0.00711542801543246));
#6103=CARTESIAN_POINT('',(-0.0578552730821533,0.0386512123692814,0.00711358671475257));
#6104=CARTESIAN_POINT('',(-0.05785205633473,0.0386632174341002,0.00711058544854786));
#6105=CARTESIAN_POINT('',(-0.05785205633473,0.0386632174341002,0.00711058544854786));
#6106=CARTESIAN_POINT('',(-0.059415306010401,0.0328290902195807,0.00856911725217775));
#6107=CARTESIAN_POINT('',(-0.0572550123756158,0.0408914158238664,0.00655353585110631));
#6108=CARTESIAN_POINT('',(-0.0572550123756158,0.0408914158238664,0.03));
#6109=CARTESIAN_POINT('',(-0.0572550123756158,0.0408914158238664,0.00433012701892224));
#6110=CARTESIAN_POINT('',(-0.0580758758386621,0.0378279116737009,0.00433012701892223));
#6111=CARTESIAN_POINT('',(-0.0596287901092772,0.0320323567159665,0.00433012701892224));
#6112=CARTESIAN_POINT('',(-0.0596287901092772,0.0320323567159665,0.03));
#6113=CARTESIAN_POINT('',(-0.0596287901092772,0.0320323567159665,0.00829981525652167));
#6114=CARTESIAN_POINT('',(-0.0572509816230989,0.0409064587970525,0.0122322607053688));
#6115=CARTESIAN_POINT('',(-0.0594476856141109,0.0327082478934063,0.00859932783372134));
#6116=CARTESIAN_POINT('',(-0.059415306010401,0.0328290902195807,0.00856911725217775));
#6117=CARTESIAN_POINT('',(-0.0591237766102804,0.0339170927527306,0.00829711661889026));
#6118=CARTESIAN_POINT('',(-0.0591237766102804,0.0339170927527306,0.00829711661889026));
#6119=CARTESIAN_POINT('',(-0.0591180885868945,0.0339383207450014,0.00829180962082257));
#6120=CARTESIAN_POINT('',(-0.059112733596727,0.0339583058403808,0.00828340555054083));
#6121=CARTESIAN_POINT('',(-0.059107764473855,0.033976850859408,0.00827141307281575));
#6122=CARTESIAN_POINT('',(-0.0578143950546386,0.0130161783579832,0.03));
#6123=CARTESIAN_POINT('',(-0.0578143950546386,0.0130161783579832,0.00433012701892224));
#6124=CARTESIAN_POINT('',(-0.0568258650269704,0.00265566548604719,0.00433012701892224));
#6125=CARTESIAN_POINT('',(-0.0584018306755403,0.0191729304458713,0.0106733778946204));
#6126=CARTESIAN_POINT('',(-0.0581948993277097,0.0170041395818608,0.0098404806455418));
#6127=CARTESIAN_POINT('',(-0.0578143950546386,0.0130161783579832,0.0098404806455418));
#6128=CARTESIAN_POINT('',(-0.0590407906469105,0.025869695159886,0.0098404806455418));
#6129=CARTESIAN_POINT('',(-0.0593928852844957,0.0295599027638429,0.00891792874455257));
#6130=CARTESIAN_POINT('',(-0.058,-0.025,0.03));
#6131=CARTESIAN_POINT('',(-0.058,-0.025,0.00433012701892227));
#6132=CARTESIAN_POINT('',(-0.0595812608619278,-0.0400219781883143,0.00433012701892227));
#6133=CARTESIAN_POINT('',(-0.0573320848610751,-0.0186548061802129,0.00433012701892228));
#6134=CARTESIAN_POINT('',(-0.0595812608619278,-0.0400219781883143,0.0058404806455418));
#6135=CARTESIAN_POINT('',(-0.0595812608619278,-0.0400219781883143,0.0058404806455418));
#6136=CARTESIAN_POINT('',(-0.058,-0.025,0.0058404806455418));
#6137=CARTESIAN_POINT('',(-0.057968023230178,-0.024696220686691,0.0058404806455418));
#6138=CARTESIAN_POINT('',(-0.0573059299708151,-0.0184063347227436,0.00426800915455494));
#6139=CARTESIAN_POINT('',(-0.0125,-0.0465,0.03));
#6140=CARTESIAN_POINT('',(-0.0125,-0.0465,0.00433012701892226));
#6141=CARTESIAN_POINT('',(3.46944695195361E-18,-0.046,0.00433012701892228));
#6142=CARTESIAN_POINT('',(1.7347234759768E-18,-0.046,0.03));
#6143=CARTESIAN_POINT('',(-1.7347234759768E-18,-0.046,0.0047706655923105));
#6144=CARTESIAN_POINT('',(-0.0122835281691777,-0.0464913411267671,0.00466554030743806));
#6145=CARTESIAN_POINT('',(-0.0250549252466811,-0.0470021970098673,0.00455623972722199));
#6146=CARTESIAN_POINT('',(-0.0272564692795669,-0.0470902587711827,0.00590678581308131));
#6147=CARTESIAN_POINT('',(-0.02,-0.04,0.03));
#6148=CARTESIAN_POINT('',(0.,-0.04,0.00714417679167926));
#6149=CARTESIAN_POINT('',(0.,-0.04,0.00614417679167926));
#6150=CARTESIAN_POINT('',(-0.040002,-0.04,0.00564417679167926));
#6151=CARTESIAN_POINT('',(-0.04,-0.04,0.00564417679167926));
#6152=CARTESIAN_POINT('',(-0.00259807621135332,-0.04,0.00564417679167926));
#6153=CARTESIAN_POINT('',(0.,-0.04,0.00714417679167926));
#6154=CARTESIAN_POINT('',(-0.00259807621135332,-0.04,0.00864417679167926));
#6155=CARTESIAN_POINT('',(-0.040002,-0.04,0.00864417679167926));
#6156=CARTESIAN_POINT('',(-0.04,-0.04,0.00864417679167926));
#6157=CARTESIAN_POINT('',(-0.04,-0.04,0.03));
#6158=CARTESIAN_POINT('',(-0.04,-0.04,0.0142883535833585));
#6159=CARTESIAN_POINT('',(-0.02,-0.04,0.0142883535833585));
#6160=CARTESIAN_POINT('',(0.04,-0.04,0.0142883535833585));
#6161=CARTESIAN_POINT('',(0.04,-0.04,0.03));
#6162=CARTESIAN_POINT('',(0.04,-0.04,0.00864417679167926));
#6163=CARTESIAN_POINT('',(0.040002,-0.04,0.00864417679167926));
#6164=CARTESIAN_POINT('',(0.00259807621135332,-0.04,0.00864417679167926));
#6165=CARTESIAN_POINT('',(0.,-0.04,0.00714417679167926));
#6166=CARTESIAN_POINT('',(0.00259807621135332,-0.04,0.00564417679167926));
#6167=CARTESIAN_POINT('',(0.040002,-0.04,0.00564417679167926));
#6168=CARTESIAN_POINT('',(0.04,-0.04,0.00564417679167926));
#6169=CARTESIAN_POINT('',(0.04,-0.04,0.03));
#6170=CARTESIAN_POINT('',(-0.04,-0.04,0.03));
#6171=CARTESIAN_POINT('',(-0.04,-0.04275,0.03));
#6172=CARTESIAN_POINT('',(-0.04,-0.0435,0.0104573666367181));
#6173=CARTESIAN_POINT('',(-0.04,-0.0435,9.95849235805804E-5));
#6174=CARTESIAN_POINT('',(-0.04,-0.0435,0.0110323061048193));
#6175=CARTESIAN_POINT('',(-0.04,-0.0518236094500588,0.0243132798030814));
#6176=CARTESIAN_POINT('',(-0.04,-0.044885550930117,0.0132430616155017));
#6177=CARTESIAN_POINT('',(-0.04,-0.0394151737309006,0.0144134805568412));
#6178=CARTESIAN_POINT('',(-0.04,-0.039375,0.00789417679167926));
#6179=CARTESIAN_POINT('',(-0.04,-0.03875,0.00714417679167926));
#6180=CARTESIAN_POINT('',(-0.04,-0.039375,0.00639417679167926));
#6181=CARTESIAN_POINT('',(-0.04,-0.0332279251660269,0.00383831440730174));
#6182=CARTESIAN_POINT('',(-0.045,-0.0455,0.03));
#6183=CARTESIAN_POINT('',(-0.045,-0.0455,0.0015));
#6184=CARTESIAN_POINT('',(-0.0411547005383793,-0.0455,0.0015));
#6185=CARTESIAN_POINT('',(-0.0488452994616208,-0.0455,0.0015));
#6186=CARTESIAN_POINT('',(-0.0488452994616208,-0.0455,0.03));
#6187=CARTESIAN_POINT('',(-0.0488452994616208,-0.0455,0.0104573666367181));
#6188=CARTESIAN_POINT('',(-0.045,-0.0455,0.0104573666367181));
#6189=CARTESIAN_POINT('',(-0.0411547005383793,-0.0455,0.0104573666367181));
#6190=CARTESIAN_POINT('',(-0.0411547005383793,-0.0455,0.0015));
#6191=CARTESIAN_POINT('',(-0.05,-0.033,0.03));
#6192=CARTESIAN_POINT('',(-0.05,-0.0435,0.03));
#6193=CARTESIAN_POINT('',(-0.05,-0.0435,0.0110323061048193));
#6194=CARTESIAN_POINT('',(-0.05,-0.0435,9.95849235805861E-5));
#6195=CARTESIAN_POINT('',(-0.05,-0.0489371758425306,-0.00187938524157181));
#6196=CARTESIAN_POINT('',(-0.05,-0.0211840402866513,-0.000379385241571819));
#6197=CARTESIAN_POINT('',(-0.05,-0.0225,9.95849235805784E-5));
#6198=CARTESIAN_POINT('',(-0.05,-0.0225,0.015125));
#6199=CARTESIAN_POINT('',(-0.05,-0.0225,0.0138910550871449));
#6200=CARTESIAN_POINT('',(-0.05,-0.0292921961471162,0.0109417156079059));
#6201=CARTESIAN_POINT('',(-0.05,-0.019965825395098,0.0149914563487745));
#6202=CARTESIAN_POINT('',(-0.05,-0.0357647058823529,0.0189411764705883));
#6203=CARTESIAN_POINT('',(-0.05,-0.024,0.016));
#6204=CARTESIAN_POINT('',(-0.05,-0.033,0.016));
#6205=CARTESIAN_POINT('',(-0.05,-0.032,0.016));
#6206=CARTESIAN_POINT('',(-0.05,-0.0300919631370031,0.0164082355574211));
#6207=CARTESIAN_POINT('',(-0.05,-0.044885550930117,0.0132430616155017));
#6208=CARTESIAN_POINT('',(-0.05,-0.0438053237860369,0.0115194742253491));
#6209=CARTESIAN_POINT('',(-0.08,0.03562347,0.018));
#6210=CARTESIAN_POINT('',(-0.0564657225920408,0.0228352145678413,0.0211970638580396));
#6211=CARTESIAN_POINT('',(-0.0494682378015176,0.034955213750218,0.0181670640624455));
#6212=CARTESIAN_POINT('',(-0.04,0.034955213750218,0.0181670640624455));
#6213=CARTESIAN_POINT('',(-0.0528429666148381,0.0394153996632435,0.0170520175841891));
#6214=CARTESIAN_POINT('',(-0.0517730437132437,0.0391287146857976,0.0171236888285506));
#6215=CARTESIAN_POINT('',(-0.053205904519954,0.0337812053549805,0.0184605661612549));
#6216=CARTESIAN_POINT('',(-0.0531159811813284,0.0341168038235177,0.0183766665441206));
#6217=CARTESIAN_POINT('',(-0.0525062513362328,0.0277263920689874,0.0199742694827531));
#6218=CARTESIAN_POINT('',(-0.0524964312088934,0.02762347,0.02));
#6219=CARTESIAN_POINT('',(-0.08,0.02762347,0.02));
#6220=CARTESIAN_POINT('',(-0.08,0.007811735,0.017));
#6221=CARTESIAN_POINT('',(-0.0566085061165149,0.0195810275649209,0.0215198509287326));
#6222=CARTESIAN_POINT('',(-0.0494024144599438,0.00709971069174181,0.0167265558899816));
#6223=CARTESIAN_POINT('',(-0.08,0.01562347,0.02));
#6224=CARTESIAN_POINT('',(-0.0515997272431169,0.01562347,0.02));
#6225=CARTESIAN_POINT('',(-0.0517934071309227,0.0137913153187944,0.0192963837043094));
#6226=CARTESIAN_POINT('',(-0.0517957565059738,0.0137690909229295,0.0192878487005497));
#6227=CARTESIAN_POINT('',(-0.0503259340995387,-0.00163571574465514,0.0133718236430236));
#6228=CARTESIAN_POINT('',(-0.0504239513961321,-0.000608423265312562,0.013766342586386));
#6229=CARTESIAN_POINT('',(-0.0501707681695593,0.000263514410632013,0.0141011994431322));
#6230=CARTESIAN_POINT('',(-0.0502472844511387,0.,0.014));
#6231=CARTESIAN_POINT('',(-0.08,0.,0.014));
#6232=CARTESIAN_POINT('',(-0.0390350485172459,0.0085,0.0172643196421794));
#6233=CARTESIAN_POINT('',(-0.0390350485172459,0.00709971069174181,0.0167265558899816));
#6234=CARTESIAN_POINT('',(-0.08,0.00709971069174181,0.0167265558899816));
#6235=CARTESIAN_POINT('',(-0.08,-0.041347725,0.014));
#6236=CARTESIAN_POINT('',(-0.0259610030506338,-0.0433054728119104,0.013581128496632));
#6237=CARTESIAN_POINT('',(-0.0487708791649061,-0.049438755644801,0.0122688770487362));
#6238=CARTESIAN_POINT('',(-0.0258754213942506,-0.0432824610032852,0.0135860520066037));
#6239=CARTESIAN_POINT('',(-3.65639734174705E-5,-0.0422489067064519,0.0138071869451761));
#6240=CARTESIAN_POINT('',(0.,-0.0422474441475152,0.0138074998681465));
#6241=CARTESIAN_POINT('',(3.65639734174705E-5,-0.0422489067064519,0.0138071869451761));
#6242=CARTESIAN_POINT('',(0.0258754213942506,-0.0432824610032852,0.0135860520066037));
#6243=CARTESIAN_POINT('',(0.0259610030506338,-0.0433054728119104,0.013581128496632));
#6244=CARTESIAN_POINT('',(0.0487708791649061,-0.049438755644801,0.0122688770487362));
#6245=CARTESIAN_POINT('',(0.0484021643976401,-0.0497927218213763,0.0121931439315178));
#6246=CARTESIAN_POINT('',(0.0548125198928532,-0.0436387805459717,0.0135098153730514));
#6247=CARTESIAN_POINT('',(0.0548876710958235,-0.0439844242794641,0.013435862890818));
#6248=CARTESIAN_POINT('',(0.0522819710230681,-0.032,0.016));
#6249=CARTESIAN_POINT('',(0.08,-0.032,0.016));
#6250=CARTESIAN_POINT('',(0.05,-0.032,0.016));
#6251=CARTESIAN_POINT('',(0.05,-0.0300919631370031,0.0164082355574211));
#6252=CARTESIAN_POINT('',(0.05,-0.044885550930117,0.0132430616155017));
#6253=CARTESIAN_POINT('',(0.0583386431440457,-0.0298558396258897,0.0164587555526313));
#6254=CARTESIAN_POINT('',(0.0488452994616208,-0.0469668026919301,0.0127977657254722));
#6255=CARTESIAN_POINT('',(0.08,-0.0469668026919301,0.0127977657254722));
#6256=CARTESIAN_POINT('',(0.0411547005383793,-0.0469668026919301,0.0127977657254722));
#6257=CARTESIAN_POINT('',(0.0475797709113698,-0.0585474580992002,0.0103200173091955));
#6258=CARTESIAN_POINT('',(0.04,-0.044885550930117,0.0132430616155017));
#6259=CARTESIAN_POINT('',(0.04,-0.0394151737309006,0.0144134805568412));
#6260=CARTESIAN_POINT('',(-0.0475797709113698,-0.0585474580992002,0.0103200173091955));
#6261=CARTESIAN_POINT('',(-0.0411547005383793,-0.0469668026919301,0.0127977657254722));
#6262=CARTESIAN_POINT('',(-0.08,-0.0469668026919301,0.0127977657254722));
#6263=CARTESIAN_POINT('',(-0.0488452994616208,-0.0469668026919301,0.0127977657254722));
#6264=CARTESIAN_POINT('',(-0.0583386431440457,-0.0298558396258897,0.0164587555526313));
#6265=CARTESIAN_POINT('',(-0.08,-0.032,0.016));
#6266=CARTESIAN_POINT('',(-0.0522819710230681,-0.032,0.016));
#6267=CARTESIAN_POINT('',(-0.0548876710958235,-0.0439844242794641,0.013435862890818));
#6268=CARTESIAN_POINT('',(-0.0548125198928532,-0.0436387805459717,0.0135098153730514));
#6269=CARTESIAN_POINT('',(-0.0484021643976401,-0.0497927218213763,0.0121931439315178));
#6270=CARTESIAN_POINT('',(-0.08,0.02162347,0.02));
#6271=CARTESIAN_POINT('',(-0.0524254998707134,0.0242544422030823,0.02));
#6272=CARTESIAN_POINT('',(-0.0525836042319761,0.0259114907743182,0.02));
#6273=CARTESIAN_POINT('',(-0.0516032933074966,0.0156371200751013,0.02));
#6274=CARTESIAN_POINT('',(-0.0548815741964757,0.0281856260955919,0.02));
#6275=CARTESIAN_POINT('',(-0.0539634980747487,0.0177534416683761,0.02));
#6276=CARTESIAN_POINT('',(-0.0525308319535701,0.0273920311116365,0.02));
#6277=CARTESIAN_POINT('',(-0.0527710402679345,0.020652922823765,0.02));
#6278=CARTESIAN_POINT('',(-0.08,-0.028,0.016));
#6279=CARTESIAN_POINT('',(-0.0522770028753122,-0.0309182102236514,0.016));
#6280=CARTESIAN_POINT('',(-0.051548770220191,-0.024,0.016));
#6281=CARTESIAN_POINT('',(-0.052284018780623,-0.030984861324104,0.016));
#6282=CARTESIAN_POINT('',(-0.0522901526573645,-0.0279441031549793,0.016));
#6283=CARTESIAN_POINT('',(-0.08,-0.024,0.016));
#6284=CARTESIAN_POINT('',(-0.08,-0.02,0.015));
#6285=CARTESIAN_POINT('',(-0.0695532161164394,-0.002970013682806,0.0107425034207015));
#6286=CARTESIAN_POINT('',(-0.0417108933103227,-0.019044786249782,0.0147611965624455));
#6287=CARTESIAN_POINT('',(-0.08,-0.016,0.014));
#6288=CARTESIAN_POINT('',(-0.0507212447201241,-0.016,0.014));
#6289=CARTESIAN_POINT('',(-0.0507250404255775,-0.0159740230246466,0.0139935057561617));
#6290=CARTESIAN_POINT('',(-0.0508721966263793,-0.0149669182721043,0.0137417295680261));
#6291=CARTESIAN_POINT('',(-0.0516250953209924,-0.0221194558709293,0.0155298639677323));
#6292=CARTESIAN_POINT('',(-0.0516284464594044,-0.0221512916858429,0.0155378229214607));
#6293=CARTESIAN_POINT('',(-0.0515813814091367,-0.0239760280313181,0.0159940070078296));
#6294=CARTESIAN_POINT('',(-0.0515876575436943,-0.0237326990478953,0.0159331747619738));
#6295=CARTESIAN_POINT('',(-0.0506342271701331,-0.0302863217624189,0.0175715804406048));
#6296=CARTESIAN_POINT('',(-0.0571791980087212,-0.0324005611038005,0.0181001402759501));
#6297=CARTESIAN_POINT('',(-0.0494682378015176,-0.019044786249782,0.0147611965624455));
#6298=CARTESIAN_POINT('',(-0.042,-0.019044786249782,0.0147611965624455));
#6299=CARTESIAN_POINT('',(-0.08,-0.008,0.014));
#6300=CARTESIAN_POINT('',(-0.0497592805721474,-0.00511463519400706,0.014));
#6301=CARTESIAN_POINT('',(-0.0496718610582025,-0.00603085521174452,0.014));
#6302=CARTESIAN_POINT('',(-0.0502092310793556,-0.0111358704126994,0.014));
#6303=CARTESIAN_POINT('',(-0.0453461421224813,0.0414324944643409,0.0073545814153246));
#6304=CARTESIAN_POINT('',(-0.0522700480923785,0.0437694862946942,0.00530358873856861));
#6305=CARTESIAN_POINT('',(-0.0544269021149348,0.0425242260441685,0.0111659653072896));
#6306=CARTESIAN_POINT('',(-0.0545576332443688,0.0426778177585147,0.0107665802419735));
#6307=CARTESIAN_POINT('',(-0.0534867555085738,0.0414196786449919,0.0140381237244463));
#6308=CARTESIAN_POINT('',(-0.0539236813612056,0.0417202331305766,0.0134043416129356));
#6309=CARTESIAN_POINT('',(-0.0534288935792334,0.0413798763254378,0.0141220552554661));
#6310=CARTESIAN_POINT('',(-0.0396363260094661,0.037684168983567,0.0150459820909337));
#6311=CARTESIAN_POINT('',(-0.059415306010401,0.0328290902195807,0.00856911725217775));
#6312=CARTESIAN_POINT('',(-0.0587748987758317,0.0361649232912443,0.00720292382503493));
#6313=CARTESIAN_POINT('',(-0.0545222999648217,0.0339819575786044,0.0179082153898363));
#6314=CARTESIAN_POINT('',(-0.0555738233906943,0.0337100325625522,0.0159208556111189));
#6315=CARTESIAN_POINT('',(-0.0581548056227609,0.0295061158176971,0.0139170616685295));
#6316=CARTESIAN_POINT('',(-0.0555360735033982,0.0337715197674421,0.0159501634438338));
#6317=CARTESIAN_POINT('',(-0.0538458973589766,0.0400793430121643,0.0143732076326532));
#6318=CARTESIAN_POINT('',(-0.0581384603264213,0.0403813569116538,0.00511270046079209));
#6319=CARTESIAN_POINT('',(-0.0546330225653066,0.0379014420716042,0.0174305069820989));
#6320=CARTESIAN_POINT('',(-0.058755659078537,0.0258675467879743,0.010384533589978));
#6321=CARTESIAN_POINT('',(-0.0550103089428324,0.0258393268154299,0.017530949474048));
#6322=CARTESIAN_POINT('',(-0.0530066225280002,0.0366968221778694,0.020614875867136));
#6323=CARTESIAN_POINT('',(-0.0550071548513228,0.0258564180796542,0.0175358040191409));
#6324=CARTESIAN_POINT('',(-0.0545778928826179,0.0378994770329693,0.0175358040191409));
#6325=CARTESIAN_POINT('',(-0.0549574735963559,0.0272502389304645,0.0175358040191409));
#6326=CARTESIAN_POINT('',(-0.0555377890707063,0.0333323667096013,0.0160152720743567));
#6327=CARTESIAN_POINT('',(-0.0578143950546386,0.0130161783579832,0.0098404806455418));
#6328=CARTESIAN_POINT('',(-0.0529307343422842,0.0138988609054763,0.019326397540881));
#6329=CARTESIAN_POINT('',(-0.0542297822918644,0.0146651563974681,0.0169855398878827));
#6330=CARTESIAN_POINT('',(-0.0540223843987394,0.0166270793677153,0.0177389920864969));
#6331=CARTESIAN_POINT('',(-0.0540796509374548,0.016085354781996,0.017530949474048));
#6332=CARTESIAN_POINT('',(-0.0538231459669872,0.0133969963367663,0.017530949474048));
#6333=CARTESIAN_POINT('',(-0.0525623698189941,0.0100931707207121,0.0178761571100576));
#6334=CARTESIAN_POINT('',(-0.0514171849079635,-0.0017380961361584,0.0133675973716992));
#6335=CARTESIAN_POINT('',(-0.0527292069018901,-0.00096414738417825,0.0110033607579719));
#6336=CARTESIAN_POINT('',(-0.0565637751103006,0.00129782634264961,0.00409354781419081));
#6337=CARTESIAN_POINT('',(-0.0542206109238338,0.0146668502933061,0.0170062516692039));
#6338=CARTESIAN_POINT('',(-0.0542157830326313,0.0146162504859683,0.0169868194403823));
#6339=CARTESIAN_POINT('',(-0.0528885760100582,0.0099797002152056,0.0171081280778649));
#6340=CARTESIAN_POINT('',(-0.0584484551330527,0.0110620032335009,0.00579478114136867));
#6341=CARTESIAN_POINT('',(-0.0578143950546386,0.0130161783579832,0.00384048064554181));
#6342=CARTESIAN_POINT('',(-0.0576830566241074,0.0130287097822449,0.0040935478141908));
#6343=CARTESIAN_POINT('',(-0.0560873391071678,-0.00369556910812398,0.0040935478141908));
#6344=CARTESIAN_POINT('',(-0.0563150978120382,-0.0060421115748732,0.00323114509402934));
#6345=CARTESIAN_POINT('',(-0.0550095227775535,-0.00600482944270147,0.00573086708709592));
#6346=CARTESIAN_POINT('',(-0.0564107834645626,-0.00599799707135111,0.00305647524468487));
#6347=CARTESIAN_POINT('',(-0.0534374205197618,-0.00601249481612239,0.00873132053066472));
#6348=CARTESIAN_POINT('',(-0.0521254087286091,-0.0060421115748732,0.0112311450940293));
#6349=CARTESIAN_POINT('',(-0.0520014305121943,-0.00363503579084153,0.0119064125743127));
#6350=CARTESIAN_POINT('',(-0.0520014305121943,-0.00363503579084146,0.0119064125743128));
#6351=CARTESIAN_POINT('',(-0.0520010840787277,-0.00362232814779096,0.0119093892358104));
#6352=CARTESIAN_POINT('',(-0.0520015616318507,-0.00360947303178033,0.0119108194040927));
#6353=CARTESIAN_POINT('',(-0.0520028011925103,-0.00359648153550773,0.0119108194040927));
#6354=CARTESIAN_POINT('',(-0.0520028011925103,-0.00359648153550774,0.0119108194040927));
#6355=CARTESIAN_POINT('',(-0.0536259986219388,0.0134158068023161,0.0119108194040927));
#6356=CARTESIAN_POINT('',(-0.0523468473990816,9.37266411728097E-6,0.0119108194040927));
#6357=CARTESIAN_POINT('',(-0.0492173745729447,0.00797727856017205,0.0193380368604886));
#6358=CARTESIAN_POINT('',(-0.058,-0.025,0.0038404806455418));
#6359=CARTESIAN_POINT('',(-0.0550095227775535,-0.00600482944270147,0.00573086708709592));
#6360=CARTESIAN_POINT('',(-0.0550095659519872,-0.00600482923218835,0.00573078468604503));
#6361=CARTESIAN_POINT('',(-0.0550096091144255,-0.00600482887567844,0.0057307022785605));
#6362=CARTESIAN_POINT('',(-0.0550096522642326,-0.00600482837326517,0.00573061986587372));
#6363=CARTESIAN_POINT('',(-0.0550096523008545,-0.0060048288111621,0.00573061988394325));
#6364=CARTESIAN_POINT('',(-0.0563145425733362,-0.00595358649871602,0.00323114509402934));
#6365=CARTESIAN_POINT('',(-0.0561094550028575,-0.00830012896546537,0.00409354781419082));
#6366=CARTESIAN_POINT('',(-0.0578687900146408,-0.0250138115774063,0.00409354781419082));
#6367=CARTESIAN_POINT('',(-0.0569858802159109,-0.0166261684894723,0.00409354781419082));
#6368=CARTESIAN_POINT('',(-0.058239286905785,-0.0172531700796781,0.0018284722923427));
#6369=CARTESIAN_POINT('',(-0.0529084576099327,-0.0145864869730556,0.0114620022924091));
#6370=CARTESIAN_POINT('',(-0.0514068123602314,-0.0226170051990266,0.0159390270059383));
#6371=CARTESIAN_POINT('',(-0.0527579192218582,-0.0153915381456817,0.0119108194040927));
#6372=CARTESIAN_POINT('',(-0.0538156996974107,-0.0254404526634304,0.0119108194040927));
#6373=CARTESIAN_POINT('',(-0.0520219770976955,-0.00840008796613619,0.0119108194040927));
#6374=CARTESIAN_POINT('',(-0.0520219770976955,-0.0084000879661362,0.0119108194040927));
#6375=CARTESIAN_POINT('',(-0.052020580574689,-0.00838682099757413,0.0119108194040927));
#6376=CARTESIAN_POINT('',(-0.052019979440245,-0.00837369290100594,0.0119093300202811));
#6377=CARTESIAN_POINT('',(-0.0520202426943196,-0.00836071572359673,0.0119062220486195));
#6378=CARTESIAN_POINT('',(-0.0520202426942852,-0.00836071572360027,0.0119062220486857));
#6379=CARTESIAN_POINT('',(-0.0521207520845664,-0.00595358649871602,0.0112311450940293));
#6380=CARTESIAN_POINT('',(-0.0534371487291982,-0.00601249614133909,0.0087318392596013));
#6381=CARTESIAN_POINT('',(-0.0534371485494498,-0.00601249420662566,0.00873183921399933));
#6382=CARTESIAN_POINT('',(-0.053437239252185,-0.00601249505478986,0.00873166636138782));
#6383=CARTESIAN_POINT('',(-0.0534373299229073,-0.00601249525786133,0.00873149344031025));
#6384=CARTESIAN_POINT('',(-0.0534374205197618,-0.00601249481612243,0.00873132053066472));
#6385=CARTESIAN_POINT('',(-0.05269197847059,-0.0227054386654524,0.0156763596663631));
#6386=CARTESIAN_POINT('',(-0.0580087538949652,-0.0247165957108537,0.00576687482187461));
#6387=CARTESIAN_POINT('',(-0.0537505628730906,-0.0225864869730556,0.0134620022924091));
#6388=CARTESIAN_POINT('',(-0.0528914168328358,-0.014424599590635,0.011421530446804));
#6389=CARTESIAN_POINT('',(-0.0580819953139115,-0.0230490181890756,0.00484257889104468));
#6390=CARTESIAN_POINT('',(-0.058,-0.025,0.0058404806455418));
#6391=CARTESIAN_POINT('',(-0.062351741578757,-0.0337967433847889,-0.000694454468757372));
#6392=CARTESIAN_POINT('',(-0.0578334315984784,-0.0439493282309808,0.00996321312230405));
#6393=CARTESIAN_POINT('',(-0.0591507089106341,-0.0440831196126582,0.00747726345493584));
#6394=CARTESIAN_POINT('',(-0.0571748760997812,-0.0438824409861547,0.0112060310223945));
#6395=CARTESIAN_POINT('',(-0.0544444720295845,-0.0313244642743489,0.0138928830022732));
#6396=CARTESIAN_POINT('',(-0.054468484858962,-0.0314349067379385,0.0138692531963922));
#6397=CARTESIAN_POINT('',(-0.0538372508987496,-0.0254381841159211,0.0138692531963922));
#6398=CARTESIAN_POINT('',(-0.0537044126457809,-0.0241762207127186,0.0138692531963922));
#6399=CARTESIAN_POINT('',(-0.0537461006815827,-0.0225599539995978,0.013465186518112));
#6400=CARTESIAN_POINT('',(-0.0537445928460793,-0.022618413562064,0.0134798014087285));
#6401=CARTESIAN_POINT('',(-0.0541160105505156,-0.0206321410749256,0.0123724518252406));
#6402=CARTESIAN_POINT('',(-0.0575471980747965,-0.0463546898481953,0.00570457647939091));
#6403=CARTESIAN_POINT('',(-0.0565533667298302,-0.0468256176498796,0.00645284329167483));
#6404=CARTESIAN_POINT('',(-0.0543474644729058,-0.0506557591310182,0.00262408421063024));
#6405=CARTESIAN_POINT('',(-0.0494960046843469,-0.0515897145579615,0.00896735151897067));
#6406=CARTESIAN_POINT('',(-0.050086424315451,-0.0530762078700071,0.00504111599640547));
#6407=CARTESIAN_POINT('',(-0.0493724985385028,-0.051278764430083,0.00978865587865367));
#6408=CARTESIAN_POINT('',(-0.0567931106319998,-0.0441549768203259,0.0113128315705481));
#6409=CARTESIAN_POINT('',(-0.0570178735994257,-0.043939204371597,0.0113589973378827));
#6410=CARTESIAN_POINT('',(-0.0595011319239825,-0.043041396062109,0.00893957805823369));
#6411=CARTESIAN_POINT('',(-0.0122835281691777,-0.0464913411267671,0.00466554030743806));
#6412=CARTESIAN_POINT('',(-3.46944695195361E-18,-0.0382951199607231,0.0284704260461888));
#6413=CARTESIAN_POINT('',(3.46944695195361E-18,-0.0459908760753198,0.00479873025110045));
#6414=CARTESIAN_POINT('',(1.76860299451783E-5,-0.0451774789067491,0.00729866769118666));
#6415=CARTESIAN_POINT('',(-3.46944695195361E-18,-0.044365398204432,0.00979860513127287));
#6416=CARTESIAN_POINT('',(-3.46944695195361E-18,-0.0382951199607231,0.0284704260461888));
#6417=CARTESIAN_POINT('',(-3.46944695195361E-18,-0.0438511994450454,0.0113802504471011));
#6418=CARTESIAN_POINT('',(-0.0256747702475324,-0.0448781902549467,0.0111605198046397));
#6419=CARTESIAN_POINT('',(-0.0255585135299576,-0.0448735399862438,0.01116151475661));
#6420=CARTESIAN_POINT('',(-0.0626590750016775,-0.0398351352217843,0.0309066042776921));
#6421=CARTESIAN_POINT('',(-0.0255536959773944,-0.0448741942291669,0.0111589508329695));
#6422=CARTESIAN_POINT('',(-0.0254905715236052,-0.0451435143895569,0.0103233113168297));
#6423=CARTESIAN_POINT('',(-0.0754515006225249,-0.0575232711201419,0.01053914805578));
#6424=CARTESIAN_POINT('',(-0.0470241209962371,-0.0518887348639808,0.00628453111471683));
#6425=CARTESIAN_POINT('',(-0.0448975574426139,-0.0521459822772118,0.00397649853209747));
#6426=CARTESIAN_POINT('',(-0.0747147301010447,-0.0597955783157309,0.00333949789657637));
#6427=CARTESIAN_POINT('',(-0.048718744881174,-0.05110297846512,0.00982626630578176));
#6428=CARTESIAN_POINT('',(-0.04,0.0390864576104532,0.00274782518535917));
#6429=CARTESIAN_POINT('',(-0.0536969540400029,0.0423018625969926,0.00196029149652288));
#6430=CARTESIAN_POINT('',(-0.0536052239003465,0.0429986221825484,0.00320968660533741));
#6431=CARTESIAN_POINT('',(-0.0437236941084973,0.0487037260678778,0.0176772503336158));
#6432=CARTESIAN_POINT('',(-0.0116018334791957,0.0312331183112452,0.00232507745930984));
#6433=CARTESIAN_POINT('',(-0.000271521605954867,-0.0451277410275619,0.00274782518535917));
#6434=CARTESIAN_POINT('',(-0.0249978997000251,-0.0470137731548417,0.00435495515615741));
#6435=CARTESIAN_POINT('',(-3.46944695195361E-18,-0.0562115402378562,0.0226263289281384));
#6436=CARTESIAN_POINT('',(-0.0531143500746867,0.052935191295262,0.00274782518535917));
#6437=CARTESIAN_POINT('',(-0.068064357486145,0.0346506375145388,0.0201561066538294));
#6438=CARTESIAN_POINT('',(-0.0552949327532823,0.0420230683214538,0.00146037127806501));
#6439=CARTESIAN_POINT('',(-0.0550686324462366,0.0417281480194302,0.000931534659987433));
#6440=CARTESIAN_POINT('',(-0.0578014186477499,0.0318797154183209,0.0010941857304814));
#6441=CARTESIAN_POINT('',(-0.0495041370457332,0.0427410524439622,0.00274782518535917));
#6442=CARTESIAN_POINT('',(-0.0440968032704405,0.0484883113927928,0.0130535279967989));
#6443=CARTESIAN_POINT('',(-0.0646679381352642,-0.0382955610693529,0.00274782518535917));
#6444=CARTESIAN_POINT('',(-0.0513329843453332,-0.0585557502258886,0.012395987979447));
#6445=CARTESIAN_POINT('',(-0.05811718796447,-0.0433117312989529,0.0011017101295152));
#6446=CARTESIAN_POINT('',(-0.0545188787656034,-0.0419963564492416,-0.00506823247320447));
#6447=CARTESIAN_POINT('',(-0.0489091277819467,-0.0498313064389181,-0.00189955099413333));
#6448=CARTESIAN_POINT('',(-0.0493035198145151,-0.0513684350087806,0.000578573024949312));
#6449=CARTESIAN_POINT('',(-0.0514334939026847,-0.0511107750279645,0.00289030717804082));
#6450=CARTESIAN_POINT('',(-0.0591747317366318,0.036563838481713,0.00274782518535917));
#6451=CARTESIAN_POINT('',(-0.0561336466687197,-0.0059993483556065,0.00456858123218476));
#6452=CARTESIAN_POINT('',(-0.0537169370733879,-0.00601113192846653,0.000256654936081717));
#6453=CARTESIAN_POINT('',(-0.0551144641766097,-0.00604147712758077,0.00275647076307592));
#6454=CARTESIAN_POINT('',(-0.0560419974419669,-0.00390064992450836,0.00404753965611965));
#6455=CARTESIAN_POINT('',(-0.0560419974419669,-0.00390064992450836,0.00404753965611965));
#6456=CARTESIAN_POINT('',(-0.0560654044634952,-0.0038388968244442,0.00407880462988105));
#6457=CARTESIAN_POINT('',(-0.0560804082134957,-0.00376820990920619,0.00409354781419079));
#6458=CARTESIAN_POINT('',(-0.0560873391071678,-0.00369556910812394,0.00409354781419081));
#6459=CARTESIAN_POINT('',(-0.0549255199120028,-0.00422168885428202,0.00274782518535917));
#6460=CARTESIAN_POINT('',(-0.0561094550028575,-0.00830012896546536,0.00409354781419082));
#6461=CARTESIAN_POINT('',(-0.0561018111179243,-0.00822751205859995,0.00409354781419082));
#6462=CARTESIAN_POINT('',(-0.056086077198418,-0.00815671611127601,0.00407877904599512));
#6463=CARTESIAN_POINT('',(-0.0560620431053968,-0.00809515151637196,0.00404747572267177));
#6464=CARTESIAN_POINT('',(-0.0560620431053968,-0.00809515151637199,0.0040474757226717));
#6465=CARTESIAN_POINT('',(-0.0551127466159675,-0.00595428575825003,0.00275647076307592));
#6466=CARTESIAN_POINT('',(-0.0537171961114452,-0.00601113066542945,0.000257117115324609));
#6467=CARTESIAN_POINT('',(-0.0537171959224785,-0.00601112906424707,0.000257117078907578));
#6468=CARTESIAN_POINT('',(-0.0537171096836037,-0.00601113055259596,0.00025696300987441));
#6469=CARTESIAN_POINT('',(-0.0537170234005909,-0.00601113150754607,0.000256808962257345));
#6470=CARTESIAN_POINT('',(-0.0537169370733879,-0.00601113192846668,0.000256654936081723));
#6471=CARTESIAN_POINT('',(-0.0628822183389624,-0.0326047688765269,0.0116090452261899));
#6472=CARTESIAN_POINT('',(-0.0578617456831823,-0.0549223445469745,0.00274782518535917));
#6473=CARTESIAN_POINT('',(-0.0503014419924395,-0.0511923255466343,-0.00019103527768692));
#6474=CARTESIAN_POINT('',(-0.0439675257771205,-0.0496033022482379,6.52011944381908E-6));
#6475=CARTESIAN_POINT('',(-0.0411547005383793,-0.0489783309215206,0.00023399107963877));
#6476=CARTESIAN_POINT('',(-0.0474151875839953,-0.0558757739896351,0.00926291925117288));
#6477=CARTESIAN_POINT('',(-0.045,-0.0455,0.0104573666367181));
#6478=CARTESIAN_POINT('',(-0.0488452994616208,-0.0469668026919301,0.0127977657254722));
#6479=CARTESIAN_POINT('',(-0.0411547005383793,-0.0455,0.0104573666367181));
#6480=CARTESIAN_POINT('',(-0.045,-0.0455,0.0015));
#6481=CARTESIAN_POINT('',(-0.0488452994616208,-0.0455,0.0015));
#6482=CARTESIAN_POINT('',(-0.0411547005383793,-0.0455,0.0015));
#6483=CARTESIAN_POINT('',(-0.01,-0.0163787838708181,0.));
#6484=CARTESIAN_POINT('',(-0.0488452994616208,-0.0163787838708181,2.5365512303546E-20));
#6485=CARTESIAN_POINT('',(-0.042,-0.0205,0.0015));
#6486=CARTESIAN_POINT('',(-0.045,0.0085,0.0015));
#6487=CARTESIAN_POINT('',(-0.0488452994616207,0.0085,0.0015));
#6488=CARTESIAN_POINT('',(-0.042,0.00437878387081806,2.40048199305845E-20));
#6489=CARTESIAN_POINT('',(-0.01,0.0376212161291819,0.));
#6490=CARTESIAN_POINT('',(-0.0488452994616208,0.0376212161291819,0.));
#6491=CARTESIAN_POINT('',(-0.0770721519134495,0.0459075902972704,0.0154289699256824));
#6492=CARTESIAN_POINT('',(-0.0579003891588405,0.0474589656966325,0.00601637398005306));
#6493=CARTESIAN_POINT('',(-0.0544394830100674,0.0291774277547534,0.0196115105613116));
#6494=CARTESIAN_POINT('',(-0.0535060301296515,0.0340611540114354,0.0179855843636027));
#6495=CARTESIAN_POINT('',(-0.0534869058792947,0.0380043641405915,0.0174047764648521));
#6496=CARTESIAN_POINT('',(-0.053991246208982,0.0273066969942957,0.0185169845950373));
#6497=CARTESIAN_POINT('',(-0.0527710402679345,0.020652922823765,0.02));
#6498=CARTESIAN_POINT('',(-0.0527344795218943,0.0259080622885636,0.0198465943809634));
#6499=CARTESIAN_POINT('',(-0.0524254998707134,0.0242544422030823,0.02));
#6500=CARTESIAN_POINT('',(-0.0527784995124014,0.0158498390307254,0.0188282615308794));
#6501=CARTESIAN_POINT('',(-0.0526914654345492,0.00529594833141792,0.0160338433132017));
#6502=CARTESIAN_POINT('',(-0.0523008259757641,0.0139458966011394,0.0188076144487335));
#6503=CARTESIAN_POINT('',(-0.0514538198664706,0.0101853465188111,0.0179115560827951));
#6504=CARTESIAN_POINT('',(-0.0506686249570328,-0.000529813538248948,0.0135302416929164));
#6505=CARTESIAN_POINT('',(-0.0497592805721474,-0.00511463519400706,0.014));
#6506=CARTESIAN_POINT('',(-0.0523300664919039,-0.00603358116215381,0.0113535533905933));
#6507=CARTESIAN_POINT('',(-0.0498190436143882,-0.00603013756806161,0.0138535510189241));
#6508=CARTESIAN_POINT('',(-0.0499293775948209,-0.00602959959341216,0.0137437669559809));
#6509=CARTESIAN_POINT('',(-0.0502092310793556,-0.0111358704126994,0.014));
#6510=CARTESIAN_POINT('',(-0.0498190436143882,-0.00603013756806161,0.0138535510189241));
#6511=CARTESIAN_POINT('',(-0.0498193446713638,-0.00603013610014556,0.0138532514624517));
#6512=CARTESIAN_POINT('',(-0.0498196454951086,-0.00603013082099186,0.0138529517389501));
#6513=CARTESIAN_POINT('',(-0.0498199460866426,-0.00603012174727002,0.0138526518491498));
#6514=CARTESIAN_POINT('',(-0.0498199460866426,-0.00603012174727003,0.0138526518491498));
#6515=CARTESIAN_POINT('',(-0.0523257851495744,-0.00596298833949012,0.0113535533905933));
#6516=CARTESIAN_POINT('',(-0.0499810677884114,-0.0147662572547169,0.0146069559012742));
#6517=CARTESIAN_POINT('',(-0.0516971523129028,-0.0228039972940777,0.0157009993235194));
#6518=CARTESIAN_POINT('',(-0.0516555658311898,-0.0221572780636805,0.0155114484461892));
#6519=CARTESIAN_POINT('',(-0.0517016528656431,-0.0193130414465315,0.0148282603616329));
#6520=CARTESIAN_POINT('',(-0.0517206586420681,-0.0237605666403796,0.0158034933288647));
#6521=CARTESIAN_POINT('',(-0.0522770028753122,-0.0309182102236514,0.016));
#6522=CARTESIAN_POINT('',(-0.0522736131596413,-0.0309827175499125,0.0160101497312621));
#6523=CARTESIAN_POINT('',(-0.0554252623306494,-0.0464569734091352,0.0129068466585966));
#6524=CARTESIAN_POINT('',(-0.0556170582470421,-0.043748378607048,0.0127251722579731));
#6525=CARTESIAN_POINT('',(-0.0688097405186565,-0.0302014487452005,0.016384810476303));
#6526=CARTESIAN_POINT('',(-0.0467318995999787,-0.0432026860015526,0.020674723841975));
#6527=CARTESIAN_POINT('',(-0.0756895160830454,-0.0566768315057888,0.0107202487223814));
#6528=CARTESIAN_POINT('',(-0.0263425703363749,-0.0409370762796109,0.0171600245680041));
#6529=CARTESIAN_POINT('',(-0.0798287907810684,-0.045440595778758,0.0131243065497203));
#6530=CARTESIAN_POINT('',(-3.46944695195361E-18,-0.0350286025692807,0.0247330625573992));
#6531=CARTESIAN_POINT('',(-0.05,-0.049073932658604,0.0199259541644697));
#6532=CARTESIAN_POINT('',(-0.0487697312858127,-0.0456308879199349,0.0104197403211839));
#6533=CARTESIAN_POINT('',(-0.05,-0.0435,0.03));
#6534=CARTESIAN_POINT('',(-0.0433716094520134,-0.0549807092015224,0.00813846405048012));
#6535=CARTESIAN_POINT('',(-0.05,-0.0246184585058219,0.00697190400452361));
#6536=CARTESIAN_POINT('',(-0.04,-0.0332279251660269,0.00383831440730174));
#6537=CARTESIAN_POINT('',(-0.0375767220513874,-0.0393027594721416,-0.00283935453370519));
#6538=CARTESIAN_POINT('',(-0.0411547005383793,-0.0455,0.03));
#6539=CARTESIAN_POINT('',(-0.0388640445949108,-0.041532467523253,0.0115979121426456));
#6540=CARTESIAN_POINT('',(-0.04,-0.0518236094500588,0.0243132798030814));
#6541=CARTESIAN_POINT('',(-0.05,-0.0413815414941782,0.00697190400452363));
#6542=CARTESIAN_POINT('',(-0.0544543311724453,-0.030215127904413,-0.0053026057933415));
#6543=CARTESIAN_POINT('',(-0.0488452994616208,-0.0205,0.03));
#6544=CARTESIAN_POINT('',(-0.04468463183508,-0.0132935122774244,0.0207092807797224));
#6545=CARTESIAN_POINT('',(-0.0487846655553617,-0.0203949789936979,0.0133647998355694));
#6546=CARTESIAN_POINT('',(-0.0505627643242582,-0.0234747364023024,0.0141347391877205));
#6547=CARTESIAN_POINT('',(-0.04,-0.0216547005383792,0.03));
#6548=CARTESIAN_POINT('',(-0.0382499356989401,-0.0226651006336953,0.0138335984749429));
#6549=CARTESIAN_POINT('',(-0.0420487404186482,-0.0204718597061731,0.0132852882430623));
#6550=CARTESIAN_POINT('',(-0.0463383137262537,-0.0179952734023184,0.0158466240405714));
#6551=CARTESIAN_POINT('',(-0.0479160221017639,-0.0170843830470149,0.00389164073811708));
#6552=CARTESIAN_POINT('',(-0.04,-0.0307169209478375,0.00398984846405453));
#6553=CARTESIAN_POINT('',(-0.05,0.0105,0.03));
#6554=CARTESIAN_POINT('',(-0.0520144285487638,0.0139890925946761,0.0178862814488567));
#6555=CARTESIAN_POINT('',(-0.0487556721695878,0.0083447609764541,0.0157186458525819));
#6556=CARTESIAN_POINT('',(-0.0462335046789749,0.00397623873751413,0.0192551113811601));
#6557=CARTESIAN_POINT('',(-0.0433716094520132,-0.000980709201522212,0.00813846405047998));
#6558=CARTESIAN_POINT('',(-0.05,0.0293815414941782,0.00697190400452364));
#6559=CARTESIAN_POINT('',(-0.04,0.0187169209478375,0.00398984846405454));
#6560=CARTESIAN_POINT('',(-0.05,0.0126184585058219,0.00697190400452363));
#6561=CARTESIAN_POINT('',(-0.0544543311724453,0.023784872095587,-0.0053026057933415));
#6562=CARTESIAN_POINT('',(-0.0488452994616208,0.0335,0.03));
#6563=CARTESIAN_POINT('',(-0.0455309552464933,0.0392406125743728,0.0225991104635045));
#6564=CARTESIAN_POINT('',(-0.0487846655553617,0.0336050210063021,0.0167706673355694));
#6565=CARTESIAN_POINT('',(-0.0502105771270136,0.0311352697171006,0.0173881051578697));
#6566=CARTESIAN_POINT('',(-0.0561779548557919,-0.0476691633384398,0.03));
#6567=CARTESIAN_POINT('',(-0.0572550123756158,0.0408914158238664,0.03));
#6568=CARTESIAN_POINT('',(-0.0581060049639183,-0.0503036107147547,0.0101322129799983));
#6569=CARTESIAN_POINT('',(-0.064,-0.006,0.011));
#6570=CARTESIAN_POINT('',(-0.0519741743747305,-0.006,0.011));
#6571=CARTESIAN_POINT('',(-0.0516143852142006,-0.00793923349412954,0.0114892580661023));
#6572=CARTESIAN_POINT('',(-0.0494639210156498,-0.00602549528104815,0.0129998374910588));
#6573=CARTESIAN_POINT('',(-0.0519781115153112,-0.006,0.011));
#6574=CARTESIAN_POINT('',(-0.05159504712889,-0.00406076650587046,0.0114892580661023));
#6575=CARTESIAN_POINT('',(-0.0516840488292437,-0.006,0.011));
#6576=CARTESIAN_POINT('',(-0.0529919047001,-0.00601173367630257,0.00900003442008608));
#6577=CARTESIAN_POINT('',(-0.0516798238223686,-0.006,0.011));
#6578=CARTESIAN_POINT('',(-0.039,-0.006,0.011));
#6579=CARTESIAN_POINT('',(-0.039,-0.006,0.009));
#6580=CARTESIAN_POINT('',(-0.039,0.014,0.007));
#6581=CARTESIAN_POINT('',(-0.039,-0.006,0.011));
#6582=CARTESIAN_POINT('',(-0.039,-0.006,0.01));
#6583=CARTESIAN_POINT('',(-0.064,-0.006,0.003));
#6584=CARTESIAN_POINT('',(-0.0558737379126728,-0.006,0.003));
#6585=CARTESIAN_POINT('',(-0.054563797055928,-0.00600560219633035,0.00499999215383368));
#6586=CARTESIAN_POINT('',(-0.055510978524991,-0.00420460914320673,0.00388123304031518));
#6587=CARTESIAN_POINT('',(-0.0546797537458046,-0.006,0.003));
#6588=CARTESIAN_POINT('',(-0.0532779815244982,-0.00601061777653201,0.00100002818449321));
#6589=CARTESIAN_POINT('',(-0.0546784613193428,-0.006,0.003));
#6590=CARTESIAN_POINT('',(-0.0555323957716177,-0.00779539085679325,0.00388123304031521));
#6591=CARTESIAN_POINT('',(-0.0558736143111384,-0.006,0.003));
#6592=CARTESIAN_POINT('',(-0.039,-0.006,0.003));
#6593=CARTESIAN_POINT('',(-0.039,-0.006,0.001));
#6594=CARTESIAN_POINT('',(-0.039,0.014,0.007));
#6595=CARTESIAN_POINT('',(-0.039,-0.006,0.003));
#6596=CARTESIAN_POINT('',(-0.039,-0.006,0.002));
#6597=CARTESIAN_POINT('',(-0.068,0.036,0.007));
#6598=CARTESIAN_POINT('',(-0.0580480252052606,0.036,0.007));
#6599=CARTESIAN_POINT('',(-0.0573781545044414,0.0379999931919672,0.00700521843701124));
#6600=CARTESIAN_POINT('',(-0.0586382650730523,0.034237755859799,0.00794577777005342));
#6601=CARTESIAN_POINT('',(-0.0583487271798303,0.036,0.007));
#6602=CARTESIAN_POINT('',(-0.043,0.036,0.007));
#6603=CARTESIAN_POINT('',(-0.043,0.036,0.005));
#6604=CARTESIAN_POINT('',(-0.043,0.014,0.007));
#6605=CARTESIAN_POINT('',(-0.043,0.036,0.007));
#6606=CARTESIAN_POINT('',(-0.043,0.036,0.006));
#6607=CARTESIAN_POINT('',(-0.061,0.036,0.007));
#6608=CARTESIAN_POINT('',(-0.061,-0.006,0.003));
#6609=CARTESIAN_POINT('',(-0.061,-0.006,0.011));
#6610=CARTESIAN_POINT('',(-0.0586170402224433,0.0343011256364837,0.00805537950377434));
#6611=CARTESIAN_POINT('',(-0.0590129599725473,0.0343306660750744,0.00810293158682068));
#6612=CARTESIAN_POINT('',(-0.0591000031355878,0.0340058165681558,0.00831922437971792));
#6613=CARTESIAN_POINT('',(-0.0587281388205212,0.0339694251463212,0.00752143180336175));
#6614=CARTESIAN_POINT('',(-0.0591084465583015,0.0339743052855132,0.00756205343448166));
#6615=CARTESIAN_POINT('',(-0.0592111017336694,0.0335911909554658,0.00765178975419826));
#6616=CARTESIAN_POINT('',(-0.0587668670055784,0.0338537967028981,0.00612429176701507));
#6617=CARTESIAN_POINT('',(-0.0591420080287856,0.033849052172616,0.00603548176420427));
#6618=CARTESIAN_POINT('',(-0.0592498299187212,0.0334466554011676,0.00590536470877071));
#6619=CARTESIAN_POINT('',(-0.058322724315477,0.0351798471711011,0.00498222881822808));
#6620=CARTESIAN_POINT('',(-0.0587423868156579,0.0353404588437441,0.00491455019497065));
#6621=CARTESIAN_POINT('',(-0.0588056872286218,0.0351042184864287,0.00447778602278489));
#6622=CARTESIAN_POINT('',(-0.0578892565458397,0.0364740261628881,0.00498039504858468));
#6623=CARTESIAN_POINT('',(-0.0583951846026975,0.0366362351430208,0.00501967791612826));
#6624=CARTESIAN_POINT('',(-0.0583722194589839,0.0367219422261608,0.00447549381073086));
#6625=CARTESIAN_POINT('',(-0.0575014060150109,0.0376320084723173,0.00555870124891051));
#6626=CARTESIAN_POINT('',(-0.058098335690125,0.0377440903669027,0.00570106548952324));
#6627=CARTESIAN_POINT('',(-0.0579843689281567,0.0381694201129505,0.00519837656113827));
#6628=CARTESIAN_POINT('',(-0.0573644089345832,0.0380410325240651,0.00652113509372193));
#6629=CARTESIAN_POINT('',(-0.0580206384619513,0.0380340603700964,0.00656004756676861));
#6630=CARTESIAN_POINT('',(-0.0578473718477221,0.0386807001776211,0.0064014188671517));
#6631=CARTESIAN_POINT('',(-0.0573799888938292,0.0379945163644503,0.00714800159438282));
#6632=CARTESIAN_POINT('',(-0.0580309782983905,0.0379954715751294,0.00713512887271444));
#6633=CARTESIAN_POINT('',(-0.0578629518069737,0.0386225549781142,0.00718500199297852));
#6634=CARTESIAN_POINT('',(-0.0578618380978923,0.0386267113969909,0.0071161178191332));
#6635=CARTESIAN_POINT('',(-0.0579020501314036,0.0384766380448511,0.0071245124057802));
#6636=CARTESIAN_POINT('',(-0.057831920302664,0.0381436717339674,0.0071067500245209));
#6637=CARTESIAN_POINT('',(-0.0575279042101307,0.0379999062718146,0.00703853103867415));
#6638=CARTESIAN_POINT('',(-0.0573781545044414,0.0379999931919672,0.00700521843701137));
#6639=CARTESIAN_POINT('',(-0.059107764473855,0.033976850859408,0.00827141307281576));
#6640=CARTESIAN_POINT('',(-0.0590577250652814,0.0341636004745853,0.00815064799854482));
#6641=CARTESIAN_POINT('',(-0.0588507533115644,0.0342722862014814,0.00801011729485054));
#6642=CARTESIAN_POINT('',(-0.0586382650730523,0.034237755859799,0.00794577777005343));
#6643=CARTESIAN_POINT('',(-0.057451743561257,0.0379966503696223,0.00688429649319486));
#6644=CARTESIAN_POINT('',(-0.0580656601533341,0.0380143283801542,0.00718935903829248));
#6645=CARTESIAN_POINT('',(-0.0578779151572583,0.0386607362532723,0.00705829444152851));
#6646=CARTESIAN_POINT('',(-0.0573084942359697,0.038009969982648,0.00711414786940009));
#6647=CARTESIAN_POINT('',(-0.0579619545581543,0.0379915034985959,0.00742570749857504));
#6648=CARTESIAN_POINT('',(-0.0577346658319717,0.0386773857695498,0.00734560866178515));
#6649=CARTESIAN_POINT('',(-0.0570580524939361,0.037956433801833,0.00757843188656832));
#6650=CARTESIAN_POINT('',(-0.0578054704403761,0.0378586428827141,0.00786232895617877));
#6651=CARTESIAN_POINT('',(-0.0574842240899371,0.0386104655435378,0.00792596368324529));
#6652=CARTESIAN_POINT('',(-0.0568347733687815,0.0376450932152332,0.0082066059864554));
#6653=CARTESIAN_POINT('',(-0.0577128677316139,0.0375345645045516,0.00832019888308069));
#6654=CARTESIAN_POINT('',(-0.0572609449647829,0.0382212898102853,0.00871118130810419));
#6655=CARTESIAN_POINT('',(-0.0567902865233493,0.0371394997046708,0.00869226295508322));
#6656=CARTESIAN_POINT('',(-0.0577002452663367,0.0371738134609765,0.00863990301633155));
#6657=CARTESIAN_POINT('',(-0.0572164581193506,0.037589297922083,0.00931825251888893));
#6658=CARTESIAN_POINT('',(-0.0569298271348281,0.0364992826519429,0.00897814415881031));
#6659=CARTESIAN_POINT('',(-0.057746873014982,0.0367316146299987,0.00890136795038802));
#6660=CARTESIAN_POINT('',(-0.0573559987308295,0.036789026606173,0.00967560402354788));
#6661=CARTESIAN_POINT('',(-0.0572369480963034,0.0358003316656197,0.00903020464420334));
#6662=CARTESIAN_POINT('',(-0.0579055548240655,0.0361342252666495,0.00905363070277338));
#6663=CARTESIAN_POINT('',(-0.0576631196923046,0.035915337873269,0.00974067963028884));
#6664=CARTESIAN_POINT('',(-0.0578213840828439,0.0348987096684161,0.00878105920023979));
#6665=CARTESIAN_POINT('',(-0.0582920344221838,0.0352345934798697,0.0089731256562846));
#6666=CARTESIAN_POINT('',(-0.0582475556788459,0.0347883103767647,0.00942924782533608));
#6667=CARTESIAN_POINT('',(-0.0583794696119578,0.0343823689378582,0.00826305424044654));
#6668=CARTESIAN_POINT('',(-0.0587801189788916,0.0345538553155844,0.00850133188849872));
#6669=CARTESIAN_POINT('',(-0.0588056412079559,0.0341428844635663,0.00878174162558686));
#6670=CARTESIAN_POINT('',(-0.0587220255746143,0.0341876387242573,0.00784578165396757));
#6671=CARTESIAN_POINT('',(-0.0591000814885525,0.0342827869609059,0.00804966758451285));
#6672=CARTESIAN_POINT('',(-0.0591481971706156,0.0338994716965659,0.00826015089249439));
#6673=CARTESIAN_POINT('',(-0.0545618854707275,-0.00599101265914133,0.00499997980682413));
#6674=CARTESIAN_POINT('',(-0.0553825265289035,-0.00590656428983003,0.00499960031985263));
#6675=CARTESIAN_POINT('',(-0.0550028137329253,-0.00594235232264269,0.00573111985255951));
#6676=CARTESIAN_POINT('',(-0.0546146416205009,-0.00640113769708661,0.00500182279218734));
#6677=CARTESIAN_POINT('',(-0.0554064454733651,-0.00622571294710122,0.00501805741934707));
#6678=CARTESIAN_POINT('',(-0.0550555698826983,-0.00645500862007436,0.00573342358425511));
#6679=CARTESIAN_POINT('',(-0.0548908756500221,-0.00722142055471549,0.00474498276162599));
#6680=CARTESIAN_POINT('',(-0.0555193243157669,-0.00689881426522099,0.00493788923321061));
#6681=CARTESIAN_POINT('',(-0.0553318039122209,-0.00748036219211279,0.00541237354606775));
#6682=CARTESIAN_POINT('',(-0.0554069998520193,-0.00774355010936972,0.00406218593274765));
#6683=CARTESIAN_POINT('',(-0.0559171818384314,-0.00759392140515964,0.00431851952282542));
#6684=CARTESIAN_POINT('',(-0.0558479281142152,-0.00813302413542331,0.00455887750996047));
#6685=CARTESIAN_POINT('',(-0.0556781677431047,-0.00788221681707733,0.00367620991822902));
#6686=CARTESIAN_POINT('',(-0.0561517455649496,-0.00779752323854458,0.00391195280444739));
#6687=CARTESIAN_POINT('',(-0.0561190960053025,-0.00830635752006269,0.00407640749181562));
#6688=CARTESIAN_POINT('',(-0.055009652250073,-0.00600482837343005,0.0057306198929173));
#6689=CARTESIAN_POINT('',(-0.0550898713411535,-0.00600389440465359,0.00557740784515606));
#6690=CARTESIAN_POINT('',(-0.0550743017295783,-0.00600291735788749,0.00519020893522394));
#6691=CARTESIAN_POINT('',(-0.0547342999548313,-0.0060045258320126,0.00499999516884763));
#6692=CARTESIAN_POINT('',(-0.054563797055928,-0.00600560219633035,0.00499999215383368));
#6693=CARTESIAN_POINT('',(-0.0560620431053968,-0.00809515151637203,0.00404747572267172));
#6694=CARTESIAN_POINT('',(-0.0559876481370229,-0.00790458488725879,0.00395057962817015));
#6695=CARTESIAN_POINT('',(-0.0557552198965729,-0.00779311185056425,0.00388587620138493));
#6696=CARTESIAN_POINT('',(-0.0555323957716177,-0.00779539085679321,0.0038812330403153));
#6697=CARTESIAN_POINT('',(-0.0556411475848806,-0.00769949222923505,0.00405438425764504));
#6698=CARTESIAN_POINT('',(-0.0559665854902514,-0.00777172395585633,0.00393795871619085));
#6699=CARTESIAN_POINT('',(-0.0560754328815053,-0.00807865104479384,0.00407445108513223));
#6700=CARTESIAN_POINT('',(-0.0554540242624344,-0.00788694673398705,0.00375223874299873));
#6701=CARTESIAN_POINT('',(-0.0557910406567914,-0.00795828880750525,0.0035898887601005));
#6702=CARTESIAN_POINT('',(-0.0558883095590592,-0.0083129691757288,0.00369676919182205));
#6703=CARTESIAN_POINT('',(-0.0549866093766687,-0.00809654095970561,0.00304606246155396));
#6704=CARTESIAN_POINT('',(-0.0553441771028552,-0.00811384793041486,0.00276379682567661));
#6705=CARTESIAN_POINT('',(-0.0554208946732933,-0.00857496195788442,0.00281404884001923));
#6706=CARTESIAN_POINT('',(-0.0541996596612015,-0.00782879964574361,0.00197362875858775));
#6707=CARTESIAN_POINT('',(-0.0546725893008526,-0.00764836982810374,0.00165353288890881));
#6708=CARTESIAN_POINT('',(-0.0546339449578266,-0.00824028531542882,0.00147350671131102));
#6709=CARTESIAN_POINT('',(-0.0535457635446695,-0.00705285546362053,0.00118641208744255));
#6710=CARTESIAN_POINT('',(-0.0542269628467226,-0.00673276581300164,0.00103072112537003));
#6711=CARTESIAN_POINT('',(-0.0539800488412928,-0.00727035508777622,0.000489485872376623));
#6712=CARTESIAN_POINT('',(-0.0533196260385078,-0.00634088232236566,0.000997444046333512));
#6713=CARTESIAN_POINT('',(-0.0541412367350315,-0.00616890887166161,0.000983690643695082));
#6714=CARTESIAN_POINT('',(-0.0537539113351355,-0.00638038866120637,0.00025327582099836));
#6715=CARTESIAN_POINT('',(-0.0532746709265234,-0.00598532038111137,0.00100005387352827));
#6716=CARTESIAN_POINT('',(-0.0541224148617849,-0.00589957808755993,0.00100068322257688));
#6717=CARTESIAN_POINT('',(-0.0537089562231481,-0.00593593623463924,0.000256538104986263));
#6718=CARTESIAN_POINT('',(-0.0537171959224785,-0.00601112906424707,0.000257117078907578));
#6719=CARTESIAN_POINT('',(-0.0538027822176328,-0.00600965197787327,0.00041002025362247));
#6720=CARTESIAN_POINT('',(-0.0537954008777629,-0.00600763079694871,0.000803878865828115));
#6721=CARTESIAN_POINT('',(-0.0534507388714958,-0.00600926996955143,0.00100002102903571));
#6722=CARTESIAN_POINT('',(-0.0532779815244982,-0.00601061777653198,0.00100002818449321));
#6723=CARTESIAN_POINT('',(-0.0556555942003126,-0.00411776045439193,0.00367614665047543));
#6724=CARTESIAN_POINT('',(-0.0561337863267729,-0.00420265532632924,0.00391247479773073));
#6725=CARTESIAN_POINT('',(-0.0560969540996781,-0.00368931214286312,0.00407632840712363));
#6726=CARTESIAN_POINT('',(-0.0553851389781777,-0.00425705308253094,0.00406390586352569));
#6727=CARTESIAN_POINT('',(-0.0559007512777854,-0.00440708691572496,0.00432019874265601));
#6728=CARTESIAN_POINT('',(-0.0558264988775417,-0.00386342792804171,0.00456102742343313));
#6729=CARTESIAN_POINT('',(-0.0548736806103517,-0.00478276675845353,0.00474941096083364));
#6730=CARTESIAN_POINT('',(-0.0555107067795633,-0.00510391333744185,0.00493801649496072));
#6731=CARTESIAN_POINT('',(-0.055315040509718,-0.00452057002293779,0.00541790879507761));
#6732=CARTESIAN_POINT('',(-0.0546085165026989,-0.00560826080717335,0.00500407087003697));
#6733=CARTESIAN_POINT('',(-0.0554051890905307,-0.00577396086509557,0.0050174234149358));
#6734=CARTESIAN_POINT('',(-0.055049876402064,-0.00555243758383972,0.00573623368156646));
#6735=CARTESIAN_POINT('',(-0.0545621110638275,-0.00602025865841225,0.00499989739405784));
#6736=CARTESIAN_POINT('',(-0.0553841934036315,-0.00609432735061541,0.00499914708939779));
#6737=CARTESIAN_POINT('',(-0.0550034709631929,-0.00606743489788852,0.00573101683660164));
#6738=CARTESIAN_POINT('',(-0.056041997441967,-0.00390064992450832,0.00404753965611966));
#6739=CARTESIAN_POINT('',(-0.0559690433481401,-0.00409311958369743,0.00395009420256089));
#6740=CARTESIAN_POINT('',(-0.0557351738044751,-0.00420657336531575,0.00388523487212801));
#6741=CARTESIAN_POINT('',(-0.0555109785249909,-0.00420460914320679,0.00388123304031529));
#6742=CARTESIAN_POINT('',(-0.0532751570447441,-0.00603604122482324,0.00100032476884039));
#6743=CARTESIAN_POINT('',(-0.0541249880600532,-0.00610852208479937,0.00100163113045805));
#6744=CARTESIAN_POINT('',(-0.0537098674755493,-0.00608652865860982,0.000256876724126413));
#6745=CARTESIAN_POINT('',(-0.0533132624224358,-0.00567873182598912,0.000993884788900562));
#6746=CARTESIAN_POINT('',(-0.0541408715342041,-0.00583836967522282,0.000983972330539794));
#6747=CARTESIAN_POINT('',(-0.0537479728532414,-0.00563989191006742,0.000248826749208463));
#6748=CARTESIAN_POINT('',(-0.0535272025884048,-0.0049611682664851,0.00117718574542064));
#6749=CARTESIAN_POINT('',(-0.0542191875154877,-0.00527832978968405,0.00102838559409268));
#6750=CARTESIAN_POINT('',(-0.0539619130192098,-0.00474293746068686,0.000477952944848646));
#6751=CARTESIAN_POINT('',(-0.0541714739447846,-0.0041757833938566,0.00196346371748561));
#6752=CARTESIAN_POINT('',(-0.0546512042154242,-0.00435953555049651,0.00164306833919045));
#6753=CARTESIAN_POINT('',(-0.0546061843755897,-0.00376120636990215,0.00146080040993344));
#6754=CARTESIAN_POINT('',(-0.0549583874352844,-0.00390234125567881,0.0030406321545542));
#6755=CARTESIAN_POINT('',(-0.0553191417111135,-0.00388587198264478,0.00275469335673702));
#6756=CARTESIAN_POINT('',(-0.0553930978660898,-0.00341940369717707,0.00280726095626971));
#6757=CARTESIAN_POINT('',(-0.05543072798297,-0.00411217686361666,0.00375088966138885));
#6758=CARTESIAN_POINT('',(-0.0557701202092784,-0.00403988828232025,0.0035859414380245));
#6759=CARTESIAN_POINT('',(-0.0558654384137746,-0.00368169820710635,0.00369508283980922));
#6760=CARTESIAN_POINT('',(-0.0556208921620736,-0.0043006066265155,0.00405454358001791));
#6761=CARTESIAN_POINT('',(-0.0559484074464863,-0.00422709266213502,0.00393607607777903));
#6762=CARTESIAN_POINT('',(-0.0560556025928788,-0.00391723541072515,0.00407465023809831));
#6763=CARTESIAN_POINT('',(-0.0515639598121488,-0.00791935160523537,0.0115622182987776));
#6764=CARTESIAN_POINT('',(-0.0520236767867883,-0.00785051362558815,0.0117972236108144));
#6765=CARTESIAN_POINT('',(-0.0520048880743465,-0.00835277600526024,0.0119339179675014));
#6766=CARTESIAN_POINT('',(-0.0519769856813613,-0.00809372476096847,0.0109669274711864));
#6767=CARTESIAN_POINT('',(-0.0523426459409968,-0.00808831228356003,0.0112365132609377));
#6768=CARTESIAN_POINT('',(-0.0524179139435637,-0.00857074244991532,0.0111898044330132));
#6769=CARTESIAN_POINT('',(-0.0528320844884918,-0.00784333668481433,0.00961171301840567));
#6770=CARTESIAN_POINT('',(-0.0531114998087834,-0.00801869596642667,0.0097558824984018));
#6771=CARTESIAN_POINT('',(-0.0532730127506873,-0.00825775735473955,0.00949578636702955));
#6772=CARTESIAN_POINT('',(-0.0530727241225866,-0.0066099634583501,0.00899682208605229));
#6773=CARTESIAN_POINT('',(-0.0533674872861144,-0.00662029358228579,0.0089867687730171));
#6774=CARTESIAN_POINT('',(-0.0535136523847844,-0.00671604082165373,0.00872717270160754));
#6775=CARTESIAN_POINT('',(-0.0529890063395028,-0.00598966763701454,0.0090000266896093));
#6776=CARTESIAN_POINT('',(-0.0532906392014509,-0.00595710077497413,0.00900019493817449));
#6777=CARTESIAN_POINT('',(-0.0534299346017006,-0.0059406710449842,0.00873117845604096));
#6778=CARTESIAN_POINT('',(-0.0534371485494498,-0.00601249420662566,0.00873183921399933));
#6779=CARTESIAN_POINT('',(-0.0533517583679176,-0.00601169572028292,0.00889456766801636));
#6780=CARTESIAN_POINT('',(-0.0531730658758507,-0.00601140256672009,0.0090000324774863));
#6781=CARTESIAN_POINT('',(-0.0529919047001,-0.00601173367630257,0.00900003442008608));
#6782=CARTESIAN_POINT('',(-0.0520202426942852,-0.00836071572360035,0.0119062220486858));
#6783=CARTESIAN_POINT('',(-0.0520255540505871,-0.00809889104595012,0.0118435162959324));
#6784=CARTESIAN_POINT('',(-0.0518279789187513,-0.00790067291955765,0.0116420975652207));
#6785=CARTESIAN_POINT('',(-0.0516143852142006,-0.00793923349412952,0.0114892580661024));
#6786=CARTESIAN_POINT('',(-0.0520420591933713,-0.00840446780221723,0.0118913061526334));
#6787=CARTESIAN_POINT('',(-0.0520725546660359,-0.0078706115819719,0.011805091615399));
#6788=CARTESIAN_POINT('',(-0.0516904484185275,-0.00795318357018169,0.0114302022096321));
#6789=CARTESIAN_POINT('',(-0.0517596635649215,-0.00834400411217823,0.012165820516645));
#6790=CARTESIAN_POINT('',(-0.0518118933378135,-0.00776965215647492,0.0120537518119739));
#6791=CARTESIAN_POINT('',(-0.0514080527900775,-0.00790481261815188,0.011649813700841));
#6792=CARTESIAN_POINT('',(-0.0512058067800854,-0.00812961271131076,0.0126941905916997));
#6793=CARTESIAN_POINT('',(-0.0513175184354824,-0.00746088514497591,0.0125130871400722));
#6794=CARTESIAN_POINT('',(-0.0508541960052416,-0.00773329949745586,0.0120725097608852));
#6795=CARTESIAN_POINT('',(-0.0505011933956616,-0.00756382759871492,0.013335703352115));
#6796=CARTESIAN_POINT('',(-0.05082089505304,-0.00682661051675182,0.012940582899174));
#6797=CARTESIAN_POINT('',(-0.0501495826208176,-0.00728067140738002,0.0125857199692177));
#6798=CARTESIAN_POINT('',(-0.0500022348530941,-0.00681760740807331,0.0137538024436197));
#6799=CARTESIAN_POINT('',(-0.0506322563637003,-0.00619717096816391,0.0130622923608497));
#6800=CARTESIAN_POINT('',(-0.0496506240782506,-0.00668369525486646,0.0129201992424198));
#6801=CARTESIAN_POINT('',(-0.049844181496196,-0.00625595057505889,0.0138521904443702));
#6802=CARTESIAN_POINT('',(-0.0506560683583233,-0.00596956930652022,0.0130147847714321));
#6803=CARTESIAN_POINT('',(-0.0494925707213513,-0.0062343697884551,0.0129989096430244));
#6804=CARTESIAN_POINT('',(-0.0498132508216945,-0.00597485945743588,0.0138535252057461));
#6805=CARTESIAN_POINT('',(-0.0506606427875045,-0.00587756413318744,0.0130006039349327));
#6806=CARTESIAN_POINT('',(-0.0494616400468507,-0.00600949689435661,0.0129999774521223));
#6807=CARTESIAN_POINT('',(-0.0498199460866426,-0.00603012174727003,0.0138526518491498));
#6808=CARTESIAN_POINT('',(-0.0499604823964612,-0.00602587948746142,0.0137124436226478));
#6809=CARTESIAN_POINT('',(-0.0500466468060724,-0.00601863578038122,0.0132582851686139));
#6810=CARTESIAN_POINT('',(-0.0496596561915044,-0.00602206737684664,0.0129998811923002));
#6811=CARTESIAN_POINT('',(-0.0494639210156498,-0.00602549528104815,0.0129998374910588));
#6812=CARTESIAN_POINT('',(-0.0529890901361276,-0.00603394067651094,0.00900028801311839));
#6813=CARTESIAN_POINT('',(-0.0532912270580427,-0.00606544510665811,0.00900082273095741));
#6814=CARTESIAN_POINT('',(-0.0534304500354931,-0.00608453742051188,0.00873150511042733));
#6815=CARTESIAN_POINT('',(-0.0530704741048598,-0.00540972318785783,0.00898969330548358));
#6816=CARTESIAN_POINT('',(-0.0533659328315718,-0.005398112484763,0.00897975498975233));
#6817=CARTESIAN_POINT('',(-0.0535118340042271,-0.00530426555969585,0.00871826172589849));
#6818=CARTESIAN_POINT('',(-0.0528208141678722,-0.00416139730863294,0.00959849219458488));
#6819=CARTESIAN_POINT('',(-0.0531001917481274,-0.00398207721327373,0.00974515705879666));
#6820=CARTESIAN_POINT('',(-0.0532621740672355,-0.00374385821066035,0.0094792603372532));
#6821=CARTESIAN_POINT('',(-0.0519577798143334,-0.00390514235554137,0.0109635149103245));
#6822=CARTESIAN_POINT('',(-0.0523264069770862,-0.00391067673360718,0.0112356682753702));
#6823=CARTESIAN_POINT('',(-0.0523991397137014,-0.00342353951930764,0.0111855387319348));
#6824=CARTESIAN_POINT('',(-0.0515446420444417,-0.00408076365179376,0.0115626116242347));
#6825=CARTESIAN_POINT('',(-0.0520088516650792,-0.00414989567340046,0.0117984416053038));
#6826=CARTESIAN_POINT('',(-0.0519860019438071,-0.00364306613961541,0.0119344096243227));
#6827=CARTESIAN_POINT('',(-0.0520014305121943,-0.00363503579084146,0.0119064125743128));
#6828=CARTESIAN_POINT('',(-0.0520086132390099,-0.00389850782022314,0.0118446964053554));
#6829=CARTESIAN_POINT('',(-0.0518100795553109,-0.00409942604013763,0.0116424898039365));
#6830=CARTESIAN_POINT('',(-0.0515950471288899,-0.00406076650587048,0.0114892580661023));
#6831=CARTESIAN_POINT('',(-0.0498142760715563,-0.00608582856411758,0.0138530073727638));
#6832=CARTESIAN_POINT('',(-0.0506691175198261,-0.00613156218000883,0.0129976867962025));
#6833=CARTESIAN_POINT('',(-0.0494623210949636,-0.00604179792157101,0.0129995631857364));
#6834=CARTESIAN_POINT('',(-0.0498355889923343,-0.00579942144341535,0.0138589942915293));
#6835=CARTESIAN_POINT('',(-0.0506656348653777,-0.00604086494930507,0.0130097682981513));
#6836=CARTESIAN_POINT('',(-0.0494836340157415,-0.00581267222500927,0.0130043527207524));
#6837=CARTESIAN_POINT('',(-0.0499782893888656,-0.00522460671846229,0.0137715360205677));
#6838=CARTESIAN_POINT('',(-0.0506364055099956,-0.00582855618871911,0.0130590309907649));
#6839=CARTESIAN_POINT('',(-0.049626334412273,-0.00535282044504679,0.0129343861039779));
#6840=CARTESIAN_POINT('',(-0.0504675312458494,-0.00445698559002795,0.0133574161149699));
#6841=CARTESIAN_POINT('',(-0.050803114712879,-0.00520023019056369,0.0129527550579967));
#6842=CARTESIAN_POINT('',(-0.0501155762692566,-0.00473872354229918,0.0126030901795017));
#6843=CARTESIAN_POINT('',(-0.0511747316325143,-0.0038738616218746,0.0127087991843845));
#6844=CARTESIAN_POINT('',(-0.0512923276861312,-0.00455050410760266,0.0125274660136762));
#6845=CARTESIAN_POINT('',(-0.0508227766559218,-0.00427222436777709,0.0120841966350328));
#6846=CARTESIAN_POINT('',(-0.0517362847613398,-0.0036535966116778,0.0121707060184049));
#6847=CARTESIAN_POINT('',(-0.0517919388272778,-0.00423286077972022,0.0120602839705012));
#6848=CARTESIAN_POINT('',(-0.0513843297847466,-0.00409601235961819,0.0116537221022493));
#6849=CARTESIAN_POINT('',(-0.0520232039944412,-0.00359201946481938,0.0118909326589963));
#6850=CARTESIAN_POINT('',(-0.0520564893047726,-0.00412968864910082,0.0118067290069508));
#6851=CARTESIAN_POINT('',(-0.0516712490178484,-0.00404675064213245,0.0114299034147224));
#6852=CARTESIAN_POINT('',(-0.040002,-0.039375,0.00639417679167926));
#6853=CARTESIAN_POINT('',(-0.040002,-0.03875,0.00714417679167926));
#6854=CARTESIAN_POINT('',(-0.003,-0.03875,0.00714417679167926));
#6855=CARTESIAN_POINT('',(0.,-0.03875,0.00714417679167926));
#6856=CARTESIAN_POINT('',(-0.040002,-0.039375,0.00789417679167926));
#6857=CARTESIAN_POINT('',(0.,-0.03875,0.00714417679167926));
#6858=CARTESIAN_POINT('',(0.,-0.0275,0.00714417679167926));
#6859=CARTESIAN_POINT('',(0.,-0.043,0.00714417679167926));
#6860=CARTESIAN_POINT('',(0.,-0.043,0.00614417679167926));
#6861=CARTESIAN_POINT('',(0.,-0.068,0.00714417679167926));
#6862=CARTESIAN_POINT('',(0.,-0.043,0.00714417679167926));
#6863=CARTESIAN_POINT('',(0.,-0.043,0.00514417679167926));
#6864=CARTESIAN_POINT('',(0.,-0.0447022739338014,0.00714417679167926));
#6865=CARTESIAN_POINT('',(-3.46944695195361E-18,-0.0438895146598974,0.00914417679167926));
#6866=CARTESIAN_POINT('',(3.46944695195361E-18,-0.0455150332077054,0.00514417679167926));
#6867=CARTESIAN_POINT('',(0.,-0.0447022739338014,0.00714417679167926));
#6868=CARTESIAN_POINT('',(0.,-0.043,0.00714417679167926));
#6869=CARTESIAN_POINT('',(3.7696879430819E-5,-0.0455131350846309,0.00514453208691764));
#6870=CARTESIAN_POINT('',(5.34362115889573E-5,-0.0458763693805195,0.00514482880148162));
#6871=CARTESIAN_POINT('',(6.48071292337021E-5,-0.0459883400575785,0.00479911181023464));
#6872=CARTESIAN_POINT('',(-0.000492090977408202,-0.0455418406287127,0.00513454463818957));
#6873=CARTESIAN_POINT('',(-0.000505282027912715,-0.04590193837614,0.00513014181112624));
#6874=CARTESIAN_POINT('',(-0.00059742769181546,-0.0460170456016556,0.00478662749933376));
#6875=CARTESIAN_POINT('',(-0.0015555991144302,-0.0454190952586931,0.00555834050679852));
#6876=CARTESIAN_POINT('',(-0.00166849401647179,-0.0457837518532634,0.00562684048854925));
#6877=CARTESIAN_POINT('',(-0.00192681286309237,-0.0458943002316431,0.00531637233508187));
#6878=CARTESIAN_POINT('',(-0.00222220044278766,-0.0448056553844733,0.00714417679167932));
#6879=CARTESIAN_POINT('',(-0.00223446699906103,-0.045226902772676,0.00740446796223447));
#6880=CARTESIAN_POINT('',(-0.00276006452353949,-0.0452808603574196,0.0072986676911864));
#6881=CARTESIAN_POINT('',(-0.00155559911441916,-0.0441301921112591,0.00873001307655976));
#6882=CARTESIAN_POINT('',(-0.00134097429227567,-0.0447069025646054,0.00890167166016649));
#6883=CARTESIAN_POINT('',(-0.00192681286307858,-0.0446053970842095,0.00928096304729245));
#6884=CARTESIAN_POINT('',(-0.000492090977433979,-0.043908493458837,0.00915380894516943));
#6885=CARTESIAN_POINT('',(-0.000408791541226329,-0.0445889159080838,0.00915787596733825));
#6886=CARTESIAN_POINT('',(-0.000597427691847674,-0.0443836984317791,0.00981070788303751));
#6887=CARTESIAN_POINT('',(3.76968794308131E-5,-0.0438879053063229,0.00914382149644087));
#6888=CARTESIAN_POINT('',(5.9087689247945E-5,-0.0445762027856569,0.00914341824141428));
#6889=CARTESIAN_POINT('',(6.48071292336947E-5,-0.0443631102792705,0.00979822357213867));
#6890=CARTESIAN_POINT('',(-3.46944695195361E-18,-0.0455150332077054,0.00514417679167926));
#6891=CARTESIAN_POINT('',(-3.46944695195361E-18,-0.0457263725824158,0.00514417679167925));
#6892=CARTESIAN_POINT('',(-3.46944695195361E-18,-0.0459255337534759,0.00499971941216555));
#6893=CARTESIAN_POINT('',(-3.46944695195361E-18,-0.0459908760753198,0.00479873025110045));
#6894=CARTESIAN_POINT('',(-3.46944695195361E-18,-0.044365398204432,0.00979860513127286));
#6895=CARTESIAN_POINT('',(-3.46944695195361E-18,-0.0444144093453195,0.00964784972785527));
#6896=CARTESIAN_POINT('',(-3.46944695195362E-18,-0.0443578347393437,0.00930501634393086));
#6897=CARTESIAN_POINT('',(-3.46944695195361E-18,-0.0440480338595455,0.00914417679167875));
#6898=CARTESIAN_POINT('',(-3.46944695195361E-18,-0.0438895146598976,0.00914417679167871));
#6899=CARTESIAN_POINT('',(0.,-0.015,0.00714417679167926));
#6900=CARTESIAN_POINT('',(0.01,-0.00503598948161034,0.));
#6901=CARTESIAN_POINT('',(0.05,-0.0163787838708181,0.));
#6902=CARTESIAN_POINT('',(0.042,-0.0163787838708181,0.));
#6903=CARTESIAN_POINT('',(0.0488452994616208,-0.0163787838708181,0.));
#6904=CARTESIAN_POINT('',(0.0386612433223743,-0.0220148029889974,0.));
#6905=CARTESIAN_POINT('',(0.04,-0.019754902385802,0.));
#6906=CARTESIAN_POINT('',(0.04,-0.02125,0.));
#6907=CARTESIAN_POINT('',(0.04,-0.022,0.));
#6908=CARTESIAN_POINT('',(0.038,-0.016,0.));
#6909=CARTESIAN_POINT('',(0.036,-0.01,0.));
#6910=CARTESIAN_POINT('',(0.036,-0.006,0.));
#6911=CARTESIAN_POINT('',(0.036,-0.002,0.));
#6912=CARTESIAN_POINT('',(0.038,0.004,0.));
#6913=CARTESIAN_POINT('',(0.04,0.01,0.));
#6914=CARTESIAN_POINT('',(0.04,0.00925,0.));
#6915=CARTESIAN_POINT('',(0.04,0.00775490238580199,0.));
#6916=CARTESIAN_POINT('',(0.0378157889745998,0.0114419800275449,0.));
#6917=CARTESIAN_POINT('',(0.042,0.00437878387081806,0.));
#6918=CARTESIAN_POINT('',(0.01,0.00437878387081806,0.));
#6919=CARTESIAN_POINT('',(0.0488452994616208,0.00437878387081806,0.));
#6920=CARTESIAN_POINT('',(0.0455981433612661,-0.0120653918763574,0.));
#6921=CARTESIAN_POINT('',(0.05,0.0102263926711442,0.));
#6922=CARTESIAN_POINT('',(0.05,0.021,0.));
#6923=CARTESIAN_POINT('',(0.05,0.0317736073288558,0.));
#6924=CARTESIAN_POINT('',(0.0554946675154881,0.00394763422977559,0.));
#6925=CARTESIAN_POINT('',(0.0488452994616208,0.0376212161291819,0.));
#6926=CARTESIAN_POINT('',(0.05,0.0376212161291819,0.));
#6927=CARTESIAN_POINT('',(0.0404523847528039,0.0376212161291819,0.));
#6928=CARTESIAN_POINT('',(0.04,0.0375,0.));
#6929=CARTESIAN_POINT('',(0.0538408779368348,0.0412086520657126,0.));
#6930=CARTESIAN_POINT('',(0.0490935316019001,0.0412086520657126,0.));
#6931=CARTESIAN_POINT('',(0.0546700091808033,0.0412086520657126,0.));
#6932=CARTESIAN_POINT('',(0.0515278924642336,0.052935191295262,0.));
#6933=CARTESIAN_POINT('',(0.0571835199903686,0.0318281020190411,0.));
#6934=CARTESIAN_POINT('',(0.0576882594095385,0.0371181378327413,0.));
#6935=CARTESIAN_POINT('',(0.0535730894275507,-0.00601183331154488,0.));
#6936=CARTESIAN_POINT('',(0.0533585552373652,-0.00397375850478319,0.));
#6937=CARTESIAN_POINT('',(0.057474670853894,-0.043076856861807,0.));
#6938=CARTESIAN_POINT('',(0.0639029076609239,-0.0369057495270583,0.));
#6939=CARTESIAN_POINT('',(0.0492114402456388,-0.051009558245732,0.));
#6940=CARTESIAN_POINT('',(0.058656176263739,-0.053549126500763,0.));
#6941=CARTESIAN_POINT('',(0.0440481512623054,-0.049621216129182,0.));
#6942=CARTESIAN_POINT('',(0.01,-0.0496212161291819,0.));
#6943=CARTESIAN_POINT('',(0.0488452994616208,-0.0496212161291819,0.));
#6944=CARTESIAN_POINT('',(0.0558610969683385,-0.0140919703394694,0.));
#6945=CARTESIAN_POINT('',(0.05,-0.0437736073288558,0.));
#6946=CARTESIAN_POINT('',(0.05,-0.033,0.));
#6947=CARTESIAN_POINT('',(0.05,-0.0222263926711442,0.));
#6948=CARTESIAN_POINT('',(0.0452317139084157,0.00192105576666314,0.));
#6949=CARTESIAN_POINT('',(0.036,-0.006,0.03));
#6950=CARTESIAN_POINT('',(0.036,-0.006,0.011));
#6951=CARTESIAN_POINT('',(0.036,-0.006,0.01));
#6952=CARTESIAN_POINT('',(0.036,-0.006,0.003));
#6953=CARTESIAN_POINT('',(0.036,-0.006,0.002));
#6954=CARTESIAN_POINT('',(0.036,-0.006,0.014));
#6955=CARTESIAN_POINT('',(0.036,-0.01,0.014));
#6956=CARTESIAN_POINT('',(0.036,-0.002,0.014));
#6957=CARTESIAN_POINT('',(0.036,-0.002,0.03));
#6958=CARTESIAN_POINT('',(0.036,-0.01,0.03));
#6959=CARTESIAN_POINT('',(0.038,0.004,0.03));
#6960=CARTESIAN_POINT('',(0.038,0.004,0.014));
#6961=CARTESIAN_POINT('',(0.0366666666666667,-8.67361737988404E-19,0.014));
#6962=CARTESIAN_POINT('',(0.0394711266049863,0.0084133798149589,0.0172310542337748));
#6963=CARTESIAN_POINT('',(0.04,0.01,0.0178403760496228));
#6964=CARTESIAN_POINT('',(0.04,0.01,0.03));
#6965=CARTESIAN_POINT('',(0.0549502887527834,-0.048847722797328,0.03));
#6966=CARTESIAN_POINT('',(0.0575471980747965,-0.0463546898481953,0.00570457647939091));
#6967=CARTESIAN_POINT('',(0.0527457167978142,-0.0509641118740984,0.00471836389271275));
#6968=CARTESIAN_POINT('',(0.0561779548557919,-0.0476691633384398,0.00542333724947252));
#6969=CARTESIAN_POINT('',(0.0525537799257554,-0.0511483712712748,0.00989634260558818));
#6970=CARTESIAN_POINT('',(0.0527601079290461,-0.0509502963881158,0.00433012701892228));
#6971=CARTESIAN_POINT('',(0.0549502887527833,-0.048847722797328,0.00433012701892228));
#6972=CARTESIAN_POINT('',(0.0561779548557919,-0.0476691633384398,0.00433012701892228));
#6973=CARTESIAN_POINT('',(0.0561779548557919,-0.0476691633384398,0.00433012701892227));
#6974=CARTESIAN_POINT('',(0.0374502887527833,-0.050347722797328,0.03));
#6975=CARTESIAN_POINT('',(0.0374502887527833,-0.050347722797328,0.00433012701892229));
#6976=CARTESIAN_POINT('',(0.025,-0.047,0.0043301270189223));
#6977=CARTESIAN_POINT('',(0.0283446671303945,-0.0478993380494402,0.00433012701892228));
#6978=CARTESIAN_POINT('',(0.0383012697113521,-0.0505765406514083,0.00375732398888702));
#6979=CARTESIAN_POINT('',(0.025,-0.047,0.00452254561263148));
#6980=CARTESIAN_POINT('',(0.025,-0.047,0.03));
#6981=CARTESIAN_POINT('',(0.045,-0.0205,0.03));
#6982=CARTESIAN_POINT('',(0.045,-0.0205,0.015125));
#6983=CARTESIAN_POINT('',(0.0488452994616208,-0.0205,0.015125));
#6984=CARTESIAN_POINT('',(0.042,-0.0205,0.015125));
#6985=CARTESIAN_POINT('',(0.042,-0.0205,0.015125));
#6986=CARTESIAN_POINT('',(0.042,-0.0205,0.0015));
#6987=CARTESIAN_POINT('',(0.04,-0.0205,0.0015));
#6988=CARTESIAN_POINT('',(0.0488452994616208,-0.0205,0.0015));
#6989=CARTESIAN_POINT('',(0.0488452994616208,-0.0205,0.0015));
#6990=CARTESIAN_POINT('',(0.04,-0.02125,0.03));
#6991=CARTESIAN_POINT('',(0.04,-0.0216547005383792,0.0015));
#6992=CARTESIAN_POINT('',(0.04,-0.0216547005383792,0.0154136751345948));
#6993=CARTESIAN_POINT('',(0.04,-0.0216547005383792,0.00069146997865204));
#6994=CARTESIAN_POINT('',(0.04,-0.0247058823529412,0.0161764705882353));
#6995=CARTESIAN_POINT('',(0.04,-0.022,0.0155));
#6996=CARTESIAN_POINT('',(0.04,-0.022,0.03));
#6997=CARTESIAN_POINT('',(0.04,-0.0167737147144527,-0.0010850635751325));
#6998=CARTESIAN_POINT('',(0.038,-0.016,0.03));
#6999=CARTESIAN_POINT('',(0.0391360946745562,-0.0194082840236686,0.0148520710059172));
#7000=CARTESIAN_POINT('',(0.038,-0.016,0.014));
#7001=CARTESIAN_POINT('',(0.038,-0.016,0.014));
#7002=CARTESIAN_POINT('',(0.04,0.00925,0.03));
#7003=CARTESIAN_POINT('',(0.04,0.0134159516352206,0.0191522299342799));
#7004=CARTESIAN_POINT('',(0.04,0.0085,0.0172643196421794));
#7005=CARTESIAN_POINT('',(0.04,0.0085,0.03));
#7006=CARTESIAN_POINT('',(0.04,0.0085,0.000271193353190833));
#7007=CARTESIAN_POINT('',(0.04,0.00889493084363469,0.000414936424867505));
#7008=CARTESIAN_POINT('',(0.045,0.0085,0.03));
#7009=CARTESIAN_POINT('',(0.045,0.0085,0.0015));
#7010=CARTESIAN_POINT('',(0.042,0.0085,0.0015));
#7011=CARTESIAN_POINT('',(0.0488452994616207,0.0085,0.0015));
#7012=CARTESIAN_POINT('',(0.0568897438232297,0.0085,0.0106483080896352));
#7013=CARTESIAN_POINT('',(0.045,0.0085,0.0172643196421794));
#7014=CARTESIAN_POINT('',(0.0488452994616207,0.0085,0.0172643196421794));
#7015=CARTESIAN_POINT('',(0.0488452994616207,0.0085,0.03));
#7016=CARTESIAN_POINT('',(0.05,0.021,0.03));
#7017=CARTESIAN_POINT('',(0.05,0.0105,0.03));
#7018=CARTESIAN_POINT('',(0.05,0.0105,0.0180323948521039));
#7019=CARTESIAN_POINT('',(0.05,0.0105,9.95849235805859E-5));
#7020=CARTESIAN_POINT('',(0.05,0.0236557379575143,0.023084692948819));
#7021=CARTESIAN_POINT('',(0.05,0.01562347,0.02));
#7022=CARTESIAN_POINT('',(0.05,0.021,0.02));
#7023=CARTESIAN_POINT('',(0.05,0.02762347,0.02));
#7024=CARTESIAN_POINT('',(0.05,0.0190366747058823,0.0221466988235294));
#7025=CARTESIAN_POINT('',(0.05,0.0315,0.0190308675));
#7026=CARTESIAN_POINT('',(0.05,0.0315,0.0185308675));
#7027=CARTESIAN_POINT('',(0.05,0.0315,9.95849235805807E-5));
#7028=CARTESIAN_POINT('',(0.05,0.0328159597133486,-0.000379385241571817));
#7029=CARTESIAN_POINT('',(0.05,0.0050628241574694,-0.00187938524157181));
#7030=CARTESIAN_POINT('',(0.045,0.0335,0.03));
#7031=CARTESIAN_POINT('',(0.045,0.0335,0.0185308675));
#7032=CARTESIAN_POINT('',(0.0488452994616208,0.0335,0.0185308675));
#7033=CARTESIAN_POINT('',(0.04,0.0335,0.0185308675));
#7034=CARTESIAN_POINT('',(0.04,0.0335,0.03));
#7035=CARTESIAN_POINT('',(0.04,0.0335,0.0015));
#7036=CARTESIAN_POINT('',(0.04,0.0335,0.0015));
#7037=CARTESIAN_POINT('',(0.0488452994616208,0.0335,0.0015));
#7038=CARTESIAN_POINT('',(0.0488452994616208,0.0335,0.0015));
#7039=CARTESIAN_POINT('',(0.04,0.03675,0.03));
#7040=CARTESIAN_POINT('',(0.04,0.036,0.007));
#7041=CARTESIAN_POINT('',(0.04,0.036,0.008));
#7042=CARTESIAN_POINT('',(0.04,0.0402203620675336,0.00698667783855358));
#7043=CARTESIAN_POINT('',(0.04,0.04,0.0077127050314098));
#7044=CARTESIAN_POINT('',(0.04,0.0377816151356387,0.0150216205529158));
#7045=CARTESIAN_POINT('',(0.04,0.04,0.03));
#7046=CARTESIAN_POINT('',(0.04,0.04,0.00433012701892223));
#7047=CARTESIAN_POINT('',(0.04,0.0390864576104532,0.00274782518535917));
#7048=CARTESIAN_POINT('',(0.04,0.0375210489599362,3.64578680561241E-5));
#7049=CARTESIAN_POINT('',(0.04,0.0376212161291819,0.));
#7050=CARTESIAN_POINT('',(0.04,0.033860204117647,0.0184408164705883));
#7051=CARTESIAN_POINT('',(0.04,0.0359741371303777,0.0179123332174055));
#7052=CARTESIAN_POINT('',(0.04,0.0398825012721669,0.0116616581390796));
#7053=CARTESIAN_POINT('',(0.0467614807840235,0.0418117333157177,0.03));
#7054=CARTESIAN_POINT('',(0.0467614807840235,0.0418117333157177,0.00433012701892223));
#7055=CARTESIAN_POINT('',(0.0528399488661547,0.0434404539295431,0.00433012701892223));
#7056=CARTESIAN_POINT('',(0.0453461421224813,0.0414324944643409,0.00735458141532459));
#7057=CARTESIAN_POINT('',(0.0528399488661547,0.0434404539295431,0.00685259154902403));
#7058=CARTESIAN_POINT('',(0.0528399488661547,0.0434404539295431,0.03));
#7059=CARTESIAN_POINT('',(0.0580758758386621,0.0378279116737009,0.03));
#7060=CARTESIAN_POINT('',(0.0585309881184052,0.0361294095225513,0.007));
#7061=CARTESIAN_POINT('',(0.059107764473855,0.033976850859408,0.00827141307281576));
#7062=CARTESIAN_POINT('',(0.0578618380978923,0.0386267113969909,0.0071161178191332));
#7063=CARTESIAN_POINT('',(0.0591237766102804,0.0339170927527306,0.00829711661889026));
#7064=CARTESIAN_POINT('',(0.0591180885868945,0.0339383207450014,0.00829180962082257));
#7065=CARTESIAN_POINT('',(0.059112733596727,0.0339583058403808,0.00828340555054083));
#7066=CARTESIAN_POINT('',(0.059107764473855,0.033976850859408,0.00827141307281575));
#7067=CARTESIAN_POINT('',(0.0591237766102804,0.0339170927527306,0.00829711661889026));
#7068=CARTESIAN_POINT('',(0.059415306010401,0.0328290902195807,0.00856911725217775));
#7069=CARTESIAN_POINT('',(0.0594476856141109,0.0327082478934063,0.00859932783372134));
#7070=CARTESIAN_POINT('',(0.0572509816230989,0.0409064587970525,0.0122322607053688));
#7071=CARTESIAN_POINT('',(0.0596287901092772,0.0320323567159665,0.00829981525652167));
#7072=CARTESIAN_POINT('',(0.0596287901092772,0.0320323567159665,0.03));
#7073=CARTESIAN_POINT('',(0.0596287901092772,0.0320323567159665,0.00433012701892224));
#7074=CARTESIAN_POINT('',(0.0580758758386621,0.0378279116737009,0.00433012701892223));
#7075=CARTESIAN_POINT('',(0.0572550123756158,0.0408914158238664,0.00433012701892224));
#7076=CARTESIAN_POINT('',(0.0572550123756158,0.0408914158238664,0.03));
#7077=CARTESIAN_POINT('',(0.0572550123756158,0.0408914158238664,0.00655353585110631));
#7078=CARTESIAN_POINT('',(0.059415306010401,0.0328290902195807,0.00856911725217775));
#7079=CARTESIAN_POINT('',(0.05785205633473,0.0386632174341002,0.00711058544854786));
#7080=CARTESIAN_POINT('',(0.0578618380978923,0.0386267113969909,0.0071161178191332));
#7081=CARTESIAN_POINT('',(0.0578585337768224,0.0386390432911082,0.00711542801543246));
#7082=CARTESIAN_POINT('',(0.0578552730821533,0.0386512123692814,0.00711358671475257));
#7083=CARTESIAN_POINT('',(0.05785205633473,0.0386632174341002,0.00711058544854786));
#7084=CARTESIAN_POINT('',(0.0578143950546386,0.0130161783579832,0.03));
#7085=CARTESIAN_POINT('',(0.0578143950546386,0.0130161783579832,0.00433012701892224));
#7086=CARTESIAN_POINT('',(0.0568258650269704,0.00265566548604719,0.00433012701892224));
#7087=CARTESIAN_POINT('',(0.0593928852844957,0.0295599027638429,0.00891792874455257));
#7088=CARTESIAN_POINT('',(0.0590407906469105,0.025869695159886,0.0098404806455418));
#7089=CARTESIAN_POINT('',(0.0578143950546386,0.0130161783579832,0.0098404806455418));
#7090=CARTESIAN_POINT('',(0.0581948993277097,0.0170041395818608,0.0098404806455418));
#7091=CARTESIAN_POINT('',(0.0584018306755403,0.0191729304458713,0.0106733778946204));
#7092=CARTESIAN_POINT('',(0.058,-0.025,0.03));
#7093=CARTESIAN_POINT('',(0.058,-0.025,0.00433012701892227));
#7094=CARTESIAN_POINT('',(0.0595812608619278,-0.0400219781883143,0.00433012701892227));
#7095=CARTESIAN_POINT('',(0.0573320848610751,-0.0186548061802129,0.00433012701892228));
#7096=CARTESIAN_POINT('',(0.0573059299708151,-0.0184063347227436,0.00426800915455494));
#7097=CARTESIAN_POINT('',(0.057968023230178,-0.024696220686691,0.0058404806455418));
#7098=CARTESIAN_POINT('',(0.058,-0.025,0.0058404806455418));
#7099=CARTESIAN_POINT('',(0.0595812608619278,-0.0400219781883143,0.0058404806455418));
#7100=CARTESIAN_POINT('',(0.0595812608619278,-0.0400219781883143,0.0058404806455418));
#7101=CARTESIAN_POINT('',(0.0125,-0.0465,0.03));
#7102=CARTESIAN_POINT('',(0.0272564692795669,-0.0470902587711827,0.00590678581308131));
#7103=CARTESIAN_POINT('',(0.0250549252466811,-0.0470021970098673,0.00455623972722199));
#7104=CARTESIAN_POINT('',(0.0122835281691777,-0.0464913411267671,0.00466554030743806));
#7105=CARTESIAN_POINT('',(0.0125,-0.0465,0.00433012701892226));
#7106=CARTESIAN_POINT('',(0.04,-0.04275,0.03));
#7107=CARTESIAN_POINT('',(0.04,-0.0435,0.0104573666367181));
#7108=CARTESIAN_POINT('',(0.04,-0.0435,9.95849235805804E-5));
#7109=CARTESIAN_POINT('',(0.04,-0.0435,0.0110323061048193));
#7110=CARTESIAN_POINT('',(0.04,-0.0332279251660269,0.00383831440730174));
#7111=CARTESIAN_POINT('',(0.04,-0.039375,0.00639417679167926));
#7112=CARTESIAN_POINT('',(0.04,-0.03875,0.00714417679167926));
#7113=CARTESIAN_POINT('',(0.04,-0.039375,0.00789417679167926));
#7114=CARTESIAN_POINT('',(0.04,-0.0518236094500588,0.0243132798030814));
#7115=CARTESIAN_POINT('',(0.045,-0.0455,0.03));
#7116=CARTESIAN_POINT('',(0.045,-0.0455,0.0015));
#7117=CARTESIAN_POINT('',(0.0411547005383793,-0.0455,0.0015));
#7118=CARTESIAN_POINT('',(0.0488452994616208,-0.0455,0.0015));
#7119=CARTESIAN_POINT('',(0.0411547005383793,-0.0455,0.0015));
#7120=CARTESIAN_POINT('',(0.0411547005383793,-0.0455,0.0104573666367181));
#7121=CARTESIAN_POINT('',(0.045,-0.0455,0.0104573666367181));
#7122=CARTESIAN_POINT('',(0.0488452994616208,-0.0455,0.0104573666367181));
#7123=CARTESIAN_POINT('',(0.0488452994616208,-0.0455,0.03));
#7124=CARTESIAN_POINT('',(0.05,-0.033,0.03));
#7125=CARTESIAN_POINT('',(0.05,-0.0435,0.03));
#7126=CARTESIAN_POINT('',(0.05,-0.0435,0.0110323061048193));
#7127=CARTESIAN_POINT('',(0.05,-0.0435,9.95849235805861E-5));
#7128=CARTESIAN_POINT('',(0.05,-0.0438053237860369,0.0115194742253491));
#7129=CARTESIAN_POINT('',(0.05,-0.033,0.016));
#7130=CARTESIAN_POINT('',(0.05,-0.024,0.016));
#7131=CARTESIAN_POINT('',(0.05,-0.0357647058823529,0.0189411764705883));
#7132=CARTESIAN_POINT('',(0.05,-0.0225,0.015625));
#7133=CARTESIAN_POINT('',(0.05,-0.0225,0.015125));
#7134=CARTESIAN_POINT('',(0.05,-0.0225,9.95849235805784E-5));
#7135=CARTESIAN_POINT('',(0.05,-0.0211840402866513,-0.000379385241571819));
#7136=CARTESIAN_POINT('',(0.05,-0.0489371758425306,-0.00187938524157181));
#7137=CARTESIAN_POINT('',(0.08,0.03562347,0.018));
#7138=CARTESIAN_POINT('',(0.053205904519954,0.0337812053549805,0.0184605661612549));
#7139=CARTESIAN_POINT('',(0.0517730437132437,0.0391287146857976,0.0171236888285506));
#7140=CARTESIAN_POINT('',(0.0531159811813284,0.0341168038235177,0.0183766665441206));
#7141=CARTESIAN_POINT('',(0.0528429666148381,0.0394153996632435,0.0170520175841891));
#7142=CARTESIAN_POINT('',(0.0553520147426976,0.0222300385427902,0.0213483578643025));
#7143=CARTESIAN_POINT('',(0.08,0.02762347,0.02));
#7144=CARTESIAN_POINT('',(0.0524964312088934,0.02762347,0.02));
#7145=CARTESIAN_POINT('',(0.0525062513362328,0.0277263920689874,0.0199742694827531));
#7146=CARTESIAN_POINT('',(0.08,0.007811735,0.017));
#7147=CARTESIAN_POINT('',(0.0517934071309227,0.0137913153187944,0.0192963837043094));
#7148=CARTESIAN_POINT('',(0.0515997272431169,0.01562347,0.02));
#7149=CARTESIAN_POINT('',(0.0517957565059738,0.0137690909229295,0.0192878487005497));
#7150=CARTESIAN_POINT('',(0.08,0.01562347,0.02));
#7151=CARTESIAN_POINT('',(0.0555503251213476,0.0201134451086997,0.0217243192870853));
#7152=CARTESIAN_POINT('',(0.08,0.,0.014));
#7153=CARTESIAN_POINT('',(0.0502472844511387,0.,0.014));
#7154=CARTESIAN_POINT('',(0.0501707681695593,0.000263514410632013,0.0141011994431322));
#7155=CARTESIAN_POINT('',(0.0504239513961321,-0.000608423265312562,0.013766342586386));
#7156=CARTESIAN_POINT('',(0.0503259340995387,-0.00163571574465514,0.0133718236430236));
#7157=CARTESIAN_POINT('',(0.08,0.02162347,0.02));
#7158=CARTESIAN_POINT('',(0.0524254998707134,0.0242544422030823,0.02));
#7159=CARTESIAN_POINT('',(0.0525836042319761,0.0259114907743182,0.02));
#7160=CARTESIAN_POINT('',(0.0516032933074966,0.0156371200751013,0.02));
#7161=CARTESIAN_POINT('',(0.0527710402679345,0.020652922823765,0.02));
#7162=CARTESIAN_POINT('',(0.0525308319535701,0.0273920311116365,0.02));
#7163=CARTESIAN_POINT('',(0.0539634980747487,0.0177534416683761,0.02));
#7164=CARTESIAN_POINT('',(0.0548815741964757,0.0281856260955919,0.02));
#7165=CARTESIAN_POINT('',(0.08,-0.028,0.016));
#7166=CARTESIAN_POINT('',(0.0522770028753122,-0.0309182102236514,0.016));
#7167=CARTESIAN_POINT('',(0.051548770220191,-0.024,0.016));
#7168=CARTESIAN_POINT('',(0.052284018780623,-0.030984861324104,0.016));
#7169=CARTESIAN_POINT('',(0.08,-0.024,0.016));
#7170=CARTESIAN_POINT('',(0.0522901526573645,-0.0279441031549793,0.016));
#7171=CARTESIAN_POINT('',(0.08,-0.02,0.015));
#7172=CARTESIAN_POINT('',(0.0515813814091367,-0.0239760280313181,0.0159940070078296));
#7173=CARTESIAN_POINT('',(0.0516284464594044,-0.0221512916858429,0.0155378229214607));
#7174=CARTESIAN_POINT('',(0.0515876575436943,-0.0237326990478953,0.0159331747619738));
#7175=CARTESIAN_POINT('',(0.0516250953209924,-0.0221194558709293,0.0155298639677323));
#7176=CARTESIAN_POINT('',(0.0508721966263793,-0.0149669182721043,0.0137417295680261));
#7177=CARTESIAN_POINT('',(0.0507250404255775,-0.0159740230246466,0.0139935057561617));
#7178=CARTESIAN_POINT('',(0.0507212447201241,-0.016,0.014));
#7179=CARTESIAN_POINT('',(0.08,-0.016,0.014));
#7180=CARTESIAN_POINT('',(0.0702880374132975,-0.0041678939845865,0.0110419734961466));
#7181=CARTESIAN_POINT('',(0.056065490159378,-0.0330057371288517,0.0182514342822129));
#7182=CARTESIAN_POINT('',(0.0506342271701331,-0.0302863217624189,0.0175715804406048));
#7183=CARTESIAN_POINT('',(0.08,-0.008,0.014));
#7184=CARTESIAN_POINT('',(0.0497592805721474,-0.00511463519400706,0.014));
#7185=CARTESIAN_POINT('',(0.0496718610582025,-0.00603085521174452,0.014));
#7186=CARTESIAN_POINT('',(0.0502092310793556,-0.0111358704126994,0.014));
#7187=CARTESIAN_POINT('',(0.0453461421224813,0.0414324944643409,0.0073545814153246));
#7188=CARTESIAN_POINT('',(0.0396363260094661,0.037684168983567,0.0150459820909337));
#7189=CARTESIAN_POINT('',(0.0534288935792334,0.0413798763254378,0.0141220552554661));
#7190=CARTESIAN_POINT('',(0.0539236813612056,0.0417202331305766,0.0134043416129356));
#7191=CARTESIAN_POINT('',(0.0534867555085738,0.0414196786449919,0.0140381237244463));
#7192=CARTESIAN_POINT('',(0.0545576332443688,0.0426778177585147,0.0107665802419735));
#7193=CARTESIAN_POINT('',(0.0544269021149348,0.0425242260441685,0.0111659653072896));
#7194=CARTESIAN_POINT('',(0.0522700480923785,0.0437694862946942,0.00530358873856861));
#7195=CARTESIAN_POINT('',(0.059415306010401,0.0328290902195807,0.00856911725217775));
#7196=CARTESIAN_POINT('',(0.0581384603264213,0.0403813569116538,0.00511270046079209));
#7197=CARTESIAN_POINT('',(0.0538458973589766,0.0400793430121643,0.0143732076326532));
#7198=CARTESIAN_POINT('',(0.0555360735033982,0.0337715197674421,0.0159501634438338));
#7199=CARTESIAN_POINT('',(0.0581548056227609,0.0295061158176971,0.0139170616685295));
#7200=CARTESIAN_POINT('',(0.0555738233906943,0.0337100325625522,0.0159208556111189));
#7201=CARTESIAN_POINT('',(0.0545222999648217,0.0339819575786044,0.0179082153898363));
#7202=CARTESIAN_POINT('',(0.0587748987758317,0.0361649232912443,0.00720292382503493));
#7203=CARTESIAN_POINT('',(0.0546330225653066,0.0379014420716042,0.0174305069820989));
#7204=CARTESIAN_POINT('',(0.058755659078537,0.0258675467879743,0.010384533589978));
#7205=CARTESIAN_POINT('',(0.0550103089428324,0.0258393268154299,0.017530949474048));
#7206=CARTESIAN_POINT('',(0.0555377890707063,0.0333323667096013,0.0160152720743567));
#7207=CARTESIAN_POINT('',(0.0549574735963559,0.0272502389304645,0.0175358040191409));
#7208=CARTESIAN_POINT('',(0.0545778928826179,0.0378994770329693,0.0175358040191409));
#7209=CARTESIAN_POINT('',(0.0550071548513228,0.0258564180796542,0.0175358040191409));
#7210=CARTESIAN_POINT('',(0.0530066225280002,0.0366968221778694,0.020614875867136));
#7211=CARTESIAN_POINT('',(0.0578143950546386,0.0130161783579832,0.0098404806455418));
#7212=CARTESIAN_POINT('',(0.0529307343422842,0.0138988609054763,0.019326397540881));
#7213=CARTESIAN_POINT('',(0.0542297822918644,0.0146651563974681,0.0169855398878827));
#7214=CARTESIAN_POINT('',(0.0538231459669872,0.0133969963367663,0.017530949474048));
#7215=CARTESIAN_POINT('',(0.0540796509374548,0.016085354781996,0.017530949474048));
#7216=CARTESIAN_POINT('',(0.0540223843987394,0.0166270793677153,0.0177389920864969));
#7217=CARTESIAN_POINT('',(0.0525623698189941,0.0100931707207121,0.0178761571100576));
#7218=CARTESIAN_POINT('',(0.0514171849079635,-0.0017380961361584,0.0133675973716992));
#7219=CARTESIAN_POINT('',(0.0527292069018901,-0.00096414738417825,0.0110033607579719));
#7220=CARTESIAN_POINT('',(0.0565637751103006,0.00129782634264961,0.00409354781419081));
#7221=CARTESIAN_POINT('',(0.0584484551330527,0.0110620032335009,0.00579478114136867));
#7222=CARTESIAN_POINT('',(0.0528885760100582,0.0099797002152056,0.0171081280778649));
#7223=CARTESIAN_POINT('',(0.0542157830326313,0.0146162504859683,0.0169868194403823));
#7224=CARTESIAN_POINT('',(0.0542206109238338,0.0146668502933061,0.0170062516692039));
#7225=CARTESIAN_POINT('',(0.0578143950546386,0.0130161783579832,0.00384048064554181));
#7226=CARTESIAN_POINT('',(0.0576830566241074,0.0130287097822449,0.0040935478141908));
#7227=CARTESIAN_POINT('',(0.0560873391071678,-0.00369556910812398,0.0040935478141908));
#7228=CARTESIAN_POINT('',(0.0492173745729447,0.00797727856017205,0.0193380368604886));
#7229=CARTESIAN_POINT('',(0.0523468473990816,9.37266411728097E-6,0.0119108194040927));
#7230=CARTESIAN_POINT('',(0.0536259986219388,0.0134158068023161,0.0119108194040927));
#7231=CARTESIAN_POINT('',(0.0520028011925103,-0.00359648153550774,0.0119108194040927));
#7232=CARTESIAN_POINT('',(0.0520014305121943,-0.00363503579084146,0.0119064125743128));
#7233=CARTESIAN_POINT('',(0.0520010840787277,-0.00362232814779096,0.0119093892358104));
#7234=CARTESIAN_POINT('',(0.0520015616318507,-0.00360947303178033,0.0119108194040927));
#7235=CARTESIAN_POINT('',(0.0520028011925103,-0.00359648153550773,0.0119108194040927));
#7236=CARTESIAN_POINT('',(0.0520014305121943,-0.00363503579084153,0.0119064125743127));
#7237=CARTESIAN_POINT('',(0.0521254087286091,-0.0060421115748732,0.0112311450940293));
#7238=CARTESIAN_POINT('',(0.0534374205197618,-0.00601249481612239,0.00873132053066472));
#7239=CARTESIAN_POINT('',(0.0564107834645626,-0.00599799707135111,0.00305647524468487));
#7240=CARTESIAN_POINT('',(0.0550095227775535,-0.00600482944270147,0.00573086708709592));
#7241=CARTESIAN_POINT('',(0.0563150978120382,-0.0060421115748732,0.00323114509402934));
#7242=CARTESIAN_POINT('',(0.058,-0.025,0.0038404806455418));
#7243=CARTESIAN_POINT('',(0.0534371485494498,-0.00601249420662566,0.00873183921399933));
#7244=CARTESIAN_POINT('',(0.053437239252185,-0.00601249505478986,0.00873166636138782));
#7245=CARTESIAN_POINT('',(0.0534373299229073,-0.00601249525786133,0.00873149344031025));
#7246=CARTESIAN_POINT('',(0.0534374205197618,-0.00601249481612243,0.00873132053066472));
#7247=CARTESIAN_POINT('',(0.0534371487291982,-0.00601249614133909,0.0087318392596013));
#7248=CARTESIAN_POINT('',(0.0521207520845664,-0.00595358649871602,0.0112311450940293));
#7249=CARTESIAN_POINT('',(0.0520202426942852,-0.00836071572360027,0.0119062220486857));
#7250=CARTESIAN_POINT('',(0.0520219770976955,-0.0084000879661362,0.0119108194040927));
#7251=CARTESIAN_POINT('',(0.052020580574689,-0.00838682099757413,0.0119108194040927));
#7252=CARTESIAN_POINT('',(0.052019979440245,-0.00837369290100594,0.0119093300202811));
#7253=CARTESIAN_POINT('',(0.0520202426943196,-0.00836071572359673,0.0119062220486195));
#7254=CARTESIAN_POINT('',(0.0520219770976955,-0.00840008796613619,0.0119108194040927));
#7255=CARTESIAN_POINT('',(0.0538156996974107,-0.0254404526634304,0.0119108194040927));
#7256=CARTESIAN_POINT('',(0.0527579192218582,-0.0153915381456817,0.0119108194040927));
#7257=CARTESIAN_POINT('',(0.0514068123602314,-0.0226170051990266,0.0159390270059383));
#7258=CARTESIAN_POINT('',(0.0529084576099327,-0.0145864869730556,0.0114620022924091));
#7259=CARTESIAN_POINT('',(0.058239286905785,-0.0172531700796781,0.0018284722923427));
#7260=CARTESIAN_POINT('',(0.0569858802159109,-0.0166261684894723,0.00409354781419082));
#7261=CARTESIAN_POINT('',(0.0578687900146408,-0.0250138115774063,0.00409354781419082));
#7262=CARTESIAN_POINT('',(0.0561094550028575,-0.00830012896546537,0.00409354781419082));
#7263=CARTESIAN_POINT('',(0.0563145425733362,-0.00595358649871602,0.00323114509402934));
#7264=CARTESIAN_POINT('',(0.0550096523008545,-0.0060048288111621,0.00573061988394325));
#7265=CARTESIAN_POINT('',(0.0550095227775535,-0.00600482944270147,0.00573086708709592));
#7266=CARTESIAN_POINT('',(0.0550095659519872,-0.00600482923218835,0.00573078468604503));
#7267=CARTESIAN_POINT('',(0.0550096091144255,-0.00600482887567844,0.0057307022785605));
#7268=CARTESIAN_POINT('',(0.0550096522642326,-0.00600482837326517,0.00573061986587372));
#7269=CARTESIAN_POINT('',(0.05269197847059,-0.0227054386654524,0.0156763596663631));
#7270=CARTESIAN_POINT('',(0.0580087538949652,-0.0247165957108537,0.00576687482187461));
#7271=CARTESIAN_POINT('',(0.0537505628730906,-0.0225864869730556,0.0134620022924091));
#7272=CARTESIAN_POINT('',(0.0580819953139115,-0.0230490181890756,0.00484257889104468));
#7273=CARTESIAN_POINT('',(0.0528914168328358,-0.014424599590635,0.011421530446804));
#7274=CARTESIAN_POINT('',(0.058,-0.025,0.0058404806455418));
#7275=CARTESIAN_POINT('',(0.0541160105505156,-0.0206321410749256,0.0123724518252406));
#7276=CARTESIAN_POINT('',(0.0537445928460793,-0.022618413562064,0.0134798014087285));
#7277=CARTESIAN_POINT('',(0.0537461006815827,-0.0225599539995978,0.013465186518112));
#7278=CARTESIAN_POINT('',(0.0537044126457809,-0.0241762207127186,0.0138692531963922));
#7279=CARTESIAN_POINT('',(0.0538372508987496,-0.0254381841159211,0.0138692531963922));
#7280=CARTESIAN_POINT('',(0.054468484858962,-0.0314349067379385,0.0138692531963922));
#7281=CARTESIAN_POINT('',(0.0544444720295845,-0.0313244642743489,0.0138928830022732));
#7282=CARTESIAN_POINT('',(0.0571748760997812,-0.0438824409861547,0.0112060310223945));
#7283=CARTESIAN_POINT('',(0.0591507089106341,-0.0440831196126582,0.00747726345493584));
#7284=CARTESIAN_POINT('',(0.0578334315984784,-0.0439493282309808,0.00996321312230405));
#7285=CARTESIAN_POINT('',(0.062351741578757,-0.0337967433847889,-0.000694454468757372));
#7286=CARTESIAN_POINT('',(0.0575471980747965,-0.0463546898481953,0.00570457647939091));
#7287=CARTESIAN_POINT('',(0.0595011319239825,-0.043041396062109,0.00893957805823369));
#7288=CARTESIAN_POINT('',(0.0570178735994257,-0.043939204371597,0.0113589973378827));
#7289=CARTESIAN_POINT('',(0.0567931106319998,-0.0441549768203259,0.0113128315705481));
#7290=CARTESIAN_POINT('',(0.0493724985385028,-0.051278764430083,0.00978865587865367));
#7291=CARTESIAN_POINT('',(0.050086424315451,-0.0530762078700071,0.00504111599640547));
#7292=CARTESIAN_POINT('',(0.0494960046843469,-0.0515897145579615,0.00896735151897067));
#7293=CARTESIAN_POINT('',(0.0543474644729058,-0.0506557591310182,0.00262408421063024));
#7294=CARTESIAN_POINT('',(0.0565533667298302,-0.0468256176498796,0.00645284329167483));
#7295=CARTESIAN_POINT('',(0.0122835281691777,-0.0464913411267671,0.00466554030743806));
#7296=CARTESIAN_POINT('',(0.0254905715236052,-0.0451435143895569,0.0103233113168297));
#7297=CARTESIAN_POINT('',(0.0255536959773944,-0.0448741942291669,0.0111589508329695));
#7298=CARTESIAN_POINT('',(0.0626590750016775,-0.0398351352217843,0.0309066042776921));
#7299=CARTESIAN_POINT('',(0.0255585135299576,-0.0448735399862438,0.01116151475661));
#7300=CARTESIAN_POINT('',(0.0256747702475324,-0.0448781902549467,0.0111605198046397));
#7301=CARTESIAN_POINT('',(-1.76860299451783E-5,-0.0451774789067491,0.00729866769118666));
#7302=CARTESIAN_POINT('',(0.0754515006225249,-0.0575232711201419,0.01053914805578));
#7303=CARTESIAN_POINT('',(0.048718744881174,-0.05110297846512,0.00982626630578176));
#7304=CARTESIAN_POINT('',(0.0747147301010447,-0.0597955783157309,0.00333949789657637));
#7305=CARTESIAN_POINT('',(0.0448975574426139,-0.0521459822772118,0.00397649853209747));
#7306=CARTESIAN_POINT('',(0.0470241209962371,-0.0518887348639808,0.00628453111471683));
#7307=CARTESIAN_POINT('',(0.04,0.0390864576104532,0.00274782518535917));
#7308=CARTESIAN_POINT('',(0.0536969540400029,0.0423018625969926,0.00196029149652288));
#7309=CARTESIAN_POINT('',(0.0536052239003465,0.0429986221825484,0.00320968660533741));
#7310=CARTESIAN_POINT('',(0.0116018334791957,0.0312331183112452,0.00232507745930984));
#7311=CARTESIAN_POINT('',(0.0437236941084973,0.0487037260678778,0.0176772503336158));
#7312=CARTESIAN_POINT('',(0.000271521605954867,-0.0451277410275619,0.00274782518535917));
#7313=CARTESIAN_POINT('',(0.0249978997000251,-0.0470137731548417,0.00435495515615741));
#7314=CARTESIAN_POINT('',(0.0531143500746867,0.052935191295262,0.00274782518535917));
#7315=CARTESIAN_POINT('',(0.0578014186477499,0.0318797154183209,0.0010941857304814));
#7316=CARTESIAN_POINT('',(0.0550686324462366,0.0417281480194302,0.000931534659987433));
#7317=CARTESIAN_POINT('',(0.0552949327532823,0.0420230683214538,0.00146037127806501));
#7318=CARTESIAN_POINT('',(0.068064357486145,0.0346506375145388,0.0201561066538294));
#7319=CARTESIAN_POINT('',(0.0495041370457332,0.0427410524439622,0.00274782518535917));
#7320=CARTESIAN_POINT('',(0.0440968032704405,0.0484883113927928,0.0130535279967989));
#7321=CARTESIAN_POINT('',(0.0646679381352642,-0.0382955610693529,0.00274782518535917));
#7322=CARTESIAN_POINT('',(0.0514334939026847,-0.0511107750279645,0.00289030717804082));
#7323=CARTESIAN_POINT('',(0.0493035198145151,-0.0513684350087806,0.000578573024949312));
#7324=CARTESIAN_POINT('',(0.0489091277819467,-0.0498313064389181,-0.00189955099413333));
#7325=CARTESIAN_POINT('',(0.0545188787656034,-0.0419963564492416,-0.00506823247320447));
#7326=CARTESIAN_POINT('',(0.05811718796447,-0.0433117312989529,0.0011017101295152));
#7327=CARTESIAN_POINT('',(0.0513329843453332,-0.0585557502258886,0.012395987979447));
#7328=CARTESIAN_POINT('',(0.0578617456831823,-0.0549223445469745,0.00274782518535917));
#7329=CARTESIAN_POINT('',(0.0474151875839953,-0.0558757739896351,0.00926291925117288));
#7330=CARTESIAN_POINT('',(0.0411547005383793,-0.0489783309215206,0.00023399107963877));
#7331=CARTESIAN_POINT('',(0.0439675257771205,-0.0496033022482379,6.52011944381908E-6));
#7332=CARTESIAN_POINT('',(0.0503014419924395,-0.0511923255466343,-0.00019103527768692));
#7333=CARTESIAN_POINT('',(0.0549255199120028,-0.00422168885428202,0.00274782518535917));
#7334=CARTESIAN_POINT('',(0.0561094550028575,-0.00830012896546536,0.00409354781419082));
#7335=CARTESIAN_POINT('',(0.0561018111179243,-0.00822751205859995,0.00409354781419082));
#7336=CARTESIAN_POINT('',(0.056086077198418,-0.00815671611127601,0.00407877904599512));
#7337=CARTESIAN_POINT('',(0.0560620431053968,-0.00809515151637196,0.00404747572267177));
#7338=CARTESIAN_POINT('',(0.0560620431053968,-0.00809515151637199,0.0040474757226717));
#7339=CARTESIAN_POINT('',(0.0628822183389624,-0.0326047688765269,0.0116090452261899));
#7340=CARTESIAN_POINT('',(0.0561336466687197,-0.0059993483556065,0.00456858123218476));
#7341=CARTESIAN_POINT('',(0.0537169370733879,-0.00601113192846653,0.000256654936081717));
#7342=CARTESIAN_POINT('',(0.0537171959224785,-0.00601112906424707,0.000257117078907578));
#7343=CARTESIAN_POINT('',(0.0537171096836037,-0.00601113055259596,0.00025696300987441));
#7344=CARTESIAN_POINT('',(0.0537170234005909,-0.00601113150754607,0.000256808962257345));
#7345=CARTESIAN_POINT('',(0.0537169370733879,-0.00601113192846668,0.000256654936081723));
#7346=CARTESIAN_POINT('',(0.0537171961114452,-0.00601113066542945,0.000257117115324609));
#7347=CARTESIAN_POINT('',(0.0551127466159675,-0.00595428575825003,0.00275647076307592));
#7348=CARTESIAN_POINT('',(0.0591747317366318,0.036563838481713,0.00274782518535917));
#7349=CARTESIAN_POINT('',(0.0560419974419669,-0.00390064992450836,0.00404753965611965));
#7350=CARTESIAN_POINT('',(0.0560654044634952,-0.0038388968244442,0.00407880462988105));
#7351=CARTESIAN_POINT('',(0.0560804082134957,-0.00376820990920619,0.00409354781419079));
#7352=CARTESIAN_POINT('',(0.0560873391071678,-0.00369556910812394,0.00409354781419081));
#7353=CARTESIAN_POINT('',(0.0560419974419669,-0.00390064992450836,0.00404753965611965));
#7354=CARTESIAN_POINT('',(0.0551144641766097,-0.00604147712758077,0.00275647076307592));
#7355=CARTESIAN_POINT('',(0.045,-0.0455,0.0104573666367181));
#7356=CARTESIAN_POINT('',(0.0411547005383793,-0.0455,0.0104573666367181));
#7357=CARTESIAN_POINT('',(0.0488452994616208,-0.0469668026919301,0.0127977657254722));
#7358=CARTESIAN_POINT('',(0.045,-0.0455,0.0015));
#7359=CARTESIAN_POINT('',(0.0411547005383793,-0.0455,0.0015));
#7360=CARTESIAN_POINT('',(0.0488452994616208,-0.0455,0.0015));
#7361=CARTESIAN_POINT('',(0.01,-0.0163787838708181,0.));
#7362=CARTESIAN_POINT('',(0.042,-0.0205,0.0015));
#7363=CARTESIAN_POINT('',(0.0488452994616208,-0.0163787838708181,2.5365512303546E-20));
#7364=CARTESIAN_POINT('',(0.045,0.0085,0.0015));
#7365=CARTESIAN_POINT('',(0.042,0.00437878387081806,2.40048199305845E-20));
#7366=CARTESIAN_POINT('',(0.0488452994616207,0.0085,0.0015));
#7367=CARTESIAN_POINT('',(0.01,0.0376212161291819,0.));
#7368=CARTESIAN_POINT('',(0.0488452994616208,0.0376212161291819,0.));
#7369=CARTESIAN_POINT('',(0.0770721519134495,0.0459075902972704,0.0154289699256824));
#7370=CARTESIAN_POINT('',(0.0579003891588405,0.0474589656966325,0.00601637398005306));
#7371=CARTESIAN_POINT('',(0.0544394830100674,0.0291774277547534,0.0196115105613116));
#7372=CARTESIAN_POINT('',(0.0535060301296515,0.0340611540114354,0.0179855843636027));
#7373=CARTESIAN_POINT('',(0.0534869058792947,0.0380043641405915,0.0174047764648521));
#7374=CARTESIAN_POINT('',(0.053991246208982,0.0273066969942957,0.0185169845950373));
#7375=CARTESIAN_POINT('',(0.0527710402679345,0.020652922823765,0.02));
#7376=CARTESIAN_POINT('',(0.0527344795218943,0.0259080622885636,0.0198465943809634));
#7377=CARTESIAN_POINT('',(0.0524254998707134,0.0242544422030823,0.02));
#7378=CARTESIAN_POINT('',(0.0527784995124014,0.0158498390307254,0.0188282615308794));
#7379=CARTESIAN_POINT('',(0.0526914654345492,0.00529594833141792,0.0160338433132017));
#7380=CARTESIAN_POINT('',(0.0523008259757641,0.0139458966011394,0.0188076144487335));
#7381=CARTESIAN_POINT('',(0.0514538198664706,0.0101853465188111,0.0179115560827951));
#7382=CARTESIAN_POINT('',(0.0506686249570328,-0.000529813538248948,0.0135302416929164));
#7383=CARTESIAN_POINT('',(0.0497592805721474,-0.00511463519400706,0.014));
#7384=CARTESIAN_POINT('',(0.0499293775948209,-0.00602959959341216,0.0137437669559809));
#7385=CARTESIAN_POINT('',(0.0498190436143882,-0.00603013756806161,0.0138535510189241));
#7386=CARTESIAN_POINT('',(0.0523300664919039,-0.00603358116215381,0.0113535533905933));
#7387=CARTESIAN_POINT('',(0.0502092310793556,-0.0111358704126994,0.014));
#7388=CARTESIAN_POINT('',(0.0498190436143882,-0.00603013756806161,0.0138535510189241));
#7389=CARTESIAN_POINT('',(0.0498193446713638,-0.00603013610014556,0.0138532514624517));
#7390=CARTESIAN_POINT('',(0.0498196454951086,-0.00603013082099186,0.0138529517389501));
#7391=CARTESIAN_POINT('',(0.0498199460866426,-0.00603012174727002,0.0138526518491498));
#7392=CARTESIAN_POINT('',(0.0498199460866426,-0.00603012174727003,0.0138526518491498));
#7393=CARTESIAN_POINT('',(0.0499810677884114,-0.0147662572547169,0.0146069559012742));
#7394=CARTESIAN_POINT('',(0.0523257851495744,-0.00596298833949012,0.0113535533905933));
#7395=CARTESIAN_POINT('',(0.0516971523129028,-0.0228039972940777,0.0157009993235194));
#7396=CARTESIAN_POINT('',(0.0516555658311898,-0.0221572780636805,0.0155114484461892));
#7397=CARTESIAN_POINT('',(0.0517016528656431,-0.0193130414465315,0.0148282603616329));
#7398=CARTESIAN_POINT('',(0.0517206586420681,-0.0237605666403796,0.0158034933288647));
#7399=CARTESIAN_POINT('',(0.0522770028753122,-0.0309182102236514,0.016));
#7400=CARTESIAN_POINT('',(0.0522736131596413,-0.0309827175499125,0.0160101497312621));
#7401=CARTESIAN_POINT('',(0.0554252623306494,-0.0464569734091352,0.0129068466585966));
#7402=CARTESIAN_POINT('',(0.0556170582470421,-0.043748378607048,0.0127251722579731));
#7403=CARTESIAN_POINT('',(0.0688097405186565,-0.0302014487452005,0.016384810476303));
#7404=CARTESIAN_POINT('',(0.0467318995999787,-0.0432026860015526,0.020674723841975));
#7405=CARTESIAN_POINT('',(0.0756895160830454,-0.0566768315057888,0.0107202487223814));
#7406=CARTESIAN_POINT('',(0.0263425703363749,-0.0409370762796109,0.0171600245680041));
#7407=CARTESIAN_POINT('',(0.0798287907810684,-0.045440595778758,0.0131243065497203));
#7408=CARTESIAN_POINT('',(0.05,-0.049073932658604,0.0199259541644697));
#7409=CARTESIAN_POINT('',(0.0487697312858127,-0.0456308879199349,0.0104197403211839));
#7410=CARTESIAN_POINT('',(0.05,-0.0435,0.03));
#7411=CARTESIAN_POINT('',(0.0433716094520134,-0.0549807092015224,0.00813846405048012));
#7412=CARTESIAN_POINT('',(0.05,-0.0246184585058219,0.00697190400452361));
#7413=CARTESIAN_POINT('',(0.04,-0.0332279251660269,0.00383831440730174));
#7414=CARTESIAN_POINT('',(0.0375767220513874,-0.0393027594721416,-0.00283935453370519));
#7415=CARTESIAN_POINT('',(0.0411547005383793,-0.0455,0.03));
#7416=CARTESIAN_POINT('',(0.0388640445949108,-0.041532467523253,0.0115979121426456));
#7417=CARTESIAN_POINT('',(0.04,-0.0518236094500588,0.0243132798030814));
#7418=CARTESIAN_POINT('',(0.05,-0.0413815414941782,0.00697190400452363));
#7419=CARTESIAN_POINT('',(0.0544543311724453,-0.030215127904413,-0.0053026057933415));
#7420=CARTESIAN_POINT('',(0.0488452994616208,-0.0205,0.03));
#7421=CARTESIAN_POINT('',(0.04,-0.0216547005383792,0.03));
#7422=CARTESIAN_POINT('',(0.0479160221017639,-0.0170843830470149,0.00389164073811708));
#7423=CARTESIAN_POINT('',(0.04,-0.0307169209478375,0.00398984846405453));
#7424=CARTESIAN_POINT('',(0.05,0.0105,0.03));
#7425=CARTESIAN_POINT('',(0.0433716094520132,-0.000980709201522212,0.00813846405047998));
#7426=CARTESIAN_POINT('',(0.05,0.0293815414941782,0.00697190400452364));
#7427=CARTESIAN_POINT('',(0.04,0.0187169209478375,0.00398984846405454));
#7428=CARTESIAN_POINT('',(0.05,0.0126184585058219,0.00697190400452363));
#7429=CARTESIAN_POINT('',(0.0544543311724453,0.023784872095587,-0.0053026057933415));
#7430=CARTESIAN_POINT('',(0.0488452994616208,0.0335,0.03));
#7431=CARTESIAN_POINT('',(0.0561779548557919,-0.0476691633384398,0.03));
#7432=CARTESIAN_POINT('',(0.0572550123756158,0.0408914158238664,0.03));
#7433=CARTESIAN_POINT('',(0.0581060049639183,-0.0503036107147547,0.0101322129799983));
#7434=CARTESIAN_POINT('',(0.064,-0.006,0.011));
#7435=CARTESIAN_POINT('',(0.0519741743747305,-0.006,0.011));
#7436=CARTESIAN_POINT('',(0.0516143852142006,-0.00793923349412954,0.0114892580661023));
#7437=CARTESIAN_POINT('',(0.0494639210156498,-0.00602549528104815,0.0129998374910588));
#7438=CARTESIAN_POINT('',(0.0516798238223686,-0.006,0.011));
#7439=CARTESIAN_POINT('',(0.0529919047001,-0.00601173367630257,0.00900003442008608));
#7440=CARTESIAN_POINT('',(0.0516840488292437,-0.006,0.011));
#7441=CARTESIAN_POINT('',(0.05159504712889,-0.00406076650587046,0.0114892580661023));
#7442=CARTESIAN_POINT('',(0.0519781115153112,-0.006,0.011));
#7443=CARTESIAN_POINT('',(0.039,-0.006,0.011));
#7444=CARTESIAN_POINT('',(0.039,-0.006,0.009));
#7445=CARTESIAN_POINT('',(0.039,0.014,0.007));
#7446=CARTESIAN_POINT('',(0.039,-0.006,0.011));
#7447=CARTESIAN_POINT('',(0.039,-0.006,0.01));
#7448=CARTESIAN_POINT('',(0.064,-0.006,0.003));
#7449=CARTESIAN_POINT('',(0.0558737379126728,-0.006,0.003));
#7450=CARTESIAN_POINT('',(0.054563797055928,-0.00600560219633035,0.00499999215383368));
#7451=CARTESIAN_POINT('',(0.055510978524991,-0.00420460914320673,0.00388123304031518));
#7452=CARTESIAN_POINT('',(0.0558736143111384,-0.006,0.003));
#7453=CARTESIAN_POINT('',(0.0555323957716177,-0.00779539085679325,0.00388123304031521));
#7454=CARTESIAN_POINT('',(0.0546784613193428,-0.006,0.003));
#7455=CARTESIAN_POINT('',(0.0532779815244982,-0.00601061777653201,0.00100002818449321));
#7456=CARTESIAN_POINT('',(0.0546797537458046,-0.006,0.003));
#7457=CARTESIAN_POINT('',(0.039,-0.006,0.003));
#7458=CARTESIAN_POINT('',(0.039,-0.006,0.001));
#7459=CARTESIAN_POINT('',(0.039,0.014,0.007));
#7460=CARTESIAN_POINT('',(0.039,-0.006,0.003));
#7461=CARTESIAN_POINT('',(0.039,-0.006,0.002));
#7462=CARTESIAN_POINT('',(0.068,0.036,0.007));
#7463=CARTESIAN_POINT('',(0.0580480252052606,0.036,0.007));
#7464=CARTESIAN_POINT('',(0.0573781545044414,0.0379999931919672,0.00700521843701124));
#7465=CARTESIAN_POINT('',(0.0586382650730523,0.034237755859799,0.00794577777005342));
#7466=CARTESIAN_POINT('',(0.0583487271798303,0.036,0.007));
#7467=CARTESIAN_POINT('',(0.043,0.036,0.007));
#7468=CARTESIAN_POINT('',(0.043,0.036,0.005));
#7469=CARTESIAN_POINT('',(0.043,0.014,0.007));
#7470=CARTESIAN_POINT('',(0.043,0.036,0.007));
#7471=CARTESIAN_POINT('',(0.043,0.036,0.006));
#7472=CARTESIAN_POINT('',(0.061,0.036,0.007));
#7473=CARTESIAN_POINT('',(0.061,-0.006,0.003));
#7474=CARTESIAN_POINT('',(0.061,-0.006,0.011));
#7475=CARTESIAN_POINT('',(0.0591000031355878,0.0340058165681558,0.00831922437971792));
#7476=CARTESIAN_POINT('',(0.0590129599725473,0.0343306660750744,0.00810293158682068));
#7477=CARTESIAN_POINT('',(0.0586170402224433,0.0343011256364837,0.00805537950377434));
#7478=CARTESIAN_POINT('',(0.0592111017336694,0.0335911909554658,0.00765178975419826));
#7479=CARTESIAN_POINT('',(0.0591084465583015,0.0339743052855132,0.00756205343448166));
#7480=CARTESIAN_POINT('',(0.0587281388205212,0.0339694251463212,0.00752143180336175));
#7481=CARTESIAN_POINT('',(0.0592498299187212,0.0334466554011676,0.00590536470877071));
#7482=CARTESIAN_POINT('',(0.0591420080287856,0.033849052172616,0.00603548176420427));
#7483=CARTESIAN_POINT('',(0.0587668670055784,0.0338537967028981,0.00612429176701507));
#7484=CARTESIAN_POINT('',(0.0588056872286218,0.0351042184864287,0.00447778602278489));
#7485=CARTESIAN_POINT('',(0.0587423868156579,0.0353404588437441,0.00491455019497065));
#7486=CARTESIAN_POINT('',(0.058322724315477,0.0351798471711011,0.00498222881822808));
#7487=CARTESIAN_POINT('',(0.0583722194589839,0.0367219422261608,0.00447549381073086));
#7488=CARTESIAN_POINT('',(0.0583951846026975,0.0366362351430208,0.00501967791612826));
#7489=CARTESIAN_POINT('',(0.0578892565458397,0.0364740261628881,0.00498039504858468));
#7490=CARTESIAN_POINT('',(0.0579843689281567,0.0381694201129505,0.00519837656113827));
#7491=CARTESIAN_POINT('',(0.058098335690125,0.0377440903669027,0.00570106548952324));
#7492=CARTESIAN_POINT('',(0.0575014060150109,0.0376320084723173,0.00555870124891051));
#7493=CARTESIAN_POINT('',(0.0578473718477221,0.0386807001776211,0.0064014188671517));
#7494=CARTESIAN_POINT('',(0.0580206384619513,0.0380340603700964,0.00656004756676861));
#7495=CARTESIAN_POINT('',(0.0573644089345832,0.0380410325240651,0.00652113509372193));
#7496=CARTESIAN_POINT('',(0.0578629518069737,0.0386225549781142,0.00718500199297852));
#7497=CARTESIAN_POINT('',(0.0580309782983905,0.0379954715751294,0.00713512887271444));
#7498=CARTESIAN_POINT('',(0.0573799888938292,0.0379945163644503,0.00714800159438282));
#7499=CARTESIAN_POINT('',(0.0578618380978923,0.0386267113969909,0.0071161178191332));
#7500=CARTESIAN_POINT('',(0.0579020501314036,0.0384766380448511,0.0071245124057802));
#7501=CARTESIAN_POINT('',(0.057831920302664,0.0381436717339674,0.0071067500245209));
#7502=CARTESIAN_POINT('',(0.0575279042101307,0.0379999062718146,0.00703853103867415));
#7503=CARTESIAN_POINT('',(0.0573781545044414,0.0379999931919672,0.00700521843701137));
#7504=CARTESIAN_POINT('',(0.059107764473855,0.033976850859408,0.00827141307281576));
#7505=CARTESIAN_POINT('',(0.0590577250652814,0.0341636004745853,0.00815064799854482));
#7506=CARTESIAN_POINT('',(0.0588507533115644,0.0342722862014814,0.00801011729485054));
#7507=CARTESIAN_POINT('',(0.0586382650730523,0.034237755859799,0.00794577777005343));
#7508=CARTESIAN_POINT('',(0.0578779151572583,0.0386607362532723,0.00705829444152851));
#7509=CARTESIAN_POINT('',(0.0580656601533341,0.0380143283801542,0.00718935903829248));
#7510=CARTESIAN_POINT('',(0.057451743561257,0.0379966503696223,0.00688429649319486));
#7511=CARTESIAN_POINT('',(0.0577346658319717,0.0386773857695498,0.00734560866178515));
#7512=CARTESIAN_POINT('',(0.0579619545581543,0.0379915034985959,0.0074257074985743));
#7513=CARTESIAN_POINT('',(0.0573084942359697,0.038009969982648,0.00711414786940009));
#7514=CARTESIAN_POINT('',(0.0574842240899371,0.0386104655435378,0.00792596368324529));
#7515=CARTESIAN_POINT('',(0.0578054704403761,0.0378586428827141,0.00786232895617914));
#7516=CARTESIAN_POINT('',(0.0570580524939361,0.037956433801833,0.00757843188656832));
#7517=CARTESIAN_POINT('',(0.0572609449647829,0.0382212898102853,0.00871118130810419));
#7518=CARTESIAN_POINT('',(0.0577128677316139,0.0375345645045516,0.00832019888308058));
#7519=CARTESIAN_POINT('',(0.0568347733687815,0.0376450932152332,0.0082066059864554));
#7520=CARTESIAN_POINT('',(0.0572164581193506,0.037589297922083,0.00931825251888893));
#7521=CARTESIAN_POINT('',(0.0577002452663367,0.0371738134609765,0.00863990301633158));
#7522=CARTESIAN_POINT('',(0.0567902865233493,0.0371394997046708,0.00869226295508322));
#7523=CARTESIAN_POINT('',(0.0573559987308295,0.036789026606173,0.00967560402354788));
#7524=CARTESIAN_POINT('',(0.057746873014982,0.0367316146299987,0.00890136795038801));
#7525=CARTESIAN_POINT('',(0.0569298271348281,0.0364992826519429,0.00897814415881031));
#7526=CARTESIAN_POINT('',(0.0576631196923046,0.035915337873269,0.00974067963028884));
#7527=CARTESIAN_POINT('',(0.0579055548240655,0.0361342252666495,0.00905363070277338));
#7528=CARTESIAN_POINT('',(0.0572369480963034,0.0358003316656197,0.00903020464420334));
#7529=CARTESIAN_POINT('',(0.0582475556788459,0.0347883103767647,0.00942924782533608));
#7530=CARTESIAN_POINT('',(0.0582920344221838,0.0352345934798697,0.00897312565628459));
#7531=CARTESIAN_POINT('',(0.0578213840828439,0.0348987096684161,0.00878105920023979));
#7532=CARTESIAN_POINT('',(0.0588056412079559,0.0341428844635663,0.00878174162558686));
#7533=CARTESIAN_POINT('',(0.0587801189788916,0.0345538553155844,0.00850133188849872));
#7534=CARTESIAN_POINT('',(0.0583794696119578,0.0343823689378582,0.00826305424044654));
#7535=CARTESIAN_POINT('',(0.0591481971706156,0.0338994716965659,0.00826015089249439));
#7536=CARTESIAN_POINT('',(0.0591000814885525,0.0342827869609059,0.00804966758451285));
#7537=CARTESIAN_POINT('',(0.0587220255746143,0.0341876387242573,0.00784578165396757));
#7538=CARTESIAN_POINT('',(0.0550028137329253,-0.00594235232264269,0.00573111985255951));
#7539=CARTESIAN_POINT('',(0.0553825265289035,-0.00590656428983003,0.00499960031985263));
#7540=CARTESIAN_POINT('',(0.0545618854707275,-0.00599101265914133,0.00499997980682413));
#7541=CARTESIAN_POINT('',(0.0550555698826983,-0.00645500862007436,0.00573342358425511));
#7542=CARTESIAN_POINT('',(0.0554064454733651,-0.00622571294710122,0.00501805741934707));
#7543=CARTESIAN_POINT('',(0.0546146416205009,-0.00640113769708661,0.00500182279218734));
#7544=CARTESIAN_POINT('',(0.0553318039122209,-0.00748036219211279,0.00541237354606775));
#7545=CARTESIAN_POINT('',(0.0555193243157669,-0.00689881426522099,0.00493788923321061));
#7546=CARTESIAN_POINT('',(0.0548908756500221,-0.00722142055471549,0.00474498276162599));
#7547=CARTESIAN_POINT('',(0.0558479281142152,-0.00813302413542331,0.00455887750996047));
#7548=CARTESIAN_POINT('',(0.0559171818384314,-0.00759392140515964,0.00431851952282542));
#7549=CARTESIAN_POINT('',(0.0554069998520193,-0.00774355010936972,0.00406218593274765));
#7550=CARTESIAN_POINT('',(0.0561190960053025,-0.00830635752006269,0.00407640749181562));
#7551=CARTESIAN_POINT('',(0.0561517455649496,-0.00779752323854458,0.00391195280444739));
#7552=CARTESIAN_POINT('',(0.0556781677431047,-0.00788221681707733,0.00367620991822902));
#7553=CARTESIAN_POINT('',(0.055009652250073,-0.00600482837343005,0.0057306198929173));
#7554=CARTESIAN_POINT('',(0.0550898713411535,-0.00600389440465359,0.00557740784515606));
#7555=CARTESIAN_POINT('',(0.0550743017295783,-0.00600291735788749,0.00519020893522394));
#7556=CARTESIAN_POINT('',(0.0547342999548313,-0.0060045258320126,0.00499999516884763));
#7557=CARTESIAN_POINT('',(0.054563797055928,-0.00600560219633035,0.00499999215383368));
#7558=CARTESIAN_POINT('',(0.0560620431053968,-0.00809515151637203,0.00404747572267172));
#7559=CARTESIAN_POINT('',(0.0559876481370229,-0.00790458488725879,0.00395057962817015));
#7560=CARTESIAN_POINT('',(0.0557552198965729,-0.00779311185056425,0.00388587620138493));
#7561=CARTESIAN_POINT('',(0.0555323957716177,-0.00779539085679321,0.0038812330403153));
#7562=CARTESIAN_POINT('',(0.0560754328815053,-0.00807865104479384,0.00407445108513223));
#7563=CARTESIAN_POINT('',(0.0559665854902514,-0.00777172395585633,0.00393795871619085));
#7564=CARTESIAN_POINT('',(0.0556411475848806,-0.00769949222923505,0.00405438425764504));
#7565=CARTESIAN_POINT('',(0.0558883095590592,-0.0083129691757288,0.00369676919182205));
#7566=CARTESIAN_POINT('',(0.0557910406567914,-0.0079582888075042,0.00358988876010102));
#7567=CARTESIAN_POINT('',(0.0554540242624344,-0.00788694673398705,0.00375223874299873));
#7568=CARTESIAN_POINT('',(0.0554208946732933,-0.00857496195788442,0.00281404884001923));
#7569=CARTESIAN_POINT('',(0.0553441771028552,-0.00811384793041538,0.00276379682567636));
#7570=CARTESIAN_POINT('',(0.0549866093766687,-0.00809654095970561,0.00304606246155396));
#7571=CARTESIAN_POINT('',(0.0546339449578266,-0.00824028531542882,0.00147350671131102));
#7572=CARTESIAN_POINT('',(0.0546725893008526,-0.00764836982810358,0.00165353288890887));
#7573=CARTESIAN_POINT('',(0.0541996596612015,-0.00782879964574361,0.00197362875858775));
#7574=CARTESIAN_POINT('',(0.0539800488412928,-0.00727035508777622,0.000489485872376623));
#7575=CARTESIAN_POINT('',(0.0542269628467226,-0.00673276581300169,0.00103072112537008));
#7576=CARTESIAN_POINT('',(0.0535457635446695,-0.00705285546362053,0.00118641208744255));
#7577=CARTESIAN_POINT('',(0.0537539113351355,-0.00638038866120637,0.00025327582099836));
#7578=CARTESIAN_POINT('',(0.0541412367350315,-0.00616890887166161,0.000983690643694894));
#7579=CARTESIAN_POINT('',(0.0533196260385078,-0.00634088232236566,0.000997444046333512));
#7580=CARTESIAN_POINT('',(0.0537089562231481,-0.00593593623463924,0.000256538104986263));
#7581=CARTESIAN_POINT('',(0.0541224148617849,-0.00589957808755993,0.00100068322257688));
#7582=CARTESIAN_POINT('',(0.0532746709265234,-0.00598532038111137,0.00100005387352827));
#7583=CARTESIAN_POINT('',(0.0537171959224785,-0.00601112906424707,0.000257117078907578));
#7584=CARTESIAN_POINT('',(0.0538027822176328,-0.00600965197787327,0.00041002025362247));
#7585=CARTESIAN_POINT('',(0.0537954008777629,-0.00600763079694871,0.000803878865828115));
#7586=CARTESIAN_POINT('',(0.0534507388714958,-0.00600926996955143,0.00100002102903571));
#7587=CARTESIAN_POINT('',(0.0532779815244982,-0.00601061777653198,0.00100002818449321));
#7588=CARTESIAN_POINT('',(0.0560969540996781,-0.00368931214286312,0.00407632840712363));
#7589=CARTESIAN_POINT('',(0.0561337863267729,-0.00420265532632924,0.00391247479773073));
#7590=CARTESIAN_POINT('',(0.0556555942003126,-0.00411776045439193,0.00367614665047543));
#7591=CARTESIAN_POINT('',(0.0558264988775417,-0.00386342792804171,0.00456102742343313));
#7592=CARTESIAN_POINT('',(0.0559007512777854,-0.00440708691572437,0.00432019874265718));
#7593=CARTESIAN_POINT('',(0.0553851389781777,-0.00425705308253094,0.00406390586352569));
#7594=CARTESIAN_POINT('',(0.055315040509718,-0.00452057002293779,0.00541790879507761));
#7595=CARTESIAN_POINT('',(0.0555107067795633,-0.00510391333744218,0.00493801649496006));
#7596=CARTESIAN_POINT('',(0.0548736806103517,-0.00478276675845353,0.00474941096083364));
#7597=CARTESIAN_POINT('',(0.055049876402064,-0.00555243758383972,0.00573623368156646));
#7598=CARTESIAN_POINT('',(0.0554051890905307,-0.00577396086509557,0.0050174234149358));
#7599=CARTESIAN_POINT('',(0.0546085165026989,-0.00560826080717335,0.00500407087003697));
#7600=CARTESIAN_POINT('',(0.0550034709631929,-0.00606743489788852,0.00573101683660164));
#7601=CARTESIAN_POINT('',(0.0553841934036315,-0.00609432735061541,0.00499914708939779));
#7602=CARTESIAN_POINT('',(0.0545621110638275,-0.00602025865841225,0.00499989739405784));
#7603=CARTESIAN_POINT('',(0.056041997441967,-0.00390064992450832,0.00404753965611966));
#7604=CARTESIAN_POINT('',(0.0559690433481401,-0.00409311958369743,0.00395009420256089));
#7605=CARTESIAN_POINT('',(0.0557351738044751,-0.00420657336531575,0.00388523487212801));
#7606=CARTESIAN_POINT('',(0.0555109785249909,-0.00420460914320679,0.00388123304031529));
#7607=CARTESIAN_POINT('',(0.0537098674755493,-0.00608652865860982,0.000256876724126413));
#7608=CARTESIAN_POINT('',(0.0541249880600532,-0.00610852208479937,0.00100163113045805));
#7609=CARTESIAN_POINT('',(0.0532751570447441,-0.00603604122482324,0.00100032476884039));
#7610=CARTESIAN_POINT('',(0.0537479728532414,-0.00563989191006742,0.000248826749208463));
#7611=CARTESIAN_POINT('',(0.0541408715342041,-0.00583836967522282,0.000983972330539794));
#7612=CARTESIAN_POINT('',(0.0533132624224358,-0.00567873182598912,0.000993884788900562));
#7613=CARTESIAN_POINT('',(0.0539619130192098,-0.00474293746068686,0.000477952944848646));
#7614=CARTESIAN_POINT('',(0.0542191875154877,-0.00527832978968405,0.00102838559409268));
#7615=CARTESIAN_POINT('',(0.0535272025884048,-0.0049611682664851,0.00117718574542064));
#7616=CARTESIAN_POINT('',(0.0546061843755897,-0.00376120636990215,0.00146080040993344));
#7617=CARTESIAN_POINT('',(0.0546512042154242,-0.00435953555049651,0.00164306833919045));
#7618=CARTESIAN_POINT('',(0.0541714739447846,-0.0041757833938566,0.00196346371748561));
#7619=CARTESIAN_POINT('',(0.0553930978660898,-0.00341940369717707,0.00280726095626971));
#7620=CARTESIAN_POINT('',(0.0553191417111135,-0.00388587198264478,0.00275469335673702));
#7621=CARTESIAN_POINT('',(0.0549583874352844,-0.00390234125567881,0.0030406321545542));
#7622=CARTESIAN_POINT('',(0.0558654384137746,-0.00368169820710635,0.00369508283980922));
#7623=CARTESIAN_POINT('',(0.0557701202092784,-0.00403988828232025,0.0035859414380245));
#7624=CARTESIAN_POINT('',(0.05543072798297,-0.00411217686361666,0.00375088966138885));
#7625=CARTESIAN_POINT('',(0.0560556025928788,-0.00391723541072515,0.00407465023809831));
#7626=CARTESIAN_POINT('',(0.0559484074464863,-0.00422709266213502,0.00393607607777903));
#7627=CARTESIAN_POINT('',(0.0556208921620736,-0.0043006066265155,0.00405454358001791));
#7628=CARTESIAN_POINT('',(0.0520048880743465,-0.00835277600526024,0.0119339179675014));
#7629=CARTESIAN_POINT('',(0.0520236767867883,-0.00785051362558815,0.0117972236108144));
#7630=CARTESIAN_POINT('',(0.0515639598121488,-0.00791935160523537,0.0115622182987776));
#7631=CARTESIAN_POINT('',(0.0524179139435637,-0.00857074244991532,0.0111898044330132));
#7632=CARTESIAN_POINT('',(0.0523426459409968,-0.00808831228356003,0.0112365132609377));
#7633=CARTESIAN_POINT('',(0.0519769856813613,-0.00809372476096847,0.0109669274711864));
#7634=CARTESIAN_POINT('',(0.0532730127506873,-0.00825775735473955,0.00949578636702955));
#7635=CARTESIAN_POINT('',(0.0531114998087834,-0.00801869596642667,0.0097558824984018));
#7636=CARTESIAN_POINT('',(0.0528320844884918,-0.00784333668481433,0.00961171301840567));
#7637=CARTESIAN_POINT('',(0.0535136523847844,-0.00671604082165373,0.00872717270160754));
#7638=CARTESIAN_POINT('',(0.0533674872861144,-0.00662029358228579,0.0089867687730171));
#7639=CARTESIAN_POINT('',(0.0530727241225866,-0.0066099634583501,0.00899682208605229));
#7640=CARTESIAN_POINT('',(0.0534299346017006,-0.0059406710449842,0.00873117845604096));
#7641=CARTESIAN_POINT('',(0.0532906392014509,-0.00595710077497413,0.00900019493817449));
#7642=CARTESIAN_POINT('',(0.0529890063395028,-0.00598966763701454,0.0090000266896093));
#7643=CARTESIAN_POINT('',(0.0534371485494498,-0.00601249420662566,0.00873183921399933));
#7644=CARTESIAN_POINT('',(0.0533517583679176,-0.00601169572028292,0.00889456766801636));
#7645=CARTESIAN_POINT('',(0.0531730658758507,-0.00601140256672009,0.0090000324774863));
#7646=CARTESIAN_POINT('',(0.0529919047001,-0.00601173367630257,0.00900003442008608));
#7647=CARTESIAN_POINT('',(0.0520202426942852,-0.00836071572360035,0.0119062220486858));
#7648=CARTESIAN_POINT('',(0.0520255540505871,-0.00809889104595012,0.0118435162959324));
#7649=CARTESIAN_POINT('',(0.0518279789187513,-0.00790067291955765,0.0116420975652207));
#7650=CARTESIAN_POINT('',(0.0516143852142006,-0.00793923349412952,0.0114892580661024));
#7651=CARTESIAN_POINT('',(0.0516904484185275,-0.00795318357018169,0.0114302022096321));
#7652=CARTESIAN_POINT('',(0.0520725546660359,-0.0078706115819719,0.011805091615399));
#7653=CARTESIAN_POINT('',(0.0520420591933713,-0.00840446780221723,0.0118913061526334));
#7654=CARTESIAN_POINT('',(0.0514080527900775,-0.00790481261815188,0.011649813700841));
#7655=CARTESIAN_POINT('',(0.0518118933378135,-0.00776965215647492,0.0120537518119739));
#7656=CARTESIAN_POINT('',(0.0517596635649215,-0.00834400411217823,0.012165820516645));
#7657=CARTESIAN_POINT('',(0.0508541960052416,-0.00773329949745586,0.0120725097608852));
#7658=CARTESIAN_POINT('',(0.0513175184354824,-0.00746088514497591,0.0125130871400723));
#7659=CARTESIAN_POINT('',(0.0512058067800854,-0.00812961271131076,0.0126941905916997));
#7660=CARTESIAN_POINT('',(0.0501495826208176,-0.00728067140738002,0.0125857199692177));
#7661=CARTESIAN_POINT('',(0.05082089505304,-0.00682661051675182,0.0129405828991738));
#7662=CARTESIAN_POINT('',(0.0505011933956616,-0.00756382759871492,0.013335703352115));
#7663=CARTESIAN_POINT('',(0.0496506240782506,-0.00668369525486646,0.0129201992424198));
#7664=CARTESIAN_POINT('',(0.0506322563637003,-0.00619717096816391,0.0130622923608505));
#7665=CARTESIAN_POINT('',(0.0500022348530941,-0.00681760740807331,0.0137538024436197));
#7666=CARTESIAN_POINT('',(0.0494925707213513,-0.0062343697884551,0.0129989096430244));
#7667=CARTESIAN_POINT('',(0.0506560683583233,-0.00596956930652022,0.0130147847714302));
#7668=CARTESIAN_POINT('',(0.049844181496196,-0.00625595057505889,0.0138521904443702));
#7669=CARTESIAN_POINT('',(0.0494616400468507,-0.00600949689435661,0.0129999774521223));
#7670=CARTESIAN_POINT('',(0.0506606427875045,-0.00587756413318744,0.0130006039349327));
#7671=CARTESIAN_POINT('',(0.0498132508216945,-0.00597485945743588,0.0138535252057461));
#7672=CARTESIAN_POINT('',(0.0498199460866426,-0.00603012174727003,0.0138526518491498));
#7673=CARTESIAN_POINT('',(0.0499604823964612,-0.00602587948746142,0.0137124436226478));
#7674=CARTESIAN_POINT('',(0.0500466468060724,-0.00601863578038122,0.0132582851686139));
#7675=CARTESIAN_POINT('',(0.0496596561915044,-0.00602206737684664,0.0129998811923002));
#7676=CARTESIAN_POINT('',(0.0494639210156498,-0.00602549528104815,0.0129998374910588));
#7677=CARTESIAN_POINT('',(0.0534304500354931,-0.00608453742051188,0.00873150511042733));
#7678=CARTESIAN_POINT('',(0.0532912270580427,-0.00606544510665811,0.00900082273095741));
#7679=CARTESIAN_POINT('',(0.0529890901361276,-0.00603394067651094,0.00900028801311839));
#7680=CARTESIAN_POINT('',(0.0535118340042271,-0.00530426555969585,0.00871826172589849));
#7681=CARTESIAN_POINT('',(0.0533659328315718,-0.005398112484763,0.00897975498975233));
#7682=CARTESIAN_POINT('',(0.0530704741048598,-0.00540972318785783,0.00898969330548358));
#7683=CARTESIAN_POINT('',(0.0532621740672355,-0.00374385821066035,0.0094792603372532));
#7684=CARTESIAN_POINT('',(0.0531001917481274,-0.00398207721327373,0.00974515705879666));
#7685=CARTESIAN_POINT('',(0.0528208141678722,-0.00416139730863294,0.00959849219458488));
#7686=CARTESIAN_POINT('',(0.0523991397137014,-0.00342353951930764,0.0111855387319348));
#7687=CARTESIAN_POINT('',(0.0523264069770862,-0.00391067673360718,0.0112356682753702));
#7688=CARTESIAN_POINT('',(0.0519577798143334,-0.00390514235554137,0.0109635149103245));
#7689=CARTESIAN_POINT('',(0.0519860019438071,-0.00364306613961541,0.0119344096243227));
#7690=CARTESIAN_POINT('',(0.0520088516650792,-0.00414989567340046,0.0117984416053038));
#7691=CARTESIAN_POINT('',(0.0515446420444417,-0.00408076365179376,0.0115626116242347));
#7692=CARTESIAN_POINT('',(0.0520014305121943,-0.00363503579084146,0.0119064125743128));
#7693=CARTESIAN_POINT('',(0.0520086132390099,-0.00389850782022314,0.0118446964053554));
#7694=CARTESIAN_POINT('',(0.0518100795553109,-0.00409942604013763,0.0116424898039365));
#7695=CARTESIAN_POINT('',(0.0515950471288899,-0.00406076650587048,0.0114892580661023));
#7696=CARTESIAN_POINT('',(0.0494623210949636,-0.00604179792157101,0.0129995631857364));
#7697=CARTESIAN_POINT('',(0.0506691175198261,-0.00613156218000883,0.0129976867962025));
#7698=CARTESIAN_POINT('',(0.0498142760715563,-0.00608582856411758,0.0138530073727638));
#7699=CARTESIAN_POINT('',(0.0494836340157415,-0.00581267222500927,0.0130043527207524));
#7700=CARTESIAN_POINT('',(0.0506656348653777,-0.00604086494930555,0.0130097682981513));
#7701=CARTESIAN_POINT('',(0.0498355889923343,-0.00579942144341535,0.0138589942915293));
#7702=CARTESIAN_POINT('',(0.049626334412273,-0.00535282044504679,0.0129343861039779));
#7703=CARTESIAN_POINT('',(0.0506364055099956,-0.0058285561887189,0.0130590309907649));
#7704=CARTESIAN_POINT('',(0.0499782893888656,-0.00522460671846229,0.0137715360205677));
#7705=CARTESIAN_POINT('',(0.0501155762692566,-0.00473872354229918,0.0126030901795017));
#7706=CARTESIAN_POINT('',(0.050803114712879,-0.00520023019056374,0.0129527550579967));
#7707=CARTESIAN_POINT('',(0.0504675312458494,-0.00445698559002795,0.0133574161149699));
#7708=CARTESIAN_POINT('',(0.0508227766559218,-0.00427222436777709,0.0120841966350328));
#7709=CARTESIAN_POINT('',(0.0512923276861312,-0.00455050410760265,0.0125274660136762));
#7710=CARTESIAN_POINT('',(0.0511747316325143,-0.0038738616218746,0.0127087991843845));
#7711=CARTESIAN_POINT('',(0.0513843297847466,-0.00409601235961819,0.0116537221022493));
#7712=CARTESIAN_POINT('',(0.0517919388272778,-0.00423286077972022,0.0120602839705012));
#7713=CARTESIAN_POINT('',(0.0517362847613398,-0.0036535966116778,0.0121707060184049));
#7714=CARTESIAN_POINT('',(0.0516712490178484,-0.00404675064213245,0.0114299034147224));
#7715=CARTESIAN_POINT('',(0.0520564893047726,-0.00412968864910082,0.0118067290069508));
#7716=CARTESIAN_POINT('',(0.0520232039944412,-0.00359201946481938,0.0118909326589963));
#7717=CARTESIAN_POINT('',(0.040002,-0.039375,0.00639417679167926));
#7718=CARTESIAN_POINT('',(0.040002,-0.03875,0.00714417679167926));
#7719=CARTESIAN_POINT('',(0.003,-0.03875,0.00714417679167926));
#7720=CARTESIAN_POINT('',(0.,-0.03875,0.00714417679167926));
#7721=CARTESIAN_POINT('',(0.040002,-0.039375,0.00789417679167926));
#7722=CARTESIAN_POINT('',(0.,-0.03875,0.00714417679167926));
#7723=CARTESIAN_POINT('',(-6.48071292336943E-5,-0.0459883400575785,0.00479911181023464));
#7724=CARTESIAN_POINT('',(-5.34362115889507E-5,-0.0458763693805195,0.00514482880148162));
#7725=CARTESIAN_POINT('',(-3.76968794308128E-5,-0.0455131350846309,0.00514453208691764));
#7726=CARTESIAN_POINT('',(0.000597427691815498,-0.0460170456016553,0.00478662749933481));
#7727=CARTESIAN_POINT('',(0.000505282027912749,-0.04590193837614,0.00513014181112766));
#7728=CARTESIAN_POINT('',(0.000492090977408218,-0.0455418406287127,0.00513454463818957));
#7729=CARTESIAN_POINT('',(0.00192681286309237,-0.0458943002316433,0.00531637233508138));
#7730=CARTESIAN_POINT('',(0.00166849401647177,-0.0457837518532633,0.00562684048854859));
#7731=CARTESIAN_POINT('',(0.0015555991144302,-0.0454190952586931,0.00555834050679853));
#7732=CARTESIAN_POINT('',(0.00276006452353949,-0.0452808603574196,0.00729866769118659));
#7733=CARTESIAN_POINT('',(0.00223446699906107,-0.0452269027726765,0.00740446796223471));
#7734=CARTESIAN_POINT('',(0.00222220044278766,-0.0448056553844733,0.00714417679167932));
#7735=CARTESIAN_POINT('',(0.0019268128630786,-0.0446053970842096,0.00928096304729218));
#7736=CARTESIAN_POINT('',(0.00134097429227557,-0.0447069025646035,0.00890167166016612));
#7737=CARTESIAN_POINT('',(0.00155559911441917,-0.0441301921112591,0.00873001307655976));
#7738=CARTESIAN_POINT('',(0.000597427691847607,-0.044383698431779,0.00981070788303803));
#7739=CARTESIAN_POINT('',(0.000408791541226357,-0.0445889159080882,0.00915787596733899));
#7740=CARTESIAN_POINT('',(0.000492090977433931,-0.043908493458837,0.00915380894516944));
#7741=CARTESIAN_POINT('',(-6.48071292337036E-5,-0.0443631102792705,0.00979822357213867));
#7742=CARTESIAN_POINT('',(-5.90876892479513E-5,-0.0445762027856569,0.00914341824141428));
#7743=CARTESIAN_POINT('',(-3.76968794308203E-5,-0.0438879053063229,0.00914382149644087));
#7744=CARTESIAN_POINT('',(0.,-0.015,0.00714417679167926));
#7745=CARTESIAN_POINT('',(-0.0571791980087212,-0.0324005611038005,0.0181001402759501));
#7746=CARTESIAN_POINT('',(-0.0528328328965907,-0.0123990338671636,0.0216343684977374));
#7747=CARTESIAN_POINT('',(-0.08,-0.019044786249782,0.0147611965624455));
#7748=CARTESIAN_POINT('',(-0.0411175937325466,-0.0165386760648271,0.0173530665567342));
#7749=CARTESIAN_POINT('',(-0.0695532161164394,-0.002970013682806,0.0107425034207015));
#7750=CARTESIAN_POINT('',(-0.0564657225920408,0.0228352145678413,0.0211970638580396));
#7751=CARTESIAN_POINT('',(-0.0528328328965906,0.0416009661328363,0.0250402359977372));
#7752=CARTESIAN_POINT('',(-0.08,0.034955213750218,0.0181670640624455));
#7753=CARTESIAN_POINT('',(-0.0390350485172459,0.007811735,0.017));
#7754=CARTESIAN_POINT('',(-0.0417935229358102,0.0102151175683762,0.01420452935009));
#7755=CARTESIAN_POINT('',(-0.045,0.0085,0.0155929746472103));
#7756=CARTESIAN_POINT('',(-0.0480916889934423,0.00962300186905,0.014683866902943));
#7757=CARTESIAN_POINT('',(-0.0566085061165149,0.0195810275649209,0.0215198509287326));
#7758=MECHANICAL_DESIGN_GEOMETRIC_PRESENTATION_REPRESENTATION('',(#4520),
#7759);
#7759=(
GEOMETRIC_REPRESENTATION_CONTEXT(3)
GLOBAL_UNCERTAINTY_ASSIGNED_CONTEXT((#7760))
GLOBAL_UNIT_ASSIGNED_CONTEXT((#7763,#7762,#7761))
REPRESENTATION_CONTEXT('Part 2','TOP_LEVEL_ASSEMBLY_PART')
);
#7760=UNCERTAINTY_MEASURE_WITH_UNIT(LENGTH_MEASURE(2.E-5),#7763,
'DISTANCE_ACCURACY_VALUE','Maximum Tolerance applied to model');
#7761=(
NAMED_UNIT(*)
SI_UNIT($,.STERADIAN.)
SOLID_ANGLE_UNIT()
);
#7762=(
NAMED_UNIT(*)
PLANE_ANGLE_UNIT()
SI_UNIT($,.RADIAN.)
);
#7763=(
LENGTH_UNIT()
NAMED_UNIT(*)
SI_UNIT($,.METRE.)
);
#7764=PRODUCT_DEFINITION_SHAPE('','',#7765);
#7765=PRODUCT_DEFINITION('','',#7767,#7766);
#7766=PRODUCT_DEFINITION_CONTEXT('',#7773,'design');
#7767=PRODUCT_DEFINITION_FORMATION_WITH_SPECIFIED_SOURCE('','',#7769,
 .NOT_KNOWN.);
#7768=PRODUCT_RELATED_PRODUCT_CATEGORY('','',(#7769));
#7769=PRODUCT('Part 2','Part 2','Part 2',(#7771));
#7770=PRODUCT_CATEGORY('','');
#7771=PRODUCT_CONTEXT('',#7773,'mechanical');
#7772=APPLICATION_PROTOCOL_DEFINITION('international standard',
'ap242_managed_model_based_3d_engineering',2020,#7773);
#7773=APPLICATION_CONTEXT('managed model based 3d engineering');
ENDSEC;
END-ISO-10303-21;
