ISO-10303-21;
HEADER;
/* Generated by software containing ST-Developer
 * from STEP Tools, Inc. (www.steptools.com) 
 */
/* OPTION: using custom renumber hook */

FILE_DESCRIPTION(
/* description */ ('STEP AP242 Edition 2',
'CAx-IF Rec.Pracs.---Representation and Presentation of Product Manufa
cturing Information (PMI)---4.0---2014-10-13',
'CAx-IF Rec.Pracs.---3D Tessellated Geometry---0.4---2014-09-14','2;1',
'CAx-IF Rec.Pracs.---User Defined Attributes---1.5---2016-08-15'),
/* implementation_level */ '2;1');

FILE_NAME(
/* name */ 'Havoc F v5 Long - Part 6',
/* time_stamp */ '2026-05-25T18:06:29Z',
/* author */ (''),
/* organization */ (''),
/* preprocessor_version */ 'ST-DEVELOPER v20',
/* originating_system */ 'ONSHAPE BY PTC INC, 1.215',
/* authorisation */ '  ');

FILE_SCHEMA (('AP242_MANAGED_MODEL_BASED_3D_ENGINEERING_MIM_LF { 1 0 10303 442 3 1 4 }'));
ENDSEC;

DATA;
#10=SHAPE_REPRESENTATION_RELATIONSHIP('','',#1902,#11);
#11=ADVANCED_BREP_SHAPE_REPRESENTATION('',(#1900),#3142);
#12=CONICAL_SURFACE('',#2041,0.00125,0.78539816339745);
#13=CONICAL_SURFACE('',#2044,0.00225,0.785398163397449);
#14=B_SPLINE_SURFACE_WITH_KNOTS('',1,1,((#2912,#2913),(#2914,#2915)),
 .RULED_SURF.,.F.,.F.,.F.,(2,2),(2,2),(0.,1.),(0.,1.),
 .PIECEWISE_BEZIER_KNOTS.);
#15=B_SPLINE_SURFACE_WITH_KNOTS('',1,1,((#2935,#2936),(#2937,#2938)),
 .RULED_SURF.,.F.,.F.,.F.,(2,2),(2,2),(0.,1.),(0.,1.),
 .PIECEWISE_BEZIER_KNOTS.);
#16=B_SPLINE_SURFACE_WITH_KNOTS('',1,1,((#2940,#2941),(#2942,#2943)),
 .RULED_SURF.,.F.,.F.,.F.,(2,2),(2,2),(0.,1.),(0.,1.),
 .PIECEWISE_BEZIER_KNOTS.);
#17=B_SPLINE_SURFACE_WITH_KNOTS('',1,1,((#2956,#2957),(#2958,#2959)),
 .RULED_SURF.,.F.,.F.,.F.,(2,2),(2,2),(0.,1.),(0.,1.),
 .PIECEWISE_BEZIER_KNOTS.);
#18=B_SPLINE_SURFACE_WITH_KNOTS('',1,1,((#3009,#3010),(#3011,#3012)),
 .RULED_SURF.,.F.,.F.,.F.,(2,2),(2,2),(0.,1.),(0.,1.),
 .PIECEWISE_BEZIER_KNOTS.);
#19=B_SPLINE_SURFACE_WITH_KNOTS('',1,1,((#3026,#3027),(#3028,#3029)),
 .RULED_SURF.,.F.,.F.,.F.,(2,2),(2,2),(0.,1.),(0.,1.),
 .PIECEWISE_BEZIER_KNOTS.);
#20=B_SPLINE_SURFACE_WITH_KNOTS('',1,1,((#3031,#3032),(#3033,#3034)),
 .RULED_SURF.,.F.,.F.,.F.,(2,2),(2,2),(0.,1.),(0.,1.),
 .PIECEWISE_BEZIER_KNOTS.);
#21=B_SPLINE_SURFACE_WITH_KNOTS('',1,1,((#3047,#3048),(#3049,#3050)),
 .RULED_SURF.,.F.,.F.,.F.,(2,2),(2,2),(0.,1.),(0.,1.),
 .PIECEWISE_BEZIER_KNOTS.);
#22=B_SPLINE_CURVE_WITH_KNOTS('',3,(#2679,#2680,#2681,#2682),
 .UNSPECIFIED.,.F.,.F.,(4,4),(1.05519109601004E-17,0.00105484074696743),
 .UNSPECIFIED.);
#23=B_SPLINE_CURVE_WITH_KNOTS('',3,(#2747,#2748,#2749,#2750),
 .UNSPECIFIED.,.F.,.F.,(4,4),(1.93947980722443E-17,0.00105484074696743),
 .UNSPECIFIED.);
#24=B_SPLINE_CURVE_WITH_KNOTS('',3,(#2774,#2775,#2776,#2777),
 .UNSPECIFIED.,.F.,.F.,(4,4),(0.,0.00338586792641677),.UNSPECIFIED.);
#25=B_SPLINE_CURVE_WITH_KNOTS('',3,(#2781,#2782,#2783,#2784),
 .UNSPECIFIED.,.F.,.F.,(4,4),(0.,0.00338586792641677),.UNSPECIFIED.);
#26=B_SPLINE_CURVE_WITH_KNOTS('',3,(#2788,#2789,#2790,#2791),
 .UNSPECIFIED.,.F.,.F.,(4,4),(0.,0.00338586792641675),.UNSPECIFIED.);
#27=B_SPLINE_CURVE_WITH_KNOTS('',3,(#2795,#2796,#2797,#2798),
 .UNSPECIFIED.,.F.,.F.,(4,4),(0.,0.00338586792641675),.UNSPECIFIED.);
#28=B_SPLINE_CURVE_WITH_KNOTS('',3,(#2834,#2835,#2836,#2837),
 .UNSPECIFIED.,.F.,.F.,(4,4),(0.,0.00338586792641677),.UNSPECIFIED.);
#29=B_SPLINE_CURVE_WITH_KNOTS('',3,(#2841,#2842,#2843,#2844),
 .UNSPECIFIED.,.F.,.F.,(4,4),(0.,0.00338586792641675),.UNSPECIFIED.);
#30=B_SPLINE_CURVE_WITH_KNOTS('',3,(#2848,#2849,#2850,#2851),
 .UNSPECIFIED.,.F.,.F.,(4,4),(0.,0.00338586792641675),.UNSPECIFIED.);
#31=B_SPLINE_CURVE_WITH_KNOTS('',3,(#2855,#2856,#2857,#2858),
 .UNSPECIFIED.,.F.,.F.,(4,4),(0.,0.00338586792641677),.UNSPECIFIED.);
#32=B_SPLINE_CURVE_WITH_KNOTS('',3,(#2916,#2917,#2918,#2919),
 .UNSPECIFIED.,.F.,.F.,(4,4),(0.,0.002),.UNSPECIFIED.);
#33=B_SPLINE_CURVE_WITH_KNOTS('',3,(#2925,#2926,#2927,#2928),
 .UNSPECIFIED.,.F.,.F.,(4,4),(0.,0.002),.UNSPECIFIED.);
#34=B_SPLINE_CURVE_WITH_KNOTS('',3,(#2944,#2945,#2946,#2947),
 .UNSPECIFIED.,.F.,.F.,(4,4),(0.,0.00199999999999999),.UNSPECIFIED.);
#35=B_SPLINE_CURVE_WITH_KNOTS('',3,(#2952,#2953,#2954,#2955),
 .UNSPECIFIED.,.F.,.F.,(4,4),(0.,0.00199999999999999),.UNSPECIFIED.);
#36=B_SPLINE_CURVE_WITH_KNOTS('',3,(#3014,#3015,#3016,#3017),
 .UNSPECIFIED.,.F.,.F.,(4,4),(0.,0.002),.UNSPECIFIED.);
#37=B_SPLINE_CURVE_WITH_KNOTS('',3,(#3019,#3020,#3021,#3022),
 .UNSPECIFIED.,.F.,.F.,(4,4),(0.,0.002),.UNSPECIFIED.);
#38=B_SPLINE_CURVE_WITH_KNOTS('',3,(#3035,#3036,#3037,#3038),
 .UNSPECIFIED.,.F.,.F.,(4,4),(0.,0.00199999999999999),.UNSPECIFIED.);
#39=B_SPLINE_CURVE_WITH_KNOTS('',3,(#3043,#3044,#3045,#3046),
 .UNSPECIFIED.,.F.,.F.,(4,4),(0.,0.00199999999999999),.UNSPECIFIED.);
#40=CYLINDRICAL_SURFACE('',#1925,0.0015);
#41=CYLINDRICAL_SURFACE('',#1928,0.0015);
#42=CYLINDRICAL_SURFACE('',#1940,0.0015);
#43=CYLINDRICAL_SURFACE('',#1943,0.0015);
#44=CYLINDRICAL_SURFACE('',#1947,0.00225);
#45=CYLINDRICAL_SURFACE('',#1957,0.001);
#46=CYLINDRICAL_SURFACE('',#1980,0.002);
#47=CYLINDRICAL_SURFACE('',#1981,0.002);
#48=CYLINDRICAL_SURFACE('',#1982,0.001);
#49=CYLINDRICAL_SURFACE('',#1988,0.001);
#50=CYLINDRICAL_SURFACE('',#1989,0.001);
#51=CYLINDRICAL_SURFACE('',#2004,0.002);
#52=CYLINDRICAL_SURFACE('',#2005,0.002);
#53=CYLINDRICAL_SURFACE('',#2006,0.001);
#54=CYLINDRICAL_SURFACE('',#2012,0.001);
#55=CYLINDRICAL_SURFACE('',#2013,0.001);
#56=CYLINDRICAL_SURFACE('',#2025,0.005);
#57=CYLINDRICAL_SURFACE('',#2027,0.005);
#58=CYLINDRICAL_SURFACE('',#2031,0.005);
#59=CYLINDRICAL_SURFACE('',#2032,0.005);
#60=CYLINDRICAL_SURFACE('',#2038,0.00350000000000008);
#61=CIRCLE('',#1907,0.001);
#62=CIRCLE('',#1910,0.001);
#63=CIRCLE('',#1918,0.001);
#64=CIRCLE('',#1919,0.001);
#65=CIRCLE('',#1920,0.005);
#66=CIRCLE('',#1921,0.005);
#67=CIRCLE('',#1922,0.005);
#68=CIRCLE('',#1923,0.005);
#69=CIRCLE('',#1924,0.00125);
#70=CIRCLE('',#1926,0.0015);
#71=CIRCLE('',#1927,0.0015);
#72=CIRCLE('',#1929,0.0015);
#73=CIRCLE('',#1930,0.0015);
#74=CIRCLE('',#1933,0.001);
#75=CIRCLE('',#1934,0.001);
#76=CIRCLE('',#1935,0.00125);
#77=CIRCLE('',#1936,0.005);
#78=CIRCLE('',#1937,0.005);
#79=CIRCLE('',#1938,0.005);
#80=CIRCLE('',#1939,0.005);
#81=CIRCLE('',#1941,0.0015);
#82=CIRCLE('',#1942,0.0015);
#83=CIRCLE('',#1944,0.0015);
#84=CIRCLE('',#1945,0.0015);
#85=CIRCLE('',#1948,0.00225);
#86=CIRCLE('',#1949,0.00225);
#87=CIRCLE('',#1952,0.001);
#88=CIRCLE('',#1953,0.001);
#89=CIRCLE('',#1959,0.001);
#90=CIRCLE('',#1960,0.002);
#91=CIRCLE('',#1961,0.002);
#92=CIRCLE('',#1985,0.001);
#93=CIRCLE('',#1987,0.001);
#94=CIRCLE('',#1992,0.001);
#95=CIRCLE('',#1993,0.002);
#96=CIRCLE('',#1994,0.002);
#97=CIRCLE('',#2009,0.001);
#98=CIRCLE('',#2011,0.001);
#99=ELLIPSE('',#1905,0.00494974746830594,0.00350000000000008);
#100=ELLIPSE('',#1914,0.00102427951431451,0.001);
#101=ELLIPSE('',#1915,0.00102427951431451,0.001);
#102=ELLIPSE('',#1970,0.00230940107675851,0.002);
#103=ELLIPSE('',#1973,0.00230940107675851,0.002);
#104=ELLIPSE('',#1998,0.00230940107675851,0.002);
#105=ELLIPSE('',#2000,0.00230940107675851,0.002);
#106=ELLIPSE('',#2035,0.00379018681112513,0.00350000000000008);
#107=ORIENTED_EDGE('',*,*,#629,.F.);
#108=ORIENTED_EDGE('',*,*,#630,.F.);
#109=ORIENTED_EDGE('',*,*,#631,.F.);
#110=ORIENTED_EDGE('',*,*,#632,.T.);
#111=ORIENTED_EDGE('',*,*,#633,.F.);
#112=ORIENTED_EDGE('',*,*,#634,.T.);
#113=ORIENTED_EDGE('',*,*,#635,.T.);
#114=ORIENTED_EDGE('',*,*,#636,.F.);
#115=ORIENTED_EDGE('',*,*,#637,.F.);
#116=ORIENTED_EDGE('',*,*,#638,.T.);
#117=ORIENTED_EDGE('',*,*,#639,.F.);
#118=ORIENTED_EDGE('',*,*,#640,.F.);
#119=ORIENTED_EDGE('',*,*,#638,.F.);
#120=ORIENTED_EDGE('',*,*,#641,.F.);
#121=ORIENTED_EDGE('',*,*,#642,.F.);
#122=ORIENTED_EDGE('',*,*,#643,.F.);
#123=ORIENTED_EDGE('',*,*,#644,.F.);
#124=ORIENTED_EDGE('',*,*,#645,.F.);
#125=ORIENTED_EDGE('',*,*,#646,.T.);
#126=ORIENTED_EDGE('',*,*,#647,.F.);
#127=ORIENTED_EDGE('',*,*,#648,.T.);
#128=ORIENTED_EDGE('',*,*,#649,.T.);
#129=ORIENTED_EDGE('',*,*,#634,.F.);
#130=ORIENTED_EDGE('',*,*,#650,.T.);
#131=ORIENTED_EDGE('',*,*,#647,.T.);
#132=ORIENTED_EDGE('',*,*,#633,.T.);
#133=ORIENTED_EDGE('',*,*,#651,.T.);
#134=ORIENTED_EDGE('',*,*,#643,.T.);
#135=ORIENTED_EDGE('',*,*,#652,.F.);
#136=ORIENTED_EDGE('',*,*,#653,.T.);
#137=ORIENTED_EDGE('',*,*,#654,.F.);
#138=ORIENTED_EDGE('',*,*,#655,.T.);
#139=ORIENTED_EDGE('',*,*,#656,.F.);
#140=ORIENTED_EDGE('',*,*,#657,.T.);
#141=ORIENTED_EDGE('',*,*,#658,.F.);
#142=ORIENTED_EDGE('',*,*,#629,.T.);
#143=ORIENTED_EDGE('',*,*,#640,.T.);
#144=ORIENTED_EDGE('',*,*,#659,.F.);
#145=ORIENTED_EDGE('',*,*,#660,.T.);
#146=ORIENTED_EDGE('',*,*,#661,.F.);
#147=ORIENTED_EDGE('',*,*,#662,.T.);
#148=ORIENTED_EDGE('',*,*,#663,.F.);
#149=ORIENTED_EDGE('',*,*,#664,.T.);
#150=ORIENTED_EDGE('',*,*,#665,.F.);
#151=ORIENTED_EDGE('',*,*,#666,.T.);
#152=ORIENTED_EDGE('',*,*,#667,.T.);
#153=ORIENTED_EDGE('',*,*,#668,.F.);
#154=ORIENTED_EDGE('',*,*,#669,.T.);
#155=ORIENTED_EDGE('',*,*,#670,.T.);
#156=ORIENTED_EDGE('',*,*,#671,.F.);
#157=ORIENTED_EDGE('',*,*,#672,.T.);
#158=ORIENTED_EDGE('',*,*,#673,.F.);
#159=ORIENTED_EDGE('',*,*,#674,.T.);
#160=ORIENTED_EDGE('',*,*,#675,.F.);
#161=ORIENTED_EDGE('',*,*,#676,.T.);
#162=ORIENTED_EDGE('',*,*,#677,.F.);
#163=ORIENTED_EDGE('',*,*,#678,.T.);
#164=ORIENTED_EDGE('',*,*,#679,.T.);
#165=ORIENTED_EDGE('',*,*,#680,.T.);
#166=ORIENTED_EDGE('',*,*,#681,.F.);
#167=ORIENTED_EDGE('',*,*,#682,.T.);
#168=ORIENTED_EDGE('',*,*,#683,.T.);
#169=ORIENTED_EDGE('',*,*,#684,.T.);
#170=ORIENTED_EDGE('',*,*,#685,.T.);
#171=ORIENTED_EDGE('',*,*,#686,.F.);
#172=ORIENTED_EDGE('',*,*,#687,.T.);
#173=ORIENTED_EDGE('',*,*,#688,.F.);
#174=ORIENTED_EDGE('',*,*,#689,.T.);
#175=ORIENTED_EDGE('',*,*,#690,.T.);
#176=ORIENTED_EDGE('',*,*,#691,.T.);
#177=ORIENTED_EDGE('',*,*,#692,.T.);
#178=ORIENTED_EDGE('',*,*,#693,.F.);
#179=ORIENTED_EDGE('',*,*,#694,.T.);
#180=ORIENTED_EDGE('',*,*,#695,.F.);
#181=ORIENTED_EDGE('',*,*,#665,.T.);
#182=ORIENTED_EDGE('',*,*,#696,.F.);
#183=ORIENTED_EDGE('',*,*,#635,.F.);
#184=ORIENTED_EDGE('',*,*,#649,.F.);
#185=ORIENTED_EDGE('',*,*,#697,.F.);
#186=ORIENTED_EDGE('',*,*,#698,.T.);
#187=ORIENTED_EDGE('',*,*,#699,.T.);
#188=ORIENTED_EDGE('',*,*,#700,.F.);
#189=ORIENTED_EDGE('',*,*,#701,.F.);
#190=ORIENTED_EDGE('',*,*,#702,.T.);
#191=ORIENTED_EDGE('',*,*,#703,.F.);
#192=ORIENTED_EDGE('',*,*,#704,.F.);
#193=ORIENTED_EDGE('',*,*,#705,.F.);
#194=ORIENTED_EDGE('',*,*,#706,.T.);
#195=ORIENTED_EDGE('',*,*,#707,.T.);
#196=ORIENTED_EDGE('',*,*,#708,.T.);
#197=ORIENTED_EDGE('',*,*,#709,.F.);
#198=ORIENTED_EDGE('',*,*,#710,.F.);
#199=ORIENTED_EDGE('',*,*,#711,.F.);
#200=ORIENTED_EDGE('',*,*,#712,.T.);
#201=ORIENTED_EDGE('',*,*,#713,.T.);
#202=ORIENTED_EDGE('',*,*,#714,.T.);
#203=ORIENTED_EDGE('',*,*,#715,.T.);
#204=ORIENTED_EDGE('',*,*,#716,.T.);
#205=ORIENTED_EDGE('',*,*,#641,.T.);
#206=ORIENTED_EDGE('',*,*,#637,.T.);
#207=ORIENTED_EDGE('',*,*,#717,.T.);
#208=ORIENTED_EDGE('',*,*,#667,.F.);
#209=ORIENTED_EDGE('',*,*,#718,.F.);
#210=ORIENTED_EDGE('',*,*,#719,.T.);
#211=ORIENTED_EDGE('',*,*,#720,.F.);
#212=ORIENTED_EDGE('',*,*,#721,.T.);
#213=ORIENTED_EDGE('',*,*,#722,.F.);
#214=ORIENTED_EDGE('',*,*,#723,.F.);
#215=ORIENTED_EDGE('',*,*,#724,.T.);
#216=ORIENTED_EDGE('',*,*,#725,.F.);
#217=ORIENTED_EDGE('',*,*,#726,.T.);
#218=ORIENTED_EDGE('',*,*,#727,.F.);
#219=ORIENTED_EDGE('',*,*,#728,.T.);
#220=ORIENTED_EDGE('',*,*,#729,.F.);
#221=ORIENTED_EDGE('',*,*,#730,.F.);
#222=ORIENTED_EDGE('',*,*,#731,.F.);
#223=ORIENTED_EDGE('',*,*,#732,.T.);
#224=ORIENTED_EDGE('',*,*,#733,.F.);
#225=ORIENTED_EDGE('',*,*,#734,.T.);
#226=ORIENTED_EDGE('',*,*,#735,.T.);
#227=ORIENTED_EDGE('',*,*,#736,.F.);
#228=ORIENTED_EDGE('',*,*,#737,.T.);
#229=ORIENTED_EDGE('',*,*,#738,.T.);
#230=ORIENTED_EDGE('',*,*,#739,.T.);
#231=ORIENTED_EDGE('',*,*,#740,.T.);
#232=ORIENTED_EDGE('',*,*,#741,.F.);
#233=ORIENTED_EDGE('',*,*,#656,.T.);
#234=ORIENTED_EDGE('',*,*,#742,.T.);
#235=ORIENTED_EDGE('',*,*,#743,.T.);
#236=ORIENTED_EDGE('',*,*,#744,.F.);
#237=ORIENTED_EDGE('',*,*,#660,.F.);
#238=ORIENTED_EDGE('',*,*,#745,.T.);
#239=ORIENTED_EDGE('',*,*,#746,.T.);
#240=ORIENTED_EDGE('',*,*,#747,.T.);
#241=ORIENTED_EDGE('',*,*,#748,.F.);
#242=ORIENTED_EDGE('',*,*,#749,.F.);
#243=ORIENTED_EDGE('',*,*,#750,.F.);
#244=ORIENTED_EDGE('',*,*,#751,.T.);
#245=ORIENTED_EDGE('',*,*,#752,.T.);
#246=ORIENTED_EDGE('',*,*,#739,.F.);
#247=ORIENTED_EDGE('',*,*,#753,.T.);
#248=ORIENTED_EDGE('',*,*,#754,.T.);
#249=ORIENTED_EDGE('',*,*,#755,.T.);
#250=ORIENTED_EDGE('',*,*,#697,.T.);
#251=ORIENTED_EDGE('',*,*,#648,.F.);
#252=ORIENTED_EDGE('',*,*,#650,.F.);
#253=ORIENTED_EDGE('',*,*,#741,.T.);
#254=ORIENTED_EDGE('',*,*,#756,.T.);
#255=ORIENTED_EDGE('',*,*,#672,.F.);
#256=ORIENTED_EDGE('',*,*,#757,.T.);
#257=ORIENTED_EDGE('',*,*,#670,.F.);
#258=ORIENTED_EDGE('',*,*,#758,.F.);
#259=ORIENTED_EDGE('',*,*,#668,.T.);
#260=ORIENTED_EDGE('',*,*,#717,.F.);
#261=ORIENTED_EDGE('',*,*,#636,.T.);
#262=ORIENTED_EDGE('',*,*,#696,.T.);
#263=ORIENTED_EDGE('',*,*,#759,.F.);
#264=ORIENTED_EDGE('',*,*,#691,.F.);
#265=ORIENTED_EDGE('',*,*,#760,.F.);
#266=ORIENTED_EDGE('',*,*,#722,.T.);
#267=ORIENTED_EDGE('',*,*,#761,.F.);
#268=ORIENTED_EDGE('',*,*,#723,.T.);
#269=ORIENTED_EDGE('',*,*,#760,.T.);
#270=ORIENTED_EDGE('',*,*,#690,.F.);
#271=ORIENTED_EDGE('',*,*,#754,.F.);
#272=ORIENTED_EDGE('',*,*,#762,.T.);
#273=ORIENTED_EDGE('',*,*,#763,.F.);
#274=ORIENTED_EDGE('',*,*,#764,.F.);
#275=ORIENTED_EDGE('',*,*,#664,.F.);
#276=ORIENTED_EDGE('',*,*,#765,.F.);
#277=ORIENTED_EDGE('',*,*,#766,.T.);
#278=ORIENTED_EDGE('',*,*,#767,.T.);
#279=ORIENTED_EDGE('',*,*,#652,.T.);
#280=ORIENTED_EDGE('',*,*,#768,.T.);
#281=ORIENTED_EDGE('',*,*,#769,.T.);
#282=ORIENTED_EDGE('',*,*,#770,.T.);
#283=ORIENTED_EDGE('',*,*,#771,.T.);
#284=ORIENTED_EDGE('',*,*,#772,.T.);
#285=ORIENTED_EDGE('',*,*,#773,.T.);
#286=ORIENTED_EDGE('',*,*,#774,.T.);
#287=ORIENTED_EDGE('',*,*,#775,.T.);
#288=ORIENTED_EDGE('',*,*,#776,.F.);
#289=ORIENTED_EDGE('',*,*,#777,.F.);
#290=ORIENTED_EDGE('',*,*,#778,.F.);
#291=ORIENTED_EDGE('',*,*,#679,.F.);
#292=ORIENTED_EDGE('',*,*,#710,.T.);
#293=ORIENTED_EDGE('',*,*,#779,.T.);
#294=ORIENTED_EDGE('',*,*,#780,.F.);
#295=ORIENTED_EDGE('',*,*,#781,.T.);
#296=ORIENTED_EDGE('',*,*,#782,.T.);
#297=ORIENTED_EDGE('',*,*,#783,.T.);
#298=ORIENTED_EDGE('',*,*,#784,.F.);
#299=ORIENTED_EDGE('',*,*,#785,.T.);
#300=ORIENTED_EDGE('',*,*,#786,.T.);
#301=ORIENTED_EDGE('',*,*,#787,.T.);
#302=ORIENTED_EDGE('',*,*,#788,.T.);
#303=ORIENTED_EDGE('',*,*,#789,.F.);
#304=ORIENTED_EDGE('',*,*,#790,.T.);
#305=ORIENTED_EDGE('',*,*,#791,.T.);
#306=ORIENTED_EDGE('',*,*,#792,.T.);
#307=ORIENTED_EDGE('',*,*,#793,.T.);
#308=ORIENTED_EDGE('',*,*,#794,.F.);
#309=ORIENTED_EDGE('',*,*,#795,.T.);
#310=ORIENTED_EDGE('',*,*,#796,.F.);
#311=ORIENTED_EDGE('',*,*,#797,.T.);
#312=ORIENTED_EDGE('',*,*,#654,.T.);
#313=ORIENTED_EDGE('',*,*,#798,.T.);
#314=ORIENTED_EDGE('',*,*,#799,.T.);
#315=ORIENTED_EDGE('',*,*,#800,.F.);
#316=ORIENTED_EDGE('',*,*,#801,.T.);
#317=ORIENTED_EDGE('',*,*,#796,.T.);
#318=ORIENTED_EDGE('',*,*,#802,.F.);
#319=ORIENTED_EDGE('',*,*,#771,.F.);
#320=ORIENTED_EDGE('',*,*,#803,.T.);
#321=ORIENTED_EDGE('',*,*,#788,.F.);
#322=ORIENTED_EDGE('',*,*,#772,.F.);
#323=ORIENTED_EDGE('',*,*,#802,.T.);
#324=ORIENTED_EDGE('',*,*,#804,.F.);
#325=ORIENTED_EDGE('',*,*,#805,.F.);
#326=ORIENTED_EDGE('',*,*,#790,.F.);
#327=ORIENTED_EDGE('',*,*,#806,.T.);
#328=ORIENTED_EDGE('',*,*,#747,.F.);
#329=ORIENTED_EDGE('',*,*,#807,.F.);
#330=ORIENTED_EDGE('',*,*,#804,.T.);
#331=ORIENTED_EDGE('',*,*,#791,.F.);
#332=ORIENTED_EDGE('',*,*,#808,.F.);
#333=ORIENTED_EDGE('',*,*,#786,.F.);
#334=ORIENTED_EDGE('',*,*,#809,.F.);
#335=ORIENTED_EDGE('',*,*,#783,.F.);
#336=ORIENTED_EDGE('',*,*,#810,.F.);
#337=ORIENTED_EDGE('',*,*,#773,.F.);
#338=ORIENTED_EDGE('',*,*,#805,.T.);
#339=ORIENTED_EDGE('',*,*,#785,.F.);
#340=ORIENTED_EDGE('',*,*,#795,.F.);
#341=ORIENTED_EDGE('',*,*,#811,.T.);
#342=ORIENTED_EDGE('',*,*,#775,.F.);
#343=ORIENTED_EDGE('',*,*,#812,.F.);
#344=ORIENTED_EDGE('',*,*,#807,.T.);
#345=ORIENTED_EDGE('',*,*,#746,.F.);
#346=ORIENTED_EDGE('',*,*,#813,.F.);
#347=ORIENTED_EDGE('',*,*,#808,.T.);
#348=ORIENTED_EDGE('',*,*,#774,.F.);
#349=ORIENTED_EDGE('',*,*,#810,.T.);
#350=ORIENTED_EDGE('',*,*,#814,.F.);
#351=ORIENTED_EDGE('',*,*,#812,.T.);
#352=ORIENTED_EDGE('',*,*,#815,.F.);
#353=ORIENTED_EDGE('',*,*,#787,.F.);
#354=ORIENTED_EDGE('',*,*,#813,.T.);
#355=ORIENTED_EDGE('',*,*,#745,.F.);
#356=ORIENTED_EDGE('',*,*,#816,.F.);
#357=ORIENTED_EDGE('',*,*,#781,.F.);
#358=ORIENTED_EDGE('',*,*,#814,.T.);
#359=ORIENTED_EDGE('',*,*,#782,.F.);
#360=ORIENTED_EDGE('',*,*,#817,.F.);
#361=ORIENTED_EDGE('',*,*,#792,.F.);
#362=ORIENTED_EDGE('',*,*,#816,.T.);
#363=ORIENTED_EDGE('',*,*,#752,.F.);
#364=ORIENTED_EDGE('',*,*,#818,.F.);
#365=ORIENTED_EDGE('',*,*,#817,.T.);
#366=ORIENTED_EDGE('',*,*,#818,.T.);
#367=ORIENTED_EDGE('',*,*,#751,.F.);
#368=ORIENTED_EDGE('',*,*,#819,.F.);
#369=ORIENTED_EDGE('',*,*,#793,.F.);
#370=ORIENTED_EDGE('',*,*,#801,.F.);
#371=ORIENTED_EDGE('',*,*,#820,.T.);
#372=ORIENTED_EDGE('',*,*,#743,.F.);
#373=ORIENTED_EDGE('',*,*,#821,.F.);
#374=ORIENTED_EDGE('',*,*,#655,.F.);
#375=ORIENTED_EDGE('',*,*,#797,.F.);
#376=ORIENTED_EDGE('',*,*,#821,.T.);
#377=ORIENTED_EDGE('',*,*,#742,.F.);
#378=ORIENTED_EDGE('',*,*,#766,.F.);
#379=ORIENTED_EDGE('',*,*,#822,.T.);
#380=ORIENTED_EDGE('',*,*,#799,.F.);
#381=ORIENTED_EDGE('',*,*,#823,.F.);
#382=ORIENTED_EDGE('',*,*,#653,.F.);
#383=ORIENTED_EDGE('',*,*,#767,.F.);
#384=ORIENTED_EDGE('',*,*,#823,.T.);
#385=ORIENTED_EDGE('',*,*,#798,.F.);
#386=ORIENTED_EDGE('',*,*,#784,.T.);
#387=ORIENTED_EDGE('',*,*,#809,.T.);
#388=ORIENTED_EDGE('',*,*,#780,.T.);
#389=ORIENTED_EDGE('',*,*,#815,.T.);
#390=ORIENTED_EDGE('',*,*,#779,.F.);
#391=ORIENTED_EDGE('',*,*,#678,.F.);
#392=ORIENTED_EDGE('',*,*,#769,.F.);
#393=ORIENTED_EDGE('',*,*,#824,.T.);
#394=ORIENTED_EDGE('',*,*,#681,.T.);
#395=ORIENTED_EDGE('',*,*,#825,.T.);
#396=ORIENTED_EDGE('',*,*,#826,.F.);
#397=ORIENTED_EDGE('',*,*,#700,.T.);
#398=ORIENTED_EDGE('',*,*,#827,.F.);
#399=ORIENTED_EDGE('',*,*,#703,.T.);
#400=ORIENTED_EDGE('',*,*,#827,.T.);
#401=ORIENTED_EDGE('',*,*,#671,.T.);
#402=ORIENTED_EDGE('',*,*,#757,.F.);
#403=ORIENTED_EDGE('',*,*,#826,.T.);
#404=ORIENTED_EDGE('',*,*,#646,.F.);
#405=ORIENTED_EDGE('',*,*,#716,.F.);
#406=ORIENTED_EDGE('',*,*,#828,.T.);
#407=ORIENTED_EDGE('',*,*,#737,.F.);
#408=ORIENTED_EDGE('',*,*,#659,.T.);
#409=ORIENTED_EDGE('',*,*,#642,.T.);
#410=ORIENTED_EDGE('',*,*,#829,.F.);
#411=ORIENTED_EDGE('',*,*,#830,.T.);
#412=ORIENTED_EDGE('',*,*,#831,.F.);
#413=ORIENTED_EDGE('',*,*,#832,.F.);
#414=ORIENTED_EDGE('',*,*,#833,.F.);
#415=ORIENTED_EDGE('',*,*,#834,.T.);
#416=ORIENTED_EDGE('',*,*,#835,.F.);
#417=ORIENTED_EDGE('',*,*,#836,.F.);
#418=ORIENTED_EDGE('',*,*,#837,.F.);
#419=ORIENTED_EDGE('',*,*,#800,.T.);
#420=ORIENTED_EDGE('',*,*,#838,.F.);
#421=ORIENTED_EDGE('',*,*,#662,.F.);
#422=ORIENTED_EDGE('',*,*,#839,.F.);
#423=ORIENTED_EDGE('',*,*,#778,.T.);
#424=ORIENTED_EDGE('',*,*,#840,.T.);
#425=ORIENTED_EDGE('',*,*,#841,.T.);
#426=ORIENTED_EDGE('',*,*,#803,.F.);
#427=ORIENTED_EDGE('',*,*,#841,.F.);
#428=ORIENTED_EDGE('',*,*,#832,.T.);
#429=ORIENTED_EDGE('',*,*,#842,.T.);
#430=ORIENTED_EDGE('',*,*,#789,.T.);
#431=ORIENTED_EDGE('',*,*,#843,.T.);
#432=ORIENTED_EDGE('',*,*,#833,.T.);
#433=ORIENTED_EDGE('',*,*,#840,.F.);
#434=ORIENTED_EDGE('',*,*,#777,.T.);
#435=ORIENTED_EDGE('',*,*,#844,.T.);
#436=ORIENTED_EDGE('',*,*,#835,.T.);
#437=ORIENTED_EDGE('',*,*,#806,.F.);
#438=ORIENTED_EDGE('',*,*,#842,.F.);
#439=ORIENTED_EDGE('',*,*,#845,.T.);
#440=ORIENTED_EDGE('',*,*,#748,.T.);
#441=ORIENTED_EDGE('',*,*,#776,.T.);
#442=ORIENTED_EDGE('',*,*,#811,.F.);
#443=ORIENTED_EDGE('',*,*,#846,.T.);
#444=ORIENTED_EDGE('',*,*,#844,.F.);
#445=ORIENTED_EDGE('',*,*,#847,.T.);
#446=ORIENTED_EDGE('',*,*,#837,.T.);
#447=ORIENTED_EDGE('',*,*,#848,.T.);
#448=ORIENTED_EDGE('',*,*,#749,.T.);
#449=ORIENTED_EDGE('',*,*,#845,.F.);
#450=ORIENTED_EDGE('',*,*,#831,.T.);
#451=ORIENTED_EDGE('',*,*,#846,.F.);
#452=ORIENTED_EDGE('',*,*,#794,.T.);
#453=ORIENTED_EDGE('',*,*,#849,.T.);
#454=ORIENTED_EDGE('',*,*,#836,.T.);
#455=ORIENTED_EDGE('',*,*,#848,.F.);
#456=ORIENTED_EDGE('',*,*,#849,.F.);
#457=ORIENTED_EDGE('',*,*,#819,.T.);
#458=ORIENTED_EDGE('',*,*,#750,.T.);
#459=ORIENTED_EDGE('',*,*,#661,.T.);
#460=ORIENTED_EDGE('',*,*,#744,.T.);
#461=ORIENTED_EDGE('',*,*,#820,.F.);
#462=ORIENTED_EDGE('',*,*,#839,.T.);
#463=ORIENTED_EDGE('',*,*,#663,.T.);
#464=ORIENTED_EDGE('',*,*,#838,.T.);
#465=ORIENTED_EDGE('',*,*,#822,.F.);
#466=ORIENTED_EDGE('',*,*,#765,.T.);
#467=ORIENTED_EDGE('',*,*,#834,.F.);
#468=ORIENTED_EDGE('',*,*,#843,.F.);
#469=ORIENTED_EDGE('',*,*,#830,.F.);
#470=ORIENTED_EDGE('',*,*,#847,.F.);
#471=ORIENTED_EDGE('',*,*,#829,.T.);
#472=ORIENTED_EDGE('',*,*,#711,.T.);
#473=ORIENTED_EDGE('',*,*,#712,.F.);
#474=ORIENTED_EDGE('',*,*,#850,.T.);
#475=ORIENTED_EDGE('',*,*,#763,.T.);
#476=ORIENTED_EDGE('',*,*,#851,.T.);
#477=ORIENTED_EDGE('',*,*,#852,.T.);
#478=ORIENTED_EDGE('',*,*,#732,.F.);
#479=ORIENTED_EDGE('',*,*,#853,.T.);
#480=ORIENTED_EDGE('',*,*,#735,.F.);
#481=ORIENTED_EDGE('',*,*,#853,.F.);
#482=ORIENTED_EDGE('',*,*,#669,.F.);
#483=ORIENTED_EDGE('',*,*,#758,.T.);
#484=ORIENTED_EDGE('',*,*,#852,.F.);
#485=ORIENTED_EDGE('',*,*,#639,.T.);
#486=ORIENTED_EDGE('',*,*,#850,.F.);
#487=ORIENTED_EDGE('',*,*,#731,.T.);
#488=ORIENTED_EDGE('',*,*,#854,.F.);
#489=ORIENTED_EDGE('',*,*,#855,.T.);
#490=ORIENTED_EDGE('',*,*,#856,.T.);
#491=ORIENTED_EDGE('',*,*,#707,.F.);
#492=ORIENTED_EDGE('',*,*,#764,.T.);
#493=ORIENTED_EDGE('',*,*,#855,.F.);
#494=ORIENTED_EDGE('',*,*,#729,.T.);
#495=ORIENTED_EDGE('',*,*,#857,.T.);
#496=ORIENTED_EDGE('',*,*,#709,.T.);
#497=ORIENTED_EDGE('',*,*,#858,.F.);
#498=ORIENTED_EDGE('',*,*,#859,.F.);
#499=ORIENTED_EDGE('',*,*,#858,.T.);
#500=ORIENTED_EDGE('',*,*,#708,.F.);
#501=ORIENTED_EDGE('',*,*,#856,.F.);
#502=ORIENTED_EDGE('',*,*,#860,.F.);
#503=ORIENTED_EDGE('',*,*,#859,.T.);
#504=ORIENTED_EDGE('',*,*,#860,.T.);
#505=ORIENTED_EDGE('',*,*,#854,.T.);
#506=ORIENTED_EDGE('',*,*,#730,.T.);
#507=ORIENTED_EDGE('',*,*,#824,.F.);
#508=ORIENTED_EDGE('',*,*,#861,.F.);
#509=ORIENTED_EDGE('',*,*,#862,.T.);
#510=ORIENTED_EDGE('',*,*,#682,.F.);
#511=ORIENTED_EDGE('',*,*,#863,.F.);
#512=ORIENTED_EDGE('',*,*,#864,.T.);
#513=ORIENTED_EDGE('',*,*,#865,.T.);
#514=ORIENTED_EDGE('',*,*,#677,.T.);
#515=ORIENTED_EDGE('',*,*,#684,.F.);
#516=ORIENTED_EDGE('',*,*,#866,.T.);
#517=ORIENTED_EDGE('',*,*,#863,.T.);
#518=ORIENTED_EDGE('',*,*,#676,.F.);
#519=ORIENTED_EDGE('',*,*,#867,.F.);
#520=ORIENTED_EDGE('',*,*,#865,.F.);
#521=ORIENTED_EDGE('',*,*,#861,.T.);
#522=ORIENTED_EDGE('',*,*,#768,.F.);
#523=ORIENTED_EDGE('',*,*,#673,.T.);
#524=ORIENTED_EDGE('',*,*,#866,.F.);
#525=ORIENTED_EDGE('',*,*,#683,.F.);
#526=ORIENTED_EDGE('',*,*,#862,.F.);
#527=ORIENTED_EDGE('',*,*,#864,.F.);
#528=ORIENTED_EDGE('',*,*,#675,.T.);
#529=ORIENTED_EDGE('',*,*,#868,.T.);
#530=ORIENTED_EDGE('',*,*,#685,.F.);
#531=ORIENTED_EDGE('',*,*,#867,.T.);
#532=ORIENTED_EDGE('',*,*,#869,.F.);
#533=ORIENTED_EDGE('',*,*,#734,.F.);
#534=ORIENTED_EDGE('',*,*,#870,.F.);
#535=ORIENTED_EDGE('',*,*,#724,.F.);
#536=ORIENTED_EDGE('',*,*,#761,.T.);
#537=ORIENTED_EDGE('',*,*,#689,.F.);
#538=ORIENTED_EDGE('',*,*,#871,.F.);
#539=ORIENTED_EDGE('',*,*,#702,.F.);
#540=ORIENTED_EDGE('',*,*,#869,.T.);
#541=ORIENTED_EDGE('',*,*,#701,.T.);
#542=ORIENTED_EDGE('',*,*,#871,.T.);
#543=ORIENTED_EDGE('',*,*,#688,.T.);
#544=ORIENTED_EDGE('',*,*,#872,.F.);
#545=ORIENTED_EDGE('',*,*,#725,.T.);
#546=ORIENTED_EDGE('',*,*,#870,.T.);
#547=ORIENTED_EDGE('',*,*,#733,.T.);
#548=ORIENTED_EDGE('',*,*,#873,.F.);
#549=ORIENTED_EDGE('',*,*,#726,.F.);
#550=ORIENTED_EDGE('',*,*,#872,.T.);
#551=ORIENTED_EDGE('',*,*,#687,.F.);
#552=ORIENTED_EDGE('',*,*,#873,.T.);
#553=ORIENTED_EDGE('',*,*,#686,.T.);
#554=ORIENTED_EDGE('',*,*,#868,.F.);
#555=ORIENTED_EDGE('',*,*,#874,.T.);
#556=ORIENTED_EDGE('',*,*,#875,.F.);
#557=ORIENTED_EDGE('',*,*,#727,.T.);
#558=ORIENTED_EDGE('',*,*,#705,.T.);
#559=ORIENTED_EDGE('',*,*,#857,.F.);
#560=ORIENTED_EDGE('',*,*,#728,.F.);
#561=ORIENTED_EDGE('',*,*,#875,.T.);
#562=ORIENTED_EDGE('',*,*,#876,.T.);
#563=ORIENTED_EDGE('',*,*,#693,.T.);
#564=ORIENTED_EDGE('',*,*,#877,.F.);
#565=ORIENTED_EDGE('',*,*,#720,.T.);
#566=ORIENTED_EDGE('',*,*,#876,.F.);
#567=ORIENTED_EDGE('',*,*,#719,.F.);
#568=ORIENTED_EDGE('',*,*,#878,.T.);
#569=ORIENTED_EDGE('',*,*,#694,.F.);
#570=ORIENTED_EDGE('',*,*,#759,.T.);
#571=ORIENTED_EDGE('',*,*,#721,.F.);
#572=ORIENTED_EDGE('',*,*,#877,.T.);
#573=ORIENTED_EDGE('',*,*,#692,.F.);
#574=ORIENTED_EDGE('',*,*,#666,.F.);
#575=ORIENTED_EDGE('',*,*,#695,.T.);
#576=ORIENTED_EDGE('',*,*,#878,.F.);
#577=ORIENTED_EDGE('',*,*,#718,.T.);
#578=ORIENTED_EDGE('',*,*,#704,.T.);
#579=ORIENTED_EDGE('',*,*,#736,.T.);
#580=ORIENTED_EDGE('',*,*,#879,.F.);
#581=ORIENTED_EDGE('',*,*,#880,.T.);
#582=ORIENTED_EDGE('',*,*,#881,.T.);
#583=ORIENTED_EDGE('',*,*,#882,.T.);
#584=ORIENTED_EDGE('',*,*,#706,.F.);
#585=ORIENTED_EDGE('',*,*,#874,.F.);
#586=ORIENTED_EDGE('',*,*,#674,.F.);
#587=ORIENTED_EDGE('',*,*,#645,.T.);
#588=ORIENTED_EDGE('',*,*,#883,.T.);
#589=ORIENTED_EDGE('',*,*,#657,.F.);
#590=ORIENTED_EDGE('',*,*,#882,.F.);
#591=ORIENTED_EDGE('',*,*,#884,.F.);
#592=ORIENTED_EDGE('',*,*,#879,.T.);
#593=ORIENTED_EDGE('',*,*,#644,.T.);
#594=ORIENTED_EDGE('',*,*,#651,.F.);
#595=ORIENTED_EDGE('',*,*,#632,.F.);
#596=ORIENTED_EDGE('',*,*,#631,.T.);
#597=ORIENTED_EDGE('',*,*,#885,.F.);
#598=ORIENTED_EDGE('',*,*,#880,.F.);
#599=ORIENTED_EDGE('',*,*,#884,.T.);
#600=ORIENTED_EDGE('',*,*,#630,.T.);
#601=ORIENTED_EDGE('',*,*,#658,.T.);
#602=ORIENTED_EDGE('',*,*,#883,.F.);
#603=ORIENTED_EDGE('',*,*,#881,.F.);
#604=ORIENTED_EDGE('',*,*,#885,.T.);
#605=ORIENTED_EDGE('',*,*,#828,.F.);
#606=ORIENTED_EDGE('',*,*,#715,.F.);
#607=ORIENTED_EDGE('',*,*,#886,.F.);
#608=ORIENTED_EDGE('',*,*,#738,.F.);
#609=ORIENTED_EDGE('',*,*,#886,.T.);
#610=ORIENTED_EDGE('',*,*,#714,.F.);
#611=ORIENTED_EDGE('',*,*,#887,.F.);
#612=ORIENTED_EDGE('',*,*,#753,.F.);
#613=ORIENTED_EDGE('',*,*,#887,.T.);
#614=ORIENTED_EDGE('',*,*,#713,.F.);
#615=ORIENTED_EDGE('',*,*,#851,.F.);
#616=ORIENTED_EDGE('',*,*,#762,.F.);
#617=ORIENTED_EDGE('',*,*,#756,.F.);
#618=ORIENTED_EDGE('',*,*,#740,.F.);
#619=ORIENTED_EDGE('',*,*,#888,.F.);
#620=ORIENTED_EDGE('',*,*,#698,.F.);
#621=ORIENTED_EDGE('',*,*,#888,.T.);
#622=ORIENTED_EDGE('',*,*,#755,.F.);
#623=ORIENTED_EDGE('',*,*,#889,.F.);
#624=ORIENTED_EDGE('',*,*,#699,.F.);
#625=ORIENTED_EDGE('',*,*,#889,.T.);
#626=ORIENTED_EDGE('',*,*,#770,.F.);
#627=ORIENTED_EDGE('',*,*,#825,.F.);
#628=ORIENTED_EDGE('',*,*,#680,.F.);
#629=EDGE_CURVE('',#890,#891,#1058,.T.);
#630=EDGE_CURVE('',#892,#890,#1059,.T.);
#631=EDGE_CURVE('',#893,#892,#99,.F.);
#632=EDGE_CURVE('',#893,#894,#1060,.T.);
#633=EDGE_CURVE('',#895,#894,#1061,.T.);
#634=EDGE_CURVE('',#895,#896,#1062,.T.);
#635=EDGE_CURVE('',#896,#897,#1063,.T.);
#636=EDGE_CURVE('',#898,#897,#1064,.T.);
#637=EDGE_CURVE('',#899,#898,#1065,.T.);
#638=EDGE_CURVE('',#899,#891,#1066,.T.);
#639=EDGE_CURVE('',#900,#900,#61,.T.);
#640=EDGE_CURVE('',#891,#901,#1067,.T.);
#641=EDGE_CURVE('',#902,#899,#1068,.T.);
#642=EDGE_CURVE('',#901,#902,#1069,.T.);
#643=EDGE_CURVE('',#903,#904,#1070,.T.);
#644=EDGE_CURVE('',#905,#903,#1071,.T.);
#645=EDGE_CURVE('',#904,#905,#1072,.T.);
#646=EDGE_CURVE('',#906,#906,#62,.T.);
#647=EDGE_CURVE('',#907,#895,#1073,.T.);
#648=EDGE_CURVE('',#907,#908,#1074,.T.);
#649=EDGE_CURVE('',#908,#896,#1075,.T.);
#650=EDGE_CURVE('',#909,#907,#1076,.T.);
#651=EDGE_CURVE('',#894,#903,#1077,.T.);
#652=EDGE_CURVE('',#910,#904,#1078,.T.);
#653=EDGE_CURVE('',#910,#911,#1079,.T.);
#654=EDGE_CURVE('',#912,#911,#1080,.T.);
#655=EDGE_CURVE('',#912,#913,#1081,.T.);
#656=EDGE_CURVE('',#909,#913,#1082,.T.);
#657=EDGE_CURVE('',#914,#915,#1083,.T.);
#658=EDGE_CURVE('',#890,#915,#1084,.T.);
#659=EDGE_CURVE('',#916,#901,#1085,.T.);
#660=EDGE_CURVE('',#916,#917,#1086,.T.);
#661=EDGE_CURVE('',#918,#917,#1087,.T.);
#662=EDGE_CURVE('',#918,#919,#1088,.T.);
#663=EDGE_CURVE('',#920,#919,#1089,.T.);
#664=EDGE_CURVE('',#920,#914,#1090,.T.);
#665=EDGE_CURVE('',#921,#922,#1091,.T.);
#666=EDGE_CURVE('',#921,#923,#1092,.T.);
#667=EDGE_CURVE('',#923,#924,#1093,.T.);
#668=EDGE_CURVE('',#925,#924,#1094,.T.);
#669=EDGE_CURVE('',#925,#926,#100,.T.);
#670=EDGE_CURVE('',#926,#927,#1095,.T.);
#671=EDGE_CURVE('',#928,#927,#101,.T.);
#672=EDGE_CURVE('',#928,#922,#1096,.T.);
#673=EDGE_CURVE('',#904,#929,#1097,.T.);
#674=EDGE_CURVE('',#904,#930,#1098,.T.);
#675=EDGE_CURVE('',#931,#930,#1099,.F.);
#676=EDGE_CURVE('',#931,#932,#1100,.T.);
#677=EDGE_CURVE('',#929,#932,#1101,.T.);
#678=EDGE_CURVE('',#933,#933,#63,.T.);
#679=EDGE_CURVE('',#934,#934,#64,.T.);
#680=EDGE_CURVE('',#935,#936,#1102,.T.);
#681=EDGE_CURVE('',#937,#936,#1103,.T.);
#682=EDGE_CURVE('',#937,#938,#1104,.T.);
#683=EDGE_CURVE('',#938,#939,#1105,.T.);
#684=EDGE_CURVE('',#939,#940,#1106,.T.);
#685=EDGE_CURVE('',#940,#941,#1107,.F.);
#686=EDGE_CURVE('',#942,#941,#1108,.T.);
#687=EDGE_CURVE('',#942,#943,#65,.T.);
#688=EDGE_CURVE('',#944,#943,#1109,.T.);
#689=EDGE_CURVE('',#944,#945,#66,.T.);
#690=EDGE_CURVE('',#945,#946,#1110,.T.);
#691=EDGE_CURVE('',#946,#947,#1111,.T.);
#692=EDGE_CURVE('',#947,#948,#67,.T.);
#693=EDGE_CURVE('',#949,#948,#1112,.T.);
#694=EDGE_CURVE('',#949,#950,#68,.T.);
#695=EDGE_CURVE('',#921,#950,#1113,.T.);
#696=EDGE_CURVE('',#897,#922,#1114,.T.);
#697=EDGE_CURVE('',#951,#908,#1115,.T.);
#698=EDGE_CURVE('',#951,#952,#1116,.T.);
#699=EDGE_CURVE('',#952,#935,#69,.F.);
#700=EDGE_CURVE('',#953,#953,#70,.T.);
#701=EDGE_CURVE('',#954,#955,#71,.F.);
#702=EDGE_CURVE('',#954,#955,#22,.T.);
#703=EDGE_CURVE('',#956,#956,#72,.T.);
#704=EDGE_CURVE('',#957,#957,#73,.F.);
#705=EDGE_CURVE('',#958,#959,#1117,.F.);
#706=EDGE_CURVE('',#958,#914,#1118,.T.);
#707=EDGE_CURVE('',#914,#960,#1119,.T.);
#708=EDGE_CURVE('',#960,#961,#1120,.T.);
#709=EDGE_CURVE('',#959,#961,#1121,.T.);
#710=EDGE_CURVE('',#962,#962,#74,.T.);
#711=EDGE_CURVE('',#963,#963,#75,.T.);
#712=EDGE_CURVE('',#964,#965,#1122,.T.);
#713=EDGE_CURVE('',#965,#966,#1123,.T.);
#714=EDGE_CURVE('',#966,#967,#76,.F.);
#715=EDGE_CURVE('',#967,#968,#1124,.T.);
#716=EDGE_CURVE('',#968,#902,#1125,.T.);
#717=EDGE_CURVE('',#898,#924,#1126,.T.);
#718=EDGE_CURVE('',#969,#923,#1127,.T.);
#719=EDGE_CURVE('',#969,#970,#77,.T.);
#720=EDGE_CURVE('',#971,#970,#1128,.T.);
#721=EDGE_CURVE('',#971,#972,#78,.T.);
#722=EDGE_CURVE('',#973,#972,#1129,.T.);
#723=EDGE_CURVE('',#974,#973,#1130,.T.);
#724=EDGE_CURVE('',#974,#975,#79,.T.);
#725=EDGE_CURVE('',#976,#975,#1131,.T.);
#726=EDGE_CURVE('',#976,#977,#80,.T.);
#727=EDGE_CURVE('',#978,#977,#1132,.T.);
#728=EDGE_CURVE('',#978,#979,#1133,.F.);
#729=EDGE_CURVE('',#980,#979,#1134,.T.);
#730=EDGE_CURVE('',#981,#980,#1135,.T.);
#731=EDGE_CURVE('',#964,#981,#1136,.T.);
#732=EDGE_CURVE('',#982,#982,#81,.T.);
#733=EDGE_CURVE('',#983,#984,#82,.F.);
#734=EDGE_CURVE('',#983,#984,#23,.T.);
#735=EDGE_CURVE('',#985,#985,#83,.T.);
#736=EDGE_CURVE('',#986,#986,#84,.F.);
#737=EDGE_CURVE('',#916,#987,#1137,.T.);
#738=EDGE_CURVE('',#987,#988,#1138,.T.);
#739=EDGE_CURVE('',#988,#989,#1139,.T.);
#740=EDGE_CURVE('',#989,#990,#1140,.T.);
#741=EDGE_CURVE('',#909,#990,#1141,.T.);
#742=EDGE_CURVE('',#913,#991,#1142,.T.);
#743=EDGE_CURVE('',#991,#992,#1143,.T.);
#744=EDGE_CURVE('',#917,#992,#1144,.T.);
#745=EDGE_CURVE('',#993,#994,#1145,.T.);
#746=EDGE_CURVE('',#994,#995,#24,.F.);
#747=EDGE_CURVE('',#995,#996,#1146,.T.);
#748=EDGE_CURVE('',#997,#996,#25,.F.);
#749=EDGE_CURVE('',#998,#997,#1147,.T.);
#750=EDGE_CURVE('',#999,#998,#26,.F.);
#751=EDGE_CURVE('',#999,#1000,#1148,.T.);
#752=EDGE_CURVE('',#1000,#993,#27,.F.);
#753=EDGE_CURVE('',#988,#1001,#85,.T.);
#754=EDGE_CURVE('',#1001,#1002,#1149,.T.);
#755=EDGE_CURVE('',#1002,#989,#86,.T.);
#756=EDGE_CURVE('',#990,#951,#1150,.T.);
#757=EDGE_CURVE('',#928,#927,#87,.T.);
#758=EDGE_CURVE('',#925,#926,#88,.T.);
#759=EDGE_CURVE('',#947,#972,#1151,.F.);
#760=EDGE_CURVE('',#973,#946,#1152,.T.);
#761=EDGE_CURVE('',#974,#945,#1153,.T.);
#762=EDGE_CURVE('',#1001,#1003,#1154,.T.);
#763=EDGE_CURVE('',#1004,#1003,#1155,.T.);
#764=EDGE_CURVE('',#914,#1004,#1156,.T.);
#765=EDGE_CURVE('',#1005,#920,#1157,.T.);
#766=EDGE_CURVE('',#1005,#1006,#1158,.T.);
#767=EDGE_CURVE('',#1006,#910,#1159,.T.);
#768=EDGE_CURVE('',#904,#1007,#1160,.T.);
#769=EDGE_CURVE('',#1007,#1008,#1161,.T.);
#770=EDGE_CURVE('',#1008,#1002,#1162,.T.);
#771=EDGE_CURVE('',#1009,#1010,#1163,.T.);
#772=EDGE_CURVE('',#1010,#1011,#28,.F.);
#773=EDGE_CURVE('',#1011,#1012,#1164,.T.);
#774=EDGE_CURVE('',#1012,#1013,#29,.F.);
#775=EDGE_CURVE('',#1013,#1014,#1165,.T.);
#776=EDGE_CURVE('',#1015,#1014,#30,.F.);
#777=EDGE_CURVE('',#1016,#1015,#1166,.T.);
#778=EDGE_CURVE('',#1009,#1016,#31,.F.);
#779=EDGE_CURVE('',#1017,#1017,#89,.F.);
#780=EDGE_CURVE('',#1018,#1019,#90,.F.);
#781=EDGE_CURVE('',#1018,#1020,#1167,.T.);
#782=EDGE_CURVE('',#1020,#1021,#1168,.T.);
#783=EDGE_CURVE('',#1021,#1022,#1169,.T.);
#784=EDGE_CURVE('',#1023,#1022,#91,.F.);
#785=EDGE_CURVE('',#1023,#1024,#1170,.T.);
#786=EDGE_CURVE('',#1024,#1025,#1171,.T.);
#787=EDGE_CURVE('',#1025,#1019,#1172,.T.);
#788=EDGE_CURVE('',#1026,#1027,#1173,.T.);
#789=EDGE_CURVE('',#1028,#1027,#1174,.T.);
#790=EDGE_CURVE('',#1028,#1029,#1175,.T.);
#791=EDGE_CURVE('',#1029,#1026,#1176,.T.);
#792=EDGE_CURVE('',#1030,#1031,#1177,.T.);
#793=EDGE_CURVE('',#1031,#1032,#1178,.T.);
#794=EDGE_CURVE('',#1033,#1032,#1179,.T.);
#795=EDGE_CURVE('',#1033,#1030,#1180,.T.);
#796=EDGE_CURVE('',#1034,#1035,#1181,.T.);
#797=EDGE_CURVE('',#1034,#912,#1182,.T.);
#798=EDGE_CURVE('',#911,#1035,#1183,.T.);
#799=EDGE_CURVE('',#1035,#1036,#1184,.T.);
#800=EDGE_CURVE('',#1037,#1036,#1185,.T.);
#801=EDGE_CURVE('',#1037,#1034,#1186,.T.);
#802=EDGE_CURVE('',#1010,#1026,#1187,.T.);
#803=EDGE_CURVE('',#1009,#1027,#1188,.T.);
#804=EDGE_CURVE('',#1024,#1026,#32,.F.);
#805=EDGE_CURVE('',#1011,#1024,#1189,.F.);
#806=EDGE_CURVE('',#1028,#996,#1190,.T.);
#807=EDGE_CURVE('',#1029,#995,#1191,.T.);
#808=EDGE_CURVE('',#1025,#1029,#33,.T.);
#809=EDGE_CURVE('',#1022,#1023,#102,.F.);
#810=EDGE_CURVE('',#1012,#1021,#1192,.T.);
#811=EDGE_CURVE('',#1033,#1014,#1193,.T.);
#812=EDGE_CURVE('',#1030,#1013,#1194,.T.);
#813=EDGE_CURVE('',#1025,#994,#1195,.F.);
#814=EDGE_CURVE('',#1030,#1021,#34,.F.);
#815=EDGE_CURVE('',#1019,#1018,#103,.F.);
#816=EDGE_CURVE('',#1020,#993,#1196,.T.);
#817=EDGE_CURVE('',#1031,#1020,#35,.T.);
#818=EDGE_CURVE('',#1031,#1000,#1197,.F.);
#819=EDGE_CURVE('',#1032,#999,#1198,.F.);
#820=EDGE_CURVE('',#1037,#992,#1199,.T.);
#821=EDGE_CURVE('',#1034,#991,#1200,.T.);
#822=EDGE_CURVE('',#1005,#1036,#1201,.T.);
#823=EDGE_CURVE('',#1006,#1035,#1202,.T.);
#824=EDGE_CURVE('',#1007,#937,#1203,.F.);
#825=EDGE_CURVE('',#936,#1008,#1204,.T.);
#826=EDGE_CURVE('',#1038,#1038,#92,.T.);
#827=EDGE_CURVE('',#1039,#1039,#93,.T.);
#828=EDGE_CURVE('',#968,#987,#1205,.T.);
#829=EDGE_CURVE('',#1040,#1040,#94,.F.);
#830=EDGE_CURVE('',#1041,#1042,#95,.F.);
#831=EDGE_CURVE('',#1043,#1042,#1206,.T.);
#832=EDGE_CURVE('',#1044,#1043,#1207,.T.);
#833=EDGE_CURVE('',#1045,#1044,#1208,.T.);
#834=EDGE_CURVE('',#1045,#1046,#96,.F.);
#835=EDGE_CURVE('',#1047,#1046,#1209,.T.);
#836=EDGE_CURVE('',#1048,#1047,#1210,.T.);
#837=EDGE_CURVE('',#1041,#1048,#1211,.T.);
#838=EDGE_CURVE('',#919,#1036,#1212,.T.);
#839=EDGE_CURVE('',#1037,#918,#1213,.T.);
#840=EDGE_CURVE('',#1016,#1044,#1214,.F.);
#841=EDGE_CURVE('',#1044,#1027,#36,.F.);
#842=EDGE_CURVE('',#1043,#1028,#37,.T.);
#843=EDGE_CURVE('',#1046,#1045,#104,.F.);
#844=EDGE_CURVE('',#1015,#1047,#1215,.T.);
#845=EDGE_CURVE('',#1043,#997,#1216,.F.);
#846=EDGE_CURVE('',#1033,#1047,#38,.F.);
#847=EDGE_CURVE('',#1042,#1041,#105,.F.);
#848=EDGE_CURVE('',#1048,#998,#1217,.T.);
#849=EDGE_CURVE('',#1032,#1048,#39,.T.);
#850=EDGE_CURVE('',#964,#1004,#1218,.F.);
#851=EDGE_CURVE('',#1003,#965,#1219,.T.);
#852=EDGE_CURVE('',#1049,#1049,#97,.T.);
#853=EDGE_CURVE('',#1050,#1050,#98,.T.);
#854=EDGE_CURVE('',#1051,#981,#1220,.F.);
#855=EDGE_CURVE('',#1051,#1004,#1221,.T.);
#856=EDGE_CURVE('',#1051,#960,#1222,.T.);
#857=EDGE_CURVE('',#979,#959,#1223,.T.);
#858=EDGE_CURVE('',#1052,#961,#1224,.T.);
#859=EDGE_CURVE('',#980,#1052,#1225,.F.);
#860=EDGE_CURVE('',#1052,#1051,#1226,.T.);
#861=EDGE_CURVE('',#1053,#1007,#1227,.T.);
#862=EDGE_CURVE('',#1053,#938,#1228,.F.);
#863=EDGE_CURVE('',#1054,#932,#1229,.T.);
#864=EDGE_CURVE('',#1054,#1053,#1230,.T.);
#865=EDGE_CURVE('',#1053,#929,#1231,.T.);
#866=EDGE_CURVE('',#939,#1054,#1232,.F.);
#867=EDGE_CURVE('',#940,#931,#1233,.T.);
#868=EDGE_CURVE('',#930,#941,#1234,.F.);
#869=EDGE_CURVE('',#984,#954,#1235,.T.);
#870=EDGE_CURVE('',#975,#983,#1236,.T.);
#871=EDGE_CURVE('',#955,#944,#1237,.T.);
#872=EDGE_CURVE('',#976,#943,#1238,.F.);
#873=EDGE_CURVE('',#977,#942,#1239,.T.);
#874=EDGE_CURVE('',#930,#958,#1240,.T.);
#875=EDGE_CURVE('',#978,#958,#1241,.F.);
#876=EDGE_CURVE('',#970,#949,#1242,.T.);
#877=EDGE_CURVE('',#971,#948,#1243,.F.);
#878=EDGE_CURVE('',#969,#950,#1244,.F.);
#879=EDGE_CURVE('',#1055,#905,#1245,.T.);
#880=EDGE_CURVE('',#1055,#1056,#106,.F.);
#881=EDGE_CURVE('',#1056,#1057,#1246,.T.);
#882=EDGE_CURVE('',#1057,#914,#1247,.T.);
#883=EDGE_CURVE('',#1057,#915,#1248,.T.);
#884=EDGE_CURVE('',#1055,#893,#1249,.F.);
#885=EDGE_CURVE('',#1056,#892,#1250,.T.);
#886=EDGE_CURVE('',#988,#967,#1251,.T.);
#887=EDGE_CURVE('',#1001,#966,#1252,.T.);
#888=EDGE_CURVE('',#952,#989,#1253,.T.);
#889=EDGE_CURVE('',#935,#1002,#1254,.T.);
#890=VERTEX_POINT('',#2532);
#891=VERTEX_POINT('',#2533);
#892=VERTEX_POINT('',#2535);
#893=VERTEX_POINT('',#2537);
#894=VERTEX_POINT('',#2539);
#895=VERTEX_POINT('',#2541);
#896=VERTEX_POINT('',#2543);
#897=VERTEX_POINT('',#2545);
#898=VERTEX_POINT('',#2547);
#899=VERTEX_POINT('',#2549);
#900=VERTEX_POINT('',#2553);
#901=VERTEX_POINT('',#2555);
#902=VERTEX_POINT('',#2557);
#903=VERTEX_POINT('',#2561);
#904=VERTEX_POINT('',#2562);
#905=VERTEX_POINT('',#2564);
#906=VERTEX_POINT('',#2568);
#907=VERTEX_POINT('',#2570);
#908=VERTEX_POINT('',#2572);
#909=VERTEX_POINT('',#2576);
#910=VERTEX_POINT('',#2579);
#911=VERTEX_POINT('',#2581);
#912=VERTEX_POINT('',#2583);
#913=VERTEX_POINT('',#2585);
#914=VERTEX_POINT('',#2589);
#915=VERTEX_POINT('',#2590);
#916=VERTEX_POINT('',#2593);
#917=VERTEX_POINT('',#2595);
#918=VERTEX_POINT('',#2597);
#919=VERTEX_POINT('',#2599);
#920=VERTEX_POINT('',#2601);
#921=VERTEX_POINT('',#2605);
#922=VERTEX_POINT('',#2606);
#923=VERTEX_POINT('',#2608);
#924=VERTEX_POINT('',#2610);
#925=VERTEX_POINT('',#2612);
#926=VERTEX_POINT('',#2614);
#927=VERTEX_POINT('',#2616);
#928=VERTEX_POINT('',#2618);
#929=VERTEX_POINT('',#2622);
#930=VERTEX_POINT('',#2624);
#931=VERTEX_POINT('',#2626);
#932=VERTEX_POINT('',#2628);
#933=VERTEX_POINT('',#2632);
#934=VERTEX_POINT('',#2634);
#935=VERTEX_POINT('',#2636);
#936=VERTEX_POINT('',#2637);
#937=VERTEX_POINT('',#2639);
#938=VERTEX_POINT('',#2641);
#939=VERTEX_POINT('',#2643);
#940=VERTEX_POINT('',#2645);
#941=VERTEX_POINT('',#2647);
#942=VERTEX_POINT('',#2649);
#943=VERTEX_POINT('',#2651);
#944=VERTEX_POINT('',#2653);
#945=VERTEX_POINT('',#2655);
#946=VERTEX_POINT('',#2657);
#947=VERTEX_POINT('',#2659);
#948=VERTEX_POINT('',#2661);
#949=VERTEX_POINT('',#2663);
#950=VERTEX_POINT('',#2665);
#951=VERTEX_POINT('',#2669);
#952=VERTEX_POINT('',#2671);
#953=VERTEX_POINT('',#2675);
#954=VERTEX_POINT('',#2677);
#955=VERTEX_POINT('',#2678);
#956=VERTEX_POINT('',#2685);
#957=VERTEX_POINT('',#2687);
#958=VERTEX_POINT('',#2690);
#959=VERTEX_POINT('',#2691);
#960=VERTEX_POINT('',#2694);
#961=VERTEX_POINT('',#2696);
#962=VERTEX_POINT('',#2700);
#963=VERTEX_POINT('',#2702);
#964=VERTEX_POINT('',#2704);
#965=VERTEX_POINT('',#2705);
#966=VERTEX_POINT('',#2707);
#967=VERTEX_POINT('',#2709);
#968=VERTEX_POINT('',#2711);
#969=VERTEX_POINT('',#2715);
#970=VERTEX_POINT('',#2717);
#971=VERTEX_POINT('',#2719);
#972=VERTEX_POINT('',#2721);
#973=VERTEX_POINT('',#2723);
#974=VERTEX_POINT('',#2725);
#975=VERTEX_POINT('',#2727);
#976=VERTEX_POINT('',#2729);
#977=VERTEX_POINT('',#2731);
#978=VERTEX_POINT('',#2733);
#979=VERTEX_POINT('',#2735);
#980=VERTEX_POINT('',#2737);
#981=VERTEX_POINT('',#2739);
#982=VERTEX_POINT('',#2743);
#983=VERTEX_POINT('',#2745);
#984=VERTEX_POINT('',#2746);
#985=VERTEX_POINT('',#2753);
#986=VERTEX_POINT('',#2755);
#987=VERTEX_POINT('',#2758);
#988=VERTEX_POINT('',#2760);
#989=VERTEX_POINT('',#2762);
#990=VERTEX_POINT('',#2764);
#991=VERTEX_POINT('',#2767);
#992=VERTEX_POINT('',#2769);
#993=VERTEX_POINT('',#2772);
#994=VERTEX_POINT('',#2773);
#995=VERTEX_POINT('',#2778);
#996=VERTEX_POINT('',#2780);
#997=VERTEX_POINT('',#2785);
#998=VERTEX_POINT('',#2787);
#999=VERTEX_POINT('',#2792);
#1000=VERTEX_POINT('',#2794);
#1001=VERTEX_POINT('',#2801);
#1002=VERTEX_POINT('',#2803);
#1003=VERTEX_POINT('',#2817);
#1004=VERTEX_POINT('',#2819);
#1005=VERTEX_POINT('',#2822);
#1006=VERTEX_POINT('',#2824);
#1007=VERTEX_POINT('',#2827);
#1008=VERTEX_POINT('',#2829);
#1009=VERTEX_POINT('',#2832);
#1010=VERTEX_POINT('',#2833);
#1011=VERTEX_POINT('',#2838);
#1012=VERTEX_POINT('',#2840);
#1013=VERTEX_POINT('',#2845);
#1014=VERTEX_POINT('',#2847);
#1015=VERTEX_POINT('',#2852);
#1016=VERTEX_POINT('',#2854);
#1017=VERTEX_POINT('',#2862);
#1018=VERTEX_POINT('',#2864);
#1019=VERTEX_POINT('',#2865);
#1020=VERTEX_POINT('',#2867);
#1021=VERTEX_POINT('',#2869);
#1022=VERTEX_POINT('',#2871);
#1023=VERTEX_POINT('',#2873);
#1024=VERTEX_POINT('',#2875);
#1025=VERTEX_POINT('',#2877);
#1026=VERTEX_POINT('',#2881);
#1027=VERTEX_POINT('',#2882);
#1028=VERTEX_POINT('',#2884);
#1029=VERTEX_POINT('',#2886);
#1030=VERTEX_POINT('',#2890);
#1031=VERTEX_POINT('',#2891);
#1032=VERTEX_POINT('',#2893);
#1033=VERTEX_POINT('',#2895);
#1034=VERTEX_POINT('',#2899);
#1035=VERTEX_POINT('',#2900);
#1036=VERTEX_POINT('',#2905);
#1037=VERTEX_POINT('',#2907);
#1038=VERTEX_POINT('',#2979);
#1039=VERTEX_POINT('',#2982);
#1040=VERTEX_POINT('',#2989);
#1041=VERTEX_POINT('',#2991);
#1042=VERTEX_POINT('',#2992);
#1043=VERTEX_POINT('',#2994);
#1044=VERTEX_POINT('',#2996);
#1045=VERTEX_POINT('',#2998);
#1046=VERTEX_POINT('',#3000);
#1047=VERTEX_POINT('',#3002);
#1048=VERTEX_POINT('',#3004);
#1049=VERTEX_POINT('',#3061);
#1050=VERTEX_POINT('',#3064);
#1051=VERTEX_POINT('',#3069);
#1052=VERTEX_POINT('',#3076);
#1053=VERTEX_POINT('',#3083);
#1054=VERTEX_POINT('',#3087);
#1055=VERTEX_POINT('',#3118);
#1056=VERTEX_POINT('',#3120);
#1057=VERTEX_POINT('',#3122);
#1058=LINE('',#2531,#1255);
#1059=LINE('',#2534,#1256);
#1060=LINE('',#2538,#1257);
#1061=LINE('',#2540,#1258);
#1062=LINE('',#2542,#1259);
#1063=LINE('',#2544,#1260);
#1064=LINE('',#2546,#1261);
#1065=LINE('',#2548,#1262);
#1066=LINE('',#2550,#1263);
#1067=LINE('',#2554,#1264);
#1068=LINE('',#2556,#1265);
#1069=LINE('',#2558,#1266);
#1070=LINE('',#2560,#1267);
#1071=LINE('',#2563,#1268);
#1072=LINE('',#2565,#1269);
#1073=LINE('',#2569,#1270);
#1074=LINE('',#2571,#1271);
#1075=LINE('',#2573,#1272);
#1076=LINE('',#2575,#1273);
#1077=LINE('',#2577,#1274);
#1078=LINE('',#2578,#1275);
#1079=LINE('',#2580,#1276);
#1080=LINE('',#2582,#1277);
#1081=LINE('',#2584,#1278);
#1082=LINE('',#2586,#1279);
#1083=LINE('',#2588,#1280);
#1084=LINE('',#2591,#1281);
#1085=LINE('',#2592,#1282);
#1086=LINE('',#2594,#1283);
#1087=LINE('',#2596,#1284);
#1088=LINE('',#2598,#1285);
#1089=LINE('',#2600,#1286);
#1090=LINE('',#2602,#1287);
#1091=LINE('',#2604,#1288);
#1092=LINE('',#2607,#1289);
#1093=LINE('',#2609,#1290);
#1094=LINE('',#2611,#1291);
#1095=LINE('',#2615,#1292);
#1096=LINE('',#2619,#1293);
#1097=LINE('',#2621,#1294);
#1098=LINE('',#2623,#1295);
#1099=LINE('',#2625,#1296);
#1100=LINE('',#2627,#1297);
#1101=LINE('',#2629,#1298);
#1102=LINE('',#2635,#1299);
#1103=LINE('',#2638,#1300);
#1104=LINE('',#2640,#1301);
#1105=LINE('',#2642,#1302);
#1106=LINE('',#2644,#1303);
#1107=LINE('',#2646,#1304);
#1108=LINE('',#2648,#1305);
#1109=LINE('',#2652,#1306);
#1110=LINE('',#2656,#1307);
#1111=LINE('',#2658,#1308);
#1112=LINE('',#2662,#1309);
#1113=LINE('',#2666,#1310);
#1114=LINE('',#2667,#1311);
#1115=LINE('',#2668,#1312);
#1116=LINE('',#2670,#1313);
#1117=LINE('',#2689,#1314);
#1118=LINE('',#2692,#1315);
#1119=LINE('',#2693,#1316);
#1120=LINE('',#2695,#1317);
#1121=LINE('',#2697,#1318);
#1122=LINE('',#2703,#1319);
#1123=LINE('',#2706,#1320);
#1124=LINE('',#2710,#1321);
#1125=LINE('',#2712,#1322);
#1126=LINE('',#2713,#1323);
#1127=LINE('',#2714,#1324);
#1128=LINE('',#2718,#1325);
#1129=LINE('',#2722,#1326);
#1130=LINE('',#2724,#1327);
#1131=LINE('',#2728,#1328);
#1132=LINE('',#2732,#1329);
#1133=LINE('',#2734,#1330);
#1134=LINE('',#2736,#1331);
#1135=LINE('',#2738,#1332);
#1136=LINE('',#2740,#1333);
#1137=LINE('',#2757,#1334);
#1138=LINE('',#2759,#1335);
#1139=LINE('',#2761,#1336);
#1140=LINE('',#2763,#1337);
#1141=LINE('',#2765,#1338);
#1142=LINE('',#2766,#1339);
#1143=LINE('',#2768,#1340);
#1144=LINE('',#2770,#1341);
#1145=LINE('',#2771,#1342);
#1146=LINE('',#2779,#1343);
#1147=LINE('',#2786,#1344);
#1148=LINE('',#2793,#1345);
#1149=LINE('',#2802,#1346);
#1150=LINE('',#2806,#1347);
#1151=LINE('',#2811,#1348);
#1152=LINE('',#2812,#1349);
#1153=LINE('',#2814,#1350);
#1154=LINE('',#2816,#1351);
#1155=LINE('',#2818,#1352);
#1156=LINE('',#2820,#1353);
#1157=LINE('',#2821,#1354);
#1158=LINE('',#2823,#1355);
#1159=LINE('',#2825,#1356);
#1160=LINE('',#2826,#1357);
#1161=LINE('',#2828,#1358);
#1162=LINE('',#2830,#1359);
#1163=LINE('',#2831,#1360);
#1164=LINE('',#2839,#1361);
#1165=LINE('',#2846,#1362);
#1166=LINE('',#2853,#1363);
#1167=LINE('',#2866,#1364);
#1168=LINE('',#2868,#1365);
#1169=LINE('',#2870,#1366);
#1170=LINE('',#2874,#1367);
#1171=LINE('',#2876,#1368);
#1172=LINE('',#2878,#1369);
#1173=LINE('',#2880,#1370);
#1174=LINE('',#2883,#1371);
#1175=LINE('',#2885,#1372);
#1176=LINE('',#2887,#1373);
#1177=LINE('',#2889,#1374);
#1178=LINE('',#2892,#1375);
#1179=LINE('',#2894,#1376);
#1180=LINE('',#2896,#1377);
#1181=LINE('',#2898,#1378);
#1182=LINE('',#2901,#1379);
#1183=LINE('',#2902,#1380);
#1184=LINE('',#2904,#1381);
#1185=LINE('',#2906,#1382);
#1186=LINE('',#2908,#1383);
#1187=LINE('',#2910,#1384);
#1188=LINE('',#2911,#1385);
#1189=LINE('',#2920,#1386);
#1190=LINE('',#2922,#1387);
#1191=LINE('',#2923,#1388);
#1192=LINE('',#2931,#1389);
#1193=LINE('',#2933,#1390);
#1194=LINE('',#2934,#1391);
#1195=LINE('',#2939,#1392);
#1196=LINE('',#2950,#1393);
#1197=LINE('',#2960,#1394);
#1198=LINE('',#2962,#1395);
#1199=LINE('',#2964,#1396);
#1200=LINE('',#2965,#1397);
#1201=LINE('',#2968,#1398);
#1202=LINE('',#2969,#1399);
#1203=LINE('',#2975,#1400);
#1204=LINE('',#2976,#1401);
#1205=LINE('',#2986,#1402);
#1206=LINE('',#2993,#1403);
#1207=LINE('',#2995,#1404);
#1208=LINE('',#2997,#1405);
#1209=LINE('',#3001,#1406);
#1210=LINE('',#3003,#1407);
#1211=LINE('',#3005,#1408);
#1212=LINE('',#3007,#1409);
#1213=LINE('',#3008,#1410);
#1214=LINE('',#3013,#1411);
#1215=LINE('',#3025,#1412);
#1216=LINE('',#3030,#1413);
#1217=LINE('',#3041,#1414);
#1218=LINE('',#3057,#1415);
#1219=LINE('',#3058,#1416);
#1220=LINE('',#3068,#1417);
#1221=LINE('',#3070,#1418);
#1222=LINE('',#3072,#1419);
#1223=LINE('',#3074,#1420);
#1224=LINE('',#3075,#1421);
#1225=LINE('',#3077,#1422);
#1226=LINE('',#3079,#1423);
#1227=LINE('',#3082,#1424);
#1228=LINE('',#3084,#1425);
#1229=LINE('',#3086,#1426);
#1230=LINE('',#3088,#1427);
#1231=LINE('',#3089,#1428);
#1232=LINE('',#3091,#1429);
#1233=LINE('',#3092,#1430);
#1234=LINE('',#3096,#1431);
#1235=LINE('',#3098,#1432);
#1236=LINE('',#3099,#1433);
#1237=LINE('',#3100,#1434);
#1238=LINE('',#3102,#1435);
#1239=LINE('',#3104,#1436);
#1240=LINE('',#3106,#1437);
#1241=LINE('',#3107,#1438);
#1242=LINE('',#3110,#1439);
#1243=LINE('',#3111,#1440);
#1244=LINE('',#3113,#1441);
#1245=LINE('',#3117,#1442);
#1246=LINE('',#3121,#1443);
#1247=LINE('',#3123,#1444);
#1248=LINE('',#3125,#1445);
#1249=LINE('',#3127,#1446);
#1250=LINE('',#3129,#1447);
#1251=LINE('',#3132,#1448);
#1252=LINE('',#3134,#1449);
#1253=LINE('',#3137,#1450);
#1254=LINE('',#3139,#1451);
#1255=VECTOR('',#2050,1.);
#1256=VECTOR('',#2051,1.);
#1257=VECTOR('',#2054,1.);
#1258=VECTOR('',#2055,1.);
#1259=VECTOR('',#2056,1.);
#1260=VECTOR('',#2057,1.);
#1261=VECTOR('',#2058,1.);
#1262=VECTOR('',#2059,1.);
#1263=VECTOR('',#2060,1.);
#1264=VECTOR('',#2065,1.);
#1265=VECTOR('',#2066,1.);
#1266=VECTOR('',#2067,1.);
#1267=VECTOR('',#2070,1.);
#1268=VECTOR('',#2071,1.);
#1269=VECTOR('',#2072,1.);
#1270=VECTOR('',#2077,1.);
#1271=VECTOR('',#2078,1.);
#1272=VECTOR('',#2079,1.);
#1273=VECTOR('',#2082,1.);
#1274=VECTOR('',#2083,1.);
#1275=VECTOR('',#2084,1.);
#1276=VECTOR('',#2085,1.);
#1277=VECTOR('',#2086,1.);
#1278=VECTOR('',#2087,1.);
#1279=VECTOR('',#2088,1.);
#1280=VECTOR('',#2091,1.);
#1281=VECTOR('',#2092,1.);
#1282=VECTOR('',#2093,1.);
#1283=VECTOR('',#2094,1.);
#1284=VECTOR('',#2095,1.);
#1285=VECTOR('',#2096,1.);
#1286=VECTOR('',#2097,1.);
#1287=VECTOR('',#2098,1.);
#1288=VECTOR('',#2101,1.);
#1289=VECTOR('',#2102,1.);
#1290=VECTOR('',#2103,1.);
#1291=VECTOR('',#2104,1.);
#1292=VECTOR('',#2107,1.);
#1293=VECTOR('',#2110,1.);
#1294=VECTOR('',#2113,1.);
#1295=VECTOR('',#2114,1.);
#1296=VECTOR('',#2115,1.);
#1297=VECTOR('',#2116,1.);
#1298=VECTOR('',#2117,1.);
#1299=VECTOR('',#2124,1.);
#1300=VECTOR('',#2125,1.);
#1301=VECTOR('',#2126,1.);
#1302=VECTOR('',#2127,1.);
#1303=VECTOR('',#2128,1.);
#1304=VECTOR('',#2129,1.);
#1305=VECTOR('',#2130,1.);
#1306=VECTOR('',#2133,1.);
#1307=VECTOR('',#2136,1.);
#1308=VECTOR('',#2137,1.);
#1309=VECTOR('',#2140,1.);
#1310=VECTOR('',#2143,1.);
#1311=VECTOR('',#2144,1.);
#1312=VECTOR('',#2145,1.);
#1313=VECTOR('',#2146,1.);
#1314=VECTOR('',#2163,1.);
#1315=VECTOR('',#2164,1.);
#1316=VECTOR('',#2165,1.);
#1317=VECTOR('',#2166,1.);
#1318=VECTOR('',#2167,1.);
#1319=VECTOR('',#2174,1.);
#1320=VECTOR('',#2175,1.);
#1321=VECTOR('',#2178,1.);
#1322=VECTOR('',#2179,1.);
#1323=VECTOR('',#2180,1.);
#1324=VECTOR('',#2181,1.);
#1325=VECTOR('',#2184,1.);
#1326=VECTOR('',#2187,1.);
#1327=VECTOR('',#2188,1.);
#1328=VECTOR('',#2191,1.);
#1329=VECTOR('',#2194,1.);
#1330=VECTOR('',#2195,1.);
#1331=VECTOR('',#2196,1.);
#1332=VECTOR('',#2197,1.);
#1333=VECTOR('',#2198,1.);
#1334=VECTOR('',#2213,1.);
#1335=VECTOR('',#2214,1.);
#1336=VECTOR('',#2215,1.);
#1337=VECTOR('',#2216,1.);
#1338=VECTOR('',#2217,1.);
#1339=VECTOR('',#2218,1.);
#1340=VECTOR('',#2219,1.);
#1341=VECTOR('',#2220,1.);
#1342=VECTOR('',#2221,1.);
#1343=VECTOR('',#2222,1.);
#1344=VECTOR('',#2223,1.);
#1345=VECTOR('',#2224,1.);
#1346=VECTOR('',#2229,1.);
#1347=VECTOR('',#2234,1.);
#1348=VECTOR('',#2243,1.);
#1349=VECTOR('',#2244,1.);
#1350=VECTOR('',#2247,1.);
#1351=VECTOR('',#2250,1.);
#1352=VECTOR('',#2251,1.);
#1353=VECTOR('',#2252,1.);
#1354=VECTOR('',#2253,1.);
#1355=VECTOR('',#2254,1.);
#1356=VECTOR('',#2255,1.);
#1357=VECTOR('',#2256,1.);
#1358=VECTOR('',#2257,1.);
#1359=VECTOR('',#2258,1.);
#1360=VECTOR('',#2259,1.);
#1361=VECTOR('',#2260,1.);
#1362=VECTOR('',#2261,1.);
#1363=VECTOR('',#2262,1.);
#1364=VECTOR('',#2271,1.);
#1365=VECTOR('',#2272,1.);
#1366=VECTOR('',#2273,1.);
#1367=VECTOR('',#2276,1.);
#1368=VECTOR('',#2277,1.);
#1369=VECTOR('',#2278,1.);
#1370=VECTOR('',#2281,1.);
#1371=VECTOR('',#2282,1.);
#1372=VECTOR('',#2283,1.);
#1373=VECTOR('',#2284,1.);
#1374=VECTOR('',#2287,1.);
#1375=VECTOR('',#2288,1.);
#1376=VECTOR('',#2289,1.);
#1377=VECTOR('',#2290,1.);
#1378=VECTOR('',#2293,1.);
#1379=VECTOR('',#2294,1.);
#1380=VECTOR('',#2295,1.);
#1381=VECTOR('',#2298,1.);
#1382=VECTOR('',#2299,1.);
#1383=VECTOR('',#2300,1.);
#1384=VECTOR('',#2303,1.);
#1385=VECTOR('',#2304,1.);
#1386=VECTOR('',#2305,1.);
#1387=VECTOR('',#2308,1.);
#1388=VECTOR('',#2309,1.);
#1389=VECTOR('',#2316,1.);
#1390=VECTOR('',#2319,1.);
#1391=VECTOR('',#2320,1.);
#1392=VECTOR('',#2321,1.);
#1393=VECTOR('',#2326,1.);
#1394=VECTOR('',#2329,1.);
#1395=VECTOR('',#2332,1.);
#1396=VECTOR('',#2335,1.);
#1397=VECTOR('',#2336,1.);
#1398=VECTOR('',#2341,1.);
#1399=VECTOR('',#2342,1.);
#1400=VECTOR('',#2353,1.);
#1401=VECTOR('',#2354,1.);
#1402=VECTOR('',#2369,1.);
#1403=VECTOR('',#2376,1.);
#1404=VECTOR('',#2377,1.);
#1405=VECTOR('',#2378,1.);
#1406=VECTOR('',#2381,1.);
#1407=VECTOR('',#2382,1.);
#1408=VECTOR('',#2383,1.);
#1409=VECTOR('',#2386,1.);
#1410=VECTOR('',#2387,1.);
#1411=VECTOR('',#2388,1.);
#1412=VECTOR('',#2395,1.);
#1413=VECTOR('',#2396,1.);
#1414=VECTOR('',#2401,1.);
#1415=VECTOR('',#2416,1.);
#1416=VECTOR('',#2417,1.);
#1417=VECTOR('',#2432,1.);
#1418=VECTOR('',#2433,1.);
#1419=VECTOR('',#2436,1.);
#1420=VECTOR('',#2439,1.);
#1421=VECTOR('',#2440,1.);
#1422=VECTOR('',#2441,1.);
#1423=VECTOR('',#2444,1.);
#1424=VECTOR('',#2449,1.);
#1425=VECTOR('',#2450,1.);
#1426=VECTOR('',#2453,1.);
#1427=VECTOR('',#2454,1.);
#1428=VECTOR('',#2455,1.);
#1429=VECTOR('',#2458,1.);
#1430=VECTOR('',#2459,1.);
#1431=VECTOR('',#2466,1.);
#1432=VECTOR('',#2469,1.);
#1433=VECTOR('',#2470,1.);
#1434=VECTOR('',#2471,1.);
#1435=VECTOR('',#2474,1.);
#1436=VECTOR('',#2477,1.);
#1437=VECTOR('',#2480,1.);
#1438=VECTOR('',#2481,1.);
#1439=VECTOR('',#2486,1.);
#1440=VECTOR('',#2487,1.);
#1441=VECTOR('',#2490,1.);
#1442=VECTOR('',#2497,1.);
#1443=VECTOR('',#2500,1.);
#1444=VECTOR('',#2501,1.);
#1445=VECTOR('',#2504,1.);
#1446=VECTOR('',#2507,1.);
#1447=VECTOR('',#2510,1.);
#1448=VECTOR('',#2515,1.);
#1449=VECTOR('',#2518,1.);
#1450=VECTOR('',#2523,1.);
#1451=VECTOR('',#2526,1.);
#1452=EDGE_LOOP('',(#107,#108,#109,#110,#111,#112,#113,#114,#115,#116));
#1453=EDGE_LOOP('',(#117));
#1454=EDGE_LOOP('',(#118,#119,#120,#121));
#1455=EDGE_LOOP('',(#122,#123,#124));
#1456=EDGE_LOOP('',(#125));
#1457=EDGE_LOOP('',(#126,#127,#128,#129));
#1458=EDGE_LOOP('',(#130,#131,#132,#133,#134,#135,#136,#137,#138,#139));
#1459=EDGE_LOOP('',(#140,#141,#142,#143,#144,#145,#146,#147,#148,#149));
#1460=EDGE_LOOP('',(#150,#151,#152,#153,#154,#155,#156,#157));
#1461=EDGE_LOOP('',(#158,#159,#160,#161,#162));
#1462=EDGE_LOOP('',(#163));
#1463=EDGE_LOOP('',(#164));
#1464=EDGE_LOOP('',(#165,#166,#167,#168,#169,#170,#171,#172,#173,#174,#175,
#176,#177,#178,#179,#180,#181,#182,#183,#184,#185,#186,#187));
#1465=EDGE_LOOP('',(#188));
#1466=EDGE_LOOP('',(#189,#190));
#1467=EDGE_LOOP('',(#191));
#1468=EDGE_LOOP('',(#192));
#1469=EDGE_LOOP('',(#193,#194,#195,#196,#197));
#1470=EDGE_LOOP('',(#198));
#1471=EDGE_LOOP('',(#199));
#1472=EDGE_LOOP('',(#200,#201,#202,#203,#204,#205,#206,#207,#208,#209,#210,
#211,#212,#213,#214,#215,#216,#217,#218,#219,#220,#221,#222));
#1473=EDGE_LOOP('',(#223));
#1474=EDGE_LOOP('',(#224,#225));
#1475=EDGE_LOOP('',(#226));
#1476=EDGE_LOOP('',(#227));
#1477=EDGE_LOOP('',(#228,#229,#230,#231,#232,#233,#234,#235,#236,#237));
#1478=EDGE_LOOP('',(#238,#239,#240,#241,#242,#243,#244,#245));
#1479=EDGE_LOOP('',(#246,#247,#248,#249));
#1480=EDGE_LOOP('',(#250,#251,#252,#253,#254));
#1481=EDGE_LOOP('',(#255,#256,#257,#258,#259,#260,#261,#262));
#1482=EDGE_LOOP('',(#263,#264,#265,#266));
#1483=EDGE_LOOP('',(#267,#268,#269,#270));
#1484=EDGE_LOOP('',(#271,#272,#273,#274,#275,#276,#277,#278,#279,#280,#281,
#282));
#1485=EDGE_LOOP('',(#283,#284,#285,#286,#287,#288,#289,#290));
#1486=EDGE_LOOP('',(#291));
#1487=EDGE_LOOP('',(#292));
#1488=EDGE_LOOP('',(#293));
#1489=EDGE_LOOP('',(#294,#295,#296,#297,#298,#299,#300,#301));
#1490=EDGE_LOOP('',(#302,#303,#304,#305));
#1491=EDGE_LOOP('',(#306,#307,#308,#309));
#1492=EDGE_LOOP('',(#310,#311,#312,#313));
#1493=EDGE_LOOP('',(#314,#315,#316,#317));
#1494=EDGE_LOOP('',(#318,#319,#320,#321));
#1495=EDGE_LOOP('',(#322,#323,#324,#325));
#1496=EDGE_LOOP('',(#326,#327,#328,#329));
#1497=EDGE_LOOP('',(#330,#331,#332,#333));
#1498=EDGE_LOOP('',(#334,#335,#336,#337,#338,#339));
#1499=EDGE_LOOP('',(#340,#341,#342,#343));
#1500=EDGE_LOOP('',(#344,#345,#346,#347));
#1501=EDGE_LOOP('',(#348,#349,#350,#351));
#1502=EDGE_LOOP('',(#352,#353,#354,#355,#356,#357));
#1503=EDGE_LOOP('',(#358,#359,#360,#361));
#1504=EDGE_LOOP('',(#362,#363,#364,#365));
#1505=EDGE_LOOP('',(#366,#367,#368,#369));
#1506=EDGE_LOOP('',(#370,#371,#372,#373));
#1507=EDGE_LOOP('',(#374,#375,#376,#377));
#1508=EDGE_LOOP('',(#378,#379,#380,#381));
#1509=EDGE_LOOP('',(#382,#383,#384,#385));
#1510=EDGE_LOOP('',(#386,#387));
#1511=EDGE_LOOP('',(#388,#389));
#1512=EDGE_LOOP('',(#390));
#1513=EDGE_LOOP('',(#391));
#1514=EDGE_LOOP('',(#392,#393,#394,#395));
#1515=EDGE_LOOP('',(#396));
#1516=EDGE_LOOP('',(#397));
#1517=EDGE_LOOP('',(#398));
#1518=EDGE_LOOP('',(#399));
#1519=EDGE_LOOP('',(#400));
#1520=EDGE_LOOP('',(#401,#402));
#1521=EDGE_LOOP('',(#403));
#1522=EDGE_LOOP('',(#404));
#1523=EDGE_LOOP('',(#405,#406,#407,#408,#409));
#1524=EDGE_LOOP('',(#410));
#1525=EDGE_LOOP('',(#411,#412,#413,#414,#415,#416,#417,#418));
#1526=EDGE_LOOP('',(#419,#420,#421,#422));
#1527=EDGE_LOOP('',(#423,#424,#425,#426));
#1528=EDGE_LOOP('',(#427,#428,#429,#430));
#1529=EDGE_LOOP('',(#431,#432,#433,#434,#435,#436));
#1530=EDGE_LOOP('',(#437,#438,#439,#440));
#1531=EDGE_LOOP('',(#441,#442,#443,#444));
#1532=EDGE_LOOP('',(#445,#446,#447,#448,#449,#450));
#1533=EDGE_LOOP('',(#451,#452,#453,#454));
#1534=EDGE_LOOP('',(#455,#456,#457,#458));
#1535=EDGE_LOOP('',(#459,#460,#461,#462));
#1536=EDGE_LOOP('',(#463,#464,#465,#466));
#1537=EDGE_LOOP('',(#467,#468));
#1538=EDGE_LOOP('',(#469,#470));
#1539=EDGE_LOOP('',(#471));
#1540=EDGE_LOOP('',(#472));
#1541=EDGE_LOOP('',(#473,#474,#475,#476));
#1542=EDGE_LOOP('',(#477));
#1543=EDGE_LOOP('',(#478));
#1544=EDGE_LOOP('',(#479));
#1545=EDGE_LOOP('',(#480));
#1546=EDGE_LOOP('',(#481));
#1547=EDGE_LOOP('',(#482,#483));
#1548=EDGE_LOOP('',(#484));
#1549=EDGE_LOOP('',(#485));
#1550=EDGE_LOOP('',(#486,#487,#488,#489));
#1551=EDGE_LOOP('',(#490,#491,#492,#493));
#1552=EDGE_LOOP('',(#494,#495,#496,#497,#498));
#1553=EDGE_LOOP('',(#499,#500,#501,#502));
#1554=EDGE_LOOP('',(#503,#504,#505,#506));
#1555=EDGE_LOOP('',(#507,#508,#509,#510));
#1556=EDGE_LOOP('',(#511,#512,#513,#514));
#1557=EDGE_LOOP('',(#515,#516,#517,#518,#519));
#1558=EDGE_LOOP('',(#520,#521,#522,#523));
#1559=EDGE_LOOP('',(#524,#525,#526,#527));
#1560=EDGE_LOOP('',(#528,#529,#530,#531));
#1561=EDGE_LOOP('',(#532,#533,#534,#535,#536,#537,#538,#539));
#1562=EDGE_LOOP('',(#540,#541,#542,#543,#544,#545,#546,#547));
#1563=EDGE_LOOP('',(#548,#549,#550,#551));
#1564=EDGE_LOOP('',(#552,#553,#554,#555,#556,#557));
#1565=EDGE_LOOP('',(#558,#559,#560,#561));
#1566=EDGE_LOOP('',(#562,#563,#564,#565));
#1567=EDGE_LOOP('',(#566,#567,#568,#569));
#1568=EDGE_LOOP('',(#570,#571,#572,#573));
#1569=EDGE_LOOP('',(#574,#575,#576,#577));
#1570=EDGE_LOOP('',(#578));
#1571=EDGE_LOOP('',(#579));
#1572=EDGE_LOOP('',(#580,#581,#582,#583,#584,#585,#586,#587));
#1573=EDGE_LOOP('',(#588,#589,#590));
#1574=EDGE_LOOP('',(#591,#592,#593,#594,#595));
#1575=EDGE_LOOP('',(#596,#597,#598,#599));
#1576=EDGE_LOOP('',(#600,#601,#602,#603,#604));
#1577=EDGE_LOOP('',(#605,#606,#607,#608));
#1578=EDGE_LOOP('',(#609,#610,#611,#612));
#1579=EDGE_LOOP('',(#613,#614,#615,#616));
#1580=EDGE_LOOP('',(#617,#618,#619,#620));
#1581=EDGE_LOOP('',(#621,#622,#623,#624));
#1582=EDGE_LOOP('',(#625,#626,#627,#628));
#1583=FACE_BOUND('',#1452,.T.);
#1584=FACE_BOUND('',#1453,.T.);
#1585=FACE_BOUND('',#1454,.T.);
#1586=FACE_BOUND('',#1455,.T.);
#1587=FACE_BOUND('',#1456,.T.);
#1588=FACE_BOUND('',#1457,.T.);
#1589=FACE_BOUND('',#1458,.T.);
#1590=FACE_BOUND('',#1459,.T.);
#1591=FACE_BOUND('',#1460,.T.);
#1592=FACE_BOUND('',#1461,.T.);
#1593=FACE_BOUND('',#1462,.T.);
#1594=FACE_BOUND('',#1463,.T.);
#1595=FACE_BOUND('',#1464,.T.);
#1596=FACE_BOUND('',#1465,.T.);
#1597=FACE_BOUND('',#1466,.T.);
#1598=FACE_BOUND('',#1467,.T.);
#1599=FACE_BOUND('',#1468,.T.);
#1600=FACE_BOUND('',#1469,.T.);
#1601=FACE_BOUND('',#1470,.T.);
#1602=FACE_BOUND('',#1471,.T.);
#1603=FACE_BOUND('',#1472,.T.);
#1604=FACE_BOUND('',#1473,.T.);
#1605=FACE_BOUND('',#1474,.T.);
#1606=FACE_BOUND('',#1475,.T.);
#1607=FACE_BOUND('',#1476,.T.);
#1608=FACE_BOUND('',#1477,.T.);
#1609=FACE_BOUND('',#1478,.T.);
#1610=FACE_BOUND('',#1479,.T.);
#1611=FACE_BOUND('',#1480,.T.);
#1612=FACE_BOUND('',#1481,.T.);
#1613=FACE_BOUND('',#1482,.T.);
#1614=FACE_BOUND('',#1483,.T.);
#1615=FACE_BOUND('',#1484,.T.);
#1616=FACE_BOUND('',#1485,.T.);
#1617=FACE_BOUND('',#1486,.T.);
#1618=FACE_BOUND('',#1487,.T.);
#1619=FACE_BOUND('',#1488,.T.);
#1620=FACE_BOUND('',#1489,.T.);
#1621=FACE_BOUND('',#1490,.T.);
#1622=FACE_BOUND('',#1491,.T.);
#1623=FACE_BOUND('',#1492,.T.);
#1624=FACE_BOUND('',#1493,.T.);
#1625=FACE_BOUND('',#1494,.T.);
#1626=FACE_BOUND('',#1495,.T.);
#1627=FACE_BOUND('',#1496,.T.);
#1628=FACE_BOUND('',#1497,.T.);
#1629=FACE_BOUND('',#1498,.T.);
#1630=FACE_BOUND('',#1499,.T.);
#1631=FACE_BOUND('',#1500,.T.);
#1632=FACE_BOUND('',#1501,.T.);
#1633=FACE_BOUND('',#1502,.T.);
#1634=FACE_BOUND('',#1503,.T.);
#1635=FACE_BOUND('',#1504,.T.);
#1636=FACE_BOUND('',#1505,.T.);
#1637=FACE_BOUND('',#1506,.T.);
#1638=FACE_BOUND('',#1507,.T.);
#1639=FACE_BOUND('',#1508,.T.);
#1640=FACE_BOUND('',#1509,.T.);
#1641=FACE_BOUND('',#1510,.T.);
#1642=FACE_BOUND('',#1511,.T.);
#1643=FACE_BOUND('',#1512,.T.);
#1644=FACE_BOUND('',#1513,.T.);
#1645=FACE_BOUND('',#1514,.T.);
#1646=FACE_BOUND('',#1515,.T.);
#1647=FACE_BOUND('',#1516,.T.);
#1648=FACE_BOUND('',#1517,.T.);
#1649=FACE_BOUND('',#1518,.T.);
#1650=FACE_BOUND('',#1519,.T.);
#1651=FACE_BOUND('',#1520,.T.);
#1652=FACE_BOUND('',#1521,.T.);
#1653=FACE_BOUND('',#1522,.T.);
#1654=FACE_BOUND('',#1523,.T.);
#1655=FACE_BOUND('',#1524,.T.);
#1656=FACE_BOUND('',#1525,.T.);
#1657=FACE_BOUND('',#1526,.T.);
#1658=FACE_BOUND('',#1527,.T.);
#1659=FACE_BOUND('',#1528,.T.);
#1660=FACE_BOUND('',#1529,.T.);
#1661=FACE_BOUND('',#1530,.T.);
#1662=FACE_BOUND('',#1531,.T.);
#1663=FACE_BOUND('',#1532,.T.);
#1664=FACE_BOUND('',#1533,.T.);
#1665=FACE_BOUND('',#1534,.T.);
#1666=FACE_BOUND('',#1535,.T.);
#1667=FACE_BOUND('',#1536,.T.);
#1668=FACE_BOUND('',#1537,.T.);
#1669=FACE_BOUND('',#1538,.T.);
#1670=FACE_BOUND('',#1539,.T.);
#1671=FACE_BOUND('',#1540,.T.);
#1672=FACE_BOUND('',#1541,.T.);
#1673=FACE_BOUND('',#1542,.T.);
#1674=FACE_BOUND('',#1543,.T.);
#1675=FACE_BOUND('',#1544,.T.);
#1676=FACE_BOUND('',#1545,.T.);
#1677=FACE_BOUND('',#1546,.T.);
#1678=FACE_BOUND('',#1547,.T.);
#1679=FACE_BOUND('',#1548,.T.);
#1680=FACE_BOUND('',#1549,.T.);
#1681=FACE_BOUND('',#1550,.T.);
#1682=FACE_BOUND('',#1551,.T.);
#1683=FACE_BOUND('',#1552,.T.);
#1684=FACE_BOUND('',#1553,.T.);
#1685=FACE_BOUND('',#1554,.T.);
#1686=FACE_BOUND('',#1555,.T.);
#1687=FACE_BOUND('',#1556,.T.);
#1688=FACE_BOUND('',#1557,.T.);
#1689=FACE_BOUND('',#1558,.T.);
#1690=FACE_BOUND('',#1559,.T.);
#1691=FACE_BOUND('',#1560,.T.);
#1692=FACE_BOUND('',#1561,.T.);
#1693=FACE_BOUND('',#1562,.T.);
#1694=FACE_BOUND('',#1563,.T.);
#1695=FACE_BOUND('',#1564,.T.);
#1696=FACE_BOUND('',#1565,.T.);
#1697=FACE_BOUND('',#1566,.T.);
#1698=FACE_BOUND('',#1567,.T.);
#1699=FACE_BOUND('',#1568,.T.);
#1700=FACE_BOUND('',#1569,.T.);
#1701=FACE_BOUND('',#1570,.T.);
#1702=FACE_BOUND('',#1571,.T.);
#1703=FACE_BOUND('',#1572,.T.);
#1704=FACE_BOUND('',#1573,.T.);
#1705=FACE_BOUND('',#1574,.T.);
#1706=FACE_BOUND('',#1575,.T.);
#1707=FACE_BOUND('',#1576,.T.);
#1708=FACE_BOUND('',#1577,.T.);
#1709=FACE_BOUND('',#1578,.T.);
#1710=FACE_BOUND('',#1579,.T.);
#1711=FACE_BOUND('',#1580,.T.);
#1712=FACE_BOUND('',#1581,.T.);
#1713=FACE_BOUND('',#1582,.T.);
#1714=PLANE('',#1904);
#1715=PLANE('',#1906);
#1716=PLANE('',#1908);
#1717=PLANE('',#1909);
#1718=PLANE('',#1911);
#1719=PLANE('',#1912);
#1720=PLANE('',#1913);
#1721=PLANE('',#1916);
#1722=PLANE('',#1917);
#1723=PLANE('',#1931);
#1724=PLANE('',#1932);
#1725=PLANE('',#1946);
#1726=PLANE('',#1950);
#1727=PLANE('',#1951);
#1728=PLANE('',#1954);
#1729=PLANE('',#1955);
#1730=PLANE('',#1956);
#1731=PLANE('',#1958);
#1732=PLANE('',#1962);
#1733=PLANE('',#1963);
#1734=PLANE('',#1964);
#1735=PLANE('',#1965);
#1736=PLANE('',#1966);
#1737=PLANE('',#1967);
#1738=PLANE('',#1968);
#1739=PLANE('',#1969);
#1740=PLANE('',#1971);
#1741=PLANE('',#1972);
#1742=PLANE('',#1974);
#1743=PLANE('',#1975);
#1744=PLANE('',#1976);
#1745=PLANE('',#1977);
#1746=PLANE('',#1978);
#1747=PLANE('',#1979);
#1748=PLANE('',#1983);
#1749=PLANE('',#1984);
#1750=PLANE('',#1986);
#1751=PLANE('',#1990);
#1752=PLANE('',#1991);
#1753=PLANE('',#1995);
#1754=PLANE('',#1996);
#1755=PLANE('',#1997);
#1756=PLANE('',#1999);
#1757=PLANE('',#2001);
#1758=PLANE('',#2002);
#1759=PLANE('',#2003);
#1760=PLANE('',#2007);
#1761=PLANE('',#2008);
#1762=PLANE('',#2010);
#1763=PLANE('',#2014);
#1764=PLANE('',#2015);
#1765=PLANE('',#2016);
#1766=PLANE('',#2017);
#1767=PLANE('',#2018);
#1768=PLANE('',#2019);
#1769=PLANE('',#2020);
#1770=PLANE('',#2021);
#1771=PLANE('',#2022);
#1772=PLANE('',#2023);
#1773=PLANE('',#2024);
#1774=PLANE('',#2026);
#1775=PLANE('',#2028);
#1776=PLANE('',#2029);
#1777=PLANE('',#2030);
#1778=PLANE('',#2033);
#1779=PLANE('',#2034);
#1780=PLANE('',#2036);
#1781=PLANE('',#2037);
#1782=PLANE('',#2039);
#1783=PLANE('',#2040);
#1784=PLANE('',#2042);
#1785=PLANE('',#2043);
#1786=PLANE('',#2045);
#1787=ADVANCED_FACE('',(#1583),#1714,.F.);
#1788=ADVANCED_FACE('',(#1584,#1585),#1715,.F.);
#1789=ADVANCED_FACE('',(#1586),#1716,.T.);
#1790=ADVANCED_FACE('',(#1587,#1588),#1717,.F.);
#1791=ADVANCED_FACE('',(#1589),#1718,.T.);
#1792=ADVANCED_FACE('',(#1590),#1719,.T.);
#1793=ADVANCED_FACE('',(#1591),#1720,.T.);
#1794=ADVANCED_FACE('',(#1592),#1721,.T.);
#1795=ADVANCED_FACE('',(#1593,#1594,#1595),#1722,.F.);
#1796=ADVANCED_FACE('',(#1596,#1597),#40,.F.);
#1797=ADVANCED_FACE('',(#1598,#1599),#41,.F.);
#1798=ADVANCED_FACE('',(#1600),#1723,.T.);
#1799=ADVANCED_FACE('',(#1601,#1602,#1603),#1724,.F.);
#1800=ADVANCED_FACE('',(#1604,#1605),#42,.F.);
#1801=ADVANCED_FACE('',(#1606,#1607),#43,.F.);
#1802=ADVANCED_FACE('',(#1608,#1609),#1725,.T.);
#1803=ADVANCED_FACE('',(#1610),#44,.T.);
#1804=ADVANCED_FACE('',(#1611),#1726,.F.);
#1805=ADVANCED_FACE('',(#1612),#1727,.F.);
#1806=ADVANCED_FACE('',(#1613),#1728,.T.);
#1807=ADVANCED_FACE('',(#1614),#1729,.T.);
#1808=ADVANCED_FACE('',(#1615,#1616),#1730,.T.);
#1809=ADVANCED_FACE('',(#1617,#1618),#45,.F.);
#1810=ADVANCED_FACE('',(#1619,#1620),#1731,.T.);
#1811=ADVANCED_FACE('',(#1621),#1732,.T.);
#1812=ADVANCED_FACE('',(#1622),#1733,.T.);
#1813=ADVANCED_FACE('',(#1623),#1734,.F.);
#1814=ADVANCED_FACE('',(#1624),#1735,.T.);
#1815=ADVANCED_FACE('',(#1625),#1736,.F.);
#1816=ADVANCED_FACE('',(#1626),#14,.T.);
#1817=ADVANCED_FACE('',(#1627),#1737,.F.);
#1818=ADVANCED_FACE('',(#1628),#1738,.T.);
#1819=ADVANCED_FACE('',(#1629),#1739,.F.);
#1820=ADVANCED_FACE('',(#1630),#1740,.F.);
#1821=ADVANCED_FACE('',(#1631),#15,.T.);
#1822=ADVANCED_FACE('',(#1632),#16,.T.);
#1823=ADVANCED_FACE('',(#1633),#1741,.F.);
#1824=ADVANCED_FACE('',(#1634),#1742,.T.);
#1825=ADVANCED_FACE('',(#1635),#17,.T.);
#1826=ADVANCED_FACE('',(#1636),#1743,.F.);
#1827=ADVANCED_FACE('',(#1637),#1744,.F.);
#1828=ADVANCED_FACE('',(#1638),#1745,.T.);
#1829=ADVANCED_FACE('',(#1639),#1746,.F.);
#1830=ADVANCED_FACE('',(#1640),#1747,.T.);
#1831=ADVANCED_FACE('',(#1641),#46,.T.);
#1832=ADVANCED_FACE('',(#1642),#47,.T.);
#1833=ADVANCED_FACE('',(#1643,#1644),#48,.F.);
#1834=ADVANCED_FACE('',(#1645),#1748,.F.);
#1835=ADVANCED_FACE('',(#1646,#1647),#1749,.T.);
#1836=ADVANCED_FACE('',(#1648,#1649),#1750,.T.);
#1837=ADVANCED_FACE('',(#1650,#1651),#49,.F.);
#1838=ADVANCED_FACE('',(#1652,#1653),#50,.F.);
#1839=ADVANCED_FACE('',(#1654),#1751,.F.);
#1840=ADVANCED_FACE('',(#1655,#1656),#1752,.T.);
#1841=ADVANCED_FACE('',(#1657),#1753,.F.);
#1842=ADVANCED_FACE('',(#1658),#18,.F.);
#1843=ADVANCED_FACE('',(#1659),#1754,.T.);
#1844=ADVANCED_FACE('',(#1660),#1755,.F.);
#1845=ADVANCED_FACE('',(#1661),#19,.F.);
#1846=ADVANCED_FACE('',(#1662),#20,.F.);
#1847=ADVANCED_FACE('',(#1663),#1756,.F.);
#1848=ADVANCED_FACE('',(#1664),#1757,.T.);
#1849=ADVANCED_FACE('',(#1665),#21,.F.);
#1850=ADVANCED_FACE('',(#1666),#1758,.T.);
#1851=ADVANCED_FACE('',(#1667),#1759,.T.);
#1852=ADVANCED_FACE('',(#1668),#51,.T.);
#1853=ADVANCED_FACE('',(#1669),#52,.T.);
#1854=ADVANCED_FACE('',(#1670,#1671),#53,.F.);
#1855=ADVANCED_FACE('',(#1672),#1760,.F.);
#1856=ADVANCED_FACE('',(#1673,#1674),#1761,.T.);
#1857=ADVANCED_FACE('',(#1675,#1676),#1762,.T.);
#1858=ADVANCED_FACE('',(#1677,#1678),#54,.F.);
#1859=ADVANCED_FACE('',(#1679,#1680),#55,.F.);
#1860=ADVANCED_FACE('',(#1681),#1763,.F.);
#1861=ADVANCED_FACE('',(#1682),#1764,.F.);
#1862=ADVANCED_FACE('',(#1683),#1765,.T.);
#1863=ADVANCED_FACE('',(#1684),#1766,.F.);
#1864=ADVANCED_FACE('',(#1685),#1767,.F.);
#1865=ADVANCED_FACE('',(#1686),#1768,.F.);
#1866=ADVANCED_FACE('',(#1687),#1769,.F.);
#1867=ADVANCED_FACE('',(#1688),#1770,.T.);
#1868=ADVANCED_FACE('',(#1689),#1771,.F.);
#1869=ADVANCED_FACE('',(#1690),#1772,.F.);
#1870=ADVANCED_FACE('',(#1691),#1773,.T.);
#1871=ADVANCED_FACE('',(#1692),#56,.F.);
#1872=ADVANCED_FACE('',(#1693),#1774,.T.);
#1873=ADVANCED_FACE('',(#1694),#57,.F.);
#1874=ADVANCED_FACE('',(#1695),#1775,.T.);
#1875=ADVANCED_FACE('',(#1696),#1776,.T.);
#1876=ADVANCED_FACE('',(#1697),#1777,.T.);
#1877=ADVANCED_FACE('',(#1698),#58,.F.);
#1878=ADVANCED_FACE('',(#1699),#59,.F.);
#1879=ADVANCED_FACE('',(#1700,#1701,#1702),#1778,.T.);
#1880=ADVANCED_FACE('',(#1703),#1779,.T.);
#1881=ADVANCED_FACE('',(#1704),#1780,.T.);
#1882=ADVANCED_FACE('',(#1705),#1781,.F.);
#1883=ADVANCED_FACE('',(#1706),#60,.F.);
#1884=ADVANCED_FACE('',(#1707),#1782,.T.);
#1885=ADVANCED_FACE('',(#1708),#1783,.T.);
#1886=ADVANCED_FACE('',(#1709),#12,.T.);
#1887=ADVANCED_FACE('',(#1710),#1784,.T.);
#1888=ADVANCED_FACE('',(#1711),#1785,.T.);
#1889=ADVANCED_FACE('',(#1712),#13,.T.);
#1890=ADVANCED_FACE('',(#1713),#1786,.T.);
#1891=CLOSED_SHELL('',(#1787,#1788,#1789,#1790,#1791,#1792,#1793,#1794,
#1795,#1796,#1797,#1798,#1799,#1800,#1801,#1802,#1803,#1804,#1805,#1806,
#1807,#1808,#1809,#1810,#1811,#1812,#1813,#1814,#1815,#1816,#1817,#1818,
#1819,#1820,#1821,#1822,#1823,#1824,#1825,#1826,#1827,#1828,#1829,#1830,
#1831,#1832,#1833,#1834,#1835,#1836,#1837,#1838,#1839,#1840,#1841,#1842,
#1843,#1844,#1845,#1846,#1847,#1848,#1849,#1850,#1851,#1852,#1853,#1854,
#1855,#1856,#1857,#1858,#1859,#1860,#1861,#1862,#1863,#1864,#1865,#1866,
#1867,#1868,#1869,#1870,#1871,#1872,#1873,#1874,#1875,#1876,#1877,#1878,
#1879,#1880,#1881,#1882,#1883,#1884,#1885,#1886,#1887,#1888,#1889,#1890));
#1892=STYLED_ITEM('',(#1893),#1900);
#1893=PRESENTATION_STYLE_ASSIGNMENT((#1894));
#1894=SURFACE_STYLE_USAGE(.BOTH.,#1895);
#1895=SURFACE_SIDE_STYLE('',(#1896));
#1896=SURFACE_STYLE_FILL_AREA(#1897);
#1897=FILL_AREA_STYLE('',(#1898));
#1898=FILL_AREA_STYLE_COLOUR('',#1899);
#1899=COLOUR_RGB('',0.262745098039216,0.258823529411765,0.258823529411765);
#1900=MANIFOLD_SOLID_BREP('Part 6',#1891);
#1901=SHAPE_DEFINITION_REPRESENTATION(#3147,#1902);
#1902=SHAPE_REPRESENTATION('Part 6',(#1903),#3142);
#1903=AXIS2_PLACEMENT_3D('',#2529,#2046,#2047);
#1904=AXIS2_PLACEMENT_3D('',#2530,#2048,#2049);
#1905=AXIS2_PLACEMENT_3D('',#2536,#2052,#2053);
#1906=AXIS2_PLACEMENT_3D('',#2551,#2061,#2062);
#1907=AXIS2_PLACEMENT_3D('',#2552,#2063,#2064);
#1908=AXIS2_PLACEMENT_3D('',#2559,#2068,#2069);
#1909=AXIS2_PLACEMENT_3D('',#2566,#2073,#2074);
#1910=AXIS2_PLACEMENT_3D('',#2567,#2075,#2076);
#1911=AXIS2_PLACEMENT_3D('',#2574,#2080,#2081);
#1912=AXIS2_PLACEMENT_3D('',#2587,#2089,#2090);
#1913=AXIS2_PLACEMENT_3D('',#2603,#2099,#2100);
#1914=AXIS2_PLACEMENT_3D('',#2613,#2105,#2106);
#1915=AXIS2_PLACEMENT_3D('',#2617,#2108,#2109);
#1916=AXIS2_PLACEMENT_3D('',#2620,#2111,#2112);
#1917=AXIS2_PLACEMENT_3D('',#2630,#2118,#2119);
#1918=AXIS2_PLACEMENT_3D('',#2631,#2120,#2121);
#1919=AXIS2_PLACEMENT_3D('',#2633,#2122,#2123);
#1920=AXIS2_PLACEMENT_3D('',#2650,#2131,#2132);
#1921=AXIS2_PLACEMENT_3D('',#2654,#2134,#2135);
#1922=AXIS2_PLACEMENT_3D('',#2660,#2138,#2139);
#1923=AXIS2_PLACEMENT_3D('',#2664,#2141,#2142);
#1924=AXIS2_PLACEMENT_3D('',#2672,#2147,#2148);
#1925=AXIS2_PLACEMENT_3D('',#2673,#2149,#2150);
#1926=AXIS2_PLACEMENT_3D('',#2674,#2151,#2152);
#1927=AXIS2_PLACEMENT_3D('',#2676,#2153,#2154);
#1928=AXIS2_PLACEMENT_3D('',#2683,#2155,#2156);
#1929=AXIS2_PLACEMENT_3D('',#2684,#2157,#2158);
#1930=AXIS2_PLACEMENT_3D('',#2686,#2159,#2160);
#1931=AXIS2_PLACEMENT_3D('',#2688,#2161,#2162);
#1932=AXIS2_PLACEMENT_3D('',#2698,#2168,#2169);
#1933=AXIS2_PLACEMENT_3D('',#2699,#2170,#2171);
#1934=AXIS2_PLACEMENT_3D('',#2701,#2172,#2173);
#1935=AXIS2_PLACEMENT_3D('',#2708,#2176,#2177);
#1936=AXIS2_PLACEMENT_3D('',#2716,#2182,#2183);
#1937=AXIS2_PLACEMENT_3D('',#2720,#2185,#2186);
#1938=AXIS2_PLACEMENT_3D('',#2726,#2189,#2190);
#1939=AXIS2_PLACEMENT_3D('',#2730,#2192,#2193);
#1940=AXIS2_PLACEMENT_3D('',#2741,#2199,#2200);
#1941=AXIS2_PLACEMENT_3D('',#2742,#2201,#2202);
#1942=AXIS2_PLACEMENT_3D('',#2744,#2203,#2204);
#1943=AXIS2_PLACEMENT_3D('',#2751,#2205,#2206);
#1944=AXIS2_PLACEMENT_3D('',#2752,#2207,#2208);
#1945=AXIS2_PLACEMENT_3D('',#2754,#2209,#2210);
#1946=AXIS2_PLACEMENT_3D('',#2756,#2211,#2212);
#1947=AXIS2_PLACEMENT_3D('',#2799,#2225,#2226);
#1948=AXIS2_PLACEMENT_3D('',#2800,#2227,#2228);
#1949=AXIS2_PLACEMENT_3D('',#2804,#2230,#2231);
#1950=AXIS2_PLACEMENT_3D('',#2805,#2232,#2233);
#1951=AXIS2_PLACEMENT_3D('',#2807,#2235,#2236);
#1952=AXIS2_PLACEMENT_3D('',#2808,#2237,#2238);
#1953=AXIS2_PLACEMENT_3D('',#2809,#2239,#2240);
#1954=AXIS2_PLACEMENT_3D('',#2810,#2241,#2242);
#1955=AXIS2_PLACEMENT_3D('',#2813,#2245,#2246);
#1956=AXIS2_PLACEMENT_3D('',#2815,#2248,#2249);
#1957=AXIS2_PLACEMENT_3D('',#2859,#2263,#2264);
#1958=AXIS2_PLACEMENT_3D('',#2860,#2265,#2266);
#1959=AXIS2_PLACEMENT_3D('',#2861,#2267,#2268);
#1960=AXIS2_PLACEMENT_3D('',#2863,#2269,#2270);
#1961=AXIS2_PLACEMENT_3D('',#2872,#2274,#2275);
#1962=AXIS2_PLACEMENT_3D('',#2879,#2279,#2280);
#1963=AXIS2_PLACEMENT_3D('',#2888,#2285,#2286);
#1964=AXIS2_PLACEMENT_3D('',#2897,#2291,#2292);
#1965=AXIS2_PLACEMENT_3D('',#2903,#2296,#2297);
#1966=AXIS2_PLACEMENT_3D('',#2909,#2301,#2302);
#1967=AXIS2_PLACEMENT_3D('',#2921,#2306,#2307);
#1968=AXIS2_PLACEMENT_3D('',#2924,#2310,#2311);
#1969=AXIS2_PLACEMENT_3D('',#2929,#2312,#2313);
#1970=AXIS2_PLACEMENT_3D('',#2930,#2314,#2315);
#1971=AXIS2_PLACEMENT_3D('',#2932,#2317,#2318);
#1972=AXIS2_PLACEMENT_3D('',#2948,#2322,#2323);
#1973=AXIS2_PLACEMENT_3D('',#2949,#2324,#2325);
#1974=AXIS2_PLACEMENT_3D('',#2951,#2327,#2328);
#1975=AXIS2_PLACEMENT_3D('',#2961,#2330,#2331);
#1976=AXIS2_PLACEMENT_3D('',#2963,#2333,#2334);
#1977=AXIS2_PLACEMENT_3D('',#2966,#2337,#2338);
#1978=AXIS2_PLACEMENT_3D('',#2967,#2339,#2340);
#1979=AXIS2_PLACEMENT_3D('',#2970,#2343,#2344);
#1980=AXIS2_PLACEMENT_3D('',#2971,#2345,#2346);
#1981=AXIS2_PLACEMENT_3D('',#2972,#2347,#2348);
#1982=AXIS2_PLACEMENT_3D('',#2973,#2349,#2350);
#1983=AXIS2_PLACEMENT_3D('',#2974,#2351,#2352);
#1984=AXIS2_PLACEMENT_3D('',#2977,#2355,#2356);
#1985=AXIS2_PLACEMENT_3D('',#2978,#2357,#2358);
#1986=AXIS2_PLACEMENT_3D('',#2980,#2359,#2360);
#1987=AXIS2_PLACEMENT_3D('',#2981,#2361,#2362);
#1988=AXIS2_PLACEMENT_3D('',#2983,#2363,#2364);
#1989=AXIS2_PLACEMENT_3D('',#2984,#2365,#2366);
#1990=AXIS2_PLACEMENT_3D('',#2985,#2367,#2368);
#1991=AXIS2_PLACEMENT_3D('',#2987,#2370,#2371);
#1992=AXIS2_PLACEMENT_3D('',#2988,#2372,#2373);
#1993=AXIS2_PLACEMENT_3D('',#2990,#2374,#2375);
#1994=AXIS2_PLACEMENT_3D('',#2999,#2379,#2380);
#1995=AXIS2_PLACEMENT_3D('',#3006,#2384,#2385);
#1996=AXIS2_PLACEMENT_3D('',#3018,#2389,#2390);
#1997=AXIS2_PLACEMENT_3D('',#3023,#2391,#2392);
#1998=AXIS2_PLACEMENT_3D('',#3024,#2393,#2394);
#1999=AXIS2_PLACEMENT_3D('',#3039,#2397,#2398);
#2000=AXIS2_PLACEMENT_3D('',#3040,#2399,#2400);
#2001=AXIS2_PLACEMENT_3D('',#3042,#2402,#2403);
#2002=AXIS2_PLACEMENT_3D('',#3051,#2404,#2405);
#2003=AXIS2_PLACEMENT_3D('',#3052,#2406,#2407);
#2004=AXIS2_PLACEMENT_3D('',#3053,#2408,#2409);
#2005=AXIS2_PLACEMENT_3D('',#3054,#2410,#2411);
#2006=AXIS2_PLACEMENT_3D('',#3055,#2412,#2413);
#2007=AXIS2_PLACEMENT_3D('',#3056,#2414,#2415);
#2008=AXIS2_PLACEMENT_3D('',#3059,#2418,#2419);
#2009=AXIS2_PLACEMENT_3D('',#3060,#2420,#2421);
#2010=AXIS2_PLACEMENT_3D('',#3062,#2422,#2423);
#2011=AXIS2_PLACEMENT_3D('',#3063,#2424,#2425);
#2012=AXIS2_PLACEMENT_3D('',#3065,#2426,#2427);
#2013=AXIS2_PLACEMENT_3D('',#3066,#2428,#2429);
#2014=AXIS2_PLACEMENT_3D('',#3067,#2430,#2431);
#2015=AXIS2_PLACEMENT_3D('',#3071,#2434,#2435);
#2016=AXIS2_PLACEMENT_3D('',#3073,#2437,#2438);
#2017=AXIS2_PLACEMENT_3D('',#3078,#2442,#2443);
#2018=AXIS2_PLACEMENT_3D('',#3080,#2445,#2446);
#2019=AXIS2_PLACEMENT_3D('',#3081,#2447,#2448);
#2020=AXIS2_PLACEMENT_3D('',#3085,#2451,#2452);
#2021=AXIS2_PLACEMENT_3D('',#3090,#2456,#2457);
#2022=AXIS2_PLACEMENT_3D('',#3093,#2460,#2461);
#2023=AXIS2_PLACEMENT_3D('',#3094,#2462,#2463);
#2024=AXIS2_PLACEMENT_3D('',#3095,#2464,#2465);
#2025=AXIS2_PLACEMENT_3D('',#3097,#2467,#2468);
#2026=AXIS2_PLACEMENT_3D('',#3101,#2472,#2473);
#2027=AXIS2_PLACEMENT_3D('',#3103,#2475,#2476);
#2028=AXIS2_PLACEMENT_3D('',#3105,#2478,#2479);
#2029=AXIS2_PLACEMENT_3D('',#3108,#2482,#2483);
#2030=AXIS2_PLACEMENT_3D('',#3109,#2484,#2485);
#2031=AXIS2_PLACEMENT_3D('',#3112,#2488,#2489);
#2032=AXIS2_PLACEMENT_3D('',#3114,#2491,#2492);
#2033=AXIS2_PLACEMENT_3D('',#3115,#2493,#2494);
#2034=AXIS2_PLACEMENT_3D('',#3116,#2495,#2496);
#2035=AXIS2_PLACEMENT_3D('',#3119,#2498,#2499);
#2036=AXIS2_PLACEMENT_3D('',#3124,#2502,#2503);
#2037=AXIS2_PLACEMENT_3D('',#3126,#2505,#2506);
#2038=AXIS2_PLACEMENT_3D('',#3128,#2508,#2509);
#2039=AXIS2_PLACEMENT_3D('',#3130,#2511,#2512);
#2040=AXIS2_PLACEMENT_3D('',#3131,#2513,#2514);
#2041=AXIS2_PLACEMENT_3D('',#3133,#2516,#2517);
#2042=AXIS2_PLACEMENT_3D('',#3135,#2519,#2520);
#2043=AXIS2_PLACEMENT_3D('',#3136,#2521,#2522);
#2044=AXIS2_PLACEMENT_3D('',#3138,#2524,#2525);
#2045=AXIS2_PLACEMENT_3D('',#3140,#2527,#2528);
#2046=DIRECTION('',(0.,0.,1.));
#2047=DIRECTION('',(1.,0.,0.));
#2048=DIRECTION('',(0.,0.707106781186548,0.707106781186547));
#2049=DIRECTION('',(0.,-0.707106781186547,0.707106781186548));
#2050=DIRECTION('',(0.,-0.707106781186547,0.707106781186548));
#2051=DIRECTION('',(0.861549790341285,-0.358979079308869,0.358979079308869));
#2052=DIRECTION('',(0.,0.707106781186548,0.707106781186547));
#2053=DIRECTION('',(0.,0.707106781186547,-0.707106781186548));
#2054=DIRECTION('',(-0.861549790341285,-0.358979079308869,0.358979079308869));
#2055=DIRECTION('',(0.,0.707106781186547,-0.707106781186548));
#2056=DIRECTION('',(-1.,0.,0.));
#2057=DIRECTION('',(0.,0.707106781186547,-0.707106781186548));
#2058=DIRECTION('',(-1.,0.,0.));
#2059=DIRECTION('',(0.,0.707106781186547,-0.707106781186548));
#2060=DIRECTION('',(-1.,0.,0.));
#2061=DIRECTION('',(0.,1.,0.));
#2062=DIRECTION('',(0.,0.,1.));
#2063=DIRECTION('',(0.,-1.,0.));
#2064=DIRECTION('',(0.,0.,1.));
#2065=DIRECTION('',(0.,0.,1.));
#2066=DIRECTION('',(0.,0.,-1.));
#2067=DIRECTION('',(1.,0.,0.));
#2068=DIRECTION('',(0.,-0.981642991250229,0.190727653289456));
#2069=DIRECTION('',(0.,-0.190727653289456,-0.981642991250229));
#2070=DIRECTION('',(0.,0.190727653289456,0.981642991250229));
#2071=DIRECTION('',(-0.416213605589287,-0.173422335662203,-0.892575446679905));
#2072=DIRECTION('',(1.,0.,0.));
#2073=DIRECTION('',(0.,1.,0.));
#2074=DIRECTION('',(0.,0.,1.));
#2075=DIRECTION('',(0.,1.,0.));
#2076=DIRECTION('',(0.,0.,1.));
#2077=DIRECTION('',(0.,0.,-1.));
#2078=DIRECTION('',(-1.,0.,0.));
#2079=DIRECTION('',(0.,0.,-1.));
#2080=DIRECTION('',(1.,0.,0.));
#2081=DIRECTION('',(0.,1.,0.));
#2082=DIRECTION('',(0.,0.514495755427544,-0.857492925712533));
#2083=DIRECTION('',(0.,-2.16840434497101E-16,1.));
#2084=DIRECTION('',(0.,1.,1.85585753143134E-16));
#2085=DIRECTION('',(0.,0.857072982457472,-0.515195014282411));
#2086=DIRECTION('',(0.,-1.85585753143134E-16,1.));
#2087=DIRECTION('',(0.,-0.857072982457472,-0.515195014282412));
#2088=DIRECTION('',(0.,-1.,0.));
#2089=DIRECTION('',(-1.,0.,0.));
#2090=DIRECTION('',(0.,1.,0.));
#2091=DIRECTION('',(0.,-0.190727653289456,-0.981642991250229));
#2092=DIRECTION('',(0.,-2.16840434497101E-16,1.));
#2093=DIRECTION('',(0.,0.514495755427544,-0.857492925712533));
#2094=DIRECTION('',(0.,-1.,0.));
#2095=DIRECTION('',(0.,-0.857072982457472,-0.515195014282412));
#2096=DIRECTION('',(0.,-1.85585753143134E-16,1.));
#2097=DIRECTION('',(0.,0.857072982457472,-0.515195014282411));
#2098=DIRECTION('',(0.,1.,1.85585753143134E-16));
#2099=DIRECTION('',(0.,2.01364765013708E-17,-1.));
#2100=DIRECTION('',(0.,1.,2.01364765013708E-17));
#2101=DIRECTION('',(0.,-1.,-2.01364765013708E-17));
#2102=DIRECTION('',(1.,0.,0.));
#2103=DIRECTION('',(0.,-1.,-2.01364765013708E-17));
#2104=DIRECTION('',(1.,0.,0.));
#2105=DIRECTION('',(0.,-2.01364765013708E-17,1.));
#2106=DIRECTION('',(0.,1.,2.01364765013708E-17));
#2107=DIRECTION('',(-1.,0.,0.));
#2108=DIRECTION('',(0.,2.01364765013708E-17,-1.));
#2109=DIRECTION('',(0.,1.,2.01364765013708E-17));
#2110=DIRECTION('',(-1.,0.,0.));
#2111=DIRECTION('',(1.,0.,0.));
#2112=DIRECTION('',(0.,1.,0.));
#2113=DIRECTION('',(0.,0.637241353838557,0.770664295888945));
#2114=DIRECTION('',(0.,0.923437332884679,0.383749256982773));
#2115=DIRECTION('',(0.,0.942136931122916,-0.335228284925802));
#2116=DIRECTION('',(0.,0.637241353838557,0.770664295888945));
#2117=DIRECTION('',(0.,0.881281912010901,0.472590934701895));
#2118=DIRECTION('',(1.,0.,0.));
#2119=DIRECTION('',(0.,1.,0.));
#2120=DIRECTION('',(1.,0.,0.));
#2121=DIRECTION('',(0.,0.,-1.));
#2122=DIRECTION('',(1.,0.,0.));
#2123=DIRECTION('',(0.,0.,-1.));
#2124=DIRECTION('',(0.,1.,1.85585753143134E-16));
#2125=DIRECTION('',(0.,-0.933806931742195,-0.357777324924636));
#2126=DIRECTION('',(0.,0.637241353838557,0.770664295888945));
#2127=DIRECTION('',(0.,0.881281912010901,0.472590934701895));
#2128=DIRECTION('',(0.,-0.637241353838557,-0.770664295888945));
#2129=DIRECTION('',(0.,0.942136931122916,-0.335228284925802));
#2130=DIRECTION('',(0.,0.335228284925802,0.942136931122916));
#2131=DIRECTION('',(1.,0.,0.));
#2132=DIRECTION('',(0.,0.,-1.));
#2133=DIRECTION('',(0.,0.,1.));
#2134=DIRECTION('',(1.,0.,0.));
#2135=DIRECTION('',(0.,0.,-1.));
#2136=DIRECTION('',(0.,0.,-1.));
#2137=DIRECTION('',(0.,0.707106781186547,-0.707106781186548));
#2138=DIRECTION('',(1.,0.,0.));
#2139=DIRECTION('',(0.,0.,-1.));
#2140=DIRECTION('',(0.,-0.707106781186547,0.707106781186548));
#2141=DIRECTION('',(1.,0.,0.));
#2142=DIRECTION('',(0.,0.,-1.));
#2143=DIRECTION('',(0.,-0.976296007119933,0.216439613938103));
#2144=DIRECTION('',(0.,0.976296007119933,-0.216439613938103));
#2145=DIRECTION('',(0.,0.514495755427544,-0.857492925712533));
#2146=DIRECTION('',(0.,-1.,0.));
#2147=DIRECTION('',(1.,0.,0.));
#2148=DIRECTION('',(0.,0.,-1.));
#2149=DIRECTION('',(0.,1.,0.));
#2150=DIRECTION('',(0.,0.,1.));
#2151=DIRECTION('',(0.,1.,0.));
#2152=DIRECTION('',(0.,0.,1.));
#2153=DIRECTION('',(0.,1.,0.));
#2154=DIRECTION('',(0.,0.,1.));
#2155=DIRECTION('',(0.,0.216439613938103,0.976296007119933));
#2156=DIRECTION('',(0.,-0.976296007119933,0.216439613938103));
#2157=DIRECTION('',(0.,0.216439613938103,0.976296007119933));
#2158=DIRECTION('',(0.,-0.976296007119933,0.216439613938103));
#2159=DIRECTION('',(0.,0.216439613938103,0.976296007119933));
#2160=DIRECTION('',(0.,-0.976296007119933,0.216439613938103));
#2161=DIRECTION('',(-1.,0.,0.));
#2162=DIRECTION('',(0.,1.,0.));
#2163=DIRECTION('',(0.,-0.942136931122916,0.335228284925802));
#2164=DIRECTION('',(0.,-0.923437332884679,-0.383749256982773));
#2165=DIRECTION('',(0.,0.637241353838557,0.770664295888945));
#2166=DIRECTION('',(0.,0.881281912010901,0.472590934701895));
#2167=DIRECTION('',(0.,0.637241353838557,0.770664295888945));
#2168=DIRECTION('',(-1.,0.,0.));
#2169=DIRECTION('',(0.,1.,0.));
#2170=DIRECTION('',(1.,0.,0.));
#2171=DIRECTION('',(0.,0.,-1.));
#2172=DIRECTION('',(1.,0.,0.));
#2173=DIRECTION('',(0.,0.,-1.));
#2174=DIRECTION('',(0.,-0.933806931742195,-0.357777324924636));
#2175=DIRECTION('',(0.,-1.,-1.85585753143134E-16));
#2176=DIRECTION('',(-1.,0.,0.));
#2177=DIRECTION('',(0.,0.,1.));
#2178=DIRECTION('',(0.,1.,0.));
#2179=DIRECTION('',(0.,0.514495755427544,-0.857492925712533));
#2180=DIRECTION('',(0.,0.976296007119933,-0.216439613938103));
#2181=DIRECTION('',(0.,0.976296007119933,-0.216439613938103));
#2182=DIRECTION('',(-1.,0.,0.));
#2183=DIRECTION('',(0.,0.,1.));
#2184=DIRECTION('',(0.,0.707106781186547,-0.707106781186548));
#2185=DIRECTION('',(-1.,0.,0.));
#2186=DIRECTION('',(0.,0.,1.));
#2187=DIRECTION('',(0.,0.707106781186547,-0.707106781186548));
#2188=DIRECTION('',(0.,0.,-1.));
#2189=DIRECTION('',(-1.,0.,0.));
#2190=DIRECTION('',(0.,0.,1.));
#2191=DIRECTION('',(0.,0.,-1.));
#2192=DIRECTION('',(-1.,0.,0.));
#2193=DIRECTION('',(0.,0.,1.));
#2194=DIRECTION('',(0.,-0.335228284925802,-0.942136931122916));
#2195=DIRECTION('',(0.,-0.942136931122916,0.335228284925802));
#2196=DIRECTION('',(0.,-0.637241353838557,-0.770664295888945));
#2197=DIRECTION('',(0.,0.881281912010901,0.472590934701895));
#2198=DIRECTION('',(0.,0.637241353838557,0.770664295888945));
#2199=DIRECTION('',(0.,1.,0.));
#2200=DIRECTION('',(0.,0.,1.));
#2201=DIRECTION('',(0.,-1.,0.));
#2202=DIRECTION('',(0.,0.,1.));
#2203=DIRECTION('',(0.,1.,0.));
#2204=DIRECTION('',(0.,0.,1.));
#2205=DIRECTION('',(0.,0.216439613938103,0.976296007119933));
#2206=DIRECTION('',(0.,-0.976296007119933,0.216439613938103));
#2207=DIRECTION('',(0.,-0.216439613938103,-0.976296007119933));
#2208=DIRECTION('',(0.,-0.976296007119933,0.216439613938103));
#2209=DIRECTION('',(0.,0.216439613938103,0.976296007119933));
#2210=DIRECTION('',(0.,-0.976296007119933,0.216439613938103));
#2211=DIRECTION('',(0.,0.,-1.));
#2212=DIRECTION('',(-1.,0.,0.));
#2213=DIRECTION('',(1.,0.,0.));
#2214=DIRECTION('',(0.,-1.,0.));
#2215=DIRECTION('',(-1.,0.,0.));
#2216=DIRECTION('',(0.,1.,0.));
#2217=DIRECTION('',(-1.,0.,0.));
#2218=DIRECTION('',(0.347050935298691,-0.937846281811846,0.));
#2219=DIRECTION('',(1.,0.,0.));
#2220=DIRECTION('',(-0.347050935298691,-0.937846281811846,0.));
#2221=DIRECTION('',(-3.03576608295942E-16,-1.,0.));
#2222=DIRECTION('',(1.,0.,0.));
#2223=DIRECTION('',(3.03576608295942E-16,-1.,0.));
#2224=DIRECTION('',(-1.,0.,0.));
#2225=DIRECTION('',(-1.,0.,0.));
#2226=DIRECTION('',(0.,0.,1.));
#2227=DIRECTION('',(-1.,0.,0.));
#2228=DIRECTION('',(0.,0.,1.));
#2229=DIRECTION('',(-1.,0.,0.));
#2230=DIRECTION('',(1.,0.,0.));
#2231=DIRECTION('',(0.,0.,-1.));
#2232=DIRECTION('',(0.,0.857492925712533,0.514495755427544));
#2233=DIRECTION('',(0.,-0.514495755427544,0.857492925712533));
#2234=DIRECTION('',(-0.650944554904114,-0.390566732942488,0.650944554904115));
#2235=DIRECTION('',(0.,0.216439613938103,0.976296007119933));
#2236=DIRECTION('',(0.,-0.976296007119933,0.216439613938103));
#2237=DIRECTION('',(0.,0.216439613938103,0.976296007119933));
#2238=DIRECTION('',(0.,-0.976296007119933,0.216439613938103));
#2239=DIRECTION('',(0.,-0.216439613938103,-0.976296007119933));
#2240=DIRECTION('',(0.,-0.976296007119933,0.216439613938103));
#2241=DIRECTION('',(0.,0.707106781186548,0.707106781186547));
#2242=DIRECTION('',(0.,-0.707106781186547,0.707106781186548));
#2243=DIRECTION('',(-1.,0.,0.));
#2244=DIRECTION('',(-1.,0.,0.));
#2245=DIRECTION('',(0.,1.,0.));
#2246=DIRECTION('',(0.,0.,1.));
#2247=DIRECTION('',(-1.,0.,0.));
#2248=DIRECTION('',(0.,-1.85585753143134E-16,1.));
#2249=DIRECTION('',(0.,-1.,-1.85585753143134E-16));
#2250=DIRECTION('',(0.,1.,1.85585753143134E-16));
#2251=DIRECTION('',(1.,0.,0.));
#2252=DIRECTION('',(1.,0.,0.));
#2253=DIRECTION('',(0.347050935298691,0.937846281811846,1.74050908542539E-16));
#2254=DIRECTION('',(-1.,0.,0.));
#2255=DIRECTION('',(-0.347050935298691,0.937846281811846,1.74050908542539E-16));
#2256=DIRECTION('',(-1.,0.,0.));
#2257=DIRECTION('',(-1.,0.,0.));
#2258=DIRECTION('',(0.,-1.,-1.85585753143134E-16));
#2259=DIRECTION('',(-1.,0.,0.));
#2260=DIRECTION('',(3.03576608295942E-16,1.,1.85585753143134E-16));
#2261=DIRECTION('',(1.,0.,0.));
#2262=DIRECTION('',(-3.03576608295942E-16,1.,1.85585753143134E-16));
#2263=DIRECTION('',(-1.,0.,0.));
#2264=DIRECTION('',(0.,0.,1.));
#2265=DIRECTION('',(1.,-3.03576608295942E-16,-5.63394934872405E-32));
#2266=DIRECTION('',(3.03576608295942E-16,1.,0.));
#2267=DIRECTION('',(1.,-3.03576608295942E-16,-5.63394934872405E-32));
#2268=DIRECTION('',(3.03576608295942E-16,1.,0.));
#2269=DIRECTION('',(1.,-3.03576608295942E-16,-5.63394934872405E-32));
#2270=DIRECTION('',(3.03576608295942E-16,1.,0.));
#2271=DIRECTION('',(3.03576608295942E-16,1.,0.));
#2272=DIRECTION('',(0.,-1.85585753143134E-16,1.));
#2273=DIRECTION('',(-3.03576608295942E-16,-1.,-1.85585753143134E-16));
#2274=DIRECTION('',(1.,-3.03576608295942E-16,-5.63394934872405E-32));
#2275=DIRECTION('',(3.03576608295942E-16,1.,0.));
#2276=DIRECTION('',(-3.03576608295942E-16,-1.,-1.85585753143134E-16));
#2277=DIRECTION('',(0.,1.85585753143134E-16,-1.));
#2278=DIRECTION('',(3.03576608295942E-16,1.,0.));
#2279=DIRECTION('',(0.,1.,1.85585753143134E-16));
#2280=DIRECTION('',(0.,-1.85585753143134E-16,1.));
#2281=DIRECTION('',(1.,0.,0.));
#2282=DIRECTION('',(0.,-1.85585753143134E-16,1.));
#2283=DIRECTION('',(-1.,0.,0.));
#2284=DIRECTION('',(0.,-1.85585753143134E-16,1.));
#2285=DIRECTION('',(0.,-1.,-1.85585753143134E-16));
#2286=DIRECTION('',(0.,1.85585753143134E-16,-1.));
#2287=DIRECTION('',(0.,1.85585753143134E-16,-1.));
#2288=DIRECTION('',(1.,0.,0.));
#2289=DIRECTION('',(0.,1.85585753143134E-16,-1.));
#2290=DIRECTION('',(-1.,0.,0.));
#2291=DIRECTION('',(-0.937846281811846,-0.347050935298691,-6.44077092064367E-17));
#2292=DIRECTION('',(0.347050935298691,-0.937846281811846,0.));
#2293=DIRECTION('',(0.,-1.85585753143134E-16,1.));
#2294=DIRECTION('',(-0.347050935298691,0.937846281811846,-3.08148791101958E-33));
#2295=DIRECTION('',(0.347050935298691,-0.937846281811846,-1.74050908542539E-16));
#2296=DIRECTION('',(0.,1.,1.85585753143134E-16));
#2297=DIRECTION('',(0.,-1.85585753143134E-16,1.));
#2298=DIRECTION('',(1.,0.,0.));
#2299=DIRECTION('',(0.,-1.85585753143134E-16,1.));
#2300=DIRECTION('',(-1.,0.,0.));
#2301=DIRECTION('',(0.,-0.866025403784439,-0.5));
#2302=DIRECTION('',(-1.,0.,0.));
#2303=DIRECTION('',(0.,0.5,-0.866025403784439));
#2304=DIRECTION('',(0.,0.5,-0.866025403784439));
#2305=DIRECTION('',(-0.5,0.,0.866025403784438));
#2306=DIRECTION('',(0.,-0.866025403784439,0.5));
#2307=DIRECTION('',(-1.,0.,0.));
#2308=DIRECTION('',(0.,-0.5,-0.866025403784439));
#2309=DIRECTION('',(0.,-0.5,-0.866025403784439));
#2310=DIRECTION('',(0.86602540378444,0.5,9.27928765715668E-17));
#2311=DIRECTION('',(0.,1.85585753143134E-16,-1.));
#2312=DIRECTION('',(-0.866025403784439,3.5569793135057E-16,-0.5));
#2313=DIRECTION('',(3.03576608295942E-16,1.,1.85585753143134E-16));
#2314=DIRECTION('',(-0.866025403784439,3.5569793135057E-16,-0.5));
#2315=DIRECTION('',(-0.5,-6.16086889246334E-16,0.866025403784439));
#2316=DIRECTION('',(0.5,0.,-0.866025403784439));
#2317=DIRECTION('',(0.,0.866025403784438,-0.5));
#2318=DIRECTION('',(1.,0.,0.));
#2319=DIRECTION('',(0.,0.5,0.866025403784439));
#2320=DIRECTION('',(0.,0.5,0.866025403784439));
#2321=DIRECTION('',(0.5,0.,0.866025403784439));
#2322=DIRECTION('',(-0.866025403784439,2.62905054779003E-16,0.5));
#2323=DIRECTION('',(3.03576608295942E-16,1.,0.));
#2324=DIRECTION('',(-0.866025403784439,2.62905054779003E-16,0.5));
#2325=DIRECTION('',(-0.5,-4.55364912443912E-16,-0.866025403784439));
#2326=DIRECTION('',(-0.5,2.16840434497101E-16,-0.866025403784439));
#2327=DIRECTION('',(0.5,-0.866025403784437,-1.60721976802421E-16));
#2328=DIRECTION('',(0.,1.85585753143134E-16,-1.));
#2329=DIRECTION('',(0.,-0.5,0.866025403784439));
#2330=DIRECTION('',(0.,0.866025403784439,0.5));
#2331=DIRECTION('',(1.,0.,0.));
#2332=DIRECTION('',(0.,-0.5,0.866025403784439));
#2333=DIRECTION('',(0.,-0.866025403784438,0.5));
#2334=DIRECTION('',(-1.,0.,0.));
#2335=DIRECTION('',(0.328760582732321,-0.472206649477087,-0.817885908566181));
#2336=DIRECTION('',(-0.328760582732321,-0.472206649477087,-0.817885908566181));
#2337=DIRECTION('',(0.812198704893838,0.300554926375816,-0.5));
#2338=DIRECTION('',(-0.347050935298691,0.937846281811846,0.));
#2339=DIRECTION('',(0.,-0.866025403784438,-0.5));
#2340=DIRECTION('',(-1.,0.,0.));
#2341=DIRECTION('',(-0.328760582732322,0.472206649477088,-0.817885908566181));
#2342=DIRECTION('',(0.328760582732322,0.472206649477088,-0.817885908566181));
#2343=DIRECTION('',(0.812198704893837,0.300554926375815,0.5));
#2344=DIRECTION('',(-0.347050935298691,0.937846281811846,1.74050908542539E-16));
#2345=DIRECTION('',(-1.,0.,0.));
#2346=DIRECTION('',(0.,0.,1.));
#2347=DIRECTION('',(-1.,0.,0.));
#2348=DIRECTION('',(0.,0.,1.));
#2349=DIRECTION('',(-1.,0.,0.));
#2350=DIRECTION('',(0.,0.,1.));
#2351=DIRECTION('',(0.,0.357777324924636,-0.933806931742195));
#2352=DIRECTION('',(0.,0.933806931742195,0.357777324924636));
#2353=DIRECTION('',(0.648347435145417,-0.710948867004182,-0.272391835130627));
#2354=DIRECTION('',(0.336866151067219,0.879228293749875,0.336866151067219));
#2355=DIRECTION('',(0.,1.,0.));
#2356=DIRECTION('',(-1.,0.,0.));
#2357=DIRECTION('',(0.,1.,0.));
#2358=DIRECTION('',(0.,0.,1.));
#2359=DIRECTION('',(0.,0.216439613938103,0.976296007119933));
#2360=DIRECTION('',(1.,0.,0.));
#2361=DIRECTION('',(0.,0.216439613938103,0.976296007119933));
#2362=DIRECTION('',(0.,-0.976296007119933,0.216439613938103));
#2363=DIRECTION('',(0.,0.216439613938103,0.976296007119933));
#2364=DIRECTION('',(0.,-0.976296007119933,0.216439613938103));
#2365=DIRECTION('',(0.,1.,0.));
#2366=DIRECTION('',(0.,0.,1.));
#2367=DIRECTION('',(0.,0.857492925712533,0.514495755427544));
#2368=DIRECTION('',(0.,-0.514495755427544,0.857492925712533));
#2369=DIRECTION('',(-0.650944554904113,0.390566732942488,-0.650944554904116));
#2370=DIRECTION('',(-1.,-3.03576608295942E-16,-5.63394934872405E-32));
#2371=DIRECTION('',(-3.03576608295942E-16,1.,0.));
#2372=DIRECTION('',(1.,3.03576608295942E-16,5.63394934872405E-32));
#2373=DIRECTION('',(-3.03576608295942E-16,1.,0.));
#2374=DIRECTION('',(1.,3.03576608295942E-16,5.63394934872405E-32));
#2375=DIRECTION('',(-3.03576608295942E-16,1.,0.));
#2376=DIRECTION('',(-3.03576608295942E-16,1.,0.));
#2377=DIRECTION('',(0.,1.85585753143134E-16,-1.));
#2378=DIRECTION('',(3.03576608295942E-16,-1.,-1.85585753143134E-16));
#2379=DIRECTION('',(1.,3.03576608295942E-16,5.63394934872405E-32));
#2380=DIRECTION('',(-3.03576608295942E-16,1.,0.));
#2381=DIRECTION('',(3.03576608295942E-16,-1.,-1.85585753143134E-16));
#2382=DIRECTION('',(0.,-1.85585753143134E-16,1.));
#2383=DIRECTION('',(-3.03576608295942E-16,1.,0.));
#2384=DIRECTION('',(0.937846281811846,-0.347050935298691,-6.44077092064367E-17));
#2385=DIRECTION('',(-0.347050935298691,-0.937846281811846,0.));
#2386=DIRECTION('',(-0.347050935298691,-0.937846281811846,-1.74050908542539E-16));
#2387=DIRECTION('',(0.347050935298691,0.937846281811846,-3.08148791101958E-33));
#2388=DIRECTION('',(0.5,0.,0.866025403784438));
#2389=DIRECTION('',(-0.86602540378444,0.5,9.27928765715668E-17));
#2390=DIRECTION('',(0.,1.85585753143134E-16,-1.));
#2391=DIRECTION('',(0.866025403784439,3.5569793135057E-16,-0.5));
#2392=DIRECTION('',(-3.03576608295942E-16,1.,1.85585753143134E-16));
#2393=DIRECTION('',(-0.866025403784439,-3.5569793135057E-16,0.5));
#2394=DIRECTION('',(0.5,-6.16086889246334E-16,0.866025403784439));
#2395=DIRECTION('',(-0.5,0.,-0.866025403784439));
#2396=DIRECTION('',(-0.5,0.,0.866025403784439));
#2397=DIRECTION('',(0.866025403784439,2.62905054779003E-16,0.5));
#2398=DIRECTION('',(-3.03576608295942E-16,1.,0.));
#2399=DIRECTION('',(-0.866025403784439,-2.62905054779003E-16,-0.5));
#2400=DIRECTION('',(0.5,-4.55364912443912E-16,-0.866025403784439));
#2401=DIRECTION('',(0.5,2.16840434497101E-16,-0.866025403784439));
#2402=DIRECTION('',(-0.5,-0.866025403784437,-1.60721976802421E-16));
#2403=DIRECTION('',(0.,1.85585753143134E-16,-1.));
#2404=DIRECTION('',(-0.812198704893838,0.300554926375816,-0.5));
#2405=DIRECTION('',(0.347050935298691,0.937846281811846,0.));
#2406=DIRECTION('',(-0.812198704893837,0.300554926375815,0.5));
#2407=DIRECTION('',(0.347050935298691,0.937846281811846,1.74050908542539E-16));
#2408=DIRECTION('',(1.,0.,0.));
#2409=DIRECTION('',(0.,0.,1.));
#2410=DIRECTION('',(1.,0.,0.));
#2411=DIRECTION('',(0.,0.,1.));
#2412=DIRECTION('',(1.,0.,0.));
#2413=DIRECTION('',(0.,0.,1.));
#2414=DIRECTION('',(0.,0.357777324924636,-0.933806931742195));
#2415=DIRECTION('',(0.,0.933806931742195,0.357777324924636));
#2416=DIRECTION('',(0.648347435145417,0.710948867004182,0.272391835130627));
#2417=DIRECTION('',(0.336866151067218,-0.879228293749875,-0.336866151067219));
#2418=DIRECTION('',(0.,1.,0.));
#2419=DIRECTION('',(1.,0.,0.));
#2420=DIRECTION('',(0.,-1.,0.));
#2421=DIRECTION('',(0.,0.,1.));
#2422=DIRECTION('',(0.,0.216439613938103,0.976296007119933));
#2423=DIRECTION('',(-1.,0.,0.));
#2424=DIRECTION('',(0.,-0.216439613938103,-0.976296007119933));
#2425=DIRECTION('',(0.,-0.976296007119933,0.216439613938103));
#2426=DIRECTION('',(0.,0.216439613938103,0.976296007119933));
#2427=DIRECTION('',(0.,-0.976296007119933,0.216439613938103));
#2428=DIRECTION('',(0.,1.,0.));
#2429=DIRECTION('',(0.,0.,1.));
#2430=DIRECTION('',(-0.5,0.667414858029473,-0.551867200766179));
#2431=DIRECTION('',(0.,-0.637241353838557,-0.770664295888945));
#2432=DIRECTION('',(-0.861884260061156,-0.321246076472044,0.392372884652026));
#2433=DIRECTION('',(0.,-0.637241353838557,-0.770664295888945));
#2434=DIRECTION('',(0.,0.770664295888945,-0.637241353838557));
#2435=DIRECTION('',(0.,0.637241353838557,0.770664295888945));
#2436=DIRECTION('',(-1.,0.,0.));
#2437=DIRECTION('',(0.,0.770664295888945,-0.637241353838557));
#2438=DIRECTION('',(0.,0.637241353838557,0.770664295888945));
#2439=DIRECTION('',(-1.,0.,0.));
#2440=DIRECTION('',(-1.,0.,0.));
#2441=DIRECTION('',(0.547776869033273,-0.533131709136285,-0.644756607151512));
#2442=DIRECTION('',(0.,0.472590934701895,-0.881281912010901));
#2443=DIRECTION('',(0.,0.881281912010901,0.472590934701895));
#2444=DIRECTION('',(0.,-0.881281912010901,-0.472590934701895));
#2445=DIRECTION('',(-0.5,0.409275755050074,-0.763212523697163));
#2446=DIRECTION('',(0.,-0.881281912010901,-0.472590934701895));
#2447=DIRECTION('',(0.5,0.667414858029473,-0.551867200766179));
#2448=DIRECTION('',(0.,-0.637241353838557,-0.770664295888945));
#2449=DIRECTION('',(0.,-0.637241353838557,-0.770664295888945));
#2450=DIRECTION('',(0.861884260061156,-0.321246076472044,0.392372884652026));
#2451=DIRECTION('',(0.,0.472590934701895,-0.881281912010901));
#2452=DIRECTION('',(0.,0.881281912010901,0.472590934701895));
#2453=DIRECTION('',(1.,0.,0.));
#2454=DIRECTION('',(0.,-0.881281912010901,-0.472590934701895));
#2455=DIRECTION('',(1.,0.,0.));
#2456=DIRECTION('',(0.,0.770664295888945,-0.637241353838557));
#2457=DIRECTION('',(0.,0.637241353838557,0.770664295888945));
#2458=DIRECTION('',(-0.547776869033273,-0.533131709136285,-0.644756607151512));
#2459=DIRECTION('',(1.,0.,0.));
#2460=DIRECTION('',(0.,0.770664295888945,-0.637241353838557));
#2461=DIRECTION('',(0.,0.637241353838557,0.770664295888945));
#2462=DIRECTION('',(0.5,0.409275755050074,-0.763212523697163));
#2463=DIRECTION('',(0.,-0.881281912010901,-0.472590934701895));
#2464=DIRECTION('',(0.,-0.335228284925802,-0.942136931122916));
#2465=DIRECTION('',(-1.,0.,0.));
#2466=DIRECTION('',(1.,0.,0.));
#2467=DIRECTION('',(-1.,0.,0.));
#2468=DIRECTION('',(0.,-0.923879532511287,-0.38268343236509));
#2469=DIRECTION('',(-1.,0.,0.));
#2470=DIRECTION('',(-1.,0.,0.));
#2471=DIRECTION('',(-1.,0.,0.));
#2472=DIRECTION('',(0.,1.,0.));
#2473=DIRECTION('',(0.,0.,1.));
#2474=DIRECTION('',(1.,0.,0.));
#2475=DIRECTION('',(-1.,0.,0.));
#2476=DIRECTION('',(0.,-0.985428062093554,0.170092723061695));
#2477=DIRECTION('',(-1.,0.,0.));
#2478=DIRECTION('',(0.,0.942136931122916,-0.335228284925802));
#2479=DIRECTION('',(0.,0.335228284925802,0.942136931122916));
#2480=DIRECTION('',(1.,0.,0.));
#2481=DIRECTION('',(1.,0.,0.));
#2482=DIRECTION('',(0.,-0.335228284925802,-0.942136931122916));
#2483=DIRECTION('',(-1.,0.,0.));
#2484=DIRECTION('',(0.,0.707106781186548,0.707106781186547));
#2485=DIRECTION('',(0.,-0.707106781186547,0.707106781186548));
#2486=DIRECTION('',(-1.,0.,0.));
#2487=DIRECTION('',(1.,0.,0.));
#2488=DIRECTION('',(-1.,0.,1.39719465593542E-17));
#2489=DIRECTION('',(-1.22495793779013E-17,-0.480988768919388,-0.876726755707508));
#2490=DIRECTION('',(1.,0.,0.));
#2491=DIRECTION('',(-1.,0.,0.));
#2492=DIRECTION('',(0.,-0.923879532511287,-0.38268343236509));
#2493=DIRECTION('',(0.,0.216439613938103,0.976296007119933));
#2494=DIRECTION('',(0.,-0.976296007119933,0.216439613938103));
#2495=DIRECTION('',(0.,-0.383749256982773,0.923437332884679));
#2496=DIRECTION('',(0.,-0.923437332884679,-0.383749256982773));
#2497=DIRECTION('',(-0.911507378942909,-0.379794741226212,-0.157829821863748));
#2498=DIRECTION('',(0.,-0.383749256982773,0.923437332884679));
#2499=DIRECTION('',(0.,-0.923437332884679,-0.383749256982773));
#2500=DIRECTION('',(0.911507378942909,-0.379794741226212,-0.157829821863748));
#2501=DIRECTION('',(1.,0.,0.));
#2502=DIRECTION('',(0.,-0.981642991250229,0.190727653289456));
#2503=DIRECTION('',(0.,-0.190727653289456,-0.981642991250229));
#2504=DIRECTION('',(0.416213605589287,-0.173422335662203,-0.892575446679905));
#2505=DIRECTION('',(-0.384615384615385,0.923076923076923,2.00160401074247E-16));
#2506=DIRECTION('',(-0.923076923076923,-0.384615384615385,0.));
#2507=DIRECTION('',(7.69847696439412E-17,-1.84763447145458E-16,1.));
#2508=DIRECTION('',(0.,2.16840434497101E-16,-1.));
#2509=DIRECTION('',(0.,1.,2.16840434497101E-16));
#2510=DIRECTION('',(0.,2.16840434497101E-16,-1.));
#2511=DIRECTION('',(-0.384615384615385,-0.923076923076923,-2.00160401074247E-16));
#2512=DIRECTION('',(0.923076923076923,-0.384615384615385,0.));
#2513=DIRECTION('',(0.707106781186549,0.,-0.707106781186546));
#2514=DIRECTION('',(0.,1.,0.));
#2515=DIRECTION('',(0.707106781186546,0.,0.707106781186549));
#2516=DIRECTION('',(-1.,0.,0.));
#2517=DIRECTION('',(0.,0.,1.));
#2518=DIRECTION('',(0.707106781186546,0.,-0.707106781186549));
#2519=DIRECTION('',(0.707106781186548,-1.31228944539123E-16,0.707106781186547));
#2520=DIRECTION('',(0.,-1.,-1.85585753143134E-16));
#2521=DIRECTION('',(-0.707106781186548,0.,-0.707106781186547));
#2522=DIRECTION('',(0.,1.,0.));
#2523=DIRECTION('',(0.707106781186547,0.,-0.707106781186548));
#2524=DIRECTION('',(1.,0.,0.));
#2525=DIRECTION('',(0.,0.,-1.));
#2526=DIRECTION('',(0.707106781186547,0.,0.707106781186548));
#2527=DIRECTION('',(-0.707106781186548,-1.31228944539123E-16,0.707106781186548));
#2528=DIRECTION('',(0.,-1.,-1.85585753143134E-16));
#2529=CARTESIAN_POINT('',(0.,0.,0.));
#2530=CARTESIAN_POINT('',(-0.008,0.0312698774492415,0.00408367594135182));
#2531=CARTESIAN_POINT('',(0.008,0.0312698774492415,0.00408367594135182));
#2532=CARTESIAN_POINT('',(0.008,0.0284583333333333,0.00689522005725995));
#2533=CARTESIAN_POINT('',(0.008,0.0281767766952967,0.00717677669529664));
#2534=CARTESIAN_POINT('',(-0.00561538811293285,0.034131411713722,0.00122214167687124));
#2535=CARTESIAN_POINT('',(0.00134615384615383,0.0312307692307693,0.00412278415982404));
#2536=CARTESIAN_POINT('',(2.6074858084755E-17,0.028,0.00735355339059335));
#2537=CARTESIAN_POINT('',(-0.00134615384615385,0.0312307692307692,0.00412278415982405));
#2538=CARTESIAN_POINT('',(-0.00626090054686096,0.0291829581054746,0.00617059528511867));
#2539=CARTESIAN_POINT('',(-0.008,0.0284583333333333,0.00689522005725994));
#2540=CARTESIAN_POINT('',(-0.008,0.0312698774492415,0.00408367594135182));
#2541=CARTESIAN_POINT('',(-0.008,0.0281767766952967,0.00717677669529663));
#2542=CARTESIAN_POINT('',(-0.008,0.0281767766952967,0.00717677669529664));
#2543=CARTESIAN_POINT('',(-0.012,0.0281767766952967,0.00717677669529664));
#2544=CARTESIAN_POINT('',(-0.012,0.0312698774492415,0.00408367594135182));
#2545=CARTESIAN_POINT('',(-0.012,0.0343629782031862,0.000990575187407028));
#2546=CARTESIAN_POINT('',(-0.008,0.0343629782031862,0.000990575187407028));
#2547=CARTESIAN_POINT('',(0.012,0.0343629782031862,0.000990575187407028));
#2548=CARTESIAN_POINT('',(0.012,0.0312698774492415,0.00408367594135182));
#2549=CARTESIAN_POINT('',(0.012,0.0281767766952967,0.00717677669529664));
#2550=CARTESIAN_POINT('',(-0.008,0.0281767766952967,0.00717677669529664));
#2551=CARTESIAN_POINT('',(-0.008,0.0281767766952967,0.0108434433773896));
#2552=CARTESIAN_POINT('',(0.01,0.0281767766952967,0.012312238122948));
#2553=CARTESIAN_POINT('',(0.01,0.0281767766952967,0.013312238122948));
#2554=CARTESIAN_POINT('',(0.008,0.0281767766952967,0.0108434433773896));
#2555=CARTESIAN_POINT('',(0.008,0.0281767766952967,0.0145101100594825));
#2556=CARTESIAN_POINT('',(0.012,0.0281767766952967,0.0108434433773896));
#2557=CARTESIAN_POINT('',(0.012,0.0281767766952967,0.0145101100594825));
#2558=CARTESIAN_POINT('',(0.008,0.0281767766952967,0.0145101100594825));
#2559=CARTESIAN_POINT('',(-0.008002,0.0287829642684507,0.0176300550297413));
#2560=CARTESIAN_POINT('',(-0.008,0.0287829642684507,0.0176300550297413));
#2561=CARTESIAN_POINT('',(-0.008,0.0284583333333333,0.0159592344816722));
#2562=CARTESIAN_POINT('',(-0.008,0.0293891518416048,0.02075));
#2563=CARTESIAN_POINT('',(-0.00735620111752337,0.0287265828676986,0.017339869490672));
#2564=CARTESIAN_POINT('',(-0.00576603558014845,0.0293891518416048,0.02075));
#2565=CARTESIAN_POINT('',(-0.008002,0.0293891518416048,0.02075));
#2566=CARTESIAN_POINT('',(-0.008,0.0281767766952967,0.0108434433773896));
#2567=CARTESIAN_POINT('',(-0.01,0.0281767766952967,0.012312238122948));
#2568=CARTESIAN_POINT('',(-0.01,0.0281767766952967,0.013312238122948));
#2569=CARTESIAN_POINT('',(-0.008,0.0281767766952967,0.0108434433773896));
#2570=CARTESIAN_POINT('',(-0.008,0.0281767766952967,0.0145101100594825));
#2571=CARTESIAN_POINT('',(-0.008,0.0281767766952967,0.0145101100594825));
#2572=CARTESIAN_POINT('',(-0.012,0.0281767766952967,0.0145101100594825));
#2573=CARTESIAN_POINT('',(-0.012,0.0281767766952967,0.0108434433773896));
#2574=CARTESIAN_POINT('',(-0.008,0.0177149537728517,0.0105));
#2575=CARTESIAN_POINT('',(-0.008,0.0271548097362811,0.0162133883245087));
#2576=CARTESIAN_POINT('',(-0.008,0.0271328427309862,0.01625));
#2577=CARTESIAN_POINT('',(-0.008,0.0284583333333333,0.0265));
#2578=CARTESIAN_POINT('',(-0.008,0.0106945759208024,0.02075));
#2579=CARTESIAN_POINT('',(-0.008,0.0235077304181491,0.02075));
#2580=CARTESIAN_POINT('',(-0.008,0.0214264971145955,0.0220010498446409));
#2581=CARTESIAN_POINT('',(-0.008,0.0263891518416048,0.0190179491924312));
#2582=CARTESIAN_POINT('',(-0.008,0.0263891518416048,0.016248));
#2583=CARTESIAN_POINT('',(-0.008,0.0263891518416048,0.0179820508075688));
#2584=CARTESIAN_POINT('',(-0.008,0.000624430925041785,0.00249462321122682));
#2585=CARTESIAN_POINT('',(-0.008,0.0235077304181491,0.01625));
#2586=CARTESIAN_POINT('',(-0.008,-0.0119099171963775,0.01625));
#2587=CARTESIAN_POINT('',(0.008,0.0177149537728517,0.0105));
#2588=CARTESIAN_POINT('',(0.008,0.0287829642684507,0.0176300550297413));
#2589=CARTESIAN_POINT('',(0.008,0.0293891518416048,0.02075));
#2590=CARTESIAN_POINT('',(0.008,0.0284583333333333,0.0159592344816722));
#2591=CARTESIAN_POINT('',(0.008,0.0284583333333333,0.0015));
#2592=CARTESIAN_POINT('',(0.008,0.0271548097362811,0.0162133883245087));
#2593=CARTESIAN_POINT('',(0.008,0.0271328427309862,0.01625));
#2594=CARTESIAN_POINT('',(0.008,-0.0119099171963775,0.01625));
#2595=CARTESIAN_POINT('',(0.008,0.0235077304181491,0.01625));
#2596=CARTESIAN_POINT('',(0.008,0.000624430925041785,0.00249462321122682));
#2597=CARTESIAN_POINT('',(0.008,0.0263891518416048,0.0179820508075688));
#2598=CARTESIAN_POINT('',(0.008,0.0263891518416048,0.016248));
#2599=CARTESIAN_POINT('',(0.008,0.0263891518416048,0.0190179491924312));
#2600=CARTESIAN_POINT('',(0.008,0.0214264971145955,0.0220010498446409));
#2601=CARTESIAN_POINT('',(0.008,0.0235077304181491,0.02075));
#2602=CARTESIAN_POINT('',(0.008,0.0106945759208024,0.02075));
#2603=CARTESIAN_POINT('',(-0.008,0.0482536458351215,3.98837979940369E-19));
#2604=CARTESIAN_POINT('',(-0.012,0.0482536458351215,3.98837979940369E-19));
#2605=CARTESIAN_POINT('',(-0.012,0.057312079385921,-1.7347234759768E-18));
#2606=CARTESIAN_POINT('',(-0.012,0.0388311741245397,2.09102599755405E-19));
#2607=CARTESIAN_POINT('',(-0.008,0.057312079385921,5.8124291427527E-19));
#2608=CARTESIAN_POINT('',(0.012,0.057312079385921,-1.7347234759768E-18));
#2609=CARTESIAN_POINT('',(0.012,0.0482536458351215,3.98837979940369E-19));
#2610=CARTESIAN_POINT('',(0.012,0.0388311741245397,2.09102599755405E-19));
#2611=CARTESIAN_POINT('',(0.008,0.0388311741245397,2.09102599755405E-19));
#2612=CARTESIAN_POINT('',(0.0107494327396835,0.0388311741245397,2.09102599755405E-19));
#2613=CARTESIAN_POINT('',(0.01,0.0395093296022088,0.));
#2614=CARTESIAN_POINT('',(0.00925056726031654,0.0388311741245397,2.09102599755405E-19));
#2615=CARTESIAN_POINT('',(-0.008,0.0388311741245397,2.09102599755405E-19));
#2616=CARTESIAN_POINT('',(-0.00925056726031654,0.0388311741245397,2.09102599755405E-19));
#2617=CARTESIAN_POINT('',(-0.01,0.0395093296022088,0.));
#2618=CARTESIAN_POINT('',(-0.0107494327396835,0.0388311741245397,2.09102599755405E-19));
#2619=CARTESIAN_POINT('',(-0.008,0.0388311741245397,2.09102599755405E-19));
#2620=CARTESIAN_POINT('',(-0.008,0.0177149537728517,0.0105));
#2621=CARTESIAN_POINT('',(-0.008,0.0313008759031204,0.0230619928876668));
#2622=CARTESIAN_POINT('',(-0.008,0.0332125999646362,0.0253739857753337));
#2623=CARTESIAN_POINT('',(-0.008,0.032072805520441,0.0218652355103897));
#2624=CARTESIAN_POINT('',(-0.008,0.0347564591992773,0.0229804710207793));
#2625=CARTESIAN_POINT('',(-0.008,0.0235717631098379,0.0269601754178993));
#2626=CARTESIAN_POINT('',(-0.008,0.034991993432058,0.0228966639495478));
#2627=CARTESIAN_POINT('',(-0.008,0.0375409588474122,0.0259793211331036));
#2628=CARTESIAN_POINT('',(-0.008,0.0400899242627665,0.0290619783166594));
#2629=CARTESIAN_POINT('',(-0.008,0.0366512621137013,0.0272179820459966));
#2630=CARTESIAN_POINT('',(-0.012,0.0177149537728517,0.0105));
#2631=CARTESIAN_POINT('',(-0.012,-0.008,0.0185));
#2632=CARTESIAN_POINT('',(-0.012,-0.008,0.0175));
#2633=CARTESIAN_POINT('',(-0.012,-0.019,0.0185));
#2634=CARTESIAN_POINT('',(-0.012,-0.019,0.0175));
#2635=CARTESIAN_POINT('',(-0.012,0.0293891518416048,0.01975));
#2636=CARTESIAN_POINT('',(-0.012,-0.019,0.01975));
#2637=CARTESIAN_POINT('',(-0.012,0.0267791291635637,0.01975));
#2638=CARTESIAN_POINT('',(-0.012,0.0321905726368314,0.0218233319747739));
#2639=CARTESIAN_POINT('',(-0.012,0.0331877310986002,0.0222053817056663));
#2640=CARTESIAN_POINT('',(-0.012,0.021156096056346,0.00765461300181866));
#2641=CARTESIAN_POINT('',(-0.012,0.0345037583068067,0.023796953212559));
#2642=CARTESIAN_POINT('',(-0.012,0.0159266094093222,0.0138348831395154));
#2643=CARTESIAN_POINT('',(-0.012,0.0367184375879832,0.0249845837962481));
#2644=CARTESIAN_POINT('',(-0.012,0.0375409588474122,0.0259793211331036));
#2645=CARTESIAN_POINT('',(-0.012,0.0349919934320579,0.0228966639495478));
#2646=CARTESIAN_POINT('',(-0.012,0.0235717631098379,0.0269601754178993));
#2647=CARTESIAN_POINT('',(-0.012,0.0347564591992773,0.0229804710207793));
#2648=CARTESIAN_POINT('',(-0.012,0.028899649862291,0.00652029560287993));
#2649=CARTESIAN_POINT('',(-0.012,0.0324660920396821,0.0165435455466555));
#2650=CARTESIAN_POINT('',(-0.012,0.0371767766952967,0.0148674041220265));
#2651=CARTESIAN_POINT('',(-0.012,0.0321767766952967,0.0148674041220265));
#2652=CARTESIAN_POINT('',(-0.012,0.0321767766952967,0.0105));
#2653=CARTESIAN_POINT('',(-0.012,0.0321767766952967,0.0109046987566545));
#2654=CARTESIAN_POINT('',(-0.012,0.0371767766952967,0.0109046987566545));
#2655=CARTESIAN_POINT('',(-0.012,0.0324267766952967,0.00934344925705489));
#2656=CARTESIAN_POINT('',(-0.012,0.0324267766952967,0.012312238122948));
#2657=CARTESIAN_POINT('',(-0.012,0.0324267766952967,0.00893718433538229));
#2658=CARTESIAN_POINT('',(-0.012,0.0344595108422724,0.00690445018840659));
#2659=CARTESIAN_POINT('',(-0.012,0.0327140493763695,0.00864991165430935));
#2660=CARTESIAN_POINT('',(-0.012,0.0371767766952967,0.0109046987566545));
#2661=CARTESIAN_POINT('',(-0.012,0.0336412427893639,0.00736916485072174));
#2662=CARTESIAN_POINT('',(-0.012,0.0241126807064687,0.016897726933617));
#2663=CARTESIAN_POINT('',(-0.012,0.0353364798442079,0.00567392779587781));
#2664=CARTESIAN_POINT('',(-0.012,0.0388720137501406,0.00920946170181055));
#2665=CARTESIAN_POINT('',(-0.012,0.03778981568045,0.00432798166621088));
#2666=CARTESIAN_POINT('',(-0.012,0.0173511790615511,0.00885911831631932));
#2667=CARTESIAN_POINT('',(-0.012,0.036597076163863,0.000495287593703524));
#2668=CARTESIAN_POINT('',(-0.012,0.0271548097362811,0.0162133883245087));
#2669=CARTESIAN_POINT('',(-0.012,0.0265328427309863,0.01725));
#2670=CARTESIAN_POINT('',(-0.012,-0.019,0.01725));
#2671=CARTESIAN_POINT('',(-0.012,-0.019,0.01725));
#2672=CARTESIAN_POINT('',(-0.012,-0.019,0.0185));
#2673=CARTESIAN_POINT('',(-0.01,0.0324267766952967,0.012312238122948));
#2674=CARTESIAN_POINT('',(-0.01,0.0294267766952966,0.012312238122948));
#2675=CARTESIAN_POINT('',(-0.01,0.0294267766952966,0.013812238122948));
#2676=CARTESIAN_POINT('',(-0.01,0.0321767766952967,0.012312238122948));
#2677=CARTESIAN_POINT('',(-0.00948150898529086,0.0321767766952967,0.0109046987566545));
#2678=CARTESIAN_POINT('',(-0.0105184910147091,0.0321767766952967,0.0109046987566545));
#2679=CARTESIAN_POINT('',(-0.00948150898529087,0.0321767766952967,0.0109046987566545));
#2680=CARTESIAN_POINT('',(-0.00981619955844677,0.0321767766952967,0.0107814098035745));
#2681=CARTESIAN_POINT('',(-0.0101838007584293,0.0321767766952967,0.0107814099203012));
#2682=CARTESIAN_POINT('',(-0.0105184910147091,0.0321767766952967,0.0109046987566545));
#2683=CARTESIAN_POINT('',(-0.01,0.0403974290177277,0.00400595758567851));
#2684=CARTESIAN_POINT('',(-0.01,0.0397481101759134,0.0010770695643187));
#2685=CARTESIAN_POINT('',(-0.01,0.0382836661652335,0.00140172898522586));
#2686=CARTESIAN_POINT('',(-0.01,0.0403433191142432,0.00376188358389852));
#2687=CARTESIAN_POINT('',(-0.01,0.0388788751035634,0.00408654300480567));
#2688=CARTESIAN_POINT('',(0.008,0.0177149537728517,0.0105));
#2689=CARTESIAN_POINT('',(0.008,0.0235717631098379,0.0269601754178993));
#2690=CARTESIAN_POINT('',(0.008,0.0347564591992773,0.0229804710207793));
#2691=CARTESIAN_POINT('',(0.008,0.0349919934320579,0.0228966639495478));
#2692=CARTESIAN_POINT('',(0.008,0.032072805520441,0.0218652355103897));
#2693=CARTESIAN_POINT('',(0.008,0.0313008759031204,0.0230619928876668));
#2694=CARTESIAN_POINT('',(0.008,0.0332125999646362,0.0253739857753337));
#2695=CARTESIAN_POINT('',(0.008,0.0366512621137013,0.0272179820459966));
#2696=CARTESIAN_POINT('',(0.008,0.0400899242627665,0.0290619783166594));
#2697=CARTESIAN_POINT('',(0.008,0.0375409588474122,0.0259793211331036));
#2698=CARTESIAN_POINT('',(0.012,0.0177149537728517,0.0105));
#2699=CARTESIAN_POINT('',(0.012,-0.019,0.0185));
#2700=CARTESIAN_POINT('',(0.012,-0.019,0.0175));
#2701=CARTESIAN_POINT('',(0.012,-0.008,0.0185));
#2702=CARTESIAN_POINT('',(0.012,-0.008,0.0175));
#2703=CARTESIAN_POINT('',(0.012,0.0321905726368314,0.0218233319747739));
#2704=CARTESIAN_POINT('',(0.012,0.0331877310986001,0.0222053817056663));
#2705=CARTESIAN_POINT('',(0.012,0.0267791291635637,0.01975));
#2706=CARTESIAN_POINT('',(0.012,-0.019,0.01975));
#2707=CARTESIAN_POINT('',(0.012,-0.019,0.01975));
#2708=CARTESIAN_POINT('',(0.012,-0.019,0.0185));
#2709=CARTESIAN_POINT('',(0.012,-0.019,0.01725));
#2710=CARTESIAN_POINT('',(0.012,0.0271328427309862,0.01725));
#2711=CARTESIAN_POINT('',(0.012,0.0265328427309863,0.01725));
#2712=CARTESIAN_POINT('',(0.012,0.0271548097362811,0.0162133883245087));
#2713=CARTESIAN_POINT('',(0.012,0.036597076163863,0.000495287593703524));
#2714=CARTESIAN_POINT('',(0.012,0.0173511790615511,0.00885911831631932));
#2715=CARTESIAN_POINT('',(0.012,0.03778981568045,0.00432798166621088));
#2716=CARTESIAN_POINT('',(0.012,0.0388720137501406,0.00920946170181055));
#2717=CARTESIAN_POINT('',(0.012,0.0353364798442079,0.00567392779587781));
#2718=CARTESIAN_POINT('',(0.012,0.0241126807064687,0.016897726933617));
#2719=CARTESIAN_POINT('',(0.012,0.0336412427893639,0.00736916485072174));
#2720=CARTESIAN_POINT('',(0.012,0.0371767766952967,0.0109046987566545));
#2721=CARTESIAN_POINT('',(0.012,0.0327140493763695,0.00864991165430935));
#2722=CARTESIAN_POINT('',(0.012,0.0344595108422724,0.00690445018840659));
#2723=CARTESIAN_POINT('',(0.012,0.0324267766952967,0.00893718433538229));
#2724=CARTESIAN_POINT('',(0.012,0.0324267766952967,0.012312238122948));
#2725=CARTESIAN_POINT('',(0.012,0.0324267766952967,0.00934344925705489));
#2726=CARTESIAN_POINT('',(0.012,0.0371767766952967,0.0109046987566545));
#2727=CARTESIAN_POINT('',(0.012,0.0321767766952967,0.0109046987566545));
#2728=CARTESIAN_POINT('',(0.012,0.0321767766952967,0.0105));
#2729=CARTESIAN_POINT('',(0.012,0.0321767766952967,0.0148674041220265));
#2730=CARTESIAN_POINT('',(0.012,0.0371767766952967,0.0148674041220265));
#2731=CARTESIAN_POINT('',(0.012,0.0324660920396821,0.0165435455466555));
#2732=CARTESIAN_POINT('',(0.012,0.028899649862291,0.00652029560287993));
#2733=CARTESIAN_POINT('',(0.012,0.0347564591992773,0.0229804710207793));
#2734=CARTESIAN_POINT('',(0.012,0.0235717631098379,0.0269601754178993));
#2735=CARTESIAN_POINT('',(0.012,0.034991993432058,0.0228966639495478));
#2736=CARTESIAN_POINT('',(0.012,0.0375409588474122,0.0259793211331036));
#2737=CARTESIAN_POINT('',(0.012,0.0367184375879832,0.0249845837962481));
#2738=CARTESIAN_POINT('',(0.012,0.0159266094093222,0.0138348831395154));
#2739=CARTESIAN_POINT('',(0.012,0.0345037583068067,0.023796953212559));
#2740=CARTESIAN_POINT('',(0.012,0.021156096056346,0.00765461300181866));
#2741=CARTESIAN_POINT('',(0.01,0.0324267766952967,0.012312238122948));
#2742=CARTESIAN_POINT('',(0.01,0.0294267766952966,0.012312238122948));
#2743=CARTESIAN_POINT('',(0.01,0.0294267766952966,0.013812238122948));
#2744=CARTESIAN_POINT('',(0.01,0.0321767766952967,0.012312238122948));
#2745=CARTESIAN_POINT('',(0.0105184910147091,0.0321767766952967,0.0109046987566545));
#2746=CARTESIAN_POINT('',(0.00948150898529087,0.0321767766952967,0.0109046987566545));
#2747=CARTESIAN_POINT('',(0.0105184910147091,0.0321767766952967,0.0109046987566545));
#2748=CARTESIAN_POINT('',(0.0101838004415532,0.0321767766952967,0.0107814098035745));
#2749=CARTESIAN_POINT('',(0.00981619924157067,0.0321767766952967,0.0107814099203012));
#2750=CARTESIAN_POINT('',(0.00948150898529087,0.0321767766952967,0.0109046987566545));
#2751=CARTESIAN_POINT('',(0.01,0.0403974290177277,0.00400595758567851));
#2752=CARTESIAN_POINT('',(0.01,0.0397481101759134,0.0010770695643187));
#2753=CARTESIAN_POINT('',(0.01,0.0382836661652335,0.00140172898522586));
#2754=CARTESIAN_POINT('',(0.01,0.0403433191142432,0.00376188358389852));
#2755=CARTESIAN_POINT('',(0.01,0.0388788751035634,0.00408654300480567));
#2756=CARTESIAN_POINT('',(-0.008,-0.0119099171963775,0.01625));
#2757=CARTESIAN_POINT('',(0.008,0.0271328427309862,0.01625));
#2758=CARTESIAN_POINT('',(0.011,0.0271328427309862,0.01625));
#2759=CARTESIAN_POINT('',(0.011,-0.019,0.01625));
#2760=CARTESIAN_POINT('',(0.011,-0.019,0.01625));
#2761=CARTESIAN_POINT('',(-0.008,-0.019,0.01625));
#2762=CARTESIAN_POINT('',(-0.011,-0.019,0.01625));
#2763=CARTESIAN_POINT('',(-0.011,0.0271328427309862,0.01625));
#2764=CARTESIAN_POINT('',(-0.011,0.0271328427309862,0.01625));
#2765=CARTESIAN_POINT('',(-0.008,0.0271328427309862,0.01625));
#2766=CARTESIAN_POINT('',(-0.00393784628181184,0.0125304490647013,0.01625));
#2767=CARTESIAN_POINT('',(-0.00369622184079022,0.0118775,0.01625));
#2768=CARTESIAN_POINT('',(-0.008,0.0118775,0.01625));
#2769=CARTESIAN_POINT('',(0.00369622184079022,0.0118775,0.01625));
#2770=CARTESIAN_POINT('',(0.00393784628181184,0.0125304490647013,0.01625));
#2771=CARTESIAN_POINT('',(-0.00425,-0.0119099171963775,0.01625));
#2772=CARTESIAN_POINT('',(-0.00425,0.0038775,0.01625));
#2773=CARTESIAN_POINT('',(-0.00425,-0.0113904491924311,0.01625));
#2774=CARTESIAN_POINT('',(-0.00225,-0.0141225,0.01625));
#2775=CARTESIAN_POINT('',(-0.00291666666666667,-0.013211816397477,0.01625));
#2776=CARTESIAN_POINT('',(-0.00358333333333333,-0.0123011327949541,0.01625));
#2777=CARTESIAN_POINT('',(-0.00425,-0.0113904491924311,0.01625));
#2778=CARTESIAN_POINT('',(-0.00225,-0.0141225,0.01625));
#2779=CARTESIAN_POINT('',(-0.008,-0.0141225,0.01625));
#2780=CARTESIAN_POINT('',(0.00225,-0.0141225,0.01625));
#2781=CARTESIAN_POINT('',(0.00225,-0.0141225,0.01625));
#2782=CARTESIAN_POINT('',(0.00291666666666667,-0.013211816397477,0.01625));
#2783=CARTESIAN_POINT('',(0.00358333333333333,-0.0123011327949541,0.01625));
#2784=CARTESIAN_POINT('',(0.00425,-0.0113904491924311,0.01625));
#2785=CARTESIAN_POINT('',(0.00425,-0.0113904491924311,0.01625));
#2786=CARTESIAN_POINT('',(0.00425,-0.0119099171963775,0.01625));
#2787=CARTESIAN_POINT('',(0.00425,0.0038775,0.01625));
#2788=CARTESIAN_POINT('',(0.00425,0.0038775,0.01625));
#2789=CARTESIAN_POINT('',(0.00333931639747705,0.00454416666666667,0.01625));
#2790=CARTESIAN_POINT('',(0.00242863279495409,0.00521083333333333,0.01625));
#2791=CARTESIAN_POINT('',(0.00151794919243114,0.0058775,0.01625));
#2792=CARTESIAN_POINT('',(0.00151794919243114,0.0058775,0.01625));
#2793=CARTESIAN_POINT('',(-0.008,0.0058775,0.01625));
#2794=CARTESIAN_POINT('',(-0.00151794919243114,0.0058775,0.01625));
#2795=CARTESIAN_POINT('',(-0.00425,0.0038775,0.01625));
#2796=CARTESIAN_POINT('',(-0.00333931639747705,0.00454416666666667,0.01625));
#2797=CARTESIAN_POINT('',(-0.00242863279495409,0.00521083333333333,0.01625));
#2798=CARTESIAN_POINT('',(-0.00151794919243114,0.0058775,0.01625));
#2799=CARTESIAN_POINT('',(-0.008,-0.019,0.0185));
#2800=CARTESIAN_POINT('',(0.011,-0.019,0.0185));
#2801=CARTESIAN_POINT('',(0.011,-0.019,0.02075));
#2802=CARTESIAN_POINT('',(-0.008,-0.019,0.02075));
#2803=CARTESIAN_POINT('',(-0.011,-0.019,0.02075));
#2804=CARTESIAN_POINT('',(-0.011,-0.019,0.0185));
#2805=CARTESIAN_POINT('',(-0.008,0.0271548097362811,0.0162133883245087));
#2806=CARTESIAN_POINT('',(-0.00970771530564911,0.0279082135475969,0.0149577153056491));
#2807=CARTESIAN_POINT('',(-0.008,0.036597076163863,0.000495287593703524));
#2808=CARTESIAN_POINT('',(-0.01,0.0394775606584908,-0.000143300444581216));
#2809=CARTESIAN_POINT('',(0.01,0.0394775606584908,-0.000143300444581216));
#2810=CARTESIAN_POINT('',(-0.008,0.0344595108422724,0.00690445018840659));
#2811=CARTESIAN_POINT('',(-7.64736668010246E-6,0.0327140493763695,0.00864991165430935));
#2812=CARTESIAN_POINT('',(-0.008,0.0324267766952967,0.00893718433538229));
#2813=CARTESIAN_POINT('',(-0.008,0.0324267766952967,0.012312238122948));
#2814=CARTESIAN_POINT('',(-7.64736668010246E-6,0.0324267766952967,0.00934344925705489));
#2815=CARTESIAN_POINT('',(-0.008,0.0106945759208024,0.02075));
#2816=CARTESIAN_POINT('',(0.011,0.0293891518416048,0.02075));
#2817=CARTESIAN_POINT('',(0.011,0.0293891518416048,0.02075));
#2818=CARTESIAN_POINT('',(0.008,0.0293891518416048,0.02075));
#2819=CARTESIAN_POINT('',(0.00853589838486226,0.0293891518416048,0.02075));
#2820=CARTESIAN_POINT('',(0.008,0.0293891518416048,0.02075));
#2821=CARTESIAN_POINT('',(0.00893784628181185,0.0260421009063061,0.02075));
#2822=CARTESIAN_POINT('',(0.00369622184079022,0.0118775,0.02075));
#2823=CARTESIAN_POINT('',(-0.008,0.0118775,0.02075));
#2824=CARTESIAN_POINT('',(-0.00369622184079022,0.0118775,0.02075));
#2825=CARTESIAN_POINT('',(-0.00893784628181185,0.0260421009063061,0.02075));
#2826=CARTESIAN_POINT('',(-0.008,0.0293891518416048,0.02075));
#2827=CARTESIAN_POINT('',(-0.00853589838486225,0.0293891518416048,0.02075));
#2828=CARTESIAN_POINT('',(-0.008,0.0293891518416048,0.02075));
#2829=CARTESIAN_POINT('',(-0.011,0.0293891518416048,0.02075));
#2830=CARTESIAN_POINT('',(-0.011,-0.019,0.02075));
#2831=CARTESIAN_POINT('',(-0.008,-0.0141225,0.02075));
#2832=CARTESIAN_POINT('',(0.00225,-0.0141225,0.02075));
#2833=CARTESIAN_POINT('',(-0.00225,-0.0141225,0.02075));
#2834=CARTESIAN_POINT('',(-0.00425,-0.0113904491924311,0.02075));
#2835=CARTESIAN_POINT('',(-0.00358333333333333,-0.0123011327949541,0.02075));
#2836=CARTESIAN_POINT('',(-0.00291666666666667,-0.013211816397477,0.02075));
#2837=CARTESIAN_POINT('',(-0.00225,-0.0141225,0.02075));
#2838=CARTESIAN_POINT('',(-0.00425,-0.0113904491924311,0.02075));
#2839=CARTESIAN_POINT('',(-0.00425,0.0106945759208024,0.02075));
#2840=CARTESIAN_POINT('',(-0.00425,0.0038775,0.02075));
#2841=CARTESIAN_POINT('',(-0.00151794919243114,0.0058775,0.02075));
#2842=CARTESIAN_POINT('',(-0.00242863279495409,0.00521083333333333,0.02075));
#2843=CARTESIAN_POINT('',(-0.00333931639747705,0.00454416666666667,0.02075));
#2844=CARTESIAN_POINT('',(-0.00425,0.0038775,0.02075));
#2845=CARTESIAN_POINT('',(-0.00151794919243114,0.0058775,0.02075));
#2846=CARTESIAN_POINT('',(-0.008,0.0058775,0.02075));
#2847=CARTESIAN_POINT('',(0.00151794919243114,0.0058775,0.02075));
#2848=CARTESIAN_POINT('',(0.00151794919243114,0.0058775,0.02075));
#2849=CARTESIAN_POINT('',(0.00242863279495409,0.00521083333333333,0.02075));
#2850=CARTESIAN_POINT('',(0.00333931639747705,0.00454416666666667,0.02075));
#2851=CARTESIAN_POINT('',(0.00425,0.0038775,0.02075));
#2852=CARTESIAN_POINT('',(0.00425,0.0038775,0.02075));
#2853=CARTESIAN_POINT('',(0.00425,0.0106945759208024,0.02075));
#2854=CARTESIAN_POINT('',(0.00425,-0.0113904491924311,0.02075));
#2855=CARTESIAN_POINT('',(0.00425,-0.0113904491924311,0.02075));
#2856=CARTESIAN_POINT('',(0.00358333333333333,-0.0123011327949541,0.02075));
#2857=CARTESIAN_POINT('',(0.00291666666666667,-0.013211816397477,0.02075));
#2858=CARTESIAN_POINT('',(0.00225,-0.0141225,0.02075));
#2859=CARTESIAN_POINT('',(-0.008,-0.019,0.0185));
#2860=CARTESIAN_POINT('',(-0.00325,-0.0081225,0.016248));
#2861=CARTESIAN_POINT('',(-0.00325,-0.008,0.0185));
#2862=CARTESIAN_POINT('',(-0.00325,-0.007,0.0185));
#2863=CARTESIAN_POINT('',(-0.00325,-0.008,0.0185));
#2864=CARTESIAN_POINT('',(-0.00325,-0.00606823173386145,0.0179820508075689));
#2865=CARTESIAN_POINT('',(-0.00325,-0.00993176826613855,0.0179820508075689));
#2866=CARTESIAN_POINT('',(-0.00325,-0.0081225,0.0179820508075689));
#2867=CARTESIAN_POINT('',(-0.00325,0.0038775,0.0179820508075689));
#2868=CARTESIAN_POINT('',(-0.00325,0.0038775,0.02075));
#2869=CARTESIAN_POINT('',(-0.00325,0.0038775,0.0190179491924312));
#2870=CARTESIAN_POINT('',(-0.00325,-0.0081225,0.0190179491924312));
#2871=CARTESIAN_POINT('',(-0.00325,-0.00606823173386145,0.0190179491924312));
#2872=CARTESIAN_POINT('',(-0.00325,-0.008,0.0185));
#2873=CARTESIAN_POINT('',(-0.00325,-0.00993176826613855,0.0190179491924312));
#2874=CARTESIAN_POINT('',(-0.00325,-0.0081225,0.0190179491924312));
#2875=CARTESIAN_POINT('',(-0.00325,-0.0113904491924311,0.0190179491924312));
#2876=CARTESIAN_POINT('',(-0.00325,-0.0113904491924311,0.01625));
#2877=CARTESIAN_POINT('',(-0.00325,-0.0113904491924311,0.0179820508075689));
#2878=CARTESIAN_POINT('',(-0.00325,-0.0081225,0.0179820508075689));
#2879=CARTESIAN_POINT('',(-0.001625,-0.0131225,0.016248));
#2880=CARTESIAN_POINT('',(-0.001625,-0.0131225,0.0190179491924312));
#2881=CARTESIAN_POINT('',(-0.00225,-0.0131225,0.0190179491924312));
#2882=CARTESIAN_POINT('',(0.00225,-0.0131225,0.0190179491924312));
#2883=CARTESIAN_POINT('',(0.00225,-0.0131225,0.02075));
#2884=CARTESIAN_POINT('',(0.00225,-0.0131225,0.0179820508075689));
#2885=CARTESIAN_POINT('',(-0.001625,-0.0131225,0.0179820508075689));
#2886=CARTESIAN_POINT('',(-0.00225,-0.0131225,0.0179820508075689));
#2887=CARTESIAN_POINT('',(-0.00225,-0.0131225,0.02075));
#2888=CARTESIAN_POINT('',(-0.001625,0.0048775,0.016248));
#2889=CARTESIAN_POINT('',(-0.00151794919243114,0.0048775,0.01625));
#2890=CARTESIAN_POINT('',(-0.00151794919243114,0.0048775,0.0190179491924312));
#2891=CARTESIAN_POINT('',(-0.00151794919243114,0.0048775,0.0179820508075689));
#2892=CARTESIAN_POINT('',(-0.001625,0.0048775,0.0179820508075689));
#2893=CARTESIAN_POINT('',(0.00151794919243114,0.0048775,0.0179820508075689));
#2894=CARTESIAN_POINT('',(0.00151794919243114,0.0048775,0.01625));
#2895=CARTESIAN_POINT('',(0.00151794919243114,0.0048775,0.0190179491924312));
#2896=CARTESIAN_POINT('',(-0.001625,0.0048775,0.0190179491924312));
#2897=CARTESIAN_POINT('',(-0.0055,0.0196333259208024,0.016248));
#2898=CARTESIAN_POINT('',(-0.003,0.0128775,0.016248));
#2899=CARTESIAN_POINT('',(-0.003,0.0128775,0.0179820508075689));
#2900=CARTESIAN_POINT('',(-0.003,0.0128775,0.0190179491924312));
#2901=CARTESIAN_POINT('',(-0.008,0.0263891518416048,0.0179820508075688));
#2902=CARTESIAN_POINT('',(-0.003,0.0128775,0.0190179491924312));
#2903=CARTESIAN_POINT('',(-0.0015,0.0128775,0.016248));
#2904=CARTESIAN_POINT('',(-0.0015,0.0128775,0.0190179491924312));
#2905=CARTESIAN_POINT('',(0.003,0.0128775,0.0190179491924312));
#2906=CARTESIAN_POINT('',(0.003,0.0128775,0.016248));
#2907=CARTESIAN_POINT('',(0.003,0.0128775,0.0179820508075689));
#2908=CARTESIAN_POINT('',(-0.0015,0.0128775,0.0179820508075689));
#2909=CARTESIAN_POINT('',(-0.008,-0.0141225,0.02075));
#2910=CARTESIAN_POINT('',(-0.00225,-0.0141225,0.02075));
#2911=CARTESIAN_POINT('',(0.00225,-0.0141225,0.02075));
#2912=CARTESIAN_POINT('',(-0.00325,-0.0113904491924311,0.0190179491924312));
#2913=CARTESIAN_POINT('',(-0.00225,-0.0131225,0.0190179491924312));
#2914=CARTESIAN_POINT('',(-0.00425,-0.0113904491924311,0.02075));
#2915=CARTESIAN_POINT('',(-0.00225,-0.0141225,0.02075));
#2916=CARTESIAN_POINT('',(-0.00225,-0.0131225,0.0190179491924312));
#2917=CARTESIAN_POINT('',(-0.00258333333333333,-0.0125451497308104,0.0190179491924312));
#2918=CARTESIAN_POINT('',(-0.00291666666666667,-0.0119677994616207,0.0190179491924312));
#2919=CARTESIAN_POINT('',(-0.00325,-0.0113904491924311,0.0190179491924312));
#2920=CARTESIAN_POINT('',(-0.00325,-0.0113904491924311,0.0190179491924312));
#2921=CARTESIAN_POINT('',(-0.001625,-0.0131225,0.0179820508075689));
#2922=CARTESIAN_POINT('',(0.00225,-0.0131225,0.0179820508075689));
#2923=CARTESIAN_POINT('',(-0.00225,-0.0131225,0.0179820508075689));
#2924=CARTESIAN_POINT('',(-0.00225,-0.0131225,0.016248));
#2925=CARTESIAN_POINT('',(-0.00325,-0.0113904491924311,0.0179820508075689));
#2926=CARTESIAN_POINT('',(-0.00291666666666667,-0.0119677994616207,0.0179820508075689));
#2927=CARTESIAN_POINT('',(-0.00258333333333333,-0.0125451497308104,0.0179820508075689));
#2928=CARTESIAN_POINT('',(-0.00225,-0.0131225,0.0179820508075689));
#2929=CARTESIAN_POINT('',(-0.00425,0.0106945759208024,0.02075));
#2930=CARTESIAN_POINT('',(-0.00295096189432335,-0.008,0.0185));
#2931=CARTESIAN_POINT('',(-0.00425,0.0038775,0.02075));
#2932=CARTESIAN_POINT('',(-0.008,0.0058775,0.02075));
#2933=CARTESIAN_POINT('',(0.00151794919243114,0.0048775,0.0190179491924312));
#2934=CARTESIAN_POINT('',(-0.00151794919243114,0.0048775,0.0190179491924312));
#2935=CARTESIAN_POINT('',(-0.00225,-0.0131225,0.0179820508075689));
#2936=CARTESIAN_POINT('',(-0.00325,-0.0113904491924311,0.0179820508075689));
#2937=CARTESIAN_POINT('',(-0.00225,-0.0141225,0.01625));
#2938=CARTESIAN_POINT('',(-0.00425,-0.0113904491924311,0.01625));
#2939=CARTESIAN_POINT('',(-0.00425,-0.0113904491924311,0.01625));
#2940=CARTESIAN_POINT('',(-0.00151794919243114,0.0048775,0.0190179491924312));
#2941=CARTESIAN_POINT('',(-0.00325,0.0038775,0.0190179491924312));
#2942=CARTESIAN_POINT('',(-0.00151794919243114,0.0058775,0.02075));
#2943=CARTESIAN_POINT('',(-0.00425,0.0038775,0.02075));
#2944=CARTESIAN_POINT('',(-0.00325,0.0038775,0.0190179491924312));
#2945=CARTESIAN_POINT('',(-0.00267264973081038,0.00421083333333333,0.0190179491924311));
#2946=CARTESIAN_POINT('',(-0.00209529946162076,0.00454416666666667,0.0190179491924312));
#2947=CARTESIAN_POINT('',(-0.00151794919243114,0.0048775,0.0190179491924312));
#2948=CARTESIAN_POINT('',(-0.00325,-0.0081225,0.0179820508075689));
#2949=CARTESIAN_POINT('',(-0.00295096189432335,-0.008,0.0185));
#2950=CARTESIAN_POINT('',(-0.00325,0.0038775,0.0179820508075689));
#2951=CARTESIAN_POINT('',(-0.00325,0.0038775,0.016248));
#2952=CARTESIAN_POINT('',(-0.00151794919243114,0.0048775,0.0179820508075689));
#2953=CARTESIAN_POINT('',(-0.00209529946162076,0.00454416666666667,0.0179820508075689));
#2954=CARTESIAN_POINT('',(-0.00267264973081038,0.00421083333333333,0.0179820508075689));
#2955=CARTESIAN_POINT('',(-0.00325,0.0038775,0.0179820508075689));
#2956=CARTESIAN_POINT('',(-0.00325,0.0038775,0.0179820508075689));
#2957=CARTESIAN_POINT('',(-0.00151794919243114,0.0048775,0.0179820508075689));
#2958=CARTESIAN_POINT('',(-0.00425,0.0038775,0.01625));
#2959=CARTESIAN_POINT('',(-0.00151794919243114,0.0058775,0.01625));
#2960=CARTESIAN_POINT('',(-0.00151794919243114,0.0058775,0.01625));
#2961=CARTESIAN_POINT('',(-0.001625,0.0048775,0.0179820508075689));
#2962=CARTESIAN_POINT('',(0.00151794919243114,0.0058775,0.01625));
#2963=CARTESIAN_POINT('',(-0.0015,0.0128775,0.0179820508075689));
#2964=CARTESIAN_POINT('',(0.00594601388920876,0.00864607013582768,0.0106529992941582));
#2965=CARTESIAN_POINT('',(-0.00594601388920876,0.00864607013582768,0.0106529992941582));
#2966=CARTESIAN_POINT('',(0.00352775114928138,-0.00764406159100087,0.01625));
#2967=CARTESIAN_POINT('',(-0.008,0.0118775,0.02075));
#2968=CARTESIAN_POINT('',(0.00222141456940987,0.0139958007842822,0.0170809954159102));
#2969=CARTESIAN_POINT('',(-0.00222141456940987,0.0139958007842822,0.0170809954159102));
#2970=CARTESIAN_POINT('',(-0.0055,0.0196333259208024,0.0190179491924312));
#2971=CARTESIAN_POINT('',(-0.003248,-0.008,0.0185));
#2972=CARTESIAN_POINT('',(-0.003248,-0.008,0.0185));
#2973=CARTESIAN_POINT('',(0.013,-0.008,0.0185));
#2974=CARTESIAN_POINT('',(-0.012002,0.0321905726368314,0.0218233319747739));
#2975=CARTESIAN_POINT('',(-0.0114737368984018,0.0326106544641512,0.0219842814679925));
#2976=CARTESIAN_POINT('',(-0.0101621742150761,0.0315758961405038,0.0215878257849239));
#2977=CARTESIAN_POINT('',(-0.01,0.0294267766952966,0.012312238122948));
#2978=CARTESIAN_POINT('',(-0.01,0.0294267766952966,0.012312238122948));
#2979=CARTESIAN_POINT('',(-0.01,0.0294267766952966,0.013312238122948));
#2980=CARTESIAN_POINT('',(-0.01,0.0464348624256614,-0.000405347719866087));
#2981=CARTESIAN_POINT('',(-0.01,0.0397481101759134,0.0010770695643187));
#2982=CARTESIAN_POINT('',(-0.01,0.0387718141687935,0.00129350917825681));
#2983=CARTESIAN_POINT('',(-0.01,0.0403974290177277,0.00400595758567851));
#2984=CARTESIAN_POINT('',(-0.01,0.0324267766952967,0.012312238122948));
#2985=CARTESIAN_POINT('',(0.008,0.0271548097362811,0.0162133883245087));
#2986=CARTESIAN_POINT('',(0.00970771530564911,0.0279082135475969,0.0149577153056491));
#2987=CARTESIAN_POINT('',(0.00325,-0.0081225,0.016248));
#2988=CARTESIAN_POINT('',(0.00325,-0.008,0.0185));
#2989=CARTESIAN_POINT('',(0.00325,-0.007,0.0185));
#2990=CARTESIAN_POINT('',(0.00325,-0.008,0.0185));
#2991=CARTESIAN_POINT('',(0.00325,-0.00606823173386145,0.0179820508075689));
#2992=CARTESIAN_POINT('',(0.00325,-0.00993176826613855,0.0179820508075689));
#2993=CARTESIAN_POINT('',(0.00325,-0.0081225,0.0179820508075689));
#2994=CARTESIAN_POINT('',(0.00325,-0.0113904491924311,0.0179820508075689));
#2995=CARTESIAN_POINT('',(0.00325,-0.0113904491924311,0.01625));
#2996=CARTESIAN_POINT('',(0.00325,-0.0113904491924311,0.0190179491924312));
#2997=CARTESIAN_POINT('',(0.00325,-0.0081225,0.0190179491924312));
#2998=CARTESIAN_POINT('',(0.00325,-0.00993176826613855,0.0190179491924312));
#2999=CARTESIAN_POINT('',(0.00325,-0.008,0.0185));
#3000=CARTESIAN_POINT('',(0.00325,-0.00606823173386145,0.0190179491924312));
#3001=CARTESIAN_POINT('',(0.00325,-0.0081225,0.0190179491924312));
#3002=CARTESIAN_POINT('',(0.00325,0.0038775,0.0190179491924312));
#3003=CARTESIAN_POINT('',(0.00325,0.0038775,0.02075));
#3004=CARTESIAN_POINT('',(0.00325,0.0038775,0.0179820508075689));
#3005=CARTESIAN_POINT('',(0.00325,-0.0081225,0.0179820508075689));
#3006=CARTESIAN_POINT('',(0.0055,0.0196333259208024,0.016248));
#3007=CARTESIAN_POINT('',(0.003,0.0128775,0.0190179491924312));
#3008=CARTESIAN_POINT('',(0.008,0.0263891518416048,0.0179820508075688));
#3009=CARTESIAN_POINT('',(0.00325,-0.0113904491924311,0.0190179491924312));
#3010=CARTESIAN_POINT('',(0.00225,-0.0131225,0.0190179491924312));
#3011=CARTESIAN_POINT('',(0.00425,-0.0113904491924311,0.02075));
#3012=CARTESIAN_POINT('',(0.00225,-0.0141225,0.02075));
#3013=CARTESIAN_POINT('',(0.00325,-0.0113904491924311,0.0190179491924312));
#3014=CARTESIAN_POINT('',(0.00225,-0.0131225,0.0190179491924312));
#3015=CARTESIAN_POINT('',(0.00258333333333333,-0.0125451497308104,0.0190179491924312));
#3016=CARTESIAN_POINT('',(0.00291666666666667,-0.0119677994616207,0.0190179491924312));
#3017=CARTESIAN_POINT('',(0.00325,-0.0113904491924311,0.0190179491924312));
#3018=CARTESIAN_POINT('',(0.00225,-0.0131225,0.016248));
#3019=CARTESIAN_POINT('',(0.00325,-0.0113904491924311,0.0179820508075689));
#3020=CARTESIAN_POINT('',(0.00291666666666667,-0.0119677994616207,0.0179820508075689));
#3021=CARTESIAN_POINT('',(0.00258333333333333,-0.0125451497308104,0.0179820508075689));
#3022=CARTESIAN_POINT('',(0.00225,-0.0131225,0.0179820508075689));
#3023=CARTESIAN_POINT('',(0.00425,0.0106945759208024,0.02075));
#3024=CARTESIAN_POINT('',(0.00295096189432335,-0.008,0.0185));
#3025=CARTESIAN_POINT('',(0.00425,0.0038775,0.02075));
#3026=CARTESIAN_POINT('',(0.00225,-0.0131225,0.0179820508075689));
#3027=CARTESIAN_POINT('',(0.00325,-0.0113904491924311,0.0179820508075689));
#3028=CARTESIAN_POINT('',(0.00225,-0.0141225,0.01625));
#3029=CARTESIAN_POINT('',(0.00425,-0.0113904491924311,0.01625));
#3030=CARTESIAN_POINT('',(0.00425,-0.0113904491924311,0.01625));
#3031=CARTESIAN_POINT('',(0.00151794919243114,0.0048775,0.0190179491924312));
#3032=CARTESIAN_POINT('',(0.00325,0.0038775,0.0190179491924312));
#3033=CARTESIAN_POINT('',(0.00151794919243114,0.0058775,0.02075));
#3034=CARTESIAN_POINT('',(0.00425,0.0038775,0.02075));
#3035=CARTESIAN_POINT('',(0.00325,0.0038775,0.0190179491924312));
#3036=CARTESIAN_POINT('',(0.00267264973081038,0.00421083333333333,0.0190179491924311));
#3037=CARTESIAN_POINT('',(0.00209529946162076,0.00454416666666667,0.0190179491924312));
#3038=CARTESIAN_POINT('',(0.00151794919243114,0.0048775,0.0190179491924312));
#3039=CARTESIAN_POINT('',(0.00325,-0.0081225,0.0179820508075689));
#3040=CARTESIAN_POINT('',(0.00295096189432335,-0.008,0.0185));
#3041=CARTESIAN_POINT('',(0.00325,0.0038775,0.0179820508075689));
#3042=CARTESIAN_POINT('',(0.00325,0.0038775,0.016248));
#3043=CARTESIAN_POINT('',(0.00151794919243114,0.0048775,0.0179820508075689));
#3044=CARTESIAN_POINT('',(0.00209529946162076,0.00454416666666667,0.0179820508075689));
#3045=CARTESIAN_POINT('',(0.00267264973081038,0.00421083333333333,0.0179820508075689));
#3046=CARTESIAN_POINT('',(0.00325,0.0038775,0.0179820508075689));
#3047=CARTESIAN_POINT('',(0.00325,0.0038775,0.0179820508075689));
#3048=CARTESIAN_POINT('',(0.00151794919243114,0.0048775,0.0179820508075689));
#3049=CARTESIAN_POINT('',(0.00425,0.0038775,0.01625));
#3050=CARTESIAN_POINT('',(0.00151794919243114,0.0058775,0.01625));
#3051=CARTESIAN_POINT('',(-0.00352775114928138,-0.00764406159100087,0.01625));
#3052=CARTESIAN_POINT('',(0.0055,0.0196333259208024,0.0190179491924312));
#3053=CARTESIAN_POINT('',(0.003248,-0.008,0.0185));
#3054=CARTESIAN_POINT('',(0.003248,-0.008,0.0185));
#3055=CARTESIAN_POINT('',(-0.013,-0.008,0.0185));
#3056=CARTESIAN_POINT('',(0.012002,0.0321905726368314,0.0218233319747739));
#3057=CARTESIAN_POINT('',(0.0114737368984018,0.0326106544641512,0.0219842814679925));
#3058=CARTESIAN_POINT('',(0.0101621742150761,0.0315758961405038,0.0215878257849239));
#3059=CARTESIAN_POINT('',(0.01,0.0294267766952966,0.012312238122948));
#3060=CARTESIAN_POINT('',(0.01,0.0294267766952966,0.012312238122948));
#3061=CARTESIAN_POINT('',(0.01,0.0294267766952966,0.013312238122948));
#3062=CARTESIAN_POINT('',(0.01,0.0464348624256614,-0.000405347719866087));
#3063=CARTESIAN_POINT('',(0.01,0.0397481101759134,0.0010770695643187));
#3064=CARTESIAN_POINT('',(0.01,0.0387718141687935,0.00129350917825681));
#3065=CARTESIAN_POINT('',(0.01,0.0403974290177277,0.00400595758567851));
#3066=CARTESIAN_POINT('',(0.01,0.0324267766952967,0.012312238122948));
#3067=CARTESIAN_POINT('',(0.00853589838486225,0.0313008759031204,0.0230619928876668));
#3068=CARTESIAN_POINT('',(0.00886438194434823,0.0333350341005873,0.0252244436061947));
#3069=CARTESIAN_POINT('',(0.00853589838486225,0.0332125999646362,0.0253739857753337));
#3070=CARTESIAN_POINT('',(0.00853589838486225,0.0313008759031204,0.0230619928876668));
#3071=CARTESIAN_POINT('',(0.012002,0.0313008759031204,0.0230619928876668));
#3072=CARTESIAN_POINT('',(0.012002,0.0332125999646362,0.0253739857753337));
#3073=CARTESIAN_POINT('',(0.012002,0.0375409588474122,0.0259793211331036));
#3074=CARTESIAN_POINT('',(0.012002,0.0349919934320579,0.0228966639495478));
#3075=CARTESIAN_POINT('',(0.012002,0.0400899242627665,0.0290619783166594));
#3076=CARTESIAN_POINT('',(0.00853589838486225,0.0400899242627665,0.0290619783166594));
#3077=CARTESIAN_POINT('',(0.0114090692246242,0.0372935694565729,0.0256801343814072));
#3078=CARTESIAN_POINT('',(0.012002,0.0366512621137013,0.0272179820459966));
#3079=CARTESIAN_POINT('',(0.00853589838486225,0.0366512621137013,0.0272179820459966));
#3080=CARTESIAN_POINT('',(0.00853589838486225,0.0366512621137013,0.0272179820459966));
#3081=CARTESIAN_POINT('',(-0.00853589838486225,0.0313008759031204,0.0230619928876668));
#3082=CARTESIAN_POINT('',(-0.00853589838486225,0.0313008759031204,0.0230619928876668));
#3083=CARTESIAN_POINT('',(-0.00853589838486225,0.0332125999646362,0.0253739857753337));
#3084=CARTESIAN_POINT('',(-0.00886438194434823,0.0333350341005873,0.0252244436061947));
#3085=CARTESIAN_POINT('',(-0.012002,0.0366512621137013,0.0272179820459966));
#3086=CARTESIAN_POINT('',(-0.012002,0.0400899242627665,0.0290619783166594));
#3087=CARTESIAN_POINT('',(-0.00853589838486225,0.0400899242627665,0.0290619783166594));
#3088=CARTESIAN_POINT('',(-0.00853589838486225,0.0366512621137013,0.0272179820459966));
#3089=CARTESIAN_POINT('',(-0.012002,0.0332125999646362,0.0253739857753337));
#3090=CARTESIAN_POINT('',(-0.012002,0.0375409588474122,0.0259793211331036));
#3091=CARTESIAN_POINT('',(-0.0114090692246242,0.0372935694565729,0.0256801343814072));
#3092=CARTESIAN_POINT('',(-0.012002,0.0349919934320579,0.0228966639495478));
#3093=CARTESIAN_POINT('',(-0.012002,0.0313008759031204,0.0230619928876668));
#3094=CARTESIAN_POINT('',(-0.00853589838486225,0.0366512621137013,0.0272179820459966));
#3095=CARTESIAN_POINT('',(0.,0.0356985961304001,0.0226452427358534));
#3096=CARTESIAN_POINT('',(0.,0.0347564591992773,0.0229804710207793));
#3097=CARTESIAN_POINT('',(-7.64736668010246E-6,0.0371767766952967,0.0109046987566545));
#3098=CARTESIAN_POINT('',(0.,0.0321767766952967,0.0109046987566545));
#3099=CARTESIAN_POINT('',(0.,0.0321767766952967,0.0109046987566545));
#3100=CARTESIAN_POINT('',(0.,0.0321767766952967,0.0109046987566545));
#3101=CARTESIAN_POINT('',(0.,0.0321767766952967,0.0122218611185664));
#3102=CARTESIAN_POINT('',(0.,0.0321767766952967,0.0148674041220265));
#3103=CARTESIAN_POINT('',(-6.55551573071345E-6,0.0371767766952967,0.0148674041220265));
#3104=CARTESIAN_POINT('',(0.,0.0324660920396821,0.0165435455466555));
#3105=CARTESIAN_POINT('',(0.,0.0333754191610375,0.0190991493009458));
#3106=CARTESIAN_POINT('',(-0.008002,0.0347564591992773,0.0229804710207793));
#3107=CARTESIAN_POINT('',(0.,0.0347564591992773,0.0229804710207793));
#3108=CARTESIAN_POINT('',(0.,0.0356985961304001,0.0226452427358534));
#3109=CARTESIAN_POINT('',(0.,0.0318193457993274,0.00919106184075826));
#3110=CARTESIAN_POINT('',(0.,0.0353364798442079,0.00567392779587781));
#3111=CARTESIAN_POINT('',(0.,0.0336412427893639,0.00736916485072174));
#3112=CARTESIAN_POINT('',(-1.00140192640062E-5,0.0388720137501406,0.00920946170181055));
#3113=CARTESIAN_POINT('',(0.,0.03778981568045,0.00432798166621088));
#3114=CARTESIAN_POINT('',(-7.64736668010246E-6,0.0371767766952967,0.0109046987566545));
#3115=CARTESIAN_POINT('',(0.,0.0486594701112554,0.00191823729412815));
#3116=CARTESIAN_POINT('',(-0.008002,0.032072805520441,0.0218652355103897));
#3117=CARTESIAN_POINT('',(-0.00653429327717148,0.0290690444678452,0.0206169742250389));
#3118=CARTESIAN_POINT('',(-0.00134615384615385,0.0312307692307692,0.0215153137679963));
#3119=CARTESIAN_POINT('',(2.6074858084755E-17,0.028,0.0201727155779085));
#3120=CARTESIAN_POINT('',(0.00134615384615383,0.0312307692307693,0.0215153137679963));
#3121=CARTESIAN_POINT('',(-0.00676256133551394,0.0346094005564642,0.0229193584331647));
#3122=CARTESIAN_POINT('',(0.00576603558014845,0.0293891518416048,0.02075));
#3123=CARTESIAN_POINT('',(-0.008002,0.0293891518416048,0.02075));
#3124=CARTESIAN_POINT('',(-0.008002,0.0287829642684507,0.0176300550297413));
#3125=CARTESIAN_POINT('',(0.00458376793481931,0.029881763360492,0.0232853882176215));
#3126=CARTESIAN_POINT('',(-0.00411538461538462,0.030076923076923,0.0265));
#3127=CARTESIAN_POINT('',(-0.00134615384615385,0.0312307692307692,0.0265));
#3128=CARTESIAN_POINT('',(2.6074858084755E-17,0.028,0.0265));
#3129=CARTESIAN_POINT('',(0.00134615384615384,0.0312307692307693,0.0265));
#3130=CARTESIAN_POINT('',(0.00411538461538462,0.030076923076923,0.0265));
#3131=CARTESIAN_POINT('',(0.011,-0.0119099171963775,0.01625));
#3132=CARTESIAN_POINT('',(0.011,-0.019,0.01625));
#3133=CARTESIAN_POINT('',(0.012,-0.019,0.0185));
#3134=CARTESIAN_POINT('',(0.011,-0.019,0.02075));
#3135=CARTESIAN_POINT('',(0.011,0.0106945759208024,0.02075));
#3136=CARTESIAN_POINT('',(-0.012,0.0177149537728517,0.01725));
#3137=CARTESIAN_POINT('',(-0.012,-0.019,0.01725));
#3138=CARTESIAN_POINT('',(-0.011,-0.019,0.0185));
#3139=CARTESIAN_POINT('',(-0.012,-0.019,0.01975));
#3140=CARTESIAN_POINT('',(-0.012,0.0177149537728517,0.01975));
#3141=MECHANICAL_DESIGN_GEOMETRIC_PRESENTATION_REPRESENTATION('',(#1892),
#3142);
#3142=(
GEOMETRIC_REPRESENTATION_CONTEXT(3)
GLOBAL_UNCERTAINTY_ASSIGNED_CONTEXT((#3143))
GLOBAL_UNIT_ASSIGNED_CONTEXT((#3146,#3145,#3144))
REPRESENTATION_CONTEXT('Part 6','TOP_LEVEL_ASSEMBLY_PART')
);
#3143=UNCERTAINTY_MEASURE_WITH_UNIT(LENGTH_MEASURE(2.E-5),#3146,
'DISTANCE_ACCURACY_VALUE','Maximum Tolerance applied to model');
#3144=(
NAMED_UNIT(*)
SI_UNIT($,.STERADIAN.)
SOLID_ANGLE_UNIT()
);
#3145=(
NAMED_UNIT(*)
PLANE_ANGLE_UNIT()
SI_UNIT($,.RADIAN.)
);
#3146=(
LENGTH_UNIT()
NAMED_UNIT(*)
SI_UNIT($,.METRE.)
);
#3147=PRODUCT_DEFINITION_SHAPE('','',#3148);
#3148=PRODUCT_DEFINITION('','',#3150,#3149);
#3149=PRODUCT_DEFINITION_CONTEXT('',#3156,'design');
#3150=PRODUCT_DEFINITION_FORMATION_WITH_SPECIFIED_SOURCE('','',#3152,
 .NOT_KNOWN.);
#3151=PRODUCT_RELATED_PRODUCT_CATEGORY('','',(#3152));
#3152=PRODUCT('Part 6','Part 6','Part 6',(#3154));
#3153=PRODUCT_CATEGORY('','');
#3154=PRODUCT_CONTEXT('',#3156,'mechanical');
#3155=APPLICATION_PROTOCOL_DEFINITION('international standard',
'ap242_managed_model_based_3d_engineering',2020,#3156);
#3156=APPLICATION_CONTEXT('managed model based 3d engineering');
ENDSEC;
END-ISO-10303-21;
