ISO-10303-21;
HEADER;
/* Generated by software containing ST-Developer
 * from STEP Tools, Inc. (www.steptools.com) 
 */
/* OPTION: using custom renumber hook */

FILE_DESCRIPTION(
/* description */ ('STEP AP242 Edition 2',
'CAx-IF Rec.Pracs.---Representation and Presentation of Product Manufa
cturing Information (PMI)---4.0---2014-10-13',
'CAx-IF Rec.Pracs.---3D Tessellated Geometry---0.4---2014-09-14','2;1',
'CAx-IF Rec.Pracs.---User Defined Attributes---1.5---2016-08-15'),
/* implementation_level */ '2;1');

FILE_NAME(
/* name */ 'Havoc F v5 Long - Part 5',
/* time_stamp */ '2026-05-25T18:07:12Z',
/* author */ (''),
/* organization */ (''),
/* preprocessor_version */ 'ST-DEVELOPER v20',
/* originating_system */ 'ONSHAPE BY PTC INC, 1.215',
/* authorisation */ '  ');

FILE_SCHEMA (('AP242_MANAGED_MODEL_BASED_3D_ENGINEERING_MIM_LF { 1 0 10303 442 3 1 4 }'));
ENDSEC;

DATA;
#10=SHAPE_REPRESENTATION_RELATIONSHIP('','',#3447,#11);
#11=ADVANCED_BREP_SHAPE_REPRESENTATION('',(#3445),#5603);
#12=CONICAL_SURFACE('',#3608,0.00150000000000008,0.785398163397456);
#13=CYLINDRICAL_SURFACE('',#3521,0.001);
#14=CYLINDRICAL_SURFACE('',#3580,0.001);
#15=CYLINDRICAL_SURFACE('',#3595,0.001);
#16=CYLINDRICAL_SURFACE('',#3596,0.001);
#17=CYLINDRICAL_SURFACE('',#3598,0.001);
#18=CYLINDRICAL_SURFACE('',#3600,0.001);
#19=CYLINDRICAL_SURFACE('',#3601,0.001);
#20=CYLINDRICAL_SURFACE('',#3603,0.00250000000000008);
#21=CYLINDRICAL_SURFACE('',#3614,0.001);
#22=CYLINDRICAL_SURFACE('',#3615,0.001);
#23=CYLINDRICAL_SURFACE('',#3620,0.002);
#24=CYLINDRICAL_SURFACE('',#3623,0.002);
#25=CIRCLE('',#3456,0.001);
#26=CIRCLE('',#3457,0.001);
#27=CIRCLE('',#3458,0.001);
#28=CIRCLE('',#3459,0.00250000000000008);
#29=CIRCLE('',#3460,0.001);
#30=CIRCLE('',#3461,0.001);
#31=CIRCLE('',#3462,0.001);
#32=CIRCLE('',#3463,0.001);
#33=CIRCLE('',#3470,0.00150000000000008);
#34=CIRCLE('',#3471,0.001);
#35=CIRCLE('',#3472,0.001);
#36=CIRCLE('',#3473,0.001);
#37=CIRCLE('',#3474,0.001);
#38=CIRCLE('',#3475,0.001);
#39=CIRCLE('',#3522,0.001);
#40=CIRCLE('',#3523,0.001);
#41=CIRCLE('',#3581,0.001);
#42=CIRCLE('',#3582,0.001);
#43=CIRCLE('',#3597,0.001);
#44=CIRCLE('',#3599,0.001);
#45=CIRCLE('',#3604,0.00250000000000008);
#46=CIRCLE('',#3621,0.002);
#47=CIRCLE('',#3624,0.002);
#48=ELLIPSE('',#3453,0.00204526485839245,0.002);
#49=ELLIPSE('',#3454,0.00204526485839245,0.002);
#50=PLANE('',#3449);
#51=PLANE('',#3450);
#52=PLANE('',#3451);
#53=PLANE('',#3452);
#54=PLANE('',#3455);
#55=PLANE('',#3464);
#56=PLANE('',#3465);
#57=PLANE('',#3466);
#58=PLANE('',#3467);
#59=PLANE('',#3468);
#60=PLANE('',#3469);
#61=PLANE('',#3476);
#62=PLANE('',#3477);
#63=PLANE('',#3478);
#64=PLANE('',#3479);
#65=PLANE('',#3480);
#66=PLANE('',#3481);
#67=PLANE('',#3482);
#68=PLANE('',#3483);
#69=PLANE('',#3484);
#70=PLANE('',#3485);
#71=PLANE('',#3486);
#72=PLANE('',#3487);
#73=PLANE('',#3488);
#74=PLANE('',#3489);
#75=PLANE('',#3490);
#76=PLANE('',#3491);
#77=PLANE('',#3492);
#78=PLANE('',#3493);
#79=PLANE('',#3494);
#80=PLANE('',#3495);
#81=PLANE('',#3496);
#82=PLANE('',#3497);
#83=PLANE('',#3498);
#84=PLANE('',#3499);
#85=PLANE('',#3500);
#86=PLANE('',#3501);
#87=PLANE('',#3502);
#88=PLANE('',#3503);
#89=PLANE('',#3504);
#90=PLANE('',#3505);
#91=PLANE('',#3506);
#92=PLANE('',#3507);
#93=PLANE('',#3508);
#94=PLANE('',#3509);
#95=PLANE('',#3510);
#96=PLANE('',#3511);
#97=PLANE('',#3512);
#98=PLANE('',#3513);
#99=PLANE('',#3514);
#100=PLANE('',#3515);
#101=PLANE('',#3516);
#102=PLANE('',#3517);
#103=PLANE('',#3518);
#104=PLANE('',#3519);
#105=PLANE('',#3520);
#106=PLANE('',#3524);
#107=PLANE('',#3525);
#108=PLANE('',#3526);
#109=PLANE('',#3527);
#110=PLANE('',#3528);
#111=PLANE('',#3529);
#112=PLANE('',#3530);
#113=PLANE('',#3531);
#114=PLANE('',#3532);
#115=PLANE('',#3533);
#116=PLANE('',#3534);
#117=PLANE('',#3535);
#118=PLANE('',#3536);
#119=PLANE('',#3537);
#120=PLANE('',#3538);
#121=PLANE('',#3539);
#122=PLANE('',#3540);
#123=PLANE('',#3541);
#124=PLANE('',#3542);
#125=PLANE('',#3543);
#126=PLANE('',#3544);
#127=PLANE('',#3545);
#128=PLANE('',#3546);
#129=PLANE('',#3547);
#130=PLANE('',#3548);
#131=PLANE('',#3549);
#132=PLANE('',#3550);
#133=PLANE('',#3551);
#134=PLANE('',#3552);
#135=PLANE('',#3553);
#136=PLANE('',#3554);
#137=PLANE('',#3555);
#138=PLANE('',#3556);
#139=PLANE('',#3557);
#140=PLANE('',#3558);
#141=PLANE('',#3559);
#142=PLANE('',#3560);
#143=PLANE('',#3561);
#144=PLANE('',#3562);
#145=PLANE('',#3563);
#146=PLANE('',#3564);
#147=PLANE('',#3565);
#148=PLANE('',#3566);
#149=PLANE('',#3567);
#150=PLANE('',#3568);
#151=PLANE('',#3569);
#152=PLANE('',#3570);
#153=PLANE('',#3571);
#154=PLANE('',#3572);
#155=PLANE('',#3573);
#156=PLANE('',#3574);
#157=PLANE('',#3575);
#158=PLANE('',#3576);
#159=PLANE('',#3577);
#160=PLANE('',#3578);
#161=PLANE('',#3579);
#162=PLANE('',#3583);
#163=PLANE('',#3584);
#164=PLANE('',#3585);
#165=PLANE('',#3586);
#166=PLANE('',#3587);
#167=PLANE('',#3588);
#168=PLANE('',#3589);
#169=PLANE('',#3590);
#170=PLANE('',#3591);
#171=PLANE('',#3592);
#172=PLANE('',#3593);
#173=PLANE('',#3594);
#174=PLANE('',#3602);
#175=PLANE('',#3605);
#176=PLANE('',#3606);
#177=PLANE('',#3607);
#178=PLANE('',#3609);
#179=PLANE('',#3610);
#180=PLANE('',#3611);
#181=PLANE('',#3612);
#182=PLANE('',#3613);
#183=PLANE('',#3616);
#184=PLANE('',#3617);
#185=PLANE('',#3618);
#186=PLANE('',#3619);
#187=PLANE('',#3622);
#188=PLANE('',#3625);
#189=PLANE('',#3626);
#190=PLANE('',#3627);
#191=PLANE('',#3628);
#192=PLANE('',#3629);
#193=PLANE('',#3630);
#194=PLANE('',#3631);
#195=PLANE('',#3632);
#196=PLANE('',#3633);
#197=PLANE('',#3634);
#198=PLANE('',#3635);
#199=PLANE('',#3636);
#200=PLANE('',#3637);
#201=PLANE('',#3638);
#202=PLANE('',#3639);
#203=B_SPLINE_CURVE_WITH_KNOTS('',3,(#4466,#4467,#4468,#4469),
 .UNSPECIFIED.,.F.,.F.,(4,4),(0.,0.005539091387584),.UNSPECIFIED.);
#204=B_SPLINE_CURVE_WITH_KNOTS('',3,(#4471,#4472,#4473,#4474),
 .UNSPECIFIED.,.F.,.F.,(4,4),(0.,0.00607617849790367),.UNSPECIFIED.);
#205=B_SPLINE_CURVE_WITH_KNOTS('',3,(#4717,#4718,#4719,#4720),
 .UNSPECIFIED.,.F.,.F.,(4,4),(0.,0.0235393869183104),.UNSPECIFIED.);
#206=B_SPLINE_CURVE_WITH_KNOTS('',3,(#4807,#4808,#4809,#4810),
 .UNSPECIFIED.,.F.,.F.,(4,4),(0.,0.00434778624411021),.UNSPECIFIED.);
#207=B_SPLINE_CURVE_WITH_KNOTS('',3,(#4812,#4813,#4814,#4815),
 .UNSPECIFIED.,.F.,.F.,(4,4),(0.,0.00410369076490211),.UNSPECIFIED.);
#208=B_SPLINE_CURVE_WITH_KNOTS('',3,(#5037,#5038,#5039,#5040),
 .UNSPECIFIED.,.F.,.F.,(4,4),(0.00103409413535888,0.00336483924954212),
 .UNSPECIFIED.);
#209=B_SPLINE_CURVE_WITH_KNOTS('',3,(#5042,#5043,#5044,#5045),
 .UNSPECIFIED.,.F.,.F.,(4,4),(0.,0.00146540170307147),.UNSPECIFIED.);
#210=B_SPLINE_CURVE_WITH_KNOTS('',3,(#5047,#5048,#5049,#5050),
 .UNSPECIFIED.,.F.,.F.,(4,4),(0.00126722748915188,0.00551015096867609),
 .UNSPECIFIED.);
#211=B_SPLINE_CURVE_WITH_KNOTS('',3,(#5052,#5053,#5054,#5055),
 .UNSPECIFIED.,.F.,.F.,(4,4),(0.,0.00147187561890743),.UNSPECIFIED.);
#212=B_SPLINE_CURVE_WITH_KNOTS('',3,(#5172,#5173,#5174,#5175),
 .UNSPECIFIED.,.F.,.F.,(4,4),(0.,0.00410369076490211),.UNSPECIFIED.);
#213=B_SPLINE_CURVE_WITH_KNOTS('',3,(#5177,#5178,#5179,#5180),
 .UNSPECIFIED.,.F.,.F.,(4,4),(0.,0.00434778624411021),.UNSPECIFIED.);
#214=B_SPLINE_CURVE_WITH_KNOTS('',3,(#5358,#5359,#5360,#5361),
 .UNSPECIFIED.,.F.,.F.,(4,4),(0.00103409413535888,0.00336483924954212),
 .UNSPECIFIED.);
#215=B_SPLINE_CURVE_WITH_KNOTS('',3,(#5364,#5365,#5366,#5367),
 .UNSPECIFIED.,.F.,.F.,(4,4),(0.,0.00147187561890743),.UNSPECIFIED.);
#216=B_SPLINE_CURVE_WITH_KNOTS('',3,(#5369,#5370,#5371,#5372),
 .UNSPECIFIED.,.F.,.F.,(4,4),(0.00126722748915188,0.00551015096867609),
 .UNSPECIFIED.);
#217=B_SPLINE_CURVE_WITH_KNOTS('',3,(#5374,#5375,#5376,#5377),
 .UNSPECIFIED.,.F.,.F.,(4,4),(0.,0.00146540170307147),.UNSPECIFIED.);
#218=B_SPLINE_CURVE_WITH_KNOTS('',3,(#5408,#5409,#5410,#5411),
 .UNSPECIFIED.,.F.,.F.,(4,4),(0.,0.005539091387584),.UNSPECIFIED.);
#219=B_SPLINE_CURVE_WITH_KNOTS('',3,(#5413,#5414,#5415,#5416),
 .UNSPECIFIED.,.F.,.F.,(4,4),(0.,0.00607617849790367),.UNSPECIFIED.);
#220=ORIENTED_EDGE('',*,*,#1164,.T.);
#221=ORIENTED_EDGE('',*,*,#1165,.T.);
#222=ORIENTED_EDGE('',*,*,#1166,.T.);
#223=ORIENTED_EDGE('',*,*,#1167,.T.);
#224=ORIENTED_EDGE('',*,*,#1168,.F.);
#225=ORIENTED_EDGE('',*,*,#1169,.F.);
#226=ORIENTED_EDGE('',*,*,#1167,.F.);
#227=ORIENTED_EDGE('',*,*,#1170,.T.);
#228=ORIENTED_EDGE('',*,*,#1171,.F.);
#229=ORIENTED_EDGE('',*,*,#1172,.T.);
#230=ORIENTED_EDGE('',*,*,#1173,.T.);
#231=ORIENTED_EDGE('',*,*,#1174,.F.);
#232=ORIENTED_EDGE('',*,*,#1175,.F.);
#233=ORIENTED_EDGE('',*,*,#1176,.T.);
#234=ORIENTED_EDGE('',*,*,#1177,.F.);
#235=ORIENTED_EDGE('',*,*,#1178,.T.);
#236=ORIENTED_EDGE('',*,*,#1179,.T.);
#237=ORIENTED_EDGE('',*,*,#1180,.F.);
#238=ORIENTED_EDGE('',*,*,#1176,.F.);
#239=ORIENTED_EDGE('',*,*,#1181,.T.);
#240=ORIENTED_EDGE('',*,*,#1182,.F.);
#241=ORIENTED_EDGE('',*,*,#1183,.T.);
#242=ORIENTED_EDGE('',*,*,#1184,.T.);
#243=ORIENTED_EDGE('',*,*,#1185,.F.);
#244=ORIENTED_EDGE('',*,*,#1186,.T.);
#245=ORIENTED_EDGE('',*,*,#1187,.T.);
#246=ORIENTED_EDGE('',*,*,#1188,.T.);
#247=ORIENTED_EDGE('',*,*,#1189,.T.);
#248=ORIENTED_EDGE('',*,*,#1190,.T.);
#249=ORIENTED_EDGE('',*,*,#1191,.F.);
#250=ORIENTED_EDGE('',*,*,#1192,.F.);
#251=ORIENTED_EDGE('',*,*,#1193,.F.);
#252=ORIENTED_EDGE('',*,*,#1194,.F.);
#253=ORIENTED_EDGE('',*,*,#1195,.F.);
#254=ORIENTED_EDGE('',*,*,#1196,.F.);
#255=ORIENTED_EDGE('',*,*,#1197,.F.);
#256=ORIENTED_EDGE('',*,*,#1198,.T.);
#257=ORIENTED_EDGE('',*,*,#1199,.T.);
#258=ORIENTED_EDGE('',*,*,#1200,.T.);
#259=ORIENTED_EDGE('',*,*,#1201,.T.);
#260=ORIENTED_EDGE('',*,*,#1202,.T.);
#261=ORIENTED_EDGE('',*,*,#1203,.T.);
#262=ORIENTED_EDGE('',*,*,#1204,.F.);
#263=ORIENTED_EDGE('',*,*,#1205,.F.);
#264=ORIENTED_EDGE('',*,*,#1206,.T.);
#265=ORIENTED_EDGE('',*,*,#1207,.T.);
#266=ORIENTED_EDGE('',*,*,#1208,.T.);
#267=ORIENTED_EDGE('',*,*,#1209,.F.);
#268=ORIENTED_EDGE('',*,*,#1210,.F.);
#269=ORIENTED_EDGE('',*,*,#1211,.F.);
#270=ORIENTED_EDGE('',*,*,#1212,.T.);
#271=ORIENTED_EDGE('',*,*,#1213,.F.);
#272=ORIENTED_EDGE('',*,*,#1214,.T.);
#273=ORIENTED_EDGE('',*,*,#1215,.T.);
#274=ORIENTED_EDGE('',*,*,#1216,.T.);
#275=ORIENTED_EDGE('',*,*,#1168,.T.);
#276=ORIENTED_EDGE('',*,*,#1174,.T.);
#277=ORIENTED_EDGE('',*,*,#1217,.T.);
#278=ORIENTED_EDGE('',*,*,#1218,.F.);
#279=ORIENTED_EDGE('',*,*,#1219,.F.);
#280=ORIENTED_EDGE('',*,*,#1220,.F.);
#281=ORIENTED_EDGE('',*,*,#1221,.T.);
#282=ORIENTED_EDGE('',*,*,#1222,.T.);
#283=ORIENTED_EDGE('',*,*,#1223,.T.);
#284=ORIENTED_EDGE('',*,*,#1224,.T.);
#285=ORIENTED_EDGE('',*,*,#1225,.T.);
#286=ORIENTED_EDGE('',*,*,#1226,.F.);
#287=ORIENTED_EDGE('',*,*,#1227,.T.);
#288=ORIENTED_EDGE('',*,*,#1228,.F.);
#289=ORIENTED_EDGE('',*,*,#1229,.F.);
#290=ORIENTED_EDGE('',*,*,#1230,.T.);
#291=ORIENTED_EDGE('',*,*,#1231,.F.);
#292=ORIENTED_EDGE('',*,*,#1232,.F.);
#293=ORIENTED_EDGE('',*,*,#1233,.F.);
#294=ORIENTED_EDGE('',*,*,#1234,.F.);
#295=ORIENTED_EDGE('',*,*,#1235,.F.);
#296=ORIENTED_EDGE('',*,*,#1236,.T.);
#297=ORIENTED_EDGE('',*,*,#1237,.T.);
#298=ORIENTED_EDGE('',*,*,#1238,.T.);
#299=ORIENTED_EDGE('',*,*,#1239,.F.);
#300=ORIENTED_EDGE('',*,*,#1184,.F.);
#301=ORIENTED_EDGE('',*,*,#1240,.F.);
#302=ORIENTED_EDGE('',*,*,#1241,.T.);
#303=ORIENTED_EDGE('',*,*,#1242,.T.);
#304=ORIENTED_EDGE('',*,*,#1243,.F.);
#305=ORIENTED_EDGE('',*,*,#1244,.T.);
#306=ORIENTED_EDGE('',*,*,#1245,.T.);
#307=ORIENTED_EDGE('',*,*,#1246,.F.);
#308=ORIENTED_EDGE('',*,*,#1247,.T.);
#309=ORIENTED_EDGE('',*,*,#1248,.F.);
#310=ORIENTED_EDGE('',*,*,#1249,.T.);
#311=ORIENTED_EDGE('',*,*,#1215,.F.);
#312=ORIENTED_EDGE('',*,*,#1250,.F.);
#313=ORIENTED_EDGE('',*,*,#1251,.F.);
#314=ORIENTED_EDGE('',*,*,#1252,.F.);
#315=ORIENTED_EDGE('',*,*,#1253,.F.);
#316=ORIENTED_EDGE('',*,*,#1254,.T.);
#317=ORIENTED_EDGE('',*,*,#1255,.T.);
#318=ORIENTED_EDGE('',*,*,#1256,.T.);
#319=ORIENTED_EDGE('',*,*,#1226,.T.);
#320=ORIENTED_EDGE('',*,*,#1257,.T.);
#321=ORIENTED_EDGE('',*,*,#1258,.T.);
#322=ORIENTED_EDGE('',*,*,#1259,.F.);
#323=ORIENTED_EDGE('',*,*,#1260,.T.);
#324=ORIENTED_EDGE('',*,*,#1261,.T.);
#325=ORIENTED_EDGE('',*,*,#1262,.F.);
#326=ORIENTED_EDGE('',*,*,#1263,.F.);
#327=ORIENTED_EDGE('',*,*,#1230,.F.);
#328=ORIENTED_EDGE('',*,*,#1264,.F.);
#329=ORIENTED_EDGE('',*,*,#1265,.T.);
#330=ORIENTED_EDGE('',*,*,#1254,.F.);
#331=ORIENTED_EDGE('',*,*,#1266,.F.);
#332=ORIENTED_EDGE('',*,*,#1267,.F.);
#333=ORIENTED_EDGE('',*,*,#1268,.T.);
#334=ORIENTED_EDGE('',*,*,#1269,.T.);
#335=ORIENTED_EDGE('',*,*,#1261,.F.);
#336=ORIENTED_EDGE('',*,*,#1270,.T.);
#337=ORIENTED_EDGE('',*,*,#1271,.T.);
#338=ORIENTED_EDGE('',*,*,#1272,.F.);
#339=ORIENTED_EDGE('',*,*,#1273,.T.);
#340=ORIENTED_EDGE('',*,*,#1274,.F.);
#341=ORIENTED_EDGE('',*,*,#1275,.T.);
#342=ORIENTED_EDGE('',*,*,#1276,.T.);
#343=ORIENTED_EDGE('',*,*,#1198,.F.);
#344=ORIENTED_EDGE('',*,*,#1277,.F.);
#345=ORIENTED_EDGE('',*,*,#1278,.F.);
#346=ORIENTED_EDGE('',*,*,#1279,.T.);
#347=ORIENTED_EDGE('',*,*,#1280,.F.);
#348=ORIENTED_EDGE('',*,*,#1281,.T.);
#349=ORIENTED_EDGE('',*,*,#1282,.F.);
#350=ORIENTED_EDGE('',*,*,#1283,.F.);
#351=ORIENTED_EDGE('',*,*,#1284,.F.);
#352=ORIENTED_EDGE('',*,*,#1285,.F.);
#353=ORIENTED_EDGE('',*,*,#1286,.F.);
#354=ORIENTED_EDGE('',*,*,#1287,.T.);
#355=ORIENTED_EDGE('',*,*,#1288,.T.);
#356=ORIENTED_EDGE('',*,*,#1289,.F.);
#357=ORIENTED_EDGE('',*,*,#1271,.F.);
#358=ORIENTED_EDGE('',*,*,#1290,.T.);
#359=ORIENTED_EDGE('',*,*,#1291,.T.);
#360=ORIENTED_EDGE('',*,*,#1292,.T.);
#361=ORIENTED_EDGE('',*,*,#1293,.T.);
#362=ORIENTED_EDGE('',*,*,#1294,.T.);
#363=ORIENTED_EDGE('',*,*,#1264,.T.);
#364=ORIENTED_EDGE('',*,*,#1295,.T.);
#365=ORIENTED_EDGE('',*,*,#1296,.F.);
#366=ORIENTED_EDGE('',*,*,#1297,.F.);
#367=ORIENTED_EDGE('',*,*,#1298,.T.);
#368=ORIENTED_EDGE('',*,*,#1299,.T.);
#369=ORIENTED_EDGE('',*,*,#1300,.T.);
#370=ORIENTED_EDGE('',*,*,#1301,.T.);
#371=ORIENTED_EDGE('',*,*,#1302,.T.);
#372=ORIENTED_EDGE('',*,*,#1303,.F.);
#373=ORIENTED_EDGE('',*,*,#1304,.T.);
#374=ORIENTED_EDGE('',*,*,#1305,.F.);
#375=ORIENTED_EDGE('',*,*,#1306,.T.);
#376=ORIENTED_EDGE('',*,*,#1307,.T.);
#377=ORIENTED_EDGE('',*,*,#1188,.F.);
#378=ORIENTED_EDGE('',*,*,#1308,.T.);
#379=ORIENTED_EDGE('',*,*,#1309,.T.);
#380=ORIENTED_EDGE('',*,*,#1310,.T.);
#381=ORIENTED_EDGE('',*,*,#1311,.F.);
#382=ORIENTED_EDGE('',*,*,#1312,.F.);
#383=ORIENTED_EDGE('',*,*,#1313,.F.);
#384=ORIENTED_EDGE('',*,*,#1314,.F.);
#385=ORIENTED_EDGE('',*,*,#1315,.F.);
#386=ORIENTED_EDGE('',*,*,#1316,.T.);
#387=ORIENTED_EDGE('',*,*,#1253,.T.);
#388=ORIENTED_EDGE('',*,*,#1252,.T.);
#389=ORIENTED_EDGE('',*,*,#1251,.T.);
#390=ORIENTED_EDGE('',*,*,#1317,.F.);
#391=ORIENTED_EDGE('',*,*,#1318,.T.);
#392=ORIENTED_EDGE('',*,*,#1319,.F.);
#393=ORIENTED_EDGE('',*,*,#1320,.T.);
#394=ORIENTED_EDGE('',*,*,#1321,.F.);
#395=ORIENTED_EDGE('',*,*,#1322,.F.);
#396=ORIENTED_EDGE('',*,*,#1323,.T.);
#397=ORIENTED_EDGE('',*,*,#1324,.F.);
#398=ORIENTED_EDGE('',*,*,#1325,.T.);
#399=ORIENTED_EDGE('',*,*,#1326,.T.);
#400=ORIENTED_EDGE('',*,*,#1327,.F.);
#401=ORIENTED_EDGE('',*,*,#1328,.T.);
#402=ORIENTED_EDGE('',*,*,#1224,.F.);
#403=ORIENTED_EDGE('',*,*,#1329,.F.);
#404=ORIENTED_EDGE('',*,*,#1328,.F.);
#405=ORIENTED_EDGE('',*,*,#1330,.T.);
#406=ORIENTED_EDGE('',*,*,#1331,.T.);
#407=ORIENTED_EDGE('',*,*,#1332,.F.);
#408=ORIENTED_EDGE('',*,*,#1333,.T.);
#409=ORIENTED_EDGE('',*,*,#1334,.T.);
#410=ORIENTED_EDGE('',*,*,#1225,.F.);
#411=ORIENTED_EDGE('',*,*,#1335,.F.);
#412=ORIENTED_EDGE('',*,*,#1336,.F.);
#413=ORIENTED_EDGE('',*,*,#1337,.F.);
#414=ORIENTED_EDGE('',*,*,#1338,.T.);
#415=ORIENTED_EDGE('',*,*,#1297,.T.);
#416=ORIENTED_EDGE('',*,*,#1339,.T.);
#417=ORIENTED_EDGE('',*,*,#1340,.T.);
#418=ORIENTED_EDGE('',*,*,#1341,.F.);
#419=ORIENTED_EDGE('',*,*,#1164,.F.);
#420=ORIENTED_EDGE('',*,*,#1342,.F.);
#421=ORIENTED_EDGE('',*,*,#1343,.F.);
#422=ORIENTED_EDGE('',*,*,#1344,.T.);
#423=ORIENTED_EDGE('',*,*,#1345,.T.);
#424=ORIENTED_EDGE('',*,*,#1339,.F.);
#425=ORIENTED_EDGE('',*,*,#1346,.F.);
#426=ORIENTED_EDGE('',*,*,#1347,.T.);
#427=ORIENTED_EDGE('',*,*,#1172,.F.);
#428=ORIENTED_EDGE('',*,*,#1348,.F.);
#429=ORIENTED_EDGE('',*,*,#1347,.F.);
#430=ORIENTED_EDGE('',*,*,#1349,.F.);
#431=ORIENTED_EDGE('',*,*,#1219,.T.);
#432=ORIENTED_EDGE('',*,*,#1350,.F.);
#433=ORIENTED_EDGE('',*,*,#1351,.F.);
#434=ORIENTED_EDGE('',*,*,#1352,.T.);
#435=ORIENTED_EDGE('',*,*,#1353,.T.);
#436=ORIENTED_EDGE('',*,*,#1354,.F.);
#437=ORIENTED_EDGE('',*,*,#1299,.F.);
#438=ORIENTED_EDGE('',*,*,#1355,.T.);
#439=ORIENTED_EDGE('',*,*,#1356,.T.);
#440=ORIENTED_EDGE('',*,*,#1351,.T.);
#441=ORIENTED_EDGE('',*,*,#1357,.T.);
#442=ORIENTED_EDGE('',*,*,#1356,.F.);
#443=ORIENTED_EDGE('',*,*,#1358,.T.);
#444=ORIENTED_EDGE('',*,*,#1359,.F.);
#445=ORIENTED_EDGE('',*,*,#1360,.T.);
#446=ORIENTED_EDGE('',*,*,#1361,.T.);
#447=ORIENTED_EDGE('',*,*,#1342,.T.);
#448=ORIENTED_EDGE('',*,*,#1360,.F.);
#449=ORIENTED_EDGE('',*,*,#1362,.T.);
#450=ORIENTED_EDGE('',*,*,#1353,.F.);
#451=ORIENTED_EDGE('',*,*,#1363,.T.);
#452=ORIENTED_EDGE('',*,*,#1364,.F.);
#453=ORIENTED_EDGE('',*,*,#1221,.F.);
#454=ORIENTED_EDGE('',*,*,#1365,.F.);
#455=ORIENTED_EDGE('',*,*,#1366,.T.);
#456=ORIENTED_EDGE('',*,*,#1367,.F.);
#457=ORIENTED_EDGE('',*,*,#1368,.T.);
#458=ORIENTED_EDGE('',*,*,#1325,.F.);
#459=ORIENTED_EDGE('',*,*,#1366,.F.);
#460=ORIENTED_EDGE('',*,*,#1369,.F.);
#461=ORIENTED_EDGE('',*,*,#1370,.T.);
#462=ORIENTED_EDGE('',*,*,#1371,.F.);
#463=ORIENTED_EDGE('',*,*,#1372,.F.);
#464=ORIENTED_EDGE('',*,*,#1333,.F.);
#465=ORIENTED_EDGE('',*,*,#1370,.F.);
#466=ORIENTED_EDGE('',*,*,#1373,.F.);
#467=ORIENTED_EDGE('',*,*,#1374,.T.);
#468=ORIENTED_EDGE('',*,*,#1375,.T.);
#469=ORIENTED_EDGE('',*,*,#1376,.T.);
#470=ORIENTED_EDGE('',*,*,#1337,.T.);
#471=ORIENTED_EDGE('',*,*,#1267,.T.);
#472=ORIENTED_EDGE('',*,*,#1377,.T.);
#473=ORIENTED_EDGE('',*,*,#1378,.T.);
#474=ORIENTED_EDGE('',*,*,#1379,.F.);
#475=ORIENTED_EDGE('',*,*,#1380,.T.);
#476=ORIENTED_EDGE('',*,*,#1381,.T.);
#477=ORIENTED_EDGE('',*,*,#1382,.T.);
#478=ORIENTED_EDGE('',*,*,#1376,.F.);
#479=ORIENTED_EDGE('',*,*,#1383,.F.);
#480=ORIENTED_EDGE('',*,*,#1377,.F.);
#481=ORIENTED_EDGE('',*,*,#1384,.T.);
#482=ORIENTED_EDGE('',*,*,#1381,.F.);
#483=ORIENTED_EDGE('',*,*,#1385,.F.);
#484=ORIENTED_EDGE('',*,*,#1361,.F.);
#485=ORIENTED_EDGE('',*,*,#1386,.T.);
#486=ORIENTED_EDGE('',*,*,#1387,.T.);
#487=ORIENTED_EDGE('',*,*,#1388,.T.);
#488=ORIENTED_EDGE('',*,*,#1389,.T.);
#489=ORIENTED_EDGE('',*,*,#1390,.T.);
#490=ORIENTED_EDGE('',*,*,#1391,.T.);
#491=ORIENTED_EDGE('',*,*,#1392,.T.);
#492=ORIENTED_EDGE('',*,*,#1393,.T.);
#493=ORIENTED_EDGE('',*,*,#1373,.T.);
#494=ORIENTED_EDGE('',*,*,#1369,.T.);
#495=ORIENTED_EDGE('',*,*,#1365,.T.);
#496=ORIENTED_EDGE('',*,*,#1220,.T.);
#497=ORIENTED_EDGE('',*,*,#1349,.T.);
#498=ORIENTED_EDGE('',*,*,#1346,.T.);
#499=ORIENTED_EDGE('',*,*,#1343,.T.);
#500=ORIENTED_EDGE('',*,*,#1394,.T.);
#501=ORIENTED_EDGE('',*,*,#1395,.T.);
#502=ORIENTED_EDGE('',*,*,#1379,.T.);
#503=ORIENTED_EDGE('',*,*,#1396,.T.);
#504=ORIENTED_EDGE('',*,*,#1393,.F.);
#505=ORIENTED_EDGE('',*,*,#1397,.T.);
#506=ORIENTED_EDGE('',*,*,#1398,.T.);
#507=ORIENTED_EDGE('',*,*,#1374,.F.);
#508=ORIENTED_EDGE('',*,*,#1398,.F.);
#509=ORIENTED_EDGE('',*,*,#1399,.T.);
#510=ORIENTED_EDGE('',*,*,#1383,.T.);
#511=ORIENTED_EDGE('',*,*,#1375,.F.);
#512=ORIENTED_EDGE('',*,*,#1385,.T.);
#513=ORIENTED_EDGE('',*,*,#1399,.F.);
#514=ORIENTED_EDGE('',*,*,#1400,.F.);
#515=ORIENTED_EDGE('',*,*,#1396,.F.);
#516=ORIENTED_EDGE('',*,*,#1378,.F.);
#517=ORIENTED_EDGE('',*,*,#1400,.T.);
#518=ORIENTED_EDGE('',*,*,#1397,.F.);
#519=ORIENTED_EDGE('',*,*,#1401,.F.);
#520=ORIENTED_EDGE('',*,*,#1394,.F.);
#521=ORIENTED_EDGE('',*,*,#1401,.T.);
#522=ORIENTED_EDGE('',*,*,#1392,.F.);
#523=ORIENTED_EDGE('',*,*,#1402,.F.);
#524=ORIENTED_EDGE('',*,*,#1395,.F.);
#525=ORIENTED_EDGE('',*,*,#1402,.T.);
#526=ORIENTED_EDGE('',*,*,#1391,.F.);
#527=ORIENTED_EDGE('',*,*,#1403,.F.);
#528=ORIENTED_EDGE('',*,*,#1380,.F.);
#529=ORIENTED_EDGE('',*,*,#1403,.T.);
#530=ORIENTED_EDGE('',*,*,#1390,.F.);
#531=ORIENTED_EDGE('',*,*,#1404,.F.);
#532=ORIENTED_EDGE('',*,*,#1338,.F.);
#533=ORIENTED_EDGE('',*,*,#1404,.T.);
#534=ORIENTED_EDGE('',*,*,#1389,.F.);
#535=ORIENTED_EDGE('',*,*,#1405,.F.);
#536=ORIENTED_EDGE('',*,*,#1298,.F.);
#537=ORIENTED_EDGE('',*,*,#1405,.T.);
#538=ORIENTED_EDGE('',*,*,#1388,.F.);
#539=ORIENTED_EDGE('',*,*,#1406,.F.);
#540=ORIENTED_EDGE('',*,*,#1355,.F.);
#541=ORIENTED_EDGE('',*,*,#1406,.T.);
#542=ORIENTED_EDGE('',*,*,#1387,.F.);
#543=ORIENTED_EDGE('',*,*,#1407,.F.);
#544=ORIENTED_EDGE('',*,*,#1358,.F.);
#545=ORIENTED_EDGE('',*,*,#1407,.T.);
#546=ORIENTED_EDGE('',*,*,#1386,.F.);
#547=ORIENTED_EDGE('',*,*,#1363,.F.);
#548=ORIENTED_EDGE('',*,*,#1352,.F.);
#549=ORIENTED_EDGE('',*,*,#1408,.T.);
#550=ORIENTED_EDGE('',*,*,#1295,.F.);
#551=ORIENTED_EDGE('',*,*,#1268,.F.);
#552=ORIENTED_EDGE('',*,*,#1336,.T.);
#553=ORIENTED_EDGE('',*,*,#1266,.T.);
#554=ORIENTED_EDGE('',*,*,#1258,.F.);
#555=ORIENTED_EDGE('',*,*,#1409,.F.);
#556=ORIENTED_EDGE('',*,*,#1384,.F.);
#557=ORIENTED_EDGE('',*,*,#1409,.T.);
#558=ORIENTED_EDGE('',*,*,#1257,.F.);
#559=ORIENTED_EDGE('',*,*,#1334,.F.);
#560=ORIENTED_EDGE('',*,*,#1382,.F.);
#561=ORIENTED_EDGE('',*,*,#1410,.F.);
#562=ORIENTED_EDGE('',*,*,#1371,.T.);
#563=ORIENTED_EDGE('',*,*,#1332,.T.);
#564=ORIENTED_EDGE('',*,*,#1329,.T.);
#565=ORIENTED_EDGE('',*,*,#1223,.F.);
#566=ORIENTED_EDGE('',*,*,#1222,.F.);
#567=ORIENTED_EDGE('',*,*,#1364,.T.);
#568=ORIENTED_EDGE('',*,*,#1217,.F.);
#569=ORIENTED_EDGE('',*,*,#1173,.F.);
#570=ORIENTED_EDGE('',*,*,#1348,.T.);
#571=ORIENTED_EDGE('',*,*,#1218,.T.);
#572=ORIENTED_EDGE('',*,*,#1169,.T.);
#573=ORIENTED_EDGE('',*,*,#1411,.F.);
#574=ORIENTED_EDGE('',*,*,#1412,.F.);
#575=ORIENTED_EDGE('',*,*,#1359,.T.);
#576=ORIENTED_EDGE('',*,*,#1412,.T.);
#577=ORIENTED_EDGE('',*,*,#1190,.F.);
#578=ORIENTED_EDGE('',*,*,#1413,.F.);
#579=ORIENTED_EDGE('',*,*,#1362,.F.);
#580=ORIENTED_EDGE('',*,*,#1413,.T.);
#581=ORIENTED_EDGE('',*,*,#1189,.F.);
#582=ORIENTED_EDGE('',*,*,#1414,.F.);
#583=ORIENTED_EDGE('',*,*,#1350,.T.);
#584=ORIENTED_EDGE('',*,*,#1414,.T.);
#585=ORIENTED_EDGE('',*,*,#1307,.F.);
#586=ORIENTED_EDGE('',*,*,#1415,.F.);
#587=ORIENTED_EDGE('',*,*,#1357,.F.);
#588=ORIENTED_EDGE('',*,*,#1416,.F.);
#589=ORIENTED_EDGE('',*,*,#1417,.T.);
#590=ORIENTED_EDGE('',*,*,#1418,.T.);
#591=ORIENTED_EDGE('',*,*,#1419,.T.);
#592=ORIENTED_EDGE('',*,*,#1300,.F.);
#593=ORIENTED_EDGE('',*,*,#1354,.T.);
#594=ORIENTED_EDGE('',*,*,#1415,.T.);
#595=ORIENTED_EDGE('',*,*,#1306,.F.);
#596=ORIENTED_EDGE('',*,*,#1411,.T.);
#597=ORIENTED_EDGE('',*,*,#1216,.F.);
#598=ORIENTED_EDGE('',*,*,#1420,.F.);
#599=ORIENTED_EDGE('',*,*,#1195,.T.);
#600=ORIENTED_EDGE('',*,*,#1193,.T.);
#601=ORIENTED_EDGE('',*,*,#1191,.T.);
#602=ORIENTED_EDGE('',*,*,#1335,.T.);
#603=ORIENTED_EDGE('',*,*,#1296,.T.);
#604=ORIENTED_EDGE('',*,*,#1408,.F.);
#605=ORIENTED_EDGE('',*,*,#1316,.F.);
#606=ORIENTED_EDGE('',*,*,#1421,.T.);
#607=ORIENTED_EDGE('',*,*,#1207,.F.);
#608=ORIENTED_EDGE('',*,*,#1249,.F.);
#609=ORIENTED_EDGE('',*,*,#1368,.F.);
#610=ORIENTED_EDGE('',*,*,#1422,.F.);
#611=ORIENTED_EDGE('',*,*,#1423,.T.);
#612=ORIENTED_EDGE('',*,*,#1326,.F.);
#613=ORIENTED_EDGE('',*,*,#1367,.T.);
#614=ORIENTED_EDGE('',*,*,#1424,.F.);
#615=ORIENTED_EDGE('',*,*,#1425,.F.);
#616=ORIENTED_EDGE('',*,*,#1422,.T.);
#617=ORIENTED_EDGE('',*,*,#1372,.T.);
#618=ORIENTED_EDGE('',*,*,#1410,.T.);
#619=ORIENTED_EDGE('',*,*,#1331,.F.);
#620=ORIENTED_EDGE('',*,*,#1426,.F.);
#621=ORIENTED_EDGE('',*,*,#1424,.T.);
#622=ORIENTED_EDGE('',*,*,#1423,.F.);
#623=ORIENTED_EDGE('',*,*,#1425,.T.);
#624=ORIENTED_EDGE('',*,*,#1426,.T.);
#625=ORIENTED_EDGE('',*,*,#1330,.F.);
#626=ORIENTED_EDGE('',*,*,#1327,.T.);
#627=ORIENTED_EDGE('',*,*,#1318,.F.);
#628=ORIENTED_EDGE('',*,*,#1427,.T.);
#629=ORIENTED_EDGE('',*,*,#1213,.T.);
#630=ORIENTED_EDGE('',*,*,#1428,.F.);
#631=ORIENTED_EDGE('',*,*,#1301,.F.);
#632=ORIENTED_EDGE('',*,*,#1429,.T.);
#633=ORIENTED_EDGE('',*,*,#1430,.T.);
#634=ORIENTED_EDGE('',*,*,#1431,.T.);
#635=ORIENTED_EDGE('',*,*,#1430,.F.);
#636=ORIENTED_EDGE('',*,*,#1432,.T.);
#637=ORIENTED_EDGE('',*,*,#1433,.T.);
#638=ORIENTED_EDGE('',*,*,#1434,.T.);
#639=ORIENTED_EDGE('',*,*,#1433,.F.);
#640=ORIENTED_EDGE('',*,*,#1435,.T.);
#641=ORIENTED_EDGE('',*,*,#1436,.T.);
#642=ORIENTED_EDGE('',*,*,#1437,.T.);
#643=ORIENTED_EDGE('',*,*,#1436,.F.);
#644=ORIENTED_EDGE('',*,*,#1438,.T.);
#645=ORIENTED_EDGE('',*,*,#1439,.T.);
#646=ORIENTED_EDGE('',*,*,#1440,.T.);
#647=ORIENTED_EDGE('',*,*,#1439,.F.);
#648=ORIENTED_EDGE('',*,*,#1441,.T.);
#649=ORIENTED_EDGE('',*,*,#1416,.T.);
#650=ORIENTED_EDGE('',*,*,#1305,.T.);
#651=ORIENTED_EDGE('',*,*,#1442,.T.);
#652=ORIENTED_EDGE('',*,*,#1443,.F.);
#653=ORIENTED_EDGE('',*,*,#1444,.T.);
#654=ORIENTED_EDGE('',*,*,#1418,.F.);
#655=ORIENTED_EDGE('',*,*,#1445,.T.);
#656=ORIENTED_EDGE('',*,*,#1446,.T.);
#657=ORIENTED_EDGE('',*,*,#1447,.T.);
#658=ORIENTED_EDGE('',*,*,#1448,.T.);
#659=ORIENTED_EDGE('',*,*,#1449,.T.);
#660=ORIENTED_EDGE('',*,*,#1443,.T.);
#661=ORIENTED_EDGE('',*,*,#1450,.T.);
#662=ORIENTED_EDGE('',*,*,#1451,.T.);
#663=ORIENTED_EDGE('',*,*,#1303,.T.);
#664=ORIENTED_EDGE('',*,*,#1452,.T.);
#665=ORIENTED_EDGE('',*,*,#1453,.T.);
#666=ORIENTED_EDGE('',*,*,#1454,.T.);
#667=ORIENTED_EDGE('',*,*,#1444,.F.);
#668=ORIENTED_EDGE('',*,*,#1419,.F.);
#669=ORIENTED_EDGE('',*,*,#1449,.F.);
#670=ORIENTED_EDGE('',*,*,#1455,.F.);
#671=ORIENTED_EDGE('',*,*,#1429,.F.);
#672=ORIENTED_EDGE('',*,*,#1455,.T.);
#673=ORIENTED_EDGE('',*,*,#1448,.F.);
#674=ORIENTED_EDGE('',*,*,#1456,.F.);
#675=ORIENTED_EDGE('',*,*,#1432,.F.);
#676=ORIENTED_EDGE('',*,*,#1456,.T.);
#677=ORIENTED_EDGE('',*,*,#1447,.F.);
#678=ORIENTED_EDGE('',*,*,#1457,.F.);
#679=ORIENTED_EDGE('',*,*,#1435,.F.);
#680=ORIENTED_EDGE('',*,*,#1457,.T.);
#681=ORIENTED_EDGE('',*,*,#1446,.F.);
#682=ORIENTED_EDGE('',*,*,#1458,.F.);
#683=ORIENTED_EDGE('',*,*,#1438,.F.);
#684=ORIENTED_EDGE('',*,*,#1458,.T.);
#685=ORIENTED_EDGE('',*,*,#1445,.F.);
#686=ORIENTED_EDGE('',*,*,#1417,.F.);
#687=ORIENTED_EDGE('',*,*,#1441,.F.);
#688=ORIENTED_EDGE('',*,*,#1302,.F.);
#689=ORIENTED_EDGE('',*,*,#1431,.F.);
#690=ORIENTED_EDGE('',*,*,#1459,.F.);
#691=ORIENTED_EDGE('',*,*,#1452,.F.);
#692=ORIENTED_EDGE('',*,*,#1459,.T.);
#693=ORIENTED_EDGE('',*,*,#1434,.F.);
#694=ORIENTED_EDGE('',*,*,#1460,.F.);
#695=ORIENTED_EDGE('',*,*,#1453,.F.);
#696=ORIENTED_EDGE('',*,*,#1460,.T.);
#697=ORIENTED_EDGE('',*,*,#1437,.F.);
#698=ORIENTED_EDGE('',*,*,#1461,.F.);
#699=ORIENTED_EDGE('',*,*,#1454,.F.);
#700=ORIENTED_EDGE('',*,*,#1461,.T.);
#701=ORIENTED_EDGE('',*,*,#1440,.F.);
#702=ORIENTED_EDGE('',*,*,#1462,.F.);
#703=ORIENTED_EDGE('',*,*,#1450,.F.);
#704=ORIENTED_EDGE('',*,*,#1462,.T.);
#705=ORIENTED_EDGE('',*,*,#1442,.F.);
#706=ORIENTED_EDGE('',*,*,#1304,.F.);
#707=ORIENTED_EDGE('',*,*,#1451,.F.);
#708=ORIENTED_EDGE('',*,*,#1321,.T.);
#709=ORIENTED_EDGE('',*,*,#1463,.T.);
#710=ORIENTED_EDGE('',*,*,#1210,.T.);
#711=ORIENTED_EDGE('',*,*,#1464,.F.);
#712=ORIENTED_EDGE('',*,*,#1465,.F.);
#713=ORIENTED_EDGE('',*,*,#1466,.T.);
#714=ORIENTED_EDGE('',*,*,#1232,.T.);
#715=ORIENTED_EDGE('',*,*,#1467,.F.);
#716=ORIENTED_EDGE('',*,*,#1468,.T.);
#717=ORIENTED_EDGE('',*,*,#1469,.F.);
#718=ORIENTED_EDGE('',*,*,#1467,.T.);
#719=ORIENTED_EDGE('',*,*,#1231,.T.);
#720=ORIENTED_EDGE('',*,*,#1470,.F.);
#721=ORIENTED_EDGE('',*,*,#1471,.F.);
#722=ORIENTED_EDGE('',*,*,#1472,.T.);
#723=ORIENTED_EDGE('',*,*,#1473,.F.);
#724=ORIENTED_EDGE('',*,*,#1474,.F.);
#725=ORIENTED_EDGE('',*,*,#1475,.T.);
#726=ORIENTED_EDGE('',*,*,#1287,.F.);
#727=ORIENTED_EDGE('',*,*,#1476,.F.);
#728=ORIENTED_EDGE('',*,*,#1477,.T.);
#729=ORIENTED_EDGE('',*,*,#1478,.T.);
#730=ORIENTED_EDGE('',*,*,#1479,.T.);
#731=ORIENTED_EDGE('',*,*,#1480,.T.);
#732=ORIENTED_EDGE('',*,*,#1481,.F.);
#733=ORIENTED_EDGE('',*,*,#1179,.F.);
#734=ORIENTED_EDGE('',*,*,#1482,.T.);
#735=ORIENTED_EDGE('',*,*,#1483,.T.);
#736=ORIENTED_EDGE('',*,*,#1484,.T.);
#737=ORIENTED_EDGE('',*,*,#1237,.F.);
#738=ORIENTED_EDGE('',*,*,#1485,.T.);
#739=ORIENTED_EDGE('',*,*,#1177,.T.);
#740=ORIENTED_EDGE('',*,*,#1486,.T.);
#741=ORIENTED_EDGE('',*,*,#1487,.F.);
#742=ORIENTED_EDGE('',*,*,#1488,.F.);
#743=ORIENTED_EDGE('',*,*,#1489,.T.);
#744=ORIENTED_EDGE('',*,*,#1490,.T.);
#745=ORIENTED_EDGE('',*,*,#1491,.F.);
#746=ORIENTED_EDGE('',*,*,#1492,.F.);
#747=ORIENTED_EDGE('',*,*,#1285,.T.);
#748=ORIENTED_EDGE('',*,*,#1489,.F.);
#749=ORIENTED_EDGE('',*,*,#1493,.F.);
#750=ORIENTED_EDGE('',*,*,#1491,.T.);
#751=ORIENTED_EDGE('',*,*,#1494,.F.);
#752=ORIENTED_EDGE('',*,*,#1495,.T.);
#753=ORIENTED_EDGE('',*,*,#1483,.F.);
#754=ORIENTED_EDGE('',*,*,#1496,.F.);
#755=ORIENTED_EDGE('',*,*,#1497,.F.);
#756=ORIENTED_EDGE('',*,*,#1497,.T.);
#757=ORIENTED_EDGE('',*,*,#1498,.F.);
#758=ORIENTED_EDGE('',*,*,#1487,.T.);
#759=ORIENTED_EDGE('',*,*,#1499,.F.);
#760=ORIENTED_EDGE('',*,*,#1500,.T.);
#761=ORIENTED_EDGE('',*,*,#1501,.F.);
#762=ORIENTED_EDGE('',*,*,#1502,.T.);
#763=ORIENTED_EDGE('',*,*,#1235,.T.);
#764=ORIENTED_EDGE('',*,*,#1503,.T.);
#765=ORIENTED_EDGE('',*,*,#1504,.T.);
#766=ORIENTED_EDGE('',*,*,#1505,.T.);
#767=ORIENTED_EDGE('',*,*,#1506,.F.);
#768=ORIENTED_EDGE('',*,*,#1507,.T.);
#769=ORIENTED_EDGE('',*,*,#1501,.T.);
#770=ORIENTED_EDGE('',*,*,#1465,.T.);
#771=ORIENTED_EDGE('',*,*,#1508,.F.);
#772=ORIENTED_EDGE('',*,*,#1471,.T.);
#773=ORIENTED_EDGE('',*,*,#1509,.F.);
#774=ORIENTED_EDGE('',*,*,#1510,.F.);
#775=ORIENTED_EDGE('',*,*,#1511,.F.);
#776=ORIENTED_EDGE('',*,*,#1512,.T.);
#777=ORIENTED_EDGE('',*,*,#1506,.T.);
#778=ORIENTED_EDGE('',*,*,#1477,.F.);
#779=ORIENTED_EDGE('',*,*,#1513,.F.);
#780=ORIENTED_EDGE('',*,*,#1514,.T.);
#781=ORIENTED_EDGE('',*,*,#1515,.F.);
#782=ORIENTED_EDGE('',*,*,#1516,.F.);
#783=ORIENTED_EDGE('',*,*,#1273,.F.);
#784=ORIENTED_EDGE('',*,*,#1517,.F.);
#785=ORIENTED_EDGE('',*,*,#1518,.T.);
#786=ORIENTED_EDGE('',*,*,#1509,.T.);
#787=ORIENTED_EDGE('',*,*,#1519,.F.);
#788=ORIENTED_EDGE('',*,*,#1516,.T.);
#789=ORIENTED_EDGE('',*,*,#1520,.T.);
#790=ORIENTED_EDGE('',*,*,#1517,.T.);
#791=ORIENTED_EDGE('',*,*,#1521,.F.);
#792=ORIENTED_EDGE('',*,*,#1496,.T.);
#793=ORIENTED_EDGE('',*,*,#1482,.F.);
#794=ORIENTED_EDGE('',*,*,#1178,.F.);
#795=ORIENTED_EDGE('',*,*,#1485,.F.);
#796=ORIENTED_EDGE('',*,*,#1236,.F.);
#797=ORIENTED_EDGE('',*,*,#1502,.F.);
#798=ORIENTED_EDGE('',*,*,#1507,.F.);
#799=ORIENTED_EDGE('',*,*,#1512,.F.);
#800=ORIENTED_EDGE('',*,*,#1522,.F.);
#801=ORIENTED_EDGE('',*,*,#1523,.F.);
#802=ORIENTED_EDGE('',*,*,#1524,.F.);
#803=ORIENTED_EDGE('',*,*,#1525,.F.);
#804=ORIENTED_EDGE('',*,*,#1526,.F.);
#805=ORIENTED_EDGE('',*,*,#1527,.F.);
#806=ORIENTED_EDGE('',*,*,#1528,.F.);
#807=ORIENTED_EDGE('',*,*,#1529,.F.);
#808=ORIENTED_EDGE('',*,*,#1530,.F.);
#809=ORIENTED_EDGE('',*,*,#1531,.F.);
#810=ORIENTED_EDGE('',*,*,#1514,.F.);
#811=ORIENTED_EDGE('',*,*,#1532,.F.);
#812=ORIENTED_EDGE('',*,*,#1522,.T.);
#813=ORIENTED_EDGE('',*,*,#1511,.T.);
#814=ORIENTED_EDGE('',*,*,#1533,.F.);
#815=ORIENTED_EDGE('',*,*,#1534,.F.);
#816=ORIENTED_EDGE('',*,*,#1533,.T.);
#817=ORIENTED_EDGE('',*,*,#1510,.T.);
#818=ORIENTED_EDGE('',*,*,#1518,.F.);
#819=ORIENTED_EDGE('',*,*,#1535,.F.);
#820=ORIENTED_EDGE('',*,*,#1520,.F.);
#821=ORIENTED_EDGE('',*,*,#1515,.T.);
#822=ORIENTED_EDGE('',*,*,#1531,.T.);
#823=ORIENTED_EDGE('',*,*,#1536,.T.);
#824=ORIENTED_EDGE('',*,*,#1535,.T.);
#825=ORIENTED_EDGE('',*,*,#1536,.F.);
#826=ORIENTED_EDGE('',*,*,#1530,.T.);
#827=ORIENTED_EDGE('',*,*,#1537,.T.);
#828=ORIENTED_EDGE('',*,*,#1534,.T.);
#829=ORIENTED_EDGE('',*,*,#1537,.F.);
#830=ORIENTED_EDGE('',*,*,#1532,.T.);
#831=ORIENTED_EDGE('',*,*,#1538,.T.);
#832=ORIENTED_EDGE('',*,*,#1523,.T.);
#833=ORIENTED_EDGE('',*,*,#1538,.F.);
#834=ORIENTED_EDGE('',*,*,#1513,.T.);
#835=ORIENTED_EDGE('',*,*,#1539,.T.);
#836=ORIENTED_EDGE('',*,*,#1524,.T.);
#837=ORIENTED_EDGE('',*,*,#1539,.F.);
#838=ORIENTED_EDGE('',*,*,#1476,.T.);
#839=ORIENTED_EDGE('',*,*,#1540,.T.);
#840=ORIENTED_EDGE('',*,*,#1525,.T.);
#841=ORIENTED_EDGE('',*,*,#1540,.F.);
#842=ORIENTED_EDGE('',*,*,#1286,.T.);
#843=ORIENTED_EDGE('',*,*,#1541,.T.);
#844=ORIENTED_EDGE('',*,*,#1526,.T.);
#845=ORIENTED_EDGE('',*,*,#1541,.F.);
#846=ORIENTED_EDGE('',*,*,#1492,.T.);
#847=ORIENTED_EDGE('',*,*,#1542,.T.);
#848=ORIENTED_EDGE('',*,*,#1527,.T.);
#849=ORIENTED_EDGE('',*,*,#1542,.F.);
#850=ORIENTED_EDGE('',*,*,#1493,.T.);
#851=ORIENTED_EDGE('',*,*,#1543,.T.);
#852=ORIENTED_EDGE('',*,*,#1528,.T.);
#853=ORIENTED_EDGE('',*,*,#1543,.F.);
#854=ORIENTED_EDGE('',*,*,#1488,.T.);
#855=ORIENTED_EDGE('',*,*,#1498,.T.);
#856=ORIENTED_EDGE('',*,*,#1529,.T.);
#857=ORIENTED_EDGE('',*,*,#1466,.F.);
#858=ORIENTED_EDGE('',*,*,#1500,.F.);
#859=ORIENTED_EDGE('',*,*,#1234,.T.);
#860=ORIENTED_EDGE('',*,*,#1233,.T.);
#861=ORIENTED_EDGE('',*,*,#1544,.T.);
#862=ORIENTED_EDGE('',*,*,#1472,.F.);
#863=ORIENTED_EDGE('',*,*,#1505,.F.);
#864=ORIENTED_EDGE('',*,*,#1545,.F.);
#865=ORIENTED_EDGE('',*,*,#1519,.T.);
#866=ORIENTED_EDGE('',*,*,#1470,.T.);
#867=ORIENTED_EDGE('',*,*,#1263,.T.);
#868=ORIENTED_EDGE('',*,*,#1269,.F.);
#869=ORIENTED_EDGE('',*,*,#1521,.T.);
#870=ORIENTED_EDGE('',*,*,#1545,.T.);
#871=ORIENTED_EDGE('',*,*,#1262,.T.);
#872=ORIENTED_EDGE('',*,*,#1546,.F.);
#873=ORIENTED_EDGE('',*,*,#1478,.F.);
#874=ORIENTED_EDGE('',*,*,#1272,.T.);
#875=ORIENTED_EDGE('',*,*,#1289,.T.);
#876=ORIENTED_EDGE('',*,*,#1547,.T.);
#877=ORIENTED_EDGE('',*,*,#1278,.T.);
#878=ORIENTED_EDGE('',*,*,#1548,.F.);
#879=ORIENTED_EDGE('',*,*,#1490,.F.);
#880=ORIENTED_EDGE('',*,*,#1284,.T.);
#881=ORIENTED_EDGE('',*,*,#1549,.F.);
#882=ORIENTED_EDGE('',*,*,#1550,.F.);
#883=ORIENTED_EDGE('',*,*,#1551,.F.);
#884=ORIENTED_EDGE('',*,*,#1552,.F.);
#885=ORIENTED_EDGE('',*,*,#1494,.T.);
#886=ORIENTED_EDGE('',*,*,#1548,.T.);
#887=ORIENTED_EDGE('',*,*,#1277,.T.);
#888=ORIENTED_EDGE('',*,*,#1553,.F.);
#889=ORIENTED_EDGE('',*,*,#1486,.F.);
#890=ORIENTED_EDGE('',*,*,#1552,.T.);
#891=ORIENTED_EDGE('',*,*,#1197,.T.);
#892=ORIENTED_EDGE('',*,*,#1554,.F.);
#893=ORIENTED_EDGE('',*,*,#1499,.T.);
#894=ORIENTED_EDGE('',*,*,#1553,.T.);
#895=ORIENTED_EDGE('',*,*,#1196,.T.);
#896=ORIENTED_EDGE('',*,*,#1555,.F.);
#897=ORIENTED_EDGE('',*,*,#1495,.F.);
#898=ORIENTED_EDGE('',*,*,#1554,.T.);
#899=ORIENTED_EDGE('',*,*,#1420,.T.);
#900=ORIENTED_EDGE('',*,*,#1556,.F.);
#901=ORIENTED_EDGE('',*,*,#1479,.F.);
#902=ORIENTED_EDGE('',*,*,#1555,.T.);
#903=ORIENTED_EDGE('',*,*,#1240,.T.);
#904=ORIENTED_EDGE('',*,*,#1183,.F.);
#905=ORIENTED_EDGE('',*,*,#1557,.F.);
#906=ORIENTED_EDGE('',*,*,#1239,.T.);
#907=ORIENTED_EDGE('',*,*,#1238,.F.);
#908=ORIENTED_EDGE('',*,*,#1484,.F.);
#909=ORIENTED_EDGE('',*,*,#1185,.T.);
#910=ORIENTED_EDGE('',*,*,#1475,.F.);
#911=ORIENTED_EDGE('',*,*,#1546,.T.);
#912=ORIENTED_EDGE('',*,*,#1288,.F.);
#913=ORIENTED_EDGE('',*,*,#1209,.T.);
#914=ORIENTED_EDGE('',*,*,#1558,.T.);
#915=ORIENTED_EDGE('',*,*,#1314,.T.);
#916=ORIENTED_EDGE('',*,*,#1464,.T.);
#917=ORIENTED_EDGE('',*,*,#1508,.T.);
#918=ORIENTED_EDGE('',*,*,#1469,.T.);
#919=ORIENTED_EDGE('',*,*,#1559,.F.);
#920=ORIENTED_EDGE('',*,*,#1560,.T.);
#921=ORIENTED_EDGE('',*,*,#1503,.F.);
#922=ORIENTED_EDGE('',*,*,#1560,.F.);
#923=ORIENTED_EDGE('',*,*,#1561,.T.);
#924=ORIENTED_EDGE('',*,*,#1562,.T.);
#925=ORIENTED_EDGE('',*,*,#1504,.F.);
#926=ORIENTED_EDGE('',*,*,#1562,.F.);
#927=ORIENTED_EDGE('',*,*,#1563,.T.);
#928=ORIENTED_EDGE('',*,*,#1473,.T.);
#929=ORIENTED_EDGE('',*,*,#1544,.F.);
#930=ORIENTED_EDGE('',*,*,#1559,.T.);
#931=ORIENTED_EDGE('',*,*,#1468,.F.);
#932=ORIENTED_EDGE('',*,*,#1474,.T.);
#933=ORIENTED_EDGE('',*,*,#1563,.F.);
#934=ORIENTED_EDGE('',*,*,#1561,.F.);
#935=ORIENTED_EDGE('',*,*,#1319,.T.);
#936=ORIENTED_EDGE('',*,*,#1428,.T.);
#937=ORIENTED_EDGE('',*,*,#1212,.F.);
#938=ORIENTED_EDGE('',*,*,#1564,.F.);
#939=ORIENTED_EDGE('',*,*,#1283,.T.);
#940=ORIENTED_EDGE('',*,*,#1565,.F.);
#941=ORIENTED_EDGE('',*,*,#1566,.F.);
#942=ORIENTED_EDGE('',*,*,#1567,.F.);
#943=ORIENTED_EDGE('',*,*,#1566,.T.);
#944=ORIENTED_EDGE('',*,*,#1568,.F.);
#945=ORIENTED_EDGE('',*,*,#1569,.F.);
#946=ORIENTED_EDGE('',*,*,#1570,.F.);
#947=ORIENTED_EDGE('',*,*,#1569,.T.);
#948=ORIENTED_EDGE('',*,*,#1571,.F.);
#949=ORIENTED_EDGE('',*,*,#1572,.F.);
#950=ORIENTED_EDGE('',*,*,#1573,.F.);
#951=ORIENTED_EDGE('',*,*,#1572,.T.);
#952=ORIENTED_EDGE('',*,*,#1574,.F.);
#953=ORIENTED_EDGE('',*,*,#1575,.F.);
#954=ORIENTED_EDGE('',*,*,#1576,.F.);
#955=ORIENTED_EDGE('',*,*,#1575,.T.);
#956=ORIENTED_EDGE('',*,*,#1577,.F.);
#957=ORIENTED_EDGE('',*,*,#1279,.F.);
#958=ORIENTED_EDGE('',*,*,#1547,.F.);
#959=ORIENTED_EDGE('',*,*,#1578,.F.);
#960=ORIENTED_EDGE('',*,*,#1579,.T.);
#961=ORIENTED_EDGE('',*,*,#1580,.F.);
#962=ORIENTED_EDGE('',*,*,#1550,.T.);
#963=ORIENTED_EDGE('',*,*,#1581,.F.);
#964=ORIENTED_EDGE('',*,*,#1582,.F.);
#965=ORIENTED_EDGE('',*,*,#1583,.F.);
#966=ORIENTED_EDGE('',*,*,#1584,.F.);
#967=ORIENTED_EDGE('',*,*,#1585,.F.);
#968=ORIENTED_EDGE('',*,*,#1579,.F.);
#969=ORIENTED_EDGE('',*,*,#1586,.F.);
#970=ORIENTED_EDGE('',*,*,#1587,.F.);
#971=ORIENTED_EDGE('',*,*,#1588,.F.);
#972=ORIENTED_EDGE('',*,*,#1589,.F.);
#973=ORIENTED_EDGE('',*,*,#1281,.F.);
#974=ORIENTED_EDGE('',*,*,#1590,.F.);
#975=ORIENTED_EDGE('',*,*,#1580,.T.);
#976=ORIENTED_EDGE('',*,*,#1549,.T.);
#977=ORIENTED_EDGE('',*,*,#1567,.T.);
#978=ORIENTED_EDGE('',*,*,#1591,.T.);
#979=ORIENTED_EDGE('',*,*,#1581,.T.);
#980=ORIENTED_EDGE('',*,*,#1591,.F.);
#981=ORIENTED_EDGE('',*,*,#1570,.T.);
#982=ORIENTED_EDGE('',*,*,#1592,.T.);
#983=ORIENTED_EDGE('',*,*,#1582,.T.);
#984=ORIENTED_EDGE('',*,*,#1592,.F.);
#985=ORIENTED_EDGE('',*,*,#1573,.T.);
#986=ORIENTED_EDGE('',*,*,#1593,.T.);
#987=ORIENTED_EDGE('',*,*,#1583,.T.);
#988=ORIENTED_EDGE('',*,*,#1593,.F.);
#989=ORIENTED_EDGE('',*,*,#1576,.T.);
#990=ORIENTED_EDGE('',*,*,#1594,.T.);
#991=ORIENTED_EDGE('',*,*,#1584,.T.);
#992=ORIENTED_EDGE('',*,*,#1594,.F.);
#993=ORIENTED_EDGE('',*,*,#1578,.T.);
#994=ORIENTED_EDGE('',*,*,#1551,.T.);
#995=ORIENTED_EDGE('',*,*,#1585,.T.);
#996=ORIENTED_EDGE('',*,*,#1282,.T.);
#997=ORIENTED_EDGE('',*,*,#1589,.T.);
#998=ORIENTED_EDGE('',*,*,#1595,.T.);
#999=ORIENTED_EDGE('',*,*,#1565,.T.);
#1000=ORIENTED_EDGE('',*,*,#1595,.F.);
#1001=ORIENTED_EDGE('',*,*,#1588,.T.);
#1002=ORIENTED_EDGE('',*,*,#1596,.T.);
#1003=ORIENTED_EDGE('',*,*,#1568,.T.);
#1004=ORIENTED_EDGE('',*,*,#1596,.F.);
#1005=ORIENTED_EDGE('',*,*,#1587,.T.);
#1006=ORIENTED_EDGE('',*,*,#1597,.T.);
#1007=ORIENTED_EDGE('',*,*,#1571,.T.);
#1008=ORIENTED_EDGE('',*,*,#1597,.F.);
#1009=ORIENTED_EDGE('',*,*,#1586,.T.);
#1010=ORIENTED_EDGE('',*,*,#1598,.T.);
#1011=ORIENTED_EDGE('',*,*,#1574,.T.);
#1012=ORIENTED_EDGE('',*,*,#1598,.F.);
#1013=ORIENTED_EDGE('',*,*,#1590,.T.);
#1014=ORIENTED_EDGE('',*,*,#1280,.T.);
#1015=ORIENTED_EDGE('',*,*,#1577,.T.);
#1016=ORIENTED_EDGE('',*,*,#1204,.T.);
#1017=ORIENTED_EDGE('',*,*,#1322,.T.);
#1018=ORIENTED_EDGE('',*,*,#1247,.F.);
#1019=ORIENTED_EDGE('',*,*,#1599,.T.);
#1020=ORIENTED_EDGE('',*,*,#1248,.T.);
#1021=ORIENTED_EDGE('',*,*,#1600,.F.);
#1022=ORIENTED_EDGE('',*,*,#1324,.T.);
#1023=ORIENTED_EDGE('',*,*,#1206,.F.);
#1024=ORIENTED_EDGE('',*,*,#1323,.F.);
#1025=ORIENTED_EDGE('',*,*,#1205,.T.);
#1026=ORIENTED_EDGE('',*,*,#1601,.F.);
#1027=ORIENTED_EDGE('',*,*,#1602,.T.);
#1028=ORIENTED_EDGE('',*,*,#1259,.T.);
#1029=ORIENTED_EDGE('',*,*,#1229,.T.);
#1030=ORIENTED_EDGE('',*,*,#1603,.F.);
#1031=ORIENTED_EDGE('',*,*,#1604,.T.);
#1032=ORIENTED_EDGE('',*,*,#1601,.T.);
#1033=ORIENTED_EDGE('',*,*,#1228,.T.);
#1034=ORIENTED_EDGE('',*,*,#1256,.F.);
#1035=ORIENTED_EDGE('',*,*,#1605,.T.);
#1036=ORIENTED_EDGE('',*,*,#1603,.T.);
#1037=ORIENTED_EDGE('',*,*,#1227,.F.);
#1038=ORIENTED_EDGE('',*,*,#1265,.F.);
#1039=ORIENTED_EDGE('',*,*,#1294,.F.);
#1040=ORIENTED_EDGE('',*,*,#1606,.F.);
#1041=ORIENTED_EDGE('',*,*,#1255,.F.);
#1042=ORIENTED_EDGE('',*,*,#1606,.T.);
#1043=ORIENTED_EDGE('',*,*,#1293,.F.);
#1044=ORIENTED_EDGE('',*,*,#1607,.F.);
#1045=ORIENTED_EDGE('',*,*,#1605,.F.);
#1046=ORIENTED_EDGE('',*,*,#1607,.T.);
#1047=ORIENTED_EDGE('',*,*,#1292,.F.);
#1048=ORIENTED_EDGE('',*,*,#1608,.F.);
#1049=ORIENTED_EDGE('',*,*,#1604,.F.);
#1050=ORIENTED_EDGE('',*,*,#1608,.T.);
#1051=ORIENTED_EDGE('',*,*,#1291,.F.);
#1052=ORIENTED_EDGE('',*,*,#1609,.F.);
#1053=ORIENTED_EDGE('',*,*,#1602,.F.);
#1054=ORIENTED_EDGE('',*,*,#1270,.F.);
#1055=ORIENTED_EDGE('',*,*,#1260,.F.);
#1056=ORIENTED_EDGE('',*,*,#1609,.T.);
#1057=ORIENTED_EDGE('',*,*,#1290,.F.);
#1058=ORIENTED_EDGE('',*,*,#1421,.F.);
#1059=ORIENTED_EDGE('',*,*,#1315,.T.);
#1060=ORIENTED_EDGE('',*,*,#1558,.F.);
#1061=ORIENTED_EDGE('',*,*,#1208,.F.);
#1062=ORIENTED_EDGE('',*,*,#1211,.T.);
#1063=ORIENTED_EDGE('',*,*,#1463,.F.);
#1064=ORIENTED_EDGE('',*,*,#1320,.F.);
#1065=ORIENTED_EDGE('',*,*,#1564,.T.);
#1066=ORIENTED_EDGE('',*,*,#1214,.F.);
#1067=ORIENTED_EDGE('',*,*,#1427,.F.);
#1068=ORIENTED_EDGE('',*,*,#1317,.T.);
#1069=ORIENTED_EDGE('',*,*,#1250,.T.);
#1070=ORIENTED_EDGE('',*,*,#1312,.T.);
#1071=ORIENTED_EDGE('',*,*,#1241,.F.);
#1072=ORIENTED_EDGE('',*,*,#1313,.T.);
#1073=ORIENTED_EDGE('',*,*,#1242,.F.);
#1074=ORIENTED_EDGE('',*,*,#1610,.T.);
#1075=ORIENTED_EDGE('',*,*,#1311,.T.);
#1076=ORIENTED_EDGE('',*,*,#1611,.F.);
#1077=ORIENTED_EDGE('',*,*,#1245,.F.);
#1078=ORIENTED_EDGE('',*,*,#1243,.T.);
#1079=ORIENTED_EDGE('',*,*,#1612,.T.);
#1080=ORIENTED_EDGE('',*,*,#1202,.F.);
#1081=ORIENTED_EDGE('',*,*,#1613,.F.);
#1082=ORIENTED_EDGE('',*,*,#1613,.T.);
#1083=ORIENTED_EDGE('',*,*,#1201,.F.);
#1084=ORIENTED_EDGE('',*,*,#1614,.T.);
#1085=ORIENTED_EDGE('',*,*,#1274,.T.);
#1086=ORIENTED_EDGE('',*,*,#1610,.F.);
#1087=ORIENTED_EDGE('',*,*,#1244,.F.);
#1088=ORIENTED_EDGE('',*,*,#1310,.F.);
#1089=ORIENTED_EDGE('',*,*,#1615,.T.);
#1090=ORIENTED_EDGE('',*,*,#1203,.F.);
#1091=ORIENTED_EDGE('',*,*,#1612,.F.);
#1092=ORIENTED_EDGE('',*,*,#1246,.T.);
#1093=ORIENTED_EDGE('',*,*,#1611,.T.);
#1094=ORIENTED_EDGE('',*,*,#1194,.T.);
#1095=ORIENTED_EDGE('',*,*,#1616,.T.);
#1096=ORIENTED_EDGE('',*,*,#1599,.F.);
#1097=ORIENTED_EDGE('',*,*,#1616,.F.);
#1098=ORIENTED_EDGE('',*,*,#1192,.T.);
#1099=ORIENTED_EDGE('',*,*,#1617,.T.);
#1100=ORIENTED_EDGE('',*,*,#1600,.T.);
#1101=ORIENTED_EDGE('',*,*,#1617,.F.);
#1102=ORIENTED_EDGE('',*,*,#1615,.F.);
#1103=ORIENTED_EDGE('',*,*,#1309,.F.);
#1104=ORIENTED_EDGE('',*,*,#1618,.F.);
#1105=ORIENTED_EDGE('',*,*,#1186,.F.);
#1106=ORIENTED_EDGE('',*,*,#1308,.F.);
#1107=ORIENTED_EDGE('',*,*,#1187,.F.);
#1108=ORIENTED_EDGE('',*,*,#1618,.T.);
#1109=ORIENTED_EDGE('',*,*,#1614,.F.);
#1110=ORIENTED_EDGE('',*,*,#1200,.F.);
#1111=ORIENTED_EDGE('',*,*,#1619,.F.);
#1112=ORIENTED_EDGE('',*,*,#1275,.F.);
#1113=ORIENTED_EDGE('',*,*,#1199,.F.);
#1114=ORIENTED_EDGE('',*,*,#1276,.F.);
#1115=ORIENTED_EDGE('',*,*,#1619,.T.);
#1116=ORIENTED_EDGE('',*,*,#1620,.T.);
#1117=ORIENTED_EDGE('',*,*,#1621,.F.);
#1118=ORIENTED_EDGE('',*,*,#1622,.F.);
#1119=ORIENTED_EDGE('',*,*,#1623,.T.);
#1120=ORIENTED_EDGE('',*,*,#1480,.F.);
#1121=ORIENTED_EDGE('',*,*,#1556,.T.);
#1122=ORIENTED_EDGE('',*,*,#1624,.T.);
#1123=ORIENTED_EDGE('',*,*,#1621,.T.);
#1124=ORIENTED_EDGE('',*,*,#1625,.F.);
#1125=ORIENTED_EDGE('',*,*,#1624,.F.);
#1126=ORIENTED_EDGE('',*,*,#1557,.T.);
#1127=ORIENTED_EDGE('',*,*,#1182,.T.);
#1128=ORIENTED_EDGE('',*,*,#1626,.T.);
#1129=ORIENTED_EDGE('',*,*,#1622,.T.);
#1130=ORIENTED_EDGE('',*,*,#1181,.F.);
#1131=ORIENTED_EDGE('',*,*,#1175,.T.);
#1132=ORIENTED_EDGE('',*,*,#1627,.T.);
#1133=ORIENTED_EDGE('',*,*,#1623,.F.);
#1134=ORIENTED_EDGE('',*,*,#1626,.F.);
#1135=ORIENTED_EDGE('',*,*,#1180,.T.);
#1136=ORIENTED_EDGE('',*,*,#1481,.T.);
#1137=ORIENTED_EDGE('',*,*,#1625,.T.);
#1138=ORIENTED_EDGE('',*,*,#1620,.F.);
#1139=ORIENTED_EDGE('',*,*,#1627,.F.);
#1140=ORIENTED_EDGE('',*,*,#1628,.F.);
#1141=ORIENTED_EDGE('',*,*,#1629,.F.);
#1142=ORIENTED_EDGE('',*,*,#1630,.T.);
#1143=ORIENTED_EDGE('',*,*,#1631,.T.);
#1144=ORIENTED_EDGE('',*,*,#1344,.F.);
#1145=ORIENTED_EDGE('',*,*,#1171,.T.);
#1146=ORIENTED_EDGE('',*,*,#1632,.T.);
#1147=ORIENTED_EDGE('',*,*,#1629,.T.);
#1148=ORIENTED_EDGE('',*,*,#1633,.F.);
#1149=ORIENTED_EDGE('',*,*,#1170,.F.);
#1150=ORIENTED_EDGE('',*,*,#1166,.F.);
#1151=ORIENTED_EDGE('',*,*,#1634,.T.);
#1152=ORIENTED_EDGE('',*,*,#1630,.F.);
#1153=ORIENTED_EDGE('',*,*,#1632,.F.);
#1154=ORIENTED_EDGE('',*,*,#1165,.F.);
#1155=ORIENTED_EDGE('',*,*,#1341,.T.);
#1156=ORIENTED_EDGE('',*,*,#1635,.T.);
#1157=ORIENTED_EDGE('',*,*,#1631,.F.);
#1158=ORIENTED_EDGE('',*,*,#1634,.F.);
#1159=ORIENTED_EDGE('',*,*,#1345,.F.);
#1160=ORIENTED_EDGE('',*,*,#1633,.T.);
#1161=ORIENTED_EDGE('',*,*,#1628,.T.);
#1162=ORIENTED_EDGE('',*,*,#1635,.F.);
#1163=ORIENTED_EDGE('',*,*,#1340,.F.);
#1164=EDGE_CURVE('',#1636,#1637,#1934,.T.);
#1165=EDGE_CURVE('',#1637,#1638,#203,.T.);
#1166=EDGE_CURVE('',#1638,#1639,#204,.T.);
#1167=EDGE_CURVE('',#1639,#1640,#1935,.T.);
#1168=EDGE_CURVE('',#1641,#1640,#1936,.T.);
#1169=EDGE_CURVE('',#1636,#1641,#1937,.T.);
#1170=EDGE_CURVE('',#1639,#1642,#1938,.T.);
#1171=EDGE_CURVE('',#1643,#1642,#1939,.T.);
#1172=EDGE_CURVE('',#1643,#1644,#1940,.T.);
#1173=EDGE_CURVE('',#1644,#1645,#1941,.T.);
#1174=EDGE_CURVE('',#1640,#1645,#1942,.T.);
#1175=EDGE_CURVE('',#1646,#1647,#1943,.T.);
#1176=EDGE_CURVE('',#1646,#1648,#1944,.T.);
#1177=EDGE_CURVE('',#1649,#1648,#1945,.T.);
#1178=EDGE_CURVE('',#1649,#1650,#1946,.T.);
#1179=EDGE_CURVE('',#1650,#1651,#1947,.T.);
#1180=EDGE_CURVE('',#1647,#1651,#1948,.T.);
#1181=EDGE_CURVE('',#1646,#1652,#1949,.T.);
#1182=EDGE_CURVE('',#1653,#1652,#1950,.T.);
#1183=EDGE_CURVE('',#1653,#1654,#1951,.T.);
#1184=EDGE_CURVE('',#1654,#1655,#1952,.T.);
#1185=EDGE_CURVE('',#1648,#1655,#1953,.T.);
#1186=EDGE_CURVE('',#1656,#1657,#1954,.T.);
#1187=EDGE_CURVE('',#1657,#1658,#1955,.T.);
#1188=EDGE_CURVE('',#1658,#1659,#1956,.T.);
#1189=EDGE_CURVE('',#1659,#1660,#1957,.F.);
#1190=EDGE_CURVE('',#1660,#1661,#1958,.F.);
#1191=EDGE_CURVE('',#1662,#1661,#1959,.T.);
#1192=EDGE_CURVE('',#1662,#1662,#48,.T.);
#1193=EDGE_CURVE('',#1663,#1662,#1960,.T.);
#1194=EDGE_CURVE('',#1663,#1663,#49,.T.);
#1195=EDGE_CURVE('',#1664,#1663,#1961,.T.);
#1196=EDGE_CURVE('',#1665,#1664,#1962,.F.);
#1197=EDGE_CURVE('',#1666,#1665,#1963,.F.);
#1198=EDGE_CURVE('',#1666,#1667,#1964,.T.);
#1199=EDGE_CURVE('',#1667,#1668,#1965,.T.);
#1200=EDGE_CURVE('',#1668,#1669,#1966,.T.);
#1201=EDGE_CURVE('',#1669,#1670,#1967,.T.);
#1202=EDGE_CURVE('',#1670,#1671,#1968,.T.);
#1203=EDGE_CURVE('',#1671,#1656,#1969,.T.);
#1204=EDGE_CURVE('',#1672,#1672,#25,.F.);
#1205=EDGE_CURVE('',#1673,#1673,#26,.F.);
#1206=EDGE_CURVE('',#1674,#1674,#27,.T.);
#1207=EDGE_CURVE('',#1675,#1676,#1970,.T.);
#1208=EDGE_CURVE('',#1676,#1677,#1971,.T.);
#1209=EDGE_CURVE('',#1678,#1677,#1972,.T.);
#1210=EDGE_CURVE('',#1679,#1678,#1973,.T.);
#1211=EDGE_CURVE('',#1680,#1679,#1974,.T.);
#1212=EDGE_CURVE('',#1680,#1681,#1975,.T.);
#1213=EDGE_CURVE('',#1682,#1681,#1976,.T.);
#1214=EDGE_CURVE('',#1682,#1683,#1977,.T.);
#1215=EDGE_CURVE('',#1683,#1675,#1978,.T.);
#1216=EDGE_CURVE('',#1684,#1641,#1979,.T.);
#1217=EDGE_CURVE('',#1645,#1685,#1980,.T.);
#1218=EDGE_CURVE('',#1686,#1685,#1981,.T.);
#1219=EDGE_CURVE('',#1687,#1686,#1982,.T.);
#1220=EDGE_CURVE('',#1688,#1687,#1983,.T.);
#1221=EDGE_CURVE('',#1688,#1689,#1984,.T.);
#1222=EDGE_CURVE('',#1689,#1690,#1985,.T.);
#1223=EDGE_CURVE('',#1690,#1691,#1986,.T.);
#1224=EDGE_CURVE('',#1691,#1692,#1987,.T.);
#1225=EDGE_CURVE('',#1692,#1693,#1988,.T.);
#1226=EDGE_CURVE('',#1694,#1693,#1989,.T.);
#1227=EDGE_CURVE('',#1694,#1695,#1990,.T.);
#1228=EDGE_CURVE('',#1696,#1695,#28,.T.);
#1229=EDGE_CURVE('',#1697,#1696,#1991,.T.);
#1230=EDGE_CURVE('',#1697,#1698,#1992,.T.);
#1231=EDGE_CURVE('',#1699,#1698,#1993,.T.);
#1232=EDGE_CURVE('',#1700,#1699,#1994,.T.);
#1233=EDGE_CURVE('',#1701,#1700,#1995,.T.);
#1234=EDGE_CURVE('',#1702,#1701,#1996,.T.);
#1235=EDGE_CURVE('',#1703,#1702,#1997,.T.);
#1236=EDGE_CURVE('',#1703,#1704,#1998,.T.);
#1237=EDGE_CURVE('',#1704,#1705,#1999,.T.);
#1238=EDGE_CURVE('',#1705,#1706,#2000,.T.);
#1239=EDGE_CURVE('',#1655,#1706,#2001,.T.);
#1240=EDGE_CURVE('',#1684,#1654,#2002,.T.);
#1241=EDGE_CURVE('',#1707,#1707,#29,.T.);
#1242=EDGE_CURVE('',#1708,#1708,#30,.T.);
#1243=EDGE_CURVE('',#1709,#1710,#2003,.T.);
#1244=EDGE_CURVE('',#1709,#1711,#2004,.T.);
#1245=EDGE_CURVE('',#1711,#1712,#2005,.T.);
#1246=EDGE_CURVE('',#1710,#1712,#2006,.T.);
#1247=EDGE_CURVE('',#1713,#1713,#31,.T.);
#1248=EDGE_CURVE('',#1714,#1714,#32,.F.);
#1249=EDGE_CURVE('',#1715,#1675,#2007,.T.);
#1250=EDGE_CURVE('',#1716,#1683,#2008,.T.);
#1251=EDGE_CURVE('',#1717,#1716,#2009,.T.);
#1252=EDGE_CURVE('',#1718,#1717,#2010,.T.);
#1253=EDGE_CURVE('',#1715,#1718,#2011,.T.);
#1254=EDGE_CURVE('',#1719,#1720,#2012,.F.);
#1255=EDGE_CURVE('',#1720,#1721,#2013,.T.);
#1256=EDGE_CURVE('',#1721,#1694,#2014,.T.);
#1257=EDGE_CURVE('',#1693,#1722,#2015,.T.);
#1258=EDGE_CURVE('',#1722,#1719,#2016,.T.);
#1259=EDGE_CURVE('',#1723,#1697,#2017,.T.);
#1260=EDGE_CURVE('',#1723,#1724,#2018,.T.);
#1261=EDGE_CURVE('',#1724,#1725,#2019,.F.);
#1262=EDGE_CURVE('',#1726,#1725,#2020,.T.);
#1263=EDGE_CURVE('',#1698,#1726,#2021,.T.);
#1264=EDGE_CURVE('',#1727,#1728,#2022,.F.);
#1265=EDGE_CURVE('',#1727,#1720,#2023,.F.);
#1266=EDGE_CURVE('',#1729,#1719,#2024,.T.);
#1267=EDGE_CURVE('',#1730,#1729,#2025,.T.);
#1268=EDGE_CURVE('',#1730,#1728,#2026,.T.);
#1269=EDGE_CURVE('',#1731,#1725,#2027,.T.);
#1270=EDGE_CURVE('',#1724,#1732,#2028,.F.);
#1271=EDGE_CURVE('',#1732,#1733,#2029,.F.);
#1272=EDGE_CURVE('',#1734,#1733,#2030,.T.);
#1273=EDGE_CURVE('',#1734,#1731,#2031,.T.);
#1274=EDGE_CURVE('',#1735,#1736,#2032,.T.);
#1275=EDGE_CURVE('',#1735,#1737,#2033,.F.);
#1276=EDGE_CURVE('',#1737,#1667,#2034,.T.);
#1277=EDGE_CURVE('',#1738,#1666,#2035,.F.);
#1278=EDGE_CURVE('',#1739,#1738,#2036,.F.);
#1279=EDGE_CURVE('',#1739,#1740,#2037,.T.);
#1280=EDGE_CURVE('',#1741,#1740,#2038,.F.);
#1281=EDGE_CURVE('',#1741,#1742,#2039,.T.);
#1282=EDGE_CURVE('',#1743,#1742,#2040,.F.);
#1283=EDGE_CURVE('',#1744,#1743,#2041,.T.);
#1284=EDGE_CURVE('',#1745,#1744,#2042,.T.);
#1285=EDGE_CURVE('',#1746,#1745,#2043,.T.);
#1286=EDGE_CURVE('',#1747,#1746,#2044,.T.);
#1287=EDGE_CURVE('',#1747,#1748,#2045,.T.);
#1288=EDGE_CURVE('',#1748,#1749,#205,.F.);
#1289=EDGE_CURVE('',#1733,#1749,#2046,.F.);
#1290=EDGE_CURVE('',#1732,#1750,#2047,.T.);
#1291=EDGE_CURVE('',#1750,#1751,#2048,.T.);
#1292=EDGE_CURVE('',#1751,#1752,#33,.T.);
#1293=EDGE_CURVE('',#1752,#1753,#2049,.T.);
#1294=EDGE_CURVE('',#1753,#1727,#2050,.T.);
#1295=EDGE_CURVE('',#1728,#1754,#2051,.F.);
#1296=EDGE_CURVE('',#1755,#1754,#2052,.T.);
#1297=EDGE_CURVE('',#1756,#1755,#2053,.T.);
#1298=EDGE_CURVE('',#1756,#1757,#2054,.T.);
#1299=EDGE_CURVE('',#1757,#1758,#2055,.T.);
#1300=EDGE_CURVE('',#1758,#1759,#2056,.T.);
#1301=EDGE_CURVE('',#1759,#1760,#2057,.T.);
#1302=EDGE_CURVE('',#1760,#1761,#2058,.F.);
#1303=EDGE_CURVE('',#1762,#1761,#2059,.T.);
#1304=EDGE_CURVE('',#1762,#1763,#2060,.F.);
#1305=EDGE_CURVE('',#1764,#1763,#2061,.T.);
#1306=EDGE_CURVE('',#1764,#1765,#2062,.F.);
#1307=EDGE_CURVE('',#1765,#1659,#2063,.F.);
#1308=EDGE_CURVE('',#1658,#1766,#2064,.F.);
#1309=EDGE_CURVE('',#1766,#1767,#2065,.T.);
#1310=EDGE_CURVE('',#1767,#1768,#2066,.T.);
#1311=EDGE_CURVE('',#1736,#1768,#2067,.T.);
#1312=EDGE_CURVE('',#1769,#1769,#34,.T.);
#1313=EDGE_CURVE('',#1770,#1770,#35,.T.);
#1314=EDGE_CURVE('',#1771,#1772,#2068,.T.);
#1315=EDGE_CURVE('',#1773,#1771,#2069,.T.);
#1316=EDGE_CURVE('',#1773,#1715,#2070,.T.);
#1317=EDGE_CURVE('',#1774,#1716,#2071,.T.);
#1318=EDGE_CURVE('',#1774,#1775,#2072,.T.);
#1319=EDGE_CURVE('',#1776,#1775,#2073,.T.);
#1320=EDGE_CURVE('',#1776,#1777,#2074,.T.);
#1321=EDGE_CURVE('',#1772,#1777,#2075,.T.);
#1322=EDGE_CURVE('',#1778,#1778,#36,.T.);
#1323=EDGE_CURVE('',#1779,#1779,#37,.F.);
#1324=EDGE_CURVE('',#1780,#1780,#38,.T.);
#1325=EDGE_CURVE('',#1781,#1782,#2076,.T.);
#1326=EDGE_CURVE('',#1782,#1783,#2077,.T.);
#1327=EDGE_CURVE('',#1784,#1783,#2078,.T.);
#1328=EDGE_CURVE('',#1784,#1692,#2079,.T.);
#1329=EDGE_CURVE('',#1781,#1691,#2080,.T.);
#1330=EDGE_CURVE('',#1784,#1785,#206,.T.);
#1331=EDGE_CURVE('',#1785,#1786,#207,.T.);
#1332=EDGE_CURVE('',#1787,#1786,#2081,.T.);
#1333=EDGE_CURVE('',#1787,#1788,#2082,.T.);
#1334=EDGE_CURVE('',#1788,#1693,#2083,.T.);
#1335=EDGE_CURVE('',#1789,#1755,#2084,.T.);
#1336=EDGE_CURVE('',#1730,#1789,#2085,.T.);
#1337=EDGE_CURVE('',#1790,#1730,#2086,.T.);
#1338=EDGE_CURVE('',#1790,#1756,#2087,.T.);
#1339=EDGE_CURVE('',#1791,#1792,#2088,.T.);
#1340=EDGE_CURVE('',#1792,#1793,#2089,.T.);
#1341=EDGE_CURVE('',#1637,#1793,#2090,.T.);
#1342=EDGE_CURVE('',#1794,#1636,#2091,.T.);
#1343=EDGE_CURVE('',#1791,#1794,#2092,.T.);
#1344=EDGE_CURVE('',#1643,#1795,#2093,.T.);
#1345=EDGE_CURVE('',#1795,#1792,#2094,.T.);
#1346=EDGE_CURVE('',#1796,#1791,#2095,.T.);
#1347=EDGE_CURVE('',#1796,#1644,#2096,.T.);
#1348=EDGE_CURVE('',#1644,#1686,#2097,.T.);
#1349=EDGE_CURVE('',#1687,#1796,#2098,.T.);
#1350=EDGE_CURVE('',#1797,#1798,#2099,.T.);
#1351=EDGE_CURVE('',#1799,#1797,#2100,.T.);
#1352=EDGE_CURVE('',#1799,#1800,#2101,.T.);
#1353=EDGE_CURVE('',#1800,#1798,#2102,.T.);
#1354=EDGE_CURVE('',#1758,#1801,#2103,.T.);
#1355=EDGE_CURVE('',#1757,#1802,#2104,.T.);
#1356=EDGE_CURVE('',#1802,#1801,#2105,.T.);
#1357=EDGE_CURVE('',#1797,#1801,#2106,.T.);
#1358=EDGE_CURVE('',#1802,#1799,#2107,.T.);
#1359=EDGE_CURVE('',#1803,#1636,#2108,.T.);
#1360=EDGE_CURVE('',#1803,#1804,#2109,.T.);
#1361=EDGE_CURVE('',#1804,#1794,#2110,.T.);
#1362=EDGE_CURVE('',#1803,#1798,#2111,.F.);
#1363=EDGE_CURVE('',#1800,#1804,#2112,.T.);
#1364=EDGE_CURVE('',#1689,#1781,#2113,.T.);
#1365=EDGE_CURVE('',#1805,#1688,#2114,.T.);
#1366=EDGE_CURVE('',#1805,#1781,#2115,.T.);
#1367=EDGE_CURVE('',#1806,#1807,#2116,.T.);
#1368=EDGE_CURVE('',#1806,#1782,#2117,.T.);
#1369=EDGE_CURVE('',#1808,#1805,#2118,.T.);
#1370=EDGE_CURVE('',#1808,#1787,#2119,.T.);
#1371=EDGE_CURVE('',#1809,#1787,#2120,.T.);
#1372=EDGE_CURVE('',#1807,#1809,#2121,.T.);
#1373=EDGE_CURVE('',#1810,#1808,#2122,.T.);
#1374=EDGE_CURVE('',#1810,#1811,#2123,.T.);
#1375=EDGE_CURVE('',#1811,#1812,#2124,.T.);
#1376=EDGE_CURVE('',#1812,#1788,#2125,.T.);
#1377=EDGE_CURVE('',#1729,#1813,#2126,.T.);
#1378=EDGE_CURVE('',#1813,#1814,#2127,.T.);
#1379=EDGE_CURVE('',#1815,#1814,#2128,.T.);
#1380=EDGE_CURVE('',#1815,#1790,#2129,.T.);
#1381=EDGE_CURVE('',#1816,#1817,#2130,.T.);
#1382=EDGE_CURVE('',#1817,#1788,#2131,.T.);
#1383=EDGE_CURVE('',#1816,#1812,#2132,.T.);
#1384=EDGE_CURVE('',#1729,#1817,#2133,.T.);
#1385=EDGE_CURVE('',#1813,#1816,#2134,.T.);
#1386=EDGE_CURVE('',#1804,#1818,#2135,.T.);
#1387=EDGE_CURVE('',#1818,#1819,#2136,.T.);
#1388=EDGE_CURVE('',#1819,#1820,#2137,.T.);
#1389=EDGE_CURVE('',#1820,#1821,#2138,.T.);
#1390=EDGE_CURVE('',#1821,#1822,#2139,.T.);
#1391=EDGE_CURVE('',#1822,#1823,#2140,.T.);
#1392=EDGE_CURVE('',#1823,#1824,#2141,.T.);
#1393=EDGE_CURVE('',#1824,#1810,#2142,.T.);
#1394=EDGE_CURVE('',#1825,#1826,#2143,.T.);
#1395=EDGE_CURVE('',#1826,#1815,#2144,.T.);
#1396=EDGE_CURVE('',#1814,#1825,#2145,.T.);
#1397=EDGE_CURVE('',#1824,#1827,#2146,.T.);
#1398=EDGE_CURVE('',#1827,#1811,#2147,.T.);
#1399=EDGE_CURVE('',#1827,#1816,#2148,.T.);
#1400=EDGE_CURVE('',#1825,#1827,#2149,.F.);
#1401=EDGE_CURVE('',#1826,#1824,#2150,.F.);
#1402=EDGE_CURVE('',#1815,#1823,#2151,.T.);
#1403=EDGE_CURVE('',#1790,#1822,#2152,.T.);
#1404=EDGE_CURVE('',#1756,#1821,#2153,.T.);
#1405=EDGE_CURVE('',#1757,#1820,#2154,.T.);
#1406=EDGE_CURVE('',#1802,#1819,#2155,.T.);
#1407=EDGE_CURVE('',#1799,#1818,#2156,.T.);
#1408=EDGE_CURVE('',#1789,#1754,#2157,.T.);
#1409=EDGE_CURVE('',#1817,#1722,#2158,.T.);
#1410=EDGE_CURVE('',#1809,#1786,#2159,.T.);
#1411=EDGE_CURVE('',#1661,#1641,#2160,.F.);
#1412=EDGE_CURVE('',#1803,#1661,#2161,.T.);
#1413=EDGE_CURVE('',#1798,#1660,#2162,.T.);
#1414=EDGE_CURVE('',#1797,#1659,#2163,.T.);
#1415=EDGE_CURVE('',#1801,#1765,#2164,.T.);
#1416=EDGE_CURVE('',#1828,#1764,#208,.T.);
#1417=EDGE_CURVE('',#1828,#1829,#209,.T.);
#1418=EDGE_CURVE('',#1829,#1830,#210,.T.);
#1419=EDGE_CURVE('',#1830,#1759,#211,.T.);
#1420=EDGE_CURVE('',#1664,#1684,#2165,.F.);
#1421=EDGE_CURVE('',#1773,#1676,#2166,.T.);
#1422=EDGE_CURVE('',#1831,#1806,#2167,.T.);
#1423=EDGE_CURVE('',#1831,#1783,#2168,.T.);
#1424=EDGE_CURVE('',#1832,#1807,#2169,.T.);
#1425=EDGE_CURVE('',#1831,#1832,#2170,.T.);
#1426=EDGE_CURVE('',#1832,#1785,#2171,.T.);
#1427=EDGE_CURVE('',#1774,#1682,#2172,.T.);
#1428=EDGE_CURVE('',#1775,#1681,#2173,.T.);
#1429=EDGE_CURVE('',#1759,#1833,#2174,.T.);
#1430=EDGE_CURVE('',#1833,#1834,#2175,.T.);
#1431=EDGE_CURVE('',#1834,#1760,#2176,.T.);
#1432=EDGE_CURVE('',#1833,#1835,#2177,.T.);
#1433=EDGE_CURVE('',#1835,#1836,#2178,.T.);
#1434=EDGE_CURVE('',#1836,#1834,#2179,.T.);
#1435=EDGE_CURVE('',#1835,#1837,#2180,.T.);
#1436=EDGE_CURVE('',#1837,#1838,#2181,.T.);
#1437=EDGE_CURVE('',#1838,#1836,#2182,.T.);
#1438=EDGE_CURVE('',#1837,#1839,#2183,.T.);
#1439=EDGE_CURVE('',#1839,#1840,#2184,.T.);
#1440=EDGE_CURVE('',#1840,#1838,#2185,.T.);
#1441=EDGE_CURVE('',#1839,#1828,#2186,.T.);
#1442=EDGE_CURVE('',#1763,#1840,#2187,.T.);
#1443=EDGE_CURVE('',#1841,#1841,#39,.T.);
#1444=EDGE_CURVE('',#1842,#1842,#40,.T.);
#1445=EDGE_CURVE('',#1829,#1843,#2188,.T.);
#1446=EDGE_CURVE('',#1843,#1844,#2189,.T.);
#1447=EDGE_CURVE('',#1844,#1845,#2190,.T.);
#1448=EDGE_CURVE('',#1845,#1846,#2191,.T.);
#1449=EDGE_CURVE('',#1846,#1830,#2192,.T.);
#1450=EDGE_CURVE('',#1847,#1848,#2193,.T.);
#1451=EDGE_CURVE('',#1848,#1762,#2194,.T.);
#1452=EDGE_CURVE('',#1761,#1849,#2195,.T.);
#1453=EDGE_CURVE('',#1849,#1850,#2196,.T.);
#1454=EDGE_CURVE('',#1850,#1847,#2197,.T.);
#1455=EDGE_CURVE('',#1833,#1846,#2198,.F.);
#1456=EDGE_CURVE('',#1835,#1845,#2199,.F.);
#1457=EDGE_CURVE('',#1837,#1844,#2200,.F.);
#1458=EDGE_CURVE('',#1839,#1843,#2201,.F.);
#1459=EDGE_CURVE('',#1849,#1834,#2202,.F.);
#1460=EDGE_CURVE('',#1850,#1836,#2203,.F.);
#1461=EDGE_CURVE('',#1847,#1838,#2204,.F.);
#1462=EDGE_CURVE('',#1848,#1840,#2205,.F.);
#1463=EDGE_CURVE('',#1777,#1679,#2206,.T.);
#1464=EDGE_CURVE('',#1772,#1678,#2207,.T.);
#1465=EDGE_CURVE('',#1851,#1852,#2208,.T.);
#1466=EDGE_CURVE('',#1851,#1700,#2209,.T.);
#1467=EDGE_CURVE('',#1853,#1699,#2210,.T.);
#1468=EDGE_CURVE('',#1853,#1854,#2211,.T.);
#1469=EDGE_CURVE('',#1852,#1854,#2212,.T.);
#1470=EDGE_CURVE('',#1855,#1698,#2213,.T.);
#1471=EDGE_CURVE('',#1856,#1855,#2214,.T.);
#1472=EDGE_CURVE('',#1856,#1857,#2215,.T.);
#1473=EDGE_CURVE('',#1858,#1857,#212,.T.);
#1474=EDGE_CURVE('',#1853,#1858,#213,.T.);
#1475=EDGE_CURVE('',#1859,#1748,#2216,.T.);
#1476=EDGE_CURVE('',#1860,#1747,#2217,.T.);
#1477=EDGE_CURVE('',#1860,#1734,#2218,.T.);
#1478=EDGE_CURVE('',#1734,#1859,#2219,.T.);
#1479=EDGE_CURVE('',#1861,#1862,#2220,.T.);
#1480=EDGE_CURVE('',#1862,#1863,#2221,.T.);
#1481=EDGE_CURVE('',#1651,#1863,#2222,.T.);
#1482=EDGE_CURVE('',#1650,#1864,#2223,.T.);
#1483=EDGE_CURVE('',#1864,#1861,#2224,.T.);
#1484=EDGE_CURVE('',#1648,#1705,#2225,.T.);
#1485=EDGE_CURVE('',#1704,#1649,#2226,.T.);
#1486=EDGE_CURVE('',#1865,#1866,#2227,.T.);
#1487=EDGE_CURVE('',#1867,#1866,#2228,.T.);
#1488=EDGE_CURVE('',#1868,#1867,#2229,.T.);
#1489=EDGE_CURVE('',#1868,#1865,#2230,.T.);
#1490=EDGE_CURVE('',#1745,#1869,#2231,.T.);
#1491=EDGE_CURVE('',#1870,#1869,#2232,.T.);
#1492=EDGE_CURVE('',#1746,#1870,#2233,.T.);
#1493=EDGE_CURVE('',#1870,#1868,#2234,.T.);
#1494=EDGE_CURVE('',#1865,#1869,#2235,.T.);
#1495=EDGE_CURVE('',#1871,#1861,#2236,.T.);
#1496=EDGE_CURVE('',#1872,#1864,#2237,.T.);
#1497=EDGE_CURVE('',#1871,#1872,#2238,.T.);
#1498=EDGE_CURVE('',#1867,#1872,#2239,.T.);
#1499=EDGE_CURVE('',#1871,#1866,#2240,.F.);
#1500=EDGE_CURVE('',#1702,#1851,#2241,.T.);
#1501=EDGE_CURVE('',#1873,#1851,#2242,.T.);
#1502=EDGE_CURVE('',#1873,#1703,#2243,.T.);
#1503=EDGE_CURVE('',#1874,#1875,#2244,.T.);
#1504=EDGE_CURVE('',#1875,#1876,#2245,.T.);
#1505=EDGE_CURVE('',#1876,#1856,#2246,.T.);
#1506=EDGE_CURVE('',#1877,#1856,#2247,.T.);
#1507=EDGE_CURVE('',#1877,#1873,#2248,.T.);
#1508=EDGE_CURVE('',#1874,#1852,#2249,.T.);
#1509=EDGE_CURVE('',#1878,#1855,#2250,.T.);
#1510=EDGE_CURVE('',#1879,#1878,#2251,.T.);
#1511=EDGE_CURVE('',#1880,#1879,#2252,.T.);
#1512=EDGE_CURVE('',#1880,#1877,#2253,.T.);
#1513=EDGE_CURVE('',#1881,#1860,#2254,.T.);
#1514=EDGE_CURVE('',#1881,#1882,#2255,.T.);
#1515=EDGE_CURVE('',#1883,#1882,#2256,.T.);
#1516=EDGE_CURVE('',#1731,#1883,#2257,.T.);
#1517=EDGE_CURVE('',#1884,#1885,#2258,.T.);
#1518=EDGE_CURVE('',#1884,#1878,#2259,.T.);
#1519=EDGE_CURVE('',#1885,#1855,#2260,.T.);
#1520=EDGE_CURVE('',#1883,#1884,#2261,.T.);
#1521=EDGE_CURVE('',#1731,#1885,#2262,.T.);
#1522=EDGE_CURVE('',#1886,#1880,#2263,.T.);
#1523=EDGE_CURVE('',#1887,#1886,#2264,.T.);
#1524=EDGE_CURVE('',#1888,#1887,#2265,.T.);
#1525=EDGE_CURVE('',#1889,#1888,#2266,.T.);
#1526=EDGE_CURVE('',#1890,#1889,#2267,.T.);
#1527=EDGE_CURVE('',#1891,#1890,#2268,.T.);
#1528=EDGE_CURVE('',#1892,#1891,#2269,.T.);
#1529=EDGE_CURVE('',#1872,#1892,#2270,.T.);
#1530=EDGE_CURVE('',#1893,#1894,#2271,.T.);
#1531=EDGE_CURVE('',#1882,#1893,#2272,.T.);
#1532=EDGE_CURVE('',#1894,#1881,#2273,.T.);
#1533=EDGE_CURVE('',#1895,#1879,#2274,.T.);
#1534=EDGE_CURVE('',#1886,#1895,#2275,.T.);
#1535=EDGE_CURVE('',#1895,#1884,#2276,.T.);
#1536=EDGE_CURVE('',#1893,#1895,#2277,.F.);
#1537=EDGE_CURVE('',#1894,#1886,#2278,.F.);
#1538=EDGE_CURVE('',#1881,#1887,#2279,.T.);
#1539=EDGE_CURVE('',#1860,#1888,#2280,.T.);
#1540=EDGE_CURVE('',#1747,#1889,#2281,.T.);
#1541=EDGE_CURVE('',#1746,#1890,#2282,.T.);
#1542=EDGE_CURVE('',#1870,#1891,#2283,.T.);
#1543=EDGE_CURVE('',#1868,#1892,#2284,.T.);
#1544=EDGE_CURVE('',#1876,#1857,#2285,.T.);
#1545=EDGE_CURVE('',#1885,#1726,#2286,.T.);
#1546=EDGE_CURVE('',#1859,#1749,#2287,.T.);
#1547=EDGE_CURVE('',#1896,#1739,#214,.T.);
#1548=EDGE_CURVE('',#1869,#1738,#2288,.T.);
#1549=EDGE_CURVE('',#1897,#1744,#215,.T.);
#1550=EDGE_CURVE('',#1898,#1897,#216,.T.);
#1551=EDGE_CURVE('',#1896,#1898,#217,.T.);
#1552=EDGE_CURVE('',#1865,#1666,#2289,.T.);
#1553=EDGE_CURVE('',#1866,#1665,#2290,.T.);
#1554=EDGE_CURVE('',#1871,#1664,#2291,.T.);
#1555=EDGE_CURVE('',#1861,#1684,#2292,.T.);
#1556=EDGE_CURVE('',#1862,#1899,#218,.T.);
#1557=EDGE_CURVE('',#1899,#1653,#219,.T.);
#1558=EDGE_CURVE('',#1677,#1771,#2293,.T.);
#1559=EDGE_CURVE('',#1900,#1854,#2294,.T.);
#1560=EDGE_CURVE('',#1900,#1874,#2295,.T.);
#1561=EDGE_CURVE('',#1900,#1901,#2296,.T.);
#1562=EDGE_CURVE('',#1901,#1875,#2297,.T.);
#1563=EDGE_CURVE('',#1901,#1858,#2298,.T.);
#1564=EDGE_CURVE('',#1776,#1680,#2299,.T.);
#1565=EDGE_CURVE('',#1902,#1743,#2300,.T.);
#1566=EDGE_CURVE('',#1903,#1902,#2301,.T.);
#1567=EDGE_CURVE('',#1744,#1903,#2302,.T.);
#1568=EDGE_CURVE('',#1904,#1902,#2303,.T.);
#1569=EDGE_CURVE('',#1905,#1904,#2304,.T.);
#1570=EDGE_CURVE('',#1903,#1905,#2305,.T.);
#1571=EDGE_CURVE('',#1906,#1904,#2306,.T.);
#1572=EDGE_CURVE('',#1907,#1906,#2307,.T.);
#1573=EDGE_CURVE('',#1905,#1907,#2308,.T.);
#1574=EDGE_CURVE('',#1908,#1906,#2309,.T.);
#1575=EDGE_CURVE('',#1909,#1908,#2310,.T.);
#1576=EDGE_CURVE('',#1907,#1909,#2311,.T.);
#1577=EDGE_CURVE('',#1740,#1908,#2312,.T.);
#1578=EDGE_CURVE('',#1909,#1896,#2313,.T.);
#1579=EDGE_CURVE('',#1910,#1910,#41,.T.);
#1580=EDGE_CURVE('',#1911,#1911,#42,.T.);
#1581=EDGE_CURVE('',#1912,#1897,#2314,.T.);
#1582=EDGE_CURVE('',#1913,#1912,#2315,.T.);
#1583=EDGE_CURVE('',#1914,#1913,#2316,.T.);
#1584=EDGE_CURVE('',#1915,#1914,#2317,.T.);
#1585=EDGE_CURVE('',#1898,#1915,#2318,.T.);
#1586=EDGE_CURVE('',#1916,#1917,#2319,.T.);
#1587=EDGE_CURVE('',#1918,#1916,#2320,.T.);
#1588=EDGE_CURVE('',#1919,#1918,#2321,.T.);
#1589=EDGE_CURVE('',#1742,#1919,#2322,.T.);
#1590=EDGE_CURVE('',#1917,#1741,#2323,.T.);
#1591=EDGE_CURVE('',#1903,#1912,#2324,.F.);
#1592=EDGE_CURVE('',#1905,#1913,#2325,.F.);
#1593=EDGE_CURVE('',#1907,#1914,#2326,.F.);
#1594=EDGE_CURVE('',#1909,#1915,#2327,.F.);
#1595=EDGE_CURVE('',#1919,#1902,#2328,.F.);
#1596=EDGE_CURVE('',#1918,#1904,#2329,.F.);
#1597=EDGE_CURVE('',#1916,#1906,#2330,.F.);
#1598=EDGE_CURVE('',#1917,#1908,#2331,.F.);
#1599=EDGE_CURVE('',#1920,#1920,#43,.T.);
#1600=EDGE_CURVE('',#1921,#1921,#44,.F.);
#1601=EDGE_CURVE('',#1922,#1696,#2332,.T.);
#1602=EDGE_CURVE('',#1922,#1723,#2333,.T.);
#1603=EDGE_CURVE('',#1923,#1695,#2334,.T.);
#1604=EDGE_CURVE('',#1923,#1922,#45,.F.);
#1605=EDGE_CURVE('',#1721,#1923,#2335,.T.);
#1606=EDGE_CURVE('',#1721,#1753,#2336,.T.);
#1607=EDGE_CURVE('',#1923,#1752,#2337,.T.);
#1608=EDGE_CURVE('',#1922,#1751,#2338,.T.);
#1609=EDGE_CURVE('',#1723,#1750,#2339,.F.);
#1610=EDGE_CURVE('',#1711,#1736,#2340,.T.);
#1611=EDGE_CURVE('',#1712,#1768,#2341,.T.);
#1612=EDGE_CURVE('',#1710,#1671,#2342,.T.);
#1613=EDGE_CURVE('',#1709,#1670,#2343,.T.);
#1614=EDGE_CURVE('',#1669,#1735,#2344,.F.);
#1615=EDGE_CURVE('',#1767,#1656,#2345,.T.);
#1616=EDGE_CURVE('',#1924,#1924,#46,.T.);
#1617=EDGE_CURVE('',#1925,#1925,#47,.T.);
#1618=EDGE_CURVE('',#1657,#1766,#2346,.F.);
#1619=EDGE_CURVE('',#1737,#1668,#2347,.F.);
#1620=EDGE_CURVE('',#1926,#1927,#2348,.T.);
#1621=EDGE_CURVE('',#1928,#1927,#2349,.T.);
#1622=EDGE_CURVE('',#1929,#1928,#2350,.T.);
#1623=EDGE_CURVE('',#1929,#1926,#2351,.T.);
#1624=EDGE_CURVE('',#1899,#1928,#2352,.T.);
#1625=EDGE_CURVE('',#1863,#1927,#2353,.T.);
#1626=EDGE_CURVE('',#1652,#1929,#2354,.T.);
#1627=EDGE_CURVE('',#1647,#1926,#2355,.T.);
#1628=EDGE_CURVE('',#1930,#1931,#2356,.T.);
#1629=EDGE_CURVE('',#1932,#1930,#2357,.T.);
#1630=EDGE_CURVE('',#1932,#1933,#2358,.T.);
#1631=EDGE_CURVE('',#1933,#1931,#2359,.T.);
#1632=EDGE_CURVE('',#1642,#1932,#2360,.T.);
#1633=EDGE_CURVE('',#1795,#1930,#2361,.T.);
#1634=EDGE_CURVE('',#1638,#1933,#2362,.T.);
#1635=EDGE_CURVE('',#1793,#1931,#2363,.T.);
#1636=VERTEX_POINT('',#4464);
#1637=VERTEX_POINT('',#4465);
#1638=VERTEX_POINT('',#4470);
#1639=VERTEX_POINT('',#4475);
#1640=VERTEX_POINT('',#4477);
#1641=VERTEX_POINT('',#4479);
#1642=VERTEX_POINT('',#4483);
#1643=VERTEX_POINT('',#4485);
#1644=VERTEX_POINT('',#4487);
#1645=VERTEX_POINT('',#4489);
#1646=VERTEX_POINT('',#4493);
#1647=VERTEX_POINT('',#4494);
#1648=VERTEX_POINT('',#4496);
#1649=VERTEX_POINT('',#4498);
#1650=VERTEX_POINT('',#4500);
#1651=VERTEX_POINT('',#4502);
#1652=VERTEX_POINT('',#4506);
#1653=VERTEX_POINT('',#4508);
#1654=VERTEX_POINT('',#4510);
#1655=VERTEX_POINT('',#4512);
#1656=VERTEX_POINT('',#4516);
#1657=VERTEX_POINT('',#4517);
#1658=VERTEX_POINT('',#4519);
#1659=VERTEX_POINT('',#4521);
#1660=VERTEX_POINT('',#4523);
#1661=VERTEX_POINT('',#4525);
#1662=VERTEX_POINT('',#4527);
#1663=VERTEX_POINT('',#4530);
#1664=VERTEX_POINT('',#4533);
#1665=VERTEX_POINT('',#4535);
#1666=VERTEX_POINT('',#4537);
#1667=VERTEX_POINT('',#4539);
#1668=VERTEX_POINT('',#4541);
#1669=VERTEX_POINT('',#4543);
#1670=VERTEX_POINT('',#4545);
#1671=VERTEX_POINT('',#4547);
#1672=VERTEX_POINT('',#4551);
#1673=VERTEX_POINT('',#4553);
#1674=VERTEX_POINT('',#4555);
#1675=VERTEX_POINT('',#4557);
#1676=VERTEX_POINT('',#4558);
#1677=VERTEX_POINT('',#4560);
#1678=VERTEX_POINT('',#4562);
#1679=VERTEX_POINT('',#4564);
#1680=VERTEX_POINT('',#4566);
#1681=VERTEX_POINT('',#4568);
#1682=VERTEX_POINT('',#4570);
#1683=VERTEX_POINT('',#4572);
#1684=VERTEX_POINT('',#4575);
#1685=VERTEX_POINT('',#4577);
#1686=VERTEX_POINT('',#4579);
#1687=VERTEX_POINT('',#4581);
#1688=VERTEX_POINT('',#4583);
#1689=VERTEX_POINT('',#4585);
#1690=VERTEX_POINT('',#4587);
#1691=VERTEX_POINT('',#4589);
#1692=VERTEX_POINT('',#4591);
#1693=VERTEX_POINT('',#4593);
#1694=VERTEX_POINT('',#4595);
#1695=VERTEX_POINT('',#4597);
#1696=VERTEX_POINT('',#4599);
#1697=VERTEX_POINT('',#4601);
#1698=VERTEX_POINT('',#4603);
#1699=VERTEX_POINT('',#4605);
#1700=VERTEX_POINT('',#4607);
#1701=VERTEX_POINT('',#4609);
#1702=VERTEX_POINT('',#4611);
#1703=VERTEX_POINT('',#4613);
#1704=VERTEX_POINT('',#4615);
#1705=VERTEX_POINT('',#4617);
#1706=VERTEX_POINT('',#4619);
#1707=VERTEX_POINT('',#4623);
#1708=VERTEX_POINT('',#4625);
#1709=VERTEX_POINT('',#4627);
#1710=VERTEX_POINT('',#4628);
#1711=VERTEX_POINT('',#4630);
#1712=VERTEX_POINT('',#4632);
#1713=VERTEX_POINT('',#4635);
#1714=VERTEX_POINT('',#4637);
#1715=VERTEX_POINT('',#4640);
#1716=VERTEX_POINT('',#4642);
#1717=VERTEX_POINT('',#4644);
#1718=VERTEX_POINT('',#4646);
#1719=VERTEX_POINT('',#4650);
#1720=VERTEX_POINT('',#4651);
#1721=VERTEX_POINT('',#4653);
#1722=VERTEX_POINT('',#4656);
#1723=VERTEX_POINT('',#4660);
#1724=VERTEX_POINT('',#4662);
#1725=VERTEX_POINT('',#4664);
#1726=VERTEX_POINT('',#4666);
#1727=VERTEX_POINT('',#4670);
#1728=VERTEX_POINT('',#4671);
#1729=VERTEX_POINT('',#4674);
#1730=VERTEX_POINT('',#4676);
#1731=VERTEX_POINT('',#4680);
#1732=VERTEX_POINT('',#4682);
#1733=VERTEX_POINT('',#4684);
#1734=VERTEX_POINT('',#4686);
#1735=VERTEX_POINT('',#4690);
#1736=VERTEX_POINT('',#4691);
#1737=VERTEX_POINT('',#4693);
#1738=VERTEX_POINT('',#4696);
#1739=VERTEX_POINT('',#4698);
#1740=VERTEX_POINT('',#4700);
#1741=VERTEX_POINT('',#4702);
#1742=VERTEX_POINT('',#4704);
#1743=VERTEX_POINT('',#4706);
#1744=VERTEX_POINT('',#4708);
#1745=VERTEX_POINT('',#4710);
#1746=VERTEX_POINT('',#4712);
#1747=VERTEX_POINT('',#4714);
#1748=VERTEX_POINT('',#4716);
#1749=VERTEX_POINT('',#4721);
#1750=VERTEX_POINT('',#4724);
#1751=VERTEX_POINT('',#4726);
#1752=VERTEX_POINT('',#4728);
#1753=VERTEX_POINT('',#4730);
#1754=VERTEX_POINT('',#4733);
#1755=VERTEX_POINT('',#4735);
#1756=VERTEX_POINT('',#4737);
#1757=VERTEX_POINT('',#4739);
#1758=VERTEX_POINT('',#4741);
#1759=VERTEX_POINT('',#4743);
#1760=VERTEX_POINT('',#4745);
#1761=VERTEX_POINT('',#4747);
#1762=VERTEX_POINT('',#4749);
#1763=VERTEX_POINT('',#4751);
#1764=VERTEX_POINT('',#4753);
#1765=VERTEX_POINT('',#4755);
#1766=VERTEX_POINT('',#4758);
#1767=VERTEX_POINT('',#4760);
#1768=VERTEX_POINT('',#4762);
#1769=VERTEX_POINT('',#4765);
#1770=VERTEX_POINT('',#4767);
#1771=VERTEX_POINT('',#4769);
#1772=VERTEX_POINT('',#4770);
#1773=VERTEX_POINT('',#4772);
#1774=VERTEX_POINT('',#4775);
#1775=VERTEX_POINT('',#4777);
#1776=VERTEX_POINT('',#4779);
#1777=VERTEX_POINT('',#4781);
#1778=VERTEX_POINT('',#4784);
#1779=VERTEX_POINT('',#4786);
#1780=VERTEX_POINT('',#4788);
#1781=VERTEX_POINT('',#4791);
#1782=VERTEX_POINT('',#4792);
#1783=VERTEX_POINT('',#4794);
#1784=VERTEX_POINT('',#4796);
#1785=VERTEX_POINT('',#4811);
#1786=VERTEX_POINT('',#4816);
#1787=VERTEX_POINT('',#4818);
#1788=VERTEX_POINT('',#4820);
#1789=VERTEX_POINT('',#4824);
#1790=VERTEX_POINT('',#4827);
#1791=VERTEX_POINT('',#4831);
#1792=VERTEX_POINT('',#4832);
#1793=VERTEX_POINT('',#4834);
#1794=VERTEX_POINT('',#4837);
#1795=VERTEX_POINT('',#4841);
#1796=VERTEX_POINT('',#4844);
#1797=VERTEX_POINT('',#4851);
#1798=VERTEX_POINT('',#4852);
#1799=VERTEX_POINT('',#4854);
#1800=VERTEX_POINT('',#4856);
#1801=VERTEX_POINT('',#4860);
#1802=VERTEX_POINT('',#4862);
#1803=VERTEX_POINT('',#4869);
#1804=VERTEX_POINT('',#4871);
#1805=VERTEX_POINT('',#4879);
#1806=VERTEX_POINT('',#4883);
#1807=VERTEX_POINT('',#4884);
#1808=VERTEX_POINT('',#4887);
#1809=VERTEX_POINT('',#4890);
#1810=VERTEX_POINT('',#4894);
#1811=VERTEX_POINT('',#4896);
#1812=VERTEX_POINT('',#4898);
#1813=VERTEX_POINT('',#4902);
#1814=VERTEX_POINT('',#4904);
#1815=VERTEX_POINT('',#4906);
#1816=VERTEX_POINT('',#4910);
#1817=VERTEX_POINT('',#4911);
#1818=VERTEX_POINT('',#4919);
#1819=VERTEX_POINT('',#4921);
#1820=VERTEX_POINT('',#4923);
#1821=VERTEX_POINT('',#4925);
#1822=VERTEX_POINT('',#4927);
#1823=VERTEX_POINT('',#4929);
#1824=VERTEX_POINT('',#4931);
#1825=VERTEX_POINT('',#4935);
#1826=VERTEX_POINT('',#4936);
#1827=VERTEX_POINT('',#4941);
#1828=VERTEX_POINT('',#5041);
#1829=VERTEX_POINT('',#5046);
#1830=VERTEX_POINT('',#5051);
#1831=VERTEX_POINT('',#5063);
#1832=VERTEX_POINT('',#5067);
#1833=VERTEX_POINT('',#5077);
#1834=VERTEX_POINT('',#5079);
#1835=VERTEX_POINT('',#5083);
#1836=VERTEX_POINT('',#5085);
#1837=VERTEX_POINT('',#5089);
#1838=VERTEX_POINT('',#5091);
#1839=VERTEX_POINT('',#5095);
#1840=VERTEX_POINT('',#5097);
#1841=VERTEX_POINT('',#5104);
#1842=VERTEX_POINT('',#5106);
#1843=VERTEX_POINT('',#5109);
#1844=VERTEX_POINT('',#5111);
#1845=VERTEX_POINT('',#5113);
#1846=VERTEX_POINT('',#5115);
#1847=VERTEX_POINT('',#5119);
#1848=VERTEX_POINT('',#5120);
#1849=VERTEX_POINT('',#5123);
#1850=VERTEX_POINT('',#5125);
#1851=VERTEX_POINT('',#5150);
#1852=VERTEX_POINT('',#5151);
#1853=VERTEX_POINT('',#5154);
#1854=VERTEX_POINT('',#5156);
#1855=VERTEX_POINT('',#5167);
#1856=VERTEX_POINT('',#5169);
#1857=VERTEX_POINT('',#5171);
#1858=VERTEX_POINT('',#5176);
#1859=VERTEX_POINT('',#5183);
#1860=VERTEX_POINT('',#5185);
#1861=VERTEX_POINT('',#5190);
#1862=VERTEX_POINT('',#5191);
#1863=VERTEX_POINT('',#5193);
#1864=VERTEX_POINT('',#5196);
#1865=VERTEX_POINT('',#5203);
#1866=VERTEX_POINT('',#5204);
#1867=VERTEX_POINT('',#5206);
#1868=VERTEX_POINT('',#5208);
#1869=VERTEX_POINT('',#5212);
#1870=VERTEX_POINT('',#5214);
#1871=VERTEX_POINT('',#5221);
#1872=VERTEX_POINT('',#5223);
#1873=VERTEX_POINT('',#5231);
#1874=VERTEX_POINT('',#5235);
#1875=VERTEX_POINT('',#5236);
#1876=VERTEX_POINT('',#5238);
#1877=VERTEX_POINT('',#5241);
#1878=VERTEX_POINT('',#5246);
#1879=VERTEX_POINT('',#5248);
#1880=VERTEX_POINT('',#5250);
#1881=VERTEX_POINT('',#5254);
#1882=VERTEX_POINT('',#5256);
#1883=VERTEX_POINT('',#5258);
#1884=VERTEX_POINT('',#5262);
#1885=VERTEX_POINT('',#5263);
#1886=VERTEX_POINT('',#5271);
#1887=VERTEX_POINT('',#5273);
#1888=VERTEX_POINT('',#5275);
#1889=VERTEX_POINT('',#5277);
#1890=VERTEX_POINT('',#5279);
#1891=VERTEX_POINT('',#5281);
#1892=VERTEX_POINT('',#5283);
#1893=VERTEX_POINT('',#5287);
#1894=VERTEX_POINT('',#5288);
#1895=VERTEX_POINT('',#5293);
#1896=VERTEX_POINT('',#5362);
#1897=VERTEX_POINT('',#5368);
#1898=VERTEX_POINT('',#5373);
#1899=VERTEX_POINT('',#5412);
#1900=VERTEX_POINT('',#5430);
#1901=VERTEX_POINT('',#5434);
#1902=VERTEX_POINT('',#5443);
#1903=VERTEX_POINT('',#5445);
#1904=VERTEX_POINT('',#5449);
#1905=VERTEX_POINT('',#5451);
#1906=VERTEX_POINT('',#5455);
#1907=VERTEX_POINT('',#5457);
#1908=VERTEX_POINT('',#5461);
#1909=VERTEX_POINT('',#5463);
#1910=VERTEX_POINT('',#5470);
#1911=VERTEX_POINT('',#5472);
#1912=VERTEX_POINT('',#5475);
#1913=VERTEX_POINT('',#5477);
#1914=VERTEX_POINT('',#5479);
#1915=VERTEX_POINT('',#5481);
#1916=VERTEX_POINT('',#5485);
#1917=VERTEX_POINT('',#5486);
#1918=VERTEX_POINT('',#5488);
#1919=VERTEX_POINT('',#5490);
#1920=VERTEX_POINT('',#5514);
#1921=VERTEX_POINT('',#5517);
#1922=VERTEX_POINT('',#5522);
#1923=VERTEX_POINT('',#5526);
#1924=VERTEX_POINT('',#5556);
#1925=VERTEX_POINT('',#5560);
#1926=VERTEX_POINT('',#5570);
#1927=VERTEX_POINT('',#5571);
#1928=VERTEX_POINT('',#5573);
#1929=VERTEX_POINT('',#5575);
#1930=VERTEX_POINT('',#5587);
#1931=VERTEX_POINT('',#5588);
#1932=VERTEX_POINT('',#5590);
#1933=VERTEX_POINT('',#5592);
#1934=LINE('',#4463,#2364);
#1935=LINE('',#4476,#2365);
#1936=LINE('',#4478,#2366);
#1937=LINE('',#4480,#2367);
#1938=LINE('',#4482,#2368);
#1939=LINE('',#4484,#2369);
#1940=LINE('',#4486,#2370);
#1941=LINE('',#4488,#2371);
#1942=LINE('',#4490,#2372);
#1943=LINE('',#4492,#2373);
#1944=LINE('',#4495,#2374);
#1945=LINE('',#4497,#2375);
#1946=LINE('',#4499,#2376);
#1947=LINE('',#4501,#2377);
#1948=LINE('',#4503,#2378);
#1949=LINE('',#4505,#2379);
#1950=LINE('',#4507,#2380);
#1951=LINE('',#4509,#2381);
#1952=LINE('',#4511,#2382);
#1953=LINE('',#4513,#2383);
#1954=LINE('',#4515,#2384);
#1955=LINE('',#4518,#2385);
#1956=LINE('',#4520,#2386);
#1957=LINE('',#4522,#2387);
#1958=LINE('',#4524,#2388);
#1959=LINE('',#4526,#2389);
#1960=LINE('',#4529,#2390);
#1961=LINE('',#4532,#2391);
#1962=LINE('',#4534,#2392);
#1963=LINE('',#4536,#2393);
#1964=LINE('',#4538,#2394);
#1965=LINE('',#4540,#2395);
#1966=LINE('',#4542,#2396);
#1967=LINE('',#4544,#2397);
#1968=LINE('',#4546,#2398);
#1969=LINE('',#4548,#2399);
#1970=LINE('',#4556,#2400);
#1971=LINE('',#4559,#2401);
#1972=LINE('',#4561,#2402);
#1973=LINE('',#4563,#2403);
#1974=LINE('',#4565,#2404);
#1975=LINE('',#4567,#2405);
#1976=LINE('',#4569,#2406);
#1977=LINE('',#4571,#2407);
#1978=LINE('',#4573,#2408);
#1979=LINE('',#4574,#2409);
#1980=LINE('',#4576,#2410);
#1981=LINE('',#4578,#2411);
#1982=LINE('',#4580,#2412);
#1983=LINE('',#4582,#2413);
#1984=LINE('',#4584,#2414);
#1985=LINE('',#4586,#2415);
#1986=LINE('',#4588,#2416);
#1987=LINE('',#4590,#2417);
#1988=LINE('',#4592,#2418);
#1989=LINE('',#4594,#2419);
#1990=LINE('',#4596,#2420);
#1991=LINE('',#4600,#2421);
#1992=LINE('',#4602,#2422);
#1993=LINE('',#4604,#2423);
#1994=LINE('',#4606,#2424);
#1995=LINE('',#4608,#2425);
#1996=LINE('',#4610,#2426);
#1997=LINE('',#4612,#2427);
#1998=LINE('',#4614,#2428);
#1999=LINE('',#4616,#2429);
#2000=LINE('',#4618,#2430);
#2001=LINE('',#4620,#2431);
#2002=LINE('',#4621,#2432);
#2003=LINE('',#4626,#2433);
#2004=LINE('',#4629,#2434);
#2005=LINE('',#4631,#2435);
#2006=LINE('',#4633,#2436);
#2007=LINE('',#4639,#2437);
#2008=LINE('',#4641,#2438);
#2009=LINE('',#4643,#2439);
#2010=LINE('',#4645,#2440);
#2011=LINE('',#4647,#2441);
#2012=LINE('',#4649,#2442);
#2013=LINE('',#4652,#2443);
#2014=LINE('',#4654,#2444);
#2015=LINE('',#4655,#2445);
#2016=LINE('',#4657,#2446);
#2017=LINE('',#4659,#2447);
#2018=LINE('',#4661,#2448);
#2019=LINE('',#4663,#2449);
#2020=LINE('',#4665,#2450);
#2021=LINE('',#4667,#2451);
#2022=LINE('',#4669,#2452);
#2023=LINE('',#4672,#2453);
#2024=LINE('',#4673,#2454);
#2025=LINE('',#4675,#2455);
#2026=LINE('',#4677,#2456);
#2027=LINE('',#4679,#2457);
#2028=LINE('',#4681,#2458);
#2029=LINE('',#4683,#2459);
#2030=LINE('',#4685,#2460);
#2031=LINE('',#4687,#2461);
#2032=LINE('',#4689,#2462);
#2033=LINE('',#4692,#2463);
#2034=LINE('',#4694,#2464);
#2035=LINE('',#4695,#2465);
#2036=LINE('',#4697,#2466);
#2037=LINE('',#4699,#2467);
#2038=LINE('',#4701,#2468);
#2039=LINE('',#4703,#2469);
#2040=LINE('',#4705,#2470);
#2041=LINE('',#4707,#2471);
#2042=LINE('',#4709,#2472);
#2043=LINE('',#4711,#2473);
#2044=LINE('',#4713,#2474);
#2045=LINE('',#4715,#2475);
#2046=LINE('',#4722,#2476);
#2047=LINE('',#4723,#2477);
#2048=LINE('',#4725,#2478);
#2049=LINE('',#4729,#2479);
#2050=LINE('',#4731,#2480);
#2051=LINE('',#4732,#2481);
#2052=LINE('',#4734,#2482);
#2053=LINE('',#4736,#2483);
#2054=LINE('',#4738,#2484);
#2055=LINE('',#4740,#2485);
#2056=LINE('',#4742,#2486);
#2057=LINE('',#4744,#2487);
#2058=LINE('',#4746,#2488);
#2059=LINE('',#4748,#2489);
#2060=LINE('',#4750,#2490);
#2061=LINE('',#4752,#2491);
#2062=LINE('',#4754,#2492);
#2063=LINE('',#4756,#2493);
#2064=LINE('',#4757,#2494);
#2065=LINE('',#4759,#2495);
#2066=LINE('',#4761,#2496);
#2067=LINE('',#4763,#2497);
#2068=LINE('',#4768,#2498);
#2069=LINE('',#4771,#2499);
#2070=LINE('',#4773,#2500);
#2071=LINE('',#4774,#2501);
#2072=LINE('',#4776,#2502);
#2073=LINE('',#4778,#2503);
#2074=LINE('',#4780,#2504);
#2075=LINE('',#4782,#2505);
#2076=LINE('',#4790,#2506);
#2077=LINE('',#4793,#2507);
#2078=LINE('',#4795,#2508);
#2079=LINE('',#4797,#2509);
#2080=LINE('',#4798,#2510);
#2081=LINE('',#4817,#2511);
#2082=LINE('',#4819,#2512);
#2083=LINE('',#4821,#2513);
#2084=LINE('',#4823,#2514);
#2085=LINE('',#4825,#2515);
#2086=LINE('',#4826,#2516);
#2087=LINE('',#4828,#2517);
#2088=LINE('',#4830,#2518);
#2089=LINE('',#4833,#2519);
#2090=LINE('',#4835,#2520);
#2091=LINE('',#4836,#2521);
#2092=LINE('',#4838,#2522);
#2093=LINE('',#4840,#2523);
#2094=LINE('',#4842,#2524);
#2095=LINE('',#4843,#2525);
#2096=LINE('',#4845,#2526);
#2097=LINE('',#4847,#2527);
#2098=LINE('',#4848,#2528);
#2099=LINE('',#4850,#2529);
#2100=LINE('',#4853,#2530);
#2101=LINE('',#4855,#2531);
#2102=LINE('',#4857,#2532);
#2103=LINE('',#4859,#2533);
#2104=LINE('',#4861,#2534);
#2105=LINE('',#4863,#2535);
#2106=LINE('',#4865,#2536);
#2107=LINE('',#4866,#2537);
#2108=LINE('',#4868,#2538);
#2109=LINE('',#4870,#2539);
#2110=LINE('',#4872,#2540);
#2111=LINE('',#4874,#2541);
#2112=LINE('',#4875,#2542);
#2113=LINE('',#4877,#2543);
#2114=LINE('',#4878,#2544);
#2115=LINE('',#4880,#2545);
#2116=LINE('',#4882,#2546);
#2117=LINE('',#4885,#2547);
#2118=LINE('',#4886,#2548);
#2119=LINE('',#4888,#2549);
#2120=LINE('',#4889,#2550);
#2121=LINE('',#4891,#2551);
#2122=LINE('',#4893,#2552);
#2123=LINE('',#4895,#2553);
#2124=LINE('',#4897,#2554);
#2125=LINE('',#4899,#2555);
#2126=LINE('',#4901,#2556);
#2127=LINE('',#4903,#2557);
#2128=LINE('',#4905,#2558);
#2129=LINE('',#4907,#2559);
#2130=LINE('',#4909,#2560);
#2131=LINE('',#4912,#2561);
#2132=LINE('',#4913,#2562);
#2133=LINE('',#4915,#2563);
#2134=LINE('',#4916,#2564);
#2135=LINE('',#4918,#2565);
#2136=LINE('',#4920,#2566);
#2137=LINE('',#4922,#2567);
#2138=LINE('',#4924,#2568);
#2139=LINE('',#4926,#2569);
#2140=LINE('',#4928,#2570);
#2141=LINE('',#4930,#2571);
#2142=LINE('',#4932,#2572);
#2143=LINE('',#4934,#2573);
#2144=LINE('',#4937,#2574);
#2145=LINE('',#4938,#2575);
#2146=LINE('',#4940,#2576);
#2147=LINE('',#4942,#2577);
#2148=LINE('',#4944,#2578);
#2149=LINE('',#4946,#2579);
#2150=LINE('',#4948,#2580);
#2151=LINE('',#4950,#2581);
#2152=LINE('',#4952,#2582);
#2153=LINE('',#4954,#2583);
#2154=LINE('',#4956,#2584);
#2155=LINE('',#4958,#2585);
#2156=LINE('',#4960,#2586);
#2157=LINE('',#4970,#2587);
#2158=LINE('',#4979,#2588);
#2159=LINE('',#4989,#2589);
#2160=LINE('',#5014,#2590);
#2161=LINE('',#5015,#2591);
#2162=LINE('',#5024,#2592);
#2163=LINE('',#5026,#2593);
#2164=LINE('',#5028,#2594);
#2165=LINE('',#5057,#2595);
#2166=LINE('',#5060,#2596);
#2167=LINE('',#5062,#2597);
#2168=LINE('',#5064,#2598);
#2169=LINE('',#5066,#2599);
#2170=LINE('',#5068,#2600);
#2171=LINE('',#5070,#2601);
#2172=LINE('',#5073,#2602);
#2173=LINE('',#5074,#2603);
#2174=LINE('',#5076,#2604);
#2175=LINE('',#5078,#2605);
#2176=LINE('',#5080,#2606);
#2177=LINE('',#5082,#2607);
#2178=LINE('',#5084,#2608);
#2179=LINE('',#5086,#2609);
#2180=LINE('',#5088,#2610);
#2181=LINE('',#5090,#2611);
#2182=LINE('',#5092,#2612);
#2183=LINE('',#5094,#2613);
#2184=LINE('',#5096,#2614);
#2185=LINE('',#5098,#2615);
#2186=LINE('',#5100,#2616);
#2187=LINE('',#5101,#2617);
#2188=LINE('',#5108,#2618);
#2189=LINE('',#5110,#2619);
#2190=LINE('',#5112,#2620);
#2191=LINE('',#5114,#2621);
#2192=LINE('',#5116,#2622);
#2193=LINE('',#5118,#2623);
#2194=LINE('',#5121,#2624);
#2195=LINE('',#5122,#2625);
#2196=LINE('',#5124,#2626);
#2197=LINE('',#5126,#2627);
#2198=LINE('',#5128,#2628);
#2199=LINE('',#5130,#2629);
#2200=LINE('',#5132,#2630);
#2201=LINE('',#5134,#2631);
#2202=LINE('',#5137,#2632);
#2203=LINE('',#5139,#2633);
#2204=LINE('',#5141,#2634);
#2205=LINE('',#5143,#2635);
#2206=LINE('',#5146,#2636);
#2207=LINE('',#5147,#2637);
#2208=LINE('',#5149,#2638);
#2209=LINE('',#5152,#2639);
#2210=LINE('',#5153,#2640);
#2211=LINE('',#5155,#2641);
#2212=LINE('',#5157,#2642);
#2213=LINE('',#5166,#2643);
#2214=LINE('',#5168,#2644);
#2215=LINE('',#5170,#2645);
#2216=LINE('',#5182,#2646);
#2217=LINE('',#5184,#2647);
#2218=LINE('',#5186,#2648);
#2219=LINE('',#5187,#2649);
#2220=LINE('',#5189,#2650);
#2221=LINE('',#5192,#2651);
#2222=LINE('',#5194,#2652);
#2223=LINE('',#5195,#2653);
#2224=LINE('',#5197,#2654);
#2225=LINE('',#5199,#2655);
#2226=LINE('',#5200,#2656);
#2227=LINE('',#5202,#2657);
#2228=LINE('',#5205,#2658);
#2229=LINE('',#5207,#2659);
#2230=LINE('',#5209,#2660);
#2231=LINE('',#5211,#2661);
#2232=LINE('',#5213,#2662);
#2233=LINE('',#5215,#2663);
#2234=LINE('',#5217,#2664);
#2235=LINE('',#5218,#2665);
#2236=LINE('',#5220,#2666);
#2237=LINE('',#5222,#2667);
#2238=LINE('',#5224,#2668);
#2239=LINE('',#5226,#2669);
#2240=LINE('',#5227,#2670);
#2241=LINE('',#5229,#2671);
#2242=LINE('',#5230,#2672);
#2243=LINE('',#5232,#2673);
#2244=LINE('',#5234,#2674);
#2245=LINE('',#5237,#2675);
#2246=LINE('',#5239,#2676);
#2247=LINE('',#5240,#2677);
#2248=LINE('',#5242,#2678);
#2249=LINE('',#5243,#2679);
#2250=LINE('',#5245,#2680);
#2251=LINE('',#5247,#2681);
#2252=LINE('',#5249,#2682);
#2253=LINE('',#5251,#2683);
#2254=LINE('',#5253,#2684);
#2255=LINE('',#5255,#2685);
#2256=LINE('',#5257,#2686);
#2257=LINE('',#5259,#2687);
#2258=LINE('',#5261,#2688);
#2259=LINE('',#5264,#2689);
#2260=LINE('',#5265,#2690);
#2261=LINE('',#5267,#2691);
#2262=LINE('',#5268,#2692);
#2263=LINE('',#5270,#2693);
#2264=LINE('',#5272,#2694);
#2265=LINE('',#5274,#2695);
#2266=LINE('',#5276,#2696);
#2267=LINE('',#5278,#2697);
#2268=LINE('',#5280,#2698);
#2269=LINE('',#5282,#2699);
#2270=LINE('',#5284,#2700);
#2271=LINE('',#5286,#2701);
#2272=LINE('',#5289,#2702);
#2273=LINE('',#5290,#2703);
#2274=LINE('',#5292,#2704);
#2275=LINE('',#5294,#2705);
#2276=LINE('',#5296,#2706);
#2277=LINE('',#5298,#2707);
#2278=LINE('',#5300,#2708);
#2279=LINE('',#5302,#2709);
#2280=LINE('',#5304,#2710);
#2281=LINE('',#5306,#2711);
#2282=LINE('',#5308,#2712);
#2283=LINE('',#5310,#2713);
#2284=LINE('',#5312,#2714);
#2285=LINE('',#5323,#2715);
#2286=LINE('',#5332,#2716);
#2287=LINE('',#5349,#2717);
#2288=LINE('',#5363,#2718);
#2289=LINE('',#5379,#2719);
#2290=LINE('',#5381,#2720);
#2291=LINE('',#5390,#2721);
#2292=LINE('',#5399,#2722);
#2293=LINE('',#5427,#2723);
#2294=LINE('',#5429,#2724);
#2295=LINE('',#5431,#2725);
#2296=LINE('',#5433,#2726);
#2297=LINE('',#5435,#2727);
#2298=LINE('',#5437,#2728);
#2299=LINE('',#5440,#2729);
#2300=LINE('',#5442,#2730);
#2301=LINE('',#5444,#2731);
#2302=LINE('',#5446,#2732);
#2303=LINE('',#5448,#2733);
#2304=LINE('',#5450,#2734);
#2305=LINE('',#5452,#2735);
#2306=LINE('',#5454,#2736);
#2307=LINE('',#5456,#2737);
#2308=LINE('',#5458,#2738);
#2309=LINE('',#5460,#2739);
#2310=LINE('',#5462,#2740);
#2311=LINE('',#5464,#2741);
#2312=LINE('',#5466,#2742);
#2313=LINE('',#5467,#2743);
#2314=LINE('',#5474,#2744);
#2315=LINE('',#5476,#2745);
#2316=LINE('',#5478,#2746);
#2317=LINE('',#5480,#2747);
#2318=LINE('',#5482,#2748);
#2319=LINE('',#5484,#2749);
#2320=LINE('',#5487,#2750);
#2321=LINE('',#5489,#2751);
#2322=LINE('',#5491,#2752);
#2323=LINE('',#5492,#2753);
#2324=LINE('',#5494,#2754);
#2325=LINE('',#5496,#2755);
#2326=LINE('',#5498,#2756);
#2327=LINE('',#5500,#2757);
#2328=LINE('',#5503,#2758);
#2329=LINE('',#5505,#2759);
#2330=LINE('',#5507,#2760);
#2331=LINE('',#5509,#2761);
#2332=LINE('',#5521,#2762);
#2333=LINE('',#5523,#2763);
#2334=LINE('',#5525,#2764);
#2335=LINE('',#5529,#2765);
#2336=LINE('',#5531,#2766);
#2337=LINE('',#5533,#2767);
#2338=LINE('',#5535,#2768);
#2339=LINE('',#5537,#2769);
#2340=LINE('',#5545,#2770);
#2341=LINE('',#5546,#2771);
#2342=LINE('',#5548,#2772);
#2343=LINE('',#5549,#2773);
#2344=LINE('',#5551,#2774);
#2345=LINE('',#5553,#2775);
#2346=LINE('',#5563,#2776);
#2347=LINE('',#5566,#2777);
#2348=LINE('',#5569,#2778);
#2349=LINE('',#5572,#2779);
#2350=LINE('',#5574,#2780);
#2351=LINE('',#5576,#2781);
#2352=LINE('',#5578,#2782);
#2353=LINE('',#5579,#2783);
#2354=LINE('',#5581,#2784);
#2355=LINE('',#5583,#2785);
#2356=LINE('',#5586,#2786);
#2357=LINE('',#5589,#2787);
#2358=LINE('',#5591,#2788);
#2359=LINE('',#5593,#2789);
#2360=LINE('',#5595,#2790);
#2361=LINE('',#5596,#2791);
#2362=LINE('',#5598,#2792);
#2363=LINE('',#5600,#2793);
#2364=VECTOR('',#3642,1.);
#2365=VECTOR('',#3643,1.);
#2366=VECTOR('',#3644,1.);
#2367=VECTOR('',#3645,1.);
#2368=VECTOR('',#3648,1.);
#2369=VECTOR('',#3649,1.);
#2370=VECTOR('',#3650,1.);
#2371=VECTOR('',#3651,1.);
#2372=VECTOR('',#3652,1.);
#2373=VECTOR('',#3655,1.);
#2374=VECTOR('',#3656,1.);
#2375=VECTOR('',#3657,1.);
#2376=VECTOR('',#3658,1.);
#2377=VECTOR('',#3659,1.);
#2378=VECTOR('',#3660,1.);
#2379=VECTOR('',#3663,1.);
#2380=VECTOR('',#3664,1.);
#2381=VECTOR('',#3665,1.);
#2382=VECTOR('',#3666,1.);
#2383=VECTOR('',#3667,1.);
#2384=VECTOR('',#3670,1.);
#2385=VECTOR('',#3671,1.);
#2386=VECTOR('',#3672,1.);
#2387=VECTOR('',#3673,1.);
#2388=VECTOR('',#3674,1.);
#2389=VECTOR('',#3675,1.);
#2390=VECTOR('',#3678,1.);
#2391=VECTOR('',#3681,1.);
#2392=VECTOR('',#3682,1.);
#2393=VECTOR('',#3683,1.);
#2394=VECTOR('',#3684,1.);
#2395=VECTOR('',#3685,1.);
#2396=VECTOR('',#3686,1.);
#2397=VECTOR('',#3687,1.);
#2398=VECTOR('',#3688,1.);
#2399=VECTOR('',#3689,1.);
#2400=VECTOR('',#3698,1.);
#2401=VECTOR('',#3699,1.);
#2402=VECTOR('',#3700,1.);
#2403=VECTOR('',#3701,1.);
#2404=VECTOR('',#3702,1.);
#2405=VECTOR('',#3703,1.);
#2406=VECTOR('',#3704,1.);
#2407=VECTOR('',#3705,1.);
#2408=VECTOR('',#3706,1.);
#2409=VECTOR('',#3707,1.);
#2410=VECTOR('',#3708,1.);
#2411=VECTOR('',#3709,1.);
#2412=VECTOR('',#3710,1.);
#2413=VECTOR('',#3711,1.);
#2414=VECTOR('',#3712,1.);
#2415=VECTOR('',#3713,1.);
#2416=VECTOR('',#3714,1.);
#2417=VECTOR('',#3715,1.);
#2418=VECTOR('',#3716,1.);
#2419=VECTOR('',#3717,1.);
#2420=VECTOR('',#3718,1.);
#2421=VECTOR('',#3721,1.);
#2422=VECTOR('',#3722,1.);
#2423=VECTOR('',#3723,1.);
#2424=VECTOR('',#3724,1.);
#2425=VECTOR('',#3725,1.);
#2426=VECTOR('',#3726,1.);
#2427=VECTOR('',#3727,1.);
#2428=VECTOR('',#3728,1.);
#2429=VECTOR('',#3729,1.);
#2430=VECTOR('',#3730,1.);
#2431=VECTOR('',#3731,1.);
#2432=VECTOR('',#3732,1.);
#2433=VECTOR('',#3737,1.);
#2434=VECTOR('',#3738,1.);
#2435=VECTOR('',#3739,1.);
#2436=VECTOR('',#3740,1.);
#2437=VECTOR('',#3747,1.);
#2438=VECTOR('',#3748,1.);
#2439=VECTOR('',#3749,1.);
#2440=VECTOR('',#3750,1.);
#2441=VECTOR('',#3751,1.);
#2442=VECTOR('',#3754,1.);
#2443=VECTOR('',#3755,1.);
#2444=VECTOR('',#3756,1.);
#2445=VECTOR('',#3757,1.);
#2446=VECTOR('',#3758,1.);
#2447=VECTOR('',#3761,1.);
#2448=VECTOR('',#3762,1.);
#2449=VECTOR('',#3763,1.);
#2450=VECTOR('',#3764,1.);
#2451=VECTOR('',#3765,1.);
#2452=VECTOR('',#3768,1.);
#2453=VECTOR('',#3769,1.);
#2454=VECTOR('',#3770,1.);
#2455=VECTOR('',#3771,1.);
#2456=VECTOR('',#3772,1.);
#2457=VECTOR('',#3775,1.);
#2458=VECTOR('',#3776,1.);
#2459=VECTOR('',#3777,1.);
#2460=VECTOR('',#3778,1.);
#2461=VECTOR('',#3779,1.);
#2462=VECTOR('',#3782,1.);
#2463=VECTOR('',#3783,1.);
#2464=VECTOR('',#3784,1.);
#2465=VECTOR('',#3785,1.);
#2466=VECTOR('',#3786,1.);
#2467=VECTOR('',#3787,1.);
#2468=VECTOR('',#3788,1.);
#2469=VECTOR('',#3789,1.);
#2470=VECTOR('',#3790,1.);
#2471=VECTOR('',#3791,1.);
#2472=VECTOR('',#3792,1.);
#2473=VECTOR('',#3793,1.);
#2474=VECTOR('',#3794,1.);
#2475=VECTOR('',#3795,1.);
#2476=VECTOR('',#3796,1.);
#2477=VECTOR('',#3797,1.);
#2478=VECTOR('',#3798,1.);
#2479=VECTOR('',#3801,1.);
#2480=VECTOR('',#3802,1.);
#2481=VECTOR('',#3803,1.);
#2482=VECTOR('',#3804,1.);
#2483=VECTOR('',#3805,1.);
#2484=VECTOR('',#3806,1.);
#2485=VECTOR('',#3807,1.);
#2486=VECTOR('',#3808,1.);
#2487=VECTOR('',#3809,1.);
#2488=VECTOR('',#3810,1.);
#2489=VECTOR('',#3811,1.);
#2490=VECTOR('',#3812,1.);
#2491=VECTOR('',#3813,1.);
#2492=VECTOR('',#3814,1.);
#2493=VECTOR('',#3815,1.);
#2494=VECTOR('',#3816,1.);
#2495=VECTOR('',#3817,1.);
#2496=VECTOR('',#3818,1.);
#2497=VECTOR('',#3819,1.);
#2498=VECTOR('',#3824,1.);
#2499=VECTOR('',#3825,1.);
#2500=VECTOR('',#3826,1.);
#2501=VECTOR('',#3827,1.);
#2502=VECTOR('',#3828,1.);
#2503=VECTOR('',#3829,1.);
#2504=VECTOR('',#3830,1.);
#2505=VECTOR('',#3831,1.);
#2506=VECTOR('',#3840,1.);
#2507=VECTOR('',#3841,1.);
#2508=VECTOR('',#3842,1.);
#2509=VECTOR('',#3843,1.);
#2510=VECTOR('',#3844,1.);
#2511=VECTOR('',#3845,1.);
#2512=VECTOR('',#3846,1.);
#2513=VECTOR('',#3847,1.);
#2514=VECTOR('',#3850,1.);
#2515=VECTOR('',#3851,1.);
#2516=VECTOR('',#3852,1.);
#2517=VECTOR('',#3853,1.);
#2518=VECTOR('',#3856,1.);
#2519=VECTOR('',#3857,1.);
#2520=VECTOR('',#3858,1.);
#2521=VECTOR('',#3859,1.);
#2522=VECTOR('',#3860,1.);
#2523=VECTOR('',#3863,1.);
#2524=VECTOR('',#3864,1.);
#2525=VECTOR('',#3865,1.);
#2526=VECTOR('',#3866,1.);
#2527=VECTOR('',#3869,1.);
#2528=VECTOR('',#3870,1.);
#2529=VECTOR('',#3873,1.);
#2530=VECTOR('',#3874,1.);
#2531=VECTOR('',#3875,1.);
#2532=VECTOR('',#3876,1.);
#2533=VECTOR('',#3879,1.);
#2534=VECTOR('',#3880,1.);
#2535=VECTOR('',#3881,1.);
#2536=VECTOR('',#3884,1.);
#2537=VECTOR('',#3885,1.);
#2538=VECTOR('',#3888,1.);
#2539=VECTOR('',#3889,1.);
#2540=VECTOR('',#3890,1.);
#2541=VECTOR('',#3893,1.);
#2542=VECTOR('',#3894,1.);
#2543=VECTOR('',#3897,1.);
#2544=VECTOR('',#3898,1.);
#2545=VECTOR('',#3899,1.);
#2546=VECTOR('',#3902,1.);
#2547=VECTOR('',#3903,1.);
#2548=VECTOR('',#3904,1.);
#2549=VECTOR('',#3905,1.);
#2550=VECTOR('',#3906,1.);
#2551=VECTOR('',#3907,1.);
#2552=VECTOR('',#3910,1.);
#2553=VECTOR('',#3911,1.);
#2554=VECTOR('',#3912,1.);
#2555=VECTOR('',#3913,1.);
#2556=VECTOR('',#3916,1.);
#2557=VECTOR('',#3917,1.);
#2558=VECTOR('',#3918,1.);
#2559=VECTOR('',#3919,1.);
#2560=VECTOR('',#3922,1.);
#2561=VECTOR('',#3923,1.);
#2562=VECTOR('',#3924,1.);
#2563=VECTOR('',#3927,1.);
#2564=VECTOR('',#3928,1.);
#2565=VECTOR('',#3931,1.);
#2566=VECTOR('',#3932,1.);
#2567=VECTOR('',#3933,1.);
#2568=VECTOR('',#3934,1.);
#2569=VECTOR('',#3935,1.);
#2570=VECTOR('',#3936,1.);
#2571=VECTOR('',#3937,1.);
#2572=VECTOR('',#3938,1.);
#2573=VECTOR('',#3941,1.);
#2574=VECTOR('',#3942,1.);
#2575=VECTOR('',#3943,1.);
#2576=VECTOR('',#3946,1.);
#2577=VECTOR('',#3947,1.);
#2578=VECTOR('',#3950,1.);
#2579=VECTOR('',#3953,1.);
#2580=VECTOR('',#3956,1.);
#2581=VECTOR('',#3959,1.);
#2582=VECTOR('',#3962,1.);
#2583=VECTOR('',#3965,1.);
#2584=VECTOR('',#3968,1.);
#2585=VECTOR('',#3971,1.);
#2586=VECTOR('',#3974,1.);
#2587=VECTOR('',#3977,1.);
#2588=VECTOR('',#3978,1.);
#2589=VECTOR('',#3981,1.);
#2590=VECTOR('',#3982,1.);
#2591=VECTOR('',#3983,1.);
#2592=VECTOR('',#3984,1.);
#2593=VECTOR('',#3987,1.);
#2594=VECTOR('',#3990,1.);
#2595=VECTOR('',#3993,1.);
#2596=VECTOR('',#3998,1.);
#2597=VECTOR('',#4001,1.);
#2598=VECTOR('',#4002,1.);
#2599=VECTOR('',#4005,1.);
#2600=VECTOR('',#4006,1.);
#2601=VECTOR('',#4009,1.);
#2602=VECTOR('',#4014,1.);
#2603=VECTOR('',#4015,1.);
#2604=VECTOR('',#4018,1.);
#2605=VECTOR('',#4019,1.);
#2606=VECTOR('',#4020,1.);
#2607=VECTOR('',#4023,1.);
#2608=VECTOR('',#4024,1.);
#2609=VECTOR('',#4025,1.);
#2610=VECTOR('',#4028,1.);
#2611=VECTOR('',#4029,1.);
#2612=VECTOR('',#4030,1.);
#2613=VECTOR('',#4033,1.);
#2614=VECTOR('',#4034,1.);
#2615=VECTOR('',#4035,1.);
#2616=VECTOR('',#4038,1.);
#2617=VECTOR('',#4039,1.);
#2618=VECTOR('',#4048,1.);
#2619=VECTOR('',#4049,1.);
#2620=VECTOR('',#4050,1.);
#2621=VECTOR('',#4051,1.);
#2622=VECTOR('',#4052,1.);
#2623=VECTOR('',#4055,1.);
#2624=VECTOR('',#4056,1.);
#2625=VECTOR('',#4057,1.);
#2626=VECTOR('',#4058,1.);
#2627=VECTOR('',#4059,1.);
#2628=VECTOR('',#4062,1.);
#2629=VECTOR('',#4065,1.);
#2630=VECTOR('',#4068,1.);
#2631=VECTOR('',#4071,1.);
#2632=VECTOR('',#4076,1.);
#2633=VECTOR('',#4079,1.);
#2634=VECTOR('',#4082,1.);
#2635=VECTOR('',#4085,1.);
#2636=VECTOR('',#4090,1.);
#2637=VECTOR('',#4091,1.);
#2638=VECTOR('',#4094,1.);
#2639=VECTOR('',#4095,1.);
#2640=VECTOR('',#4096,1.);
#2641=VECTOR('',#4097,1.);
#2642=VECTOR('',#4098,1.);
#2643=VECTOR('',#4099,1.);
#2644=VECTOR('',#4100,1.);
#2645=VECTOR('',#4101,1.);
#2646=VECTOR('',#4104,1.);
#2647=VECTOR('',#4105,1.);
#2648=VECTOR('',#4106,1.);
#2649=VECTOR('',#4107,1.);
#2650=VECTOR('',#4110,1.);
#2651=VECTOR('',#4111,1.);
#2652=VECTOR('',#4112,1.);
#2653=VECTOR('',#4113,1.);
#2654=VECTOR('',#4114,1.);
#2655=VECTOR('',#4117,1.);
#2656=VECTOR('',#4118,1.);
#2657=VECTOR('',#4121,1.);
#2658=VECTOR('',#4122,1.);
#2659=VECTOR('',#4123,1.);
#2660=VECTOR('',#4124,1.);
#2661=VECTOR('',#4127,1.);
#2662=VECTOR('',#4128,1.);
#2663=VECTOR('',#4129,1.);
#2664=VECTOR('',#4132,1.);
#2665=VECTOR('',#4133,1.);
#2666=VECTOR('',#4136,1.);
#2667=VECTOR('',#4137,1.);
#2668=VECTOR('',#4138,1.);
#2669=VECTOR('',#4141,1.);
#2670=VECTOR('',#4142,1.);
#2671=VECTOR('',#4145,1.);
#2672=VECTOR('',#4146,1.);
#2673=VECTOR('',#4147,1.);
#2674=VECTOR('',#4150,1.);
#2675=VECTOR('',#4151,1.);
#2676=VECTOR('',#4152,1.);
#2677=VECTOR('',#4153,1.);
#2678=VECTOR('',#4154,1.);
#2679=VECTOR('',#4155,1.);
#2680=VECTOR('',#4158,1.);
#2681=VECTOR('',#4159,1.);
#2682=VECTOR('',#4160,1.);
#2683=VECTOR('',#4161,1.);
#2684=VECTOR('',#4164,1.);
#2685=VECTOR('',#4165,1.);
#2686=VECTOR('',#4166,1.);
#2687=VECTOR('',#4167,1.);
#2688=VECTOR('',#4170,1.);
#2689=VECTOR('',#4171,1.);
#2690=VECTOR('',#4172,1.);
#2691=VECTOR('',#4175,1.);
#2692=VECTOR('',#4176,1.);
#2693=VECTOR('',#4179,1.);
#2694=VECTOR('',#4180,1.);
#2695=VECTOR('',#4181,1.);
#2696=VECTOR('',#4182,1.);
#2697=VECTOR('',#4183,1.);
#2698=VECTOR('',#4184,1.);
#2699=VECTOR('',#4185,1.);
#2700=VECTOR('',#4186,1.);
#2701=VECTOR('',#4189,1.);
#2702=VECTOR('',#4190,1.);
#2703=VECTOR('',#4191,1.);
#2704=VECTOR('',#4194,1.);
#2705=VECTOR('',#4195,1.);
#2706=VECTOR('',#4198,1.);
#2707=VECTOR('',#4201,1.);
#2708=VECTOR('',#4204,1.);
#2709=VECTOR('',#4207,1.);
#2710=VECTOR('',#4210,1.);
#2711=VECTOR('',#4213,1.);
#2712=VECTOR('',#4216,1.);
#2713=VECTOR('',#4219,1.);
#2714=VECTOR('',#4222,1.);
#2715=VECTOR('',#4227,1.);
#2716=VECTOR('',#4228,1.);
#2717=VECTOR('',#4229,1.);
#2718=VECTOR('',#4230,1.);
#2719=VECTOR('',#4233,1.);
#2720=VECTOR('',#4236,1.);
#2721=VECTOR('',#4237,1.);
#2722=VECTOR('',#4238,1.);
#2723=VECTOR('',#4243,1.);
#2724=VECTOR('',#4246,1.);
#2725=VECTOR('',#4247,1.);
#2726=VECTOR('',#4250,1.);
#2727=VECTOR('',#4251,1.);
#2728=VECTOR('',#4254,1.);
#2729=VECTOR('',#4259,1.);
#2730=VECTOR('',#4262,1.);
#2731=VECTOR('',#4263,1.);
#2732=VECTOR('',#4264,1.);
#2733=VECTOR('',#4267,1.);
#2734=VECTOR('',#4268,1.);
#2735=VECTOR('',#4269,1.);
#2736=VECTOR('',#4272,1.);
#2737=VECTOR('',#4273,1.);
#2738=VECTOR('',#4274,1.);
#2739=VECTOR('',#4277,1.);
#2740=VECTOR('',#4278,1.);
#2741=VECTOR('',#4279,1.);
#2742=VECTOR('',#4282,1.);
#2743=VECTOR('',#4283,1.);
#2744=VECTOR('',#4292,1.);
#2745=VECTOR('',#4293,1.);
#2746=VECTOR('',#4294,1.);
#2747=VECTOR('',#4295,1.);
#2748=VECTOR('',#4296,1.);
#2749=VECTOR('',#4299,1.);
#2750=VECTOR('',#4300,1.);
#2751=VECTOR('',#4301,1.);
#2752=VECTOR('',#4302,1.);
#2753=VECTOR('',#4303,1.);
#2754=VECTOR('',#4306,1.);
#2755=VECTOR('',#4309,1.);
#2756=VECTOR('',#4312,1.);
#2757=VECTOR('',#4315,1.);
#2758=VECTOR('',#4320,1.);
#2759=VECTOR('',#4323,1.);
#2760=VECTOR('',#4326,1.);
#2761=VECTOR('',#4329,1.);
#2762=VECTOR('',#4348,1.);
#2763=VECTOR('',#4349,1.);
#2764=VECTOR('',#4352,1.);
#2765=VECTOR('',#4357,1.);
#2766=VECTOR('',#4360,1.);
#2767=VECTOR('',#4363,1.);
#2768=VECTOR('',#4366,1.);
#2769=VECTOR('',#4369,1.);
#2770=VECTOR('',#4384,1.);
#2771=VECTOR('',#4385,1.);
#2772=VECTOR('',#4388,1.);
#2773=VECTOR('',#4389,1.);
#2774=VECTOR('',#4392,1.);
#2775=VECTOR('',#4395,1.);
#2776=VECTOR('',#4410,1.);
#2777=VECTOR('',#4415,1.);
#2778=VECTOR('',#4420,1.);
#2779=VECTOR('',#4421,1.);
#2780=VECTOR('',#4422,1.);
#2781=VECTOR('',#4423,1.);
#2782=VECTOR('',#4426,1.);
#2783=VECTOR('',#4427,1.);
#2784=VECTOR('',#4430,1.);
#2785=VECTOR('',#4433,1.);
#2786=VECTOR('',#4438,1.);
#2787=VECTOR('',#4439,1.);
#2788=VECTOR('',#4440,1.);
#2789=VECTOR('',#4441,1.);
#2790=VECTOR('',#4444,1.);
#2791=VECTOR('',#4445,1.);
#2792=VECTOR('',#4448,1.);
#2793=VECTOR('',#4451,1.);
#2794=EDGE_LOOP('',(#220,#221,#222,#223,#224,#225));
#2795=EDGE_LOOP('',(#226,#227,#228,#229,#230,#231));
#2796=EDGE_LOOP('',(#232,#233,#234,#235,#236,#237));
#2797=EDGE_LOOP('',(#238,#239,#240,#241,#242,#243));
#2798=EDGE_LOOP('',(#244,#245,#246,#247,#248,#249,#250,#251,#252,#253,#254,
#255,#256,#257,#258,#259,#260,#261));
#2799=EDGE_LOOP('',(#262));
#2800=EDGE_LOOP('',(#263));
#2801=EDGE_LOOP('',(#264));
#2802=EDGE_LOOP('',(#265,#266,#267,#268,#269,#270,#271,#272,#273));
#2803=EDGE_LOOP('',(#274,#275,#276,#277,#278,#279,#280,#281,#282,#283,#284,
#285,#286,#287,#288,#289,#290,#291,#292,#293,#294,#295,#296,#297,#298,#299,
#300,#301));
#2804=EDGE_LOOP('',(#302));
#2805=EDGE_LOOP('',(#303));
#2806=EDGE_LOOP('',(#304,#305,#306,#307));
#2807=EDGE_LOOP('',(#308));
#2808=EDGE_LOOP('',(#309));
#2809=EDGE_LOOP('',(#310,#311,#312,#313,#314,#315));
#2810=EDGE_LOOP('',(#316,#317,#318,#319,#320,#321));
#2811=EDGE_LOOP('',(#322,#323,#324,#325,#326,#327));
#2812=EDGE_LOOP('',(#328,#329,#330,#331,#332,#333));
#2813=EDGE_LOOP('',(#334,#335,#336,#337,#338,#339));
#2814=EDGE_LOOP('',(#340,#341,#342,#343,#344,#345,#346,#347,#348,#349,#350,
#351,#352,#353,#354,#355,#356,#357,#358,#359,#360,#361,#362,#363,#364,#365,
#366,#367,#368,#369,#370,#371,#372,#373,#374,#375,#376,#377,#378,#379,#380,
#381));
#2815=EDGE_LOOP('',(#382));
#2816=EDGE_LOOP('',(#383));
#2817=EDGE_LOOP('',(#384,#385,#386,#387,#388,#389,#390,#391,#392,#393,#394));
#2818=EDGE_LOOP('',(#395));
#2819=EDGE_LOOP('',(#396));
#2820=EDGE_LOOP('',(#397));
#2821=EDGE_LOOP('',(#398,#399,#400,#401,#402,#403));
#2822=EDGE_LOOP('',(#404,#405,#406,#407,#408,#409,#410));
#2823=EDGE_LOOP('',(#411,#412,#413,#414,#415));
#2824=EDGE_LOOP('',(#416,#417,#418,#419,#420,#421));
#2825=EDGE_LOOP('',(#422,#423,#424,#425,#426,#427));
#2826=EDGE_LOOP('',(#428,#429,#430,#431));
#2827=EDGE_LOOP('',(#432,#433,#434,#435));
#2828=EDGE_LOOP('',(#436,#437,#438,#439));
#2829=EDGE_LOOP('',(#440,#441,#442,#443));
#2830=EDGE_LOOP('',(#444,#445,#446,#447));
#2831=EDGE_LOOP('',(#448,#449,#450,#451));
#2832=EDGE_LOOP('',(#452,#453,#454,#455));
#2833=EDGE_LOOP('',(#456,#457,#458,#459,#460,#461,#462,#463));
#2834=EDGE_LOOP('',(#464,#465,#466,#467,#468,#469));
#2835=EDGE_LOOP('',(#470,#471,#472,#473,#474,#475));
#2836=EDGE_LOOP('',(#476,#477,#478,#479));
#2837=EDGE_LOOP('',(#480,#481,#482,#483));
#2838=EDGE_LOOP('',(#484,#485,#486,#487,#488,#489,#490,#491,#492,#493,#494,
#495,#496,#497,#498,#499));
#2839=EDGE_LOOP('',(#500,#501,#502,#503));
#2840=EDGE_LOOP('',(#504,#505,#506,#507));
#2841=EDGE_LOOP('',(#508,#509,#510,#511));
#2842=EDGE_LOOP('',(#512,#513,#514,#515,#516));
#2843=EDGE_LOOP('',(#517,#518,#519,#520));
#2844=EDGE_LOOP('',(#521,#522,#523,#524));
#2845=EDGE_LOOP('',(#525,#526,#527,#528));
#2846=EDGE_LOOP('',(#529,#530,#531,#532));
#2847=EDGE_LOOP('',(#533,#534,#535,#536));
#2848=EDGE_LOOP('',(#537,#538,#539,#540));
#2849=EDGE_LOOP('',(#541,#542,#543,#544));
#2850=EDGE_LOOP('',(#545,#546,#547,#548));
#2851=EDGE_LOOP('',(#549,#550,#551,#552));
#2852=EDGE_LOOP('',(#553,#554,#555,#556));
#2853=EDGE_LOOP('',(#557,#558,#559,#560));
#2854=EDGE_LOOP('',(#561,#562,#563));
#2855=EDGE_LOOP('',(#564,#565,#566,#567));
#2856=EDGE_LOOP('',(#568,#569,#570,#571));
#2857=EDGE_LOOP('',(#572,#573,#574,#575));
#2858=EDGE_LOOP('',(#576,#577,#578,#579));
#2859=EDGE_LOOP('',(#580,#581,#582,#583));
#2860=EDGE_LOOP('',(#584,#585,#586,#587));
#2861=EDGE_LOOP('',(#588,#589,#590,#591,#592,#593,#594,#595));
#2862=EDGE_LOOP('',(#596,#597,#598,#599,#600,#601));
#2863=EDGE_LOOP('',(#602,#603,#604));
#2864=EDGE_LOOP('',(#605,#606,#607,#608));
#2865=EDGE_LOOP('',(#609,#610,#611,#612));
#2866=EDGE_LOOP('',(#613,#614,#615,#616));
#2867=EDGE_LOOP('',(#617,#618,#619,#620,#621));
#2868=EDGE_LOOP('',(#622,#623,#624,#625,#626));
#2869=EDGE_LOOP('',(#627,#628,#629,#630));
#2870=EDGE_LOOP('',(#631,#632,#633,#634));
#2871=EDGE_LOOP('',(#635,#636,#637,#638));
#2872=EDGE_LOOP('',(#639,#640,#641,#642));
#2873=EDGE_LOOP('',(#643,#644,#645,#646));
#2874=EDGE_LOOP('',(#647,#648,#649,#650,#651));
#2875=EDGE_LOOP('',(#652));
#2876=EDGE_LOOP('',(#653));
#2877=EDGE_LOOP('',(#654,#655,#656,#657,#658,#659));
#2878=EDGE_LOOP('',(#660));
#2879=EDGE_LOOP('',(#661,#662,#663,#664,#665,#666));
#2880=EDGE_LOOP('',(#667));
#2881=EDGE_LOOP('',(#668,#669,#670,#671));
#2882=EDGE_LOOP('',(#672,#673,#674,#675));
#2883=EDGE_LOOP('',(#676,#677,#678,#679));
#2884=EDGE_LOOP('',(#680,#681,#682,#683));
#2885=EDGE_LOOP('',(#684,#685,#686,#687));
#2886=EDGE_LOOP('',(#688,#689,#690,#691));
#2887=EDGE_LOOP('',(#692,#693,#694,#695));
#2888=EDGE_LOOP('',(#696,#697,#698,#699));
#2889=EDGE_LOOP('',(#700,#701,#702,#703));
#2890=EDGE_LOOP('',(#704,#705,#706,#707));
#2891=EDGE_LOOP('',(#708,#709,#710,#711));
#2892=EDGE_LOOP('',(#712,#713,#714,#715,#716,#717));
#2893=EDGE_LOOP('',(#718,#719,#720,#721,#722,#723,#724));
#2894=EDGE_LOOP('',(#725,#726,#727,#728,#729));
#2895=EDGE_LOOP('',(#730,#731,#732,#733,#734,#735));
#2896=EDGE_LOOP('',(#736,#737,#738,#739));
#2897=EDGE_LOOP('',(#740,#741,#742,#743));
#2898=EDGE_LOOP('',(#744,#745,#746,#747));
#2899=EDGE_LOOP('',(#748,#749,#750,#751));
#2900=EDGE_LOOP('',(#752,#753,#754,#755));
#2901=EDGE_LOOP('',(#756,#757,#758,#759));
#2902=EDGE_LOOP('',(#760,#761,#762,#763));
#2903=EDGE_LOOP('',(#764,#765,#766,#767,#768,#769,#770,#771));
#2904=EDGE_LOOP('',(#772,#773,#774,#775,#776,#777));
#2905=EDGE_LOOP('',(#778,#779,#780,#781,#782,#783));
#2906=EDGE_LOOP('',(#784,#785,#786,#787));
#2907=EDGE_LOOP('',(#788,#789,#790,#791));
#2908=EDGE_LOOP('',(#792,#793,#794,#795,#796,#797,#798,#799,#800,#801,#802,
#803,#804,#805,#806,#807));
#2909=EDGE_LOOP('',(#808,#809,#810,#811));
#2910=EDGE_LOOP('',(#812,#813,#814,#815));
#2911=EDGE_LOOP('',(#816,#817,#818,#819));
#2912=EDGE_LOOP('',(#820,#821,#822,#823,#824));
#2913=EDGE_LOOP('',(#825,#826,#827,#828));
#2914=EDGE_LOOP('',(#829,#830,#831,#832));
#2915=EDGE_LOOP('',(#833,#834,#835,#836));
#2916=EDGE_LOOP('',(#837,#838,#839,#840));
#2917=EDGE_LOOP('',(#841,#842,#843,#844));
#2918=EDGE_LOOP('',(#845,#846,#847,#848));
#2919=EDGE_LOOP('',(#849,#850,#851,#852));
#2920=EDGE_LOOP('',(#853,#854,#855,#856));
#2921=EDGE_LOOP('',(#857,#858,#859,#860));
#2922=EDGE_LOOP('',(#861,#862,#863));
#2923=EDGE_LOOP('',(#864,#865,#866,#867));
#2924=EDGE_LOOP('',(#868,#869,#870,#871));
#2925=EDGE_LOOP('',(#872,#873,#874,#875));
#2926=EDGE_LOOP('',(#876,#877,#878,#879,#880,#881,#882,#883));
#2927=EDGE_LOOP('',(#884,#885,#886,#887));
#2928=EDGE_LOOP('',(#888,#889,#890,#891));
#2929=EDGE_LOOP('',(#892,#893,#894,#895));
#2930=EDGE_LOOP('',(#896,#897,#898,#899));
#2931=EDGE_LOOP('',(#900,#901,#902,#903,#904,#905));
#2932=EDGE_LOOP('',(#906,#907,#908,#909));
#2933=EDGE_LOOP('',(#910,#911,#912));
#2934=EDGE_LOOP('',(#913,#914,#915,#916));
#2935=EDGE_LOOP('',(#917,#918,#919,#920));
#2936=EDGE_LOOP('',(#921,#922,#923,#924));
#2937=EDGE_LOOP('',(#925,#926,#927,#928,#929));
#2938=EDGE_LOOP('',(#930,#931,#932,#933,#934));
#2939=EDGE_LOOP('',(#935,#936,#937,#938));
#2940=EDGE_LOOP('',(#939,#940,#941,#942));
#2941=EDGE_LOOP('',(#943,#944,#945,#946));
#2942=EDGE_LOOP('',(#947,#948,#949,#950));
#2943=EDGE_LOOP('',(#951,#952,#953,#954));
#2944=EDGE_LOOP('',(#955,#956,#957,#958,#959));
#2945=EDGE_LOOP('',(#960));
#2946=EDGE_LOOP('',(#961));
#2947=EDGE_LOOP('',(#962,#963,#964,#965,#966,#967));
#2948=EDGE_LOOP('',(#968));
#2949=EDGE_LOOP('',(#969,#970,#971,#972,#973,#974));
#2950=EDGE_LOOP('',(#975));
#2951=EDGE_LOOP('',(#976,#977,#978,#979));
#2952=EDGE_LOOP('',(#980,#981,#982,#983));
#2953=EDGE_LOOP('',(#984,#985,#986,#987));
#2954=EDGE_LOOP('',(#988,#989,#990,#991));
#2955=EDGE_LOOP('',(#992,#993,#994,#995));
#2956=EDGE_LOOP('',(#996,#997,#998,#999));
#2957=EDGE_LOOP('',(#1000,#1001,#1002,#1003));
#2958=EDGE_LOOP('',(#1004,#1005,#1006,#1007));
#2959=EDGE_LOOP('',(#1008,#1009,#1010,#1011));
#2960=EDGE_LOOP('',(#1012,#1013,#1014,#1015));
#2961=EDGE_LOOP('',(#1016));
#2962=EDGE_LOOP('',(#1017));
#2963=EDGE_LOOP('',(#1018));
#2964=EDGE_LOOP('',(#1019));
#2965=EDGE_LOOP('',(#1020));
#2966=EDGE_LOOP('',(#1021));
#2967=EDGE_LOOP('',(#1022));
#2968=EDGE_LOOP('',(#1023));
#2969=EDGE_LOOP('',(#1024));
#2970=EDGE_LOOP('',(#1025));
#2971=EDGE_LOOP('',(#1026,#1027,#1028,#1029));
#2972=EDGE_LOOP('',(#1030,#1031,#1032,#1033));
#2973=EDGE_LOOP('',(#1034,#1035,#1036,#1037));
#2974=EDGE_LOOP('',(#1038,#1039,#1040,#1041));
#2975=EDGE_LOOP('',(#1042,#1043,#1044,#1045));
#2976=EDGE_LOOP('',(#1046,#1047,#1048,#1049));
#2977=EDGE_LOOP('',(#1050,#1051,#1052,#1053));
#2978=EDGE_LOOP('',(#1054,#1055,#1056,#1057));
#2979=EDGE_LOOP('',(#1058,#1059,#1060,#1061));
#2980=EDGE_LOOP('',(#1062,#1063,#1064,#1065));
#2981=EDGE_LOOP('',(#1066,#1067,#1068,#1069));
#2982=EDGE_LOOP('',(#1070));
#2983=EDGE_LOOP('',(#1071));
#2984=EDGE_LOOP('',(#1072));
#2985=EDGE_LOOP('',(#1073));
#2986=EDGE_LOOP('',(#1074,#1075,#1076,#1077));
#2987=EDGE_LOOP('',(#1078,#1079,#1080,#1081));
#2988=EDGE_LOOP('',(#1082,#1083,#1084,#1085,#1086,#1087));
#2989=EDGE_LOOP('',(#1088,#1089,#1090,#1091,#1092,#1093));
#2990=EDGE_LOOP('',(#1094));
#2991=EDGE_LOOP('',(#1095));
#2992=EDGE_LOOP('',(#1096));
#2993=EDGE_LOOP('',(#1097));
#2994=EDGE_LOOP('',(#1098));
#2995=EDGE_LOOP('',(#1099));
#2996=EDGE_LOOP('',(#1100));
#2997=EDGE_LOOP('',(#1101));
#2998=EDGE_LOOP('',(#1102,#1103,#1104,#1105));
#2999=EDGE_LOOP('',(#1106,#1107,#1108));
#3000=EDGE_LOOP('',(#1109,#1110,#1111,#1112));
#3001=EDGE_LOOP('',(#1113,#1114,#1115));
#3002=EDGE_LOOP('',(#1116,#1117,#1118,#1119));
#3003=EDGE_LOOP('',(#1120,#1121,#1122,#1123,#1124));
#3004=EDGE_LOOP('',(#1125,#1126,#1127,#1128,#1129));
#3005=EDGE_LOOP('',(#1130,#1131,#1132,#1133,#1134));
#3006=EDGE_LOOP('',(#1135,#1136,#1137,#1138,#1139));
#3007=EDGE_LOOP('',(#1140,#1141,#1142,#1143));
#3008=EDGE_LOOP('',(#1144,#1145,#1146,#1147,#1148));
#3009=EDGE_LOOP('',(#1149,#1150,#1151,#1152,#1153));
#3010=EDGE_LOOP('',(#1154,#1155,#1156,#1157,#1158));
#3011=EDGE_LOOP('',(#1159,#1160,#1161,#1162,#1163));
#3012=FACE_BOUND('',#2794,.T.);
#3013=FACE_BOUND('',#2795,.T.);
#3014=FACE_BOUND('',#2796,.T.);
#3015=FACE_BOUND('',#2797,.T.);
#3016=FACE_BOUND('',#2798,.T.);
#3017=FACE_BOUND('',#2799,.T.);
#3018=FACE_BOUND('',#2800,.T.);
#3019=FACE_BOUND('',#2801,.T.);
#3020=FACE_BOUND('',#2802,.T.);
#3021=FACE_BOUND('',#2803,.T.);
#3022=FACE_BOUND('',#2804,.T.);
#3023=FACE_BOUND('',#2805,.T.);
#3024=FACE_BOUND('',#2806,.T.);
#3025=FACE_BOUND('',#2807,.T.);
#3026=FACE_BOUND('',#2808,.T.);
#3027=FACE_BOUND('',#2809,.T.);
#3028=FACE_BOUND('',#2810,.T.);
#3029=FACE_BOUND('',#2811,.T.);
#3030=FACE_BOUND('',#2812,.T.);
#3031=FACE_BOUND('',#2813,.T.);
#3032=FACE_BOUND('',#2814,.T.);
#3033=FACE_BOUND('',#2815,.T.);
#3034=FACE_BOUND('',#2816,.T.);
#3035=FACE_BOUND('',#2817,.T.);
#3036=FACE_BOUND('',#2818,.T.);
#3037=FACE_BOUND('',#2819,.T.);
#3038=FACE_BOUND('',#2820,.T.);
#3039=FACE_BOUND('',#2821,.T.);
#3040=FACE_BOUND('',#2822,.T.);
#3041=FACE_BOUND('',#2823,.T.);
#3042=FACE_BOUND('',#2824,.T.);
#3043=FACE_BOUND('',#2825,.T.);
#3044=FACE_BOUND('',#2826,.T.);
#3045=FACE_BOUND('',#2827,.T.);
#3046=FACE_BOUND('',#2828,.T.);
#3047=FACE_BOUND('',#2829,.T.);
#3048=FACE_BOUND('',#2830,.T.);
#3049=FACE_BOUND('',#2831,.T.);
#3050=FACE_BOUND('',#2832,.T.);
#3051=FACE_BOUND('',#2833,.T.);
#3052=FACE_BOUND('',#2834,.T.);
#3053=FACE_BOUND('',#2835,.T.);
#3054=FACE_BOUND('',#2836,.T.);
#3055=FACE_BOUND('',#2837,.T.);
#3056=FACE_BOUND('',#2838,.T.);
#3057=FACE_BOUND('',#2839,.T.);
#3058=FACE_BOUND('',#2840,.T.);
#3059=FACE_BOUND('',#2841,.T.);
#3060=FACE_BOUND('',#2842,.T.);
#3061=FACE_BOUND('',#2843,.T.);
#3062=FACE_BOUND('',#2844,.T.);
#3063=FACE_BOUND('',#2845,.T.);
#3064=FACE_BOUND('',#2846,.T.);
#3065=FACE_BOUND('',#2847,.T.);
#3066=FACE_BOUND('',#2848,.T.);
#3067=FACE_BOUND('',#2849,.T.);
#3068=FACE_BOUND('',#2850,.T.);
#3069=FACE_BOUND('',#2851,.T.);
#3070=FACE_BOUND('',#2852,.T.);
#3071=FACE_BOUND('',#2853,.T.);
#3072=FACE_BOUND('',#2854,.T.);
#3073=FACE_BOUND('',#2855,.T.);
#3074=FACE_BOUND('',#2856,.T.);
#3075=FACE_BOUND('',#2857,.T.);
#3076=FACE_BOUND('',#2858,.T.);
#3077=FACE_BOUND('',#2859,.T.);
#3078=FACE_BOUND('',#2860,.T.);
#3079=FACE_BOUND('',#2861,.T.);
#3080=FACE_BOUND('',#2862,.T.);
#3081=FACE_BOUND('',#2863,.T.);
#3082=FACE_BOUND('',#2864,.T.);
#3083=FACE_BOUND('',#2865,.T.);
#3084=FACE_BOUND('',#2866,.T.);
#3085=FACE_BOUND('',#2867,.T.);
#3086=FACE_BOUND('',#2868,.T.);
#3087=FACE_BOUND('',#2869,.T.);
#3088=FACE_BOUND('',#2870,.T.);
#3089=FACE_BOUND('',#2871,.T.);
#3090=FACE_BOUND('',#2872,.T.);
#3091=FACE_BOUND('',#2873,.T.);
#3092=FACE_BOUND('',#2874,.T.);
#3093=FACE_BOUND('',#2875,.T.);
#3094=FACE_BOUND('',#2876,.T.);
#3095=FACE_BOUND('',#2877,.T.);
#3096=FACE_BOUND('',#2878,.T.);
#3097=FACE_BOUND('',#2879,.T.);
#3098=FACE_BOUND('',#2880,.T.);
#3099=FACE_BOUND('',#2881,.T.);
#3100=FACE_BOUND('',#2882,.T.);
#3101=FACE_BOUND('',#2883,.T.);
#3102=FACE_BOUND('',#2884,.T.);
#3103=FACE_BOUND('',#2885,.T.);
#3104=FACE_BOUND('',#2886,.T.);
#3105=FACE_BOUND('',#2887,.T.);
#3106=FACE_BOUND('',#2888,.T.);
#3107=FACE_BOUND('',#2889,.T.);
#3108=FACE_BOUND('',#2890,.T.);
#3109=FACE_BOUND('',#2891,.T.);
#3110=FACE_BOUND('',#2892,.T.);
#3111=FACE_BOUND('',#2893,.T.);
#3112=FACE_BOUND('',#2894,.T.);
#3113=FACE_BOUND('',#2895,.T.);
#3114=FACE_BOUND('',#2896,.T.);
#3115=FACE_BOUND('',#2897,.T.);
#3116=FACE_BOUND('',#2898,.T.);
#3117=FACE_BOUND('',#2899,.T.);
#3118=FACE_BOUND('',#2900,.T.);
#3119=FACE_BOUND('',#2901,.T.);
#3120=FACE_BOUND('',#2902,.T.);
#3121=FACE_BOUND('',#2903,.T.);
#3122=FACE_BOUND('',#2904,.T.);
#3123=FACE_BOUND('',#2905,.T.);
#3124=FACE_BOUND('',#2906,.T.);
#3125=FACE_BOUND('',#2907,.T.);
#3126=FACE_BOUND('',#2908,.T.);
#3127=FACE_BOUND('',#2909,.T.);
#3128=FACE_BOUND('',#2910,.T.);
#3129=FACE_BOUND('',#2911,.T.);
#3130=FACE_BOUND('',#2912,.T.);
#3131=FACE_BOUND('',#2913,.T.);
#3132=FACE_BOUND('',#2914,.T.);
#3133=FACE_BOUND('',#2915,.T.);
#3134=FACE_BOUND('',#2916,.T.);
#3135=FACE_BOUND('',#2917,.T.);
#3136=FACE_BOUND('',#2918,.T.);
#3137=FACE_BOUND('',#2919,.T.);
#3138=FACE_BOUND('',#2920,.T.);
#3139=FACE_BOUND('',#2921,.T.);
#3140=FACE_BOUND('',#2922,.T.);
#3141=FACE_BOUND('',#2923,.T.);
#3142=FACE_BOUND('',#2924,.T.);
#3143=FACE_BOUND('',#2925,.T.);
#3144=FACE_BOUND('',#2926,.T.);
#3145=FACE_BOUND('',#2927,.T.);
#3146=FACE_BOUND('',#2928,.T.);
#3147=FACE_BOUND('',#2929,.T.);
#3148=FACE_BOUND('',#2930,.T.);
#3149=FACE_BOUND('',#2931,.T.);
#3150=FACE_BOUND('',#2932,.T.);
#3151=FACE_BOUND('',#2933,.T.);
#3152=FACE_BOUND('',#2934,.T.);
#3153=FACE_BOUND('',#2935,.T.);
#3154=FACE_BOUND('',#2936,.T.);
#3155=FACE_BOUND('',#2937,.T.);
#3156=FACE_BOUND('',#2938,.T.);
#3157=FACE_BOUND('',#2939,.T.);
#3158=FACE_BOUND('',#2940,.T.);
#3159=FACE_BOUND('',#2941,.T.);
#3160=FACE_BOUND('',#2942,.T.);
#3161=FACE_BOUND('',#2943,.T.);
#3162=FACE_BOUND('',#2944,.T.);
#3163=FACE_BOUND('',#2945,.T.);
#3164=FACE_BOUND('',#2946,.T.);
#3165=FACE_BOUND('',#2947,.T.);
#3166=FACE_BOUND('',#2948,.T.);
#3167=FACE_BOUND('',#2949,.T.);
#3168=FACE_BOUND('',#2950,.T.);
#3169=FACE_BOUND('',#2951,.T.);
#3170=FACE_BOUND('',#2952,.T.);
#3171=FACE_BOUND('',#2953,.T.);
#3172=FACE_BOUND('',#2954,.T.);
#3173=FACE_BOUND('',#2955,.T.);
#3174=FACE_BOUND('',#2956,.T.);
#3175=FACE_BOUND('',#2957,.T.);
#3176=FACE_BOUND('',#2958,.T.);
#3177=FACE_BOUND('',#2959,.T.);
#3178=FACE_BOUND('',#2960,.T.);
#3179=FACE_BOUND('',#2961,.T.);
#3180=FACE_BOUND('',#2962,.T.);
#3181=FACE_BOUND('',#2963,.T.);
#3182=FACE_BOUND('',#2964,.T.);
#3183=FACE_BOUND('',#2965,.T.);
#3184=FACE_BOUND('',#2966,.T.);
#3185=FACE_BOUND('',#2967,.T.);
#3186=FACE_BOUND('',#2968,.T.);
#3187=FACE_BOUND('',#2969,.T.);
#3188=FACE_BOUND('',#2970,.T.);
#3189=FACE_BOUND('',#2971,.T.);
#3190=FACE_BOUND('',#2972,.T.);
#3191=FACE_BOUND('',#2973,.T.);
#3192=FACE_BOUND('',#2974,.T.);
#3193=FACE_BOUND('',#2975,.T.);
#3194=FACE_BOUND('',#2976,.T.);
#3195=FACE_BOUND('',#2977,.T.);
#3196=FACE_BOUND('',#2978,.T.);
#3197=FACE_BOUND('',#2979,.T.);
#3198=FACE_BOUND('',#2980,.T.);
#3199=FACE_BOUND('',#2981,.T.);
#3200=FACE_BOUND('',#2982,.T.);
#3201=FACE_BOUND('',#2983,.T.);
#3202=FACE_BOUND('',#2984,.T.);
#3203=FACE_BOUND('',#2985,.T.);
#3204=FACE_BOUND('',#2986,.T.);
#3205=FACE_BOUND('',#2987,.T.);
#3206=FACE_BOUND('',#2988,.T.);
#3207=FACE_BOUND('',#2989,.T.);
#3208=FACE_BOUND('',#2990,.T.);
#3209=FACE_BOUND('',#2991,.T.);
#3210=FACE_BOUND('',#2992,.T.);
#3211=FACE_BOUND('',#2993,.T.);
#3212=FACE_BOUND('',#2994,.T.);
#3213=FACE_BOUND('',#2995,.T.);
#3214=FACE_BOUND('',#2996,.T.);
#3215=FACE_BOUND('',#2997,.T.);
#3216=FACE_BOUND('',#2998,.T.);
#3217=FACE_BOUND('',#2999,.T.);
#3218=FACE_BOUND('',#3000,.T.);
#3219=FACE_BOUND('',#3001,.T.);
#3220=FACE_BOUND('',#3002,.T.);
#3221=FACE_BOUND('',#3003,.T.);
#3222=FACE_BOUND('',#3004,.T.);
#3223=FACE_BOUND('',#3005,.T.);
#3224=FACE_BOUND('',#3006,.T.);
#3225=FACE_BOUND('',#3007,.T.);
#3226=FACE_BOUND('',#3008,.T.);
#3227=FACE_BOUND('',#3009,.T.);
#3228=FACE_BOUND('',#3010,.T.);
#3229=FACE_BOUND('',#3011,.T.);
#3230=B_SPLINE_SURFACE_WITH_KNOTS('',3,1,((#4455,#4456),(#4457,#4458),(#4459,
#4460),(#4461,#4462)),.RULED_SURF.,.F.,.F.,.F.,(4,4),(2,2),(0.,1.),(0.,
1.),.PIECEWISE_BEZIER_KNOTS.);
#3231=B_SPLINE_SURFACE_WITH_KNOTS('',3,1,((#4799,#4800),(#4801,#4802),(#4803,
#4804),(#4805,#4806)),.RULED_SURF.,.F.,.F.,.F.,(4,4),(2,2),(0.,1.),(0.,
1.),.PIECEWISE_BEZIER_KNOTS.);
#3232=B_SPLINE_SURFACE_WITH_KNOTS('',3,1,((#4962,#4963),(#4964,#4965),(#4966,
#4967),(#4968,#4969)),.RULED_SURF.,.F.,.F.,.F.,(4,4),(2,2),(0.,1.),(0.,
1.),.PIECEWISE_BEZIER_KNOTS.);
#3233=B_SPLINE_SURFACE_WITH_KNOTS('',3,1,((#4971,#4972),(#4973,#4974),(#4975,
#4976),(#4977,#4978)),.RULED_SURF.,.F.,.F.,.F.,(4,4),(2,2),(0.,1.),(0.,
1.),.PIECEWISE_BEZIER_KNOTS.);
#3234=B_SPLINE_SURFACE_WITH_KNOTS('',3,1,((#4980,#4981),(#4982,#4983),(#4984,
#4985),(#4986,#4987)),.RULED_SURF.,.F.,.F.,.F.,(4,4),(2,2),(0.,1.),(0.,
1.),.PIECEWISE_BEZIER_KNOTS.);
#3235=B_SPLINE_SURFACE_WITH_KNOTS('',3,1,((#4990,#4991),(#4992,#4993),(#4994,
#4995),(#4996,#4997)),.RULED_SURF.,.F.,.F.,.F.,(4,4),(2,2),(0.,1.),(0.,
1.),.PIECEWISE_BEZIER_KNOTS.);
#3236=B_SPLINE_SURFACE_WITH_KNOTS('',3,1,((#4998,#4999),(#5000,#5001),(#5002,
#5003),(#5004,#5005)),.RULED_SURF.,.F.,.F.,.F.,(4,4),(2,2),(0.,1.),(0.,
1.),.PIECEWISE_BEZIER_KNOTS.);
#3237=B_SPLINE_SURFACE_WITH_KNOTS('',3,1,((#5006,#5007),(#5008,#5009),(#5010,
#5011),(#5012,#5013)),.RULED_SURF.,.F.,.F.,.F.,(4,4),(2,2),(0.,1.),(0.,
1.),.PIECEWISE_BEZIER_KNOTS.);
#3238=B_SPLINE_SURFACE_WITH_KNOTS('',3,1,((#5016,#5017),(#5018,#5019),(#5020,
#5021),(#5022,#5023)),.RULED_SURF.,.F.,.F.,.F.,(4,4),(2,2),(0.,1.),(0.,
1.),.PIECEWISE_BEZIER_KNOTS.);
#3239=B_SPLINE_SURFACE_WITH_KNOTS('',3,1,((#5029,#5030),(#5031,#5032),(#5033,
#5034),(#5035,#5036)),.RULED_SURF.,.F.,.F.,.F.,(4,4),(2,2),(0.,1.),(0.,
1.),.PIECEWISE_BEZIER_KNOTS.);
#3240=B_SPLINE_SURFACE_WITH_KNOTS('',3,1,((#5158,#5159),(#5160,#5161),(#5162,
#5163),(#5164,#5165)),.RULED_SURF.,.F.,.F.,.F.,(4,4),(2,2),(0.,1.),(0.,
1.),.PIECEWISE_BEZIER_KNOTS.);
#3241=B_SPLINE_SURFACE_WITH_KNOTS('',3,1,((#5314,#5315),(#5316,#5317),(#5318,
#5319),(#5320,#5321)),.RULED_SURF.,.F.,.F.,.F.,(4,4),(2,2),(0.,1.),(0.,
1.),.PIECEWISE_BEZIER_KNOTS.);
#3242=B_SPLINE_SURFACE_WITH_KNOTS('',3,1,((#5324,#5325),(#5326,#5327),(#5328,
#5329),(#5330,#5331)),.RULED_SURF.,.F.,.F.,.F.,(4,4),(2,2),(0.,1.),(0.,
1.),.PIECEWISE_BEZIER_KNOTS.);
#3243=B_SPLINE_SURFACE_WITH_KNOTS('',3,1,((#5333,#5334),(#5335,#5336),(#5337,
#5338),(#5339,#5340)),.RULED_SURF.,.F.,.F.,.F.,(4,4),(2,2),(0.,1.),(0.,
1.),.PIECEWISE_BEZIER_KNOTS.);
#3244=B_SPLINE_SURFACE_WITH_KNOTS('',3,1,((#5341,#5342),(#5343,#5344),(#5345,
#5346),(#5347,#5348)),.RULED_SURF.,.F.,.F.,.F.,(4,4),(2,2),(0.,1.),(0.,
1.),.PIECEWISE_BEZIER_KNOTS.);
#3245=B_SPLINE_SURFACE_WITH_KNOTS('',3,1,((#5350,#5351),(#5352,#5353),(#5354,
#5355),(#5356,#5357)),.RULED_SURF.,.F.,.F.,.F.,(4,4),(2,2),(0.,1.),(0.,
1.),.PIECEWISE_BEZIER_KNOTS.);
#3246=B_SPLINE_SURFACE_WITH_KNOTS('',3,1,((#5382,#5383),(#5384,#5385),(#5386,
#5387),(#5388,#5389)),.RULED_SURF.,.F.,.F.,.F.,(4,4),(2,2),(0.,1.),(0.,
1.),.PIECEWISE_BEZIER_KNOTS.);
#3247=B_SPLINE_SURFACE_WITH_KNOTS('',3,1,((#5391,#5392),(#5393,#5394),(#5395,
#5396),(#5397,#5398)),.RULED_SURF.,.F.,.F.,.F.,(4,4),(2,2),(0.,1.),(0.,
1.),.PIECEWISE_BEZIER_KNOTS.);
#3248=B_SPLINE_SURFACE_WITH_KNOTS('',3,1,((#5400,#5401),(#5402,#5403),(#5404,
#5405),(#5406,#5407)),.RULED_SURF.,.F.,.F.,.F.,(4,4),(2,2),(0.,1.),(0.,
1.),.PIECEWISE_BEZIER_KNOTS.);
#3249=B_SPLINE_SURFACE_WITH_KNOTS('',3,1,((#5417,#5418),(#5419,#5420),(#5421,
#5422),(#5423,#5424)),.RULED_SURF.,.F.,.F.,.F.,(4,4),(2,2),(0.,1.),(0.,
1.),.PIECEWISE_BEZIER_KNOTS.);
#3250=ADVANCED_FACE('',(#3012),#3230,.T.);
#3251=ADVANCED_FACE('',(#3013),#50,.T.);
#3252=ADVANCED_FACE('',(#3014),#51,.F.);
#3253=ADVANCED_FACE('',(#3015),#52,.T.);
#3254=ADVANCED_FACE('',(#3016),#53,.T.);
#3255=ADVANCED_FACE('',(#3017,#3018,#3019,#3020,#3021,#3022,#3023,#3024,
#3025,#3026),#54,.F.);
#3256=ADVANCED_FACE('',(#3027),#55,.F.);
#3257=ADVANCED_FACE('',(#3028),#56,.F.);
#3258=ADVANCED_FACE('',(#3029),#57,.F.);
#3259=ADVANCED_FACE('',(#3030),#58,.F.);
#3260=ADVANCED_FACE('',(#3031),#59,.F.);
#3261=ADVANCED_FACE('',(#3032,#3033,#3034,#3035,#3036,#3037,#3038),#60,
 .T.);
#3262=ADVANCED_FACE('',(#3039),#61,.T.);
#3263=ADVANCED_FACE('',(#3040),#3231,.T.);
#3264=ADVANCED_FACE('',(#3041),#62,.F.);
#3265=ADVANCED_FACE('',(#3042),#63,.F.);
#3266=ADVANCED_FACE('',(#3043),#64,.F.);
#3267=ADVANCED_FACE('',(#3044),#65,.F.);
#3268=ADVANCED_FACE('',(#3045),#66,.F.);
#3269=ADVANCED_FACE('',(#3046),#67,.F.);
#3270=ADVANCED_FACE('',(#3047),#68,.T.);
#3271=ADVANCED_FACE('',(#3048),#69,.F.);
#3272=ADVANCED_FACE('',(#3049),#70,.F.);
#3273=ADVANCED_FACE('',(#3050),#71,.F.);
#3274=ADVANCED_FACE('',(#3051),#72,.F.);
#3275=ADVANCED_FACE('',(#3052),#73,.F.);
#3276=ADVANCED_FACE('',(#3053),#74,.T.);
#3277=ADVANCED_FACE('',(#3054),#75,.T.);
#3278=ADVANCED_FACE('',(#3055),#76,.T.);
#3279=ADVANCED_FACE('',(#3056),#77,.T.);
#3280=ADVANCED_FACE('',(#3057),#78,.F.);
#3281=ADVANCED_FACE('',(#3058),#79,.T.);
#3282=ADVANCED_FACE('',(#3059),#80,.T.);
#3283=ADVANCED_FACE('',(#3060),#81,.T.);
#3284=ADVANCED_FACE('',(#3061),#82,.T.);
#3285=ADVANCED_FACE('',(#3062),#83,.T.);
#3286=ADVANCED_FACE('',(#3063),#84,.F.);
#3287=ADVANCED_FACE('',(#3064),#85,.T.);
#3288=ADVANCED_FACE('',(#3065),#86,.F.);
#3289=ADVANCED_FACE('',(#3066),#87,.T.);
#3290=ADVANCED_FACE('',(#3067),#88,.F.);
#3291=ADVANCED_FACE('',(#3068),#89,.T.);
#3292=ADVANCED_FACE('',(#3069),#3232,.T.);
#3293=ADVANCED_FACE('',(#3070),#3233,.T.);
#3294=ADVANCED_FACE('',(#3071),#3234,.T.);
#3295=ADVANCED_FACE('',(#3072),#90,.T.);
#3296=ADVANCED_FACE('',(#3073),#3235,.T.);
#3297=ADVANCED_FACE('',(#3074),#3236,.T.);
#3298=ADVANCED_FACE('',(#3075),#3237,.T.);
#3299=ADVANCED_FACE('',(#3076),#3238,.T.);
#3300=ADVANCED_FACE('',(#3077),#91,.T.);
#3301=ADVANCED_FACE('',(#3078),#92,.F.);
#3302=ADVANCED_FACE('',(#3079),#3239,.T.);
#3303=ADVANCED_FACE('',(#3080),#93,.T.);
#3304=ADVANCED_FACE('',(#3081),#94,.T.);
#3305=ADVANCED_FACE('',(#3082),#95,.F.);
#3306=ADVANCED_FACE('',(#3083),#96,.T.);
#3307=ADVANCED_FACE('',(#3084),#97,.F.);
#3308=ADVANCED_FACE('',(#3085),#98,.F.);
#3309=ADVANCED_FACE('',(#3086),#99,.T.);
#3310=ADVANCED_FACE('',(#3087),#100,.F.);
#3311=ADVANCED_FACE('',(#3088),#101,.T.);
#3312=ADVANCED_FACE('',(#3089),#102,.T.);
#3313=ADVANCED_FACE('',(#3090),#103,.T.);
#3314=ADVANCED_FACE('',(#3091),#104,.T.);
#3315=ADVANCED_FACE('',(#3092),#105,.T.);
#3316=ADVANCED_FACE('',(#3093,#3094),#13,.F.);
#3317=ADVANCED_FACE('',(#3095,#3096),#106,.F.);
#3318=ADVANCED_FACE('',(#3097,#3098),#107,.T.);
#3319=ADVANCED_FACE('',(#3099),#108,.T.);
#3320=ADVANCED_FACE('',(#3100),#109,.T.);
#3321=ADVANCED_FACE('',(#3101),#110,.T.);
#3322=ADVANCED_FACE('',(#3102),#111,.T.);
#3323=ADVANCED_FACE('',(#3103),#112,.T.);
#3324=ADVANCED_FACE('',(#3104),#113,.F.);
#3325=ADVANCED_FACE('',(#3105),#114,.F.);
#3326=ADVANCED_FACE('',(#3106),#115,.F.);
#3327=ADVANCED_FACE('',(#3107),#116,.F.);
#3328=ADVANCED_FACE('',(#3108),#117,.F.);
#3329=ADVANCED_FACE('',(#3109),#118,.F.);
#3330=ADVANCED_FACE('',(#3110),#119,.T.);
#3331=ADVANCED_FACE('',(#3111),#3240,.F.);
#3332=ADVANCED_FACE('',(#3112),#120,.F.);
#3333=ADVANCED_FACE('',(#3113),#121,.F.);
#3334=ADVANCED_FACE('',(#3114),#122,.F.);
#3335=ADVANCED_FACE('',(#3115),#123,.F.);
#3336=ADVANCED_FACE('',(#3116),#124,.F.);
#3337=ADVANCED_FACE('',(#3117),#125,.T.);
#3338=ADVANCED_FACE('',(#3118),#126,.F.);
#3339=ADVANCED_FACE('',(#3119),#127,.F.);
#3340=ADVANCED_FACE('',(#3120),#128,.F.);
#3341=ADVANCED_FACE('',(#3121),#129,.F.);
#3342=ADVANCED_FACE('',(#3122),#130,.F.);
#3343=ADVANCED_FACE('',(#3123),#131,.T.);
#3344=ADVANCED_FACE('',(#3124),#132,.T.);
#3345=ADVANCED_FACE('',(#3125),#133,.T.);
#3346=ADVANCED_FACE('',(#3126),#134,.T.);
#3347=ADVANCED_FACE('',(#3127),#135,.F.);
#3348=ADVANCED_FACE('',(#3128),#136,.T.);
#3349=ADVANCED_FACE('',(#3129),#137,.T.);
#3350=ADVANCED_FACE('',(#3130),#138,.T.);
#3351=ADVANCED_FACE('',(#3131),#139,.T.);
#3352=ADVANCED_FACE('',(#3132),#140,.T.);
#3353=ADVANCED_FACE('',(#3133),#141,.F.);
#3354=ADVANCED_FACE('',(#3134),#142,.T.);
#3355=ADVANCED_FACE('',(#3135),#143,.F.);
#3356=ADVANCED_FACE('',(#3136),#144,.T.);
#3357=ADVANCED_FACE('',(#3137),#145,.F.);
#3358=ADVANCED_FACE('',(#3138),#146,.T.);
#3359=ADVANCED_FACE('',(#3139),#3241,.F.);
#3360=ADVANCED_FACE('',(#3140),#147,.T.);
#3361=ADVANCED_FACE('',(#3141),#3242,.F.);
#3362=ADVANCED_FACE('',(#3142),#3243,.F.);
#3363=ADVANCED_FACE('',(#3143),#3244,.F.);
#3364=ADVANCED_FACE('',(#3144),#3245,.F.);
#3365=ADVANCED_FACE('',(#3145),#148,.F.);
#3366=ADVANCED_FACE('',(#3146),#149,.T.);
#3367=ADVANCED_FACE('',(#3147),#3246,.F.);
#3368=ADVANCED_FACE('',(#3148),#3247,.F.);
#3369=ADVANCED_FACE('',(#3149),#3248,.F.);
#3370=ADVANCED_FACE('',(#3150),#3249,.F.);
#3371=ADVANCED_FACE('',(#3151),#150,.T.);
#3372=ADVANCED_FACE('',(#3152),#151,.F.);
#3373=ADVANCED_FACE('',(#3153),#152,.T.);
#3374=ADVANCED_FACE('',(#3154),#153,.F.);
#3375=ADVANCED_FACE('',(#3155),#154,.F.);
#3376=ADVANCED_FACE('',(#3156),#155,.T.);
#3377=ADVANCED_FACE('',(#3157),#156,.F.);
#3378=ADVANCED_FACE('',(#3158),#157,.T.);
#3379=ADVANCED_FACE('',(#3159),#158,.T.);
#3380=ADVANCED_FACE('',(#3160),#159,.T.);
#3381=ADVANCED_FACE('',(#3161),#160,.T.);
#3382=ADVANCED_FACE('',(#3162),#161,.T.);
#3383=ADVANCED_FACE('',(#3163,#3164),#14,.F.);
#3384=ADVANCED_FACE('',(#3165,#3166),#162,.F.);
#3385=ADVANCED_FACE('',(#3167,#3168),#163,.T.);
#3386=ADVANCED_FACE('',(#3169),#164,.T.);
#3387=ADVANCED_FACE('',(#3170),#165,.T.);
#3388=ADVANCED_FACE('',(#3171),#166,.T.);
#3389=ADVANCED_FACE('',(#3172),#167,.T.);
#3390=ADVANCED_FACE('',(#3173),#168,.T.);
#3391=ADVANCED_FACE('',(#3174),#169,.F.);
#3392=ADVANCED_FACE('',(#3175),#170,.F.);
#3393=ADVANCED_FACE('',(#3176),#171,.F.);
#3394=ADVANCED_FACE('',(#3177),#172,.F.);
#3395=ADVANCED_FACE('',(#3178),#173,.F.);
#3396=ADVANCED_FACE('',(#3179,#3180),#15,.F.);
#3397=ADVANCED_FACE('',(#3181,#3182),#16,.F.);
#3398=ADVANCED_FACE('',(#3183,#3184),#17,.F.);
#3399=ADVANCED_FACE('',(#3185,#3186),#18,.F.);
#3400=ADVANCED_FACE('',(#3187,#3188),#19,.F.);
#3401=ADVANCED_FACE('',(#3189),#174,.F.);
#3402=ADVANCED_FACE('',(#3190),#20,.T.);
#3403=ADVANCED_FACE('',(#3191),#175,.T.);
#3404=ADVANCED_FACE('',(#3192),#176,.T.);
#3405=ADVANCED_FACE('',(#3193),#177,.F.);
#3406=ADVANCED_FACE('',(#3194),#12,.T.);
#3407=ADVANCED_FACE('',(#3195),#178,.T.);
#3408=ADVANCED_FACE('',(#3196),#179,.T.);
#3409=ADVANCED_FACE('',(#3197),#180,.T.);
#3410=ADVANCED_FACE('',(#3198),#181,.F.);
#3411=ADVANCED_FACE('',(#3199),#182,.T.);
#3412=ADVANCED_FACE('',(#3200,#3201),#21,.F.);
#3413=ADVANCED_FACE('',(#3202,#3203),#22,.F.);
#3414=ADVANCED_FACE('',(#3204),#183,.F.);
#3415=ADVANCED_FACE('',(#3205),#184,.T.);
#3416=ADVANCED_FACE('',(#3206),#185,.F.);
#3417=ADVANCED_FACE('',(#3207),#186,.T.);
#3418=ADVANCED_FACE('',(#3208,#3209),#23,.T.);
#3419=ADVANCED_FACE('',(#3210,#3211),#187,.F.);
#3420=ADVANCED_FACE('',(#3212,#3213),#24,.T.);
#3421=ADVANCED_FACE('',(#3214,#3215),#188,.F.);
#3422=ADVANCED_FACE('',(#3216),#189,.F.);
#3423=ADVANCED_FACE('',(#3217),#190,.T.);
#3424=ADVANCED_FACE('',(#3218),#191,.T.);
#3425=ADVANCED_FACE('',(#3219),#192,.F.);
#3426=ADVANCED_FACE('',(#3220),#193,.T.);
#3427=ADVANCED_FACE('',(#3221),#194,.F.);
#3428=ADVANCED_FACE('',(#3222),#195,.F.);
#3429=ADVANCED_FACE('',(#3223),#196,.T.);
#3430=ADVANCED_FACE('',(#3224),#197,.T.);
#3431=ADVANCED_FACE('',(#3225),#198,.T.);
#3432=ADVANCED_FACE('',(#3226),#199,.F.);
#3433=ADVANCED_FACE('',(#3227),#200,.T.);
#3434=ADVANCED_FACE('',(#3228),#201,.T.);
#3435=ADVANCED_FACE('',(#3229),#202,.F.);
#3436=CLOSED_SHELL('',(#3250,#3251,#3252,#3253,#3254,#3255,#3256,#3257,
#3258,#3259,#3260,#3261,#3262,#3263,#3264,#3265,#3266,#3267,#3268,#3269,
#3270,#3271,#3272,#3273,#3274,#3275,#3276,#3277,#3278,#3279,#3280,#3281,
#3282,#3283,#3284,#3285,#3286,#3287,#3288,#3289,#3290,#3291,#3292,#3293,
#3294,#3295,#3296,#3297,#3298,#3299,#3300,#3301,#3302,#3303,#3304,#3305,
#3306,#3307,#3308,#3309,#3310,#3311,#3312,#3313,#3314,#3315,#3316,#3317,
#3318,#3319,#3320,#3321,#3322,#3323,#3324,#3325,#3326,#3327,#3328,#3329,
#3330,#3331,#3332,#3333,#3334,#3335,#3336,#3337,#3338,#3339,#3340,#3341,
#3342,#3343,#3344,#3345,#3346,#3347,#3348,#3349,#3350,#3351,#3352,#3353,
#3354,#3355,#3356,#3357,#3358,#3359,#3360,#3361,#3362,#3363,#3364,#3365,
#3366,#3367,#3368,#3369,#3370,#3371,#3372,#3373,#3374,#3375,#3376,#3377,
#3378,#3379,#3380,#3381,#3382,#3383,#3384,#3385,#3386,#3387,#3388,#3389,
#3390,#3391,#3392,#3393,#3394,#3395,#3396,#3397,#3398,#3399,#3400,#3401,
#3402,#3403,#3404,#3405,#3406,#3407,#3408,#3409,#3410,#3411,#3412,#3413,
#3414,#3415,#3416,#3417,#3418,#3419,#3420,#3421,#3422,#3423,#3424,#3425,
#3426,#3427,#3428,#3429,#3430,#3431,#3432,#3433,#3434,#3435));
#3437=STYLED_ITEM('',(#3438),#3445);
#3438=PRESENTATION_STYLE_ASSIGNMENT((#3439));
#3439=SURFACE_STYLE_USAGE(.BOTH.,#3440);
#3440=SURFACE_SIDE_STYLE('',(#3441));
#3441=SURFACE_STYLE_FILL_AREA(#3442);
#3442=FILL_AREA_STYLE('',(#3443));
#3443=FILL_AREA_STYLE_COLOUR('',#3444);
#3444=COLOUR_RGB('',0.262745098039216,0.258823529411765,0.258823529411765);
#3445=MANIFOLD_SOLID_BREP('Part 5',#3436);
#3446=SHAPE_DEFINITION_REPRESENTATION(#5608,#3447);
#3447=SHAPE_REPRESENTATION('Part 5',(#3448),#5603);
#3448=AXIS2_PLACEMENT_3D('',#4454,#3640,#3641);
#3449=AXIS2_PLACEMENT_3D('',#4481,#3646,#3647);
#3450=AXIS2_PLACEMENT_3D('',#4491,#3653,#3654);
#3451=AXIS2_PLACEMENT_3D('',#4504,#3661,#3662);
#3452=AXIS2_PLACEMENT_3D('',#4514,#3668,#3669);
#3453=AXIS2_PLACEMENT_3D('',#4528,#3676,#3677);
#3454=AXIS2_PLACEMENT_3D('',#4531,#3679,#3680);
#3455=AXIS2_PLACEMENT_3D('',#4549,#3690,#3691);
#3456=AXIS2_PLACEMENT_3D('',#4550,#3692,#3693);
#3457=AXIS2_PLACEMENT_3D('',#4552,#3694,#3695);
#3458=AXIS2_PLACEMENT_3D('',#4554,#3696,#3697);
#3459=AXIS2_PLACEMENT_3D('',#4598,#3719,#3720);
#3460=AXIS2_PLACEMENT_3D('',#4622,#3733,#3734);
#3461=AXIS2_PLACEMENT_3D('',#4624,#3735,#3736);
#3462=AXIS2_PLACEMENT_3D('',#4634,#3741,#3742);
#3463=AXIS2_PLACEMENT_3D('',#4636,#3743,#3744);
#3464=AXIS2_PLACEMENT_3D('',#4638,#3745,#3746);
#3465=AXIS2_PLACEMENT_3D('',#4648,#3752,#3753);
#3466=AXIS2_PLACEMENT_3D('',#4658,#3759,#3760);
#3467=AXIS2_PLACEMENT_3D('',#4668,#3766,#3767);
#3468=AXIS2_PLACEMENT_3D('',#4678,#3773,#3774);
#3469=AXIS2_PLACEMENT_3D('',#4688,#3780,#3781);
#3470=AXIS2_PLACEMENT_3D('',#4727,#3799,#3800);
#3471=AXIS2_PLACEMENT_3D('',#4764,#3820,#3821);
#3472=AXIS2_PLACEMENT_3D('',#4766,#3822,#3823);
#3473=AXIS2_PLACEMENT_3D('',#4783,#3832,#3833);
#3474=AXIS2_PLACEMENT_3D('',#4785,#3834,#3835);
#3475=AXIS2_PLACEMENT_3D('',#4787,#3836,#3837);
#3476=AXIS2_PLACEMENT_3D('',#4789,#3838,#3839);
#3477=AXIS2_PLACEMENT_3D('',#4822,#3848,#3849);
#3478=AXIS2_PLACEMENT_3D('',#4829,#3854,#3855);
#3479=AXIS2_PLACEMENT_3D('',#4839,#3861,#3862);
#3480=AXIS2_PLACEMENT_3D('',#4846,#3867,#3868);
#3481=AXIS2_PLACEMENT_3D('',#4849,#3871,#3872);
#3482=AXIS2_PLACEMENT_3D('',#4858,#3877,#3878);
#3483=AXIS2_PLACEMENT_3D('',#4864,#3882,#3883);
#3484=AXIS2_PLACEMENT_3D('',#4867,#3886,#3887);
#3485=AXIS2_PLACEMENT_3D('',#4873,#3891,#3892);
#3486=AXIS2_PLACEMENT_3D('',#4876,#3895,#3896);
#3487=AXIS2_PLACEMENT_3D('',#4881,#3900,#3901);
#3488=AXIS2_PLACEMENT_3D('',#4892,#3908,#3909);
#3489=AXIS2_PLACEMENT_3D('',#4900,#3914,#3915);
#3490=AXIS2_PLACEMENT_3D('',#4908,#3920,#3921);
#3491=AXIS2_PLACEMENT_3D('',#4914,#3925,#3926);
#3492=AXIS2_PLACEMENT_3D('',#4917,#3929,#3930);
#3493=AXIS2_PLACEMENT_3D('',#4933,#3939,#3940);
#3494=AXIS2_PLACEMENT_3D('',#4939,#3944,#3945);
#3495=AXIS2_PLACEMENT_3D('',#4943,#3948,#3949);
#3496=AXIS2_PLACEMENT_3D('',#4945,#3951,#3952);
#3497=AXIS2_PLACEMENT_3D('',#4947,#3954,#3955);
#3498=AXIS2_PLACEMENT_3D('',#4949,#3957,#3958);
#3499=AXIS2_PLACEMENT_3D('',#4951,#3960,#3961);
#3500=AXIS2_PLACEMENT_3D('',#4953,#3963,#3964);
#3501=AXIS2_PLACEMENT_3D('',#4955,#3966,#3967);
#3502=AXIS2_PLACEMENT_3D('',#4957,#3969,#3970);
#3503=AXIS2_PLACEMENT_3D('',#4959,#3972,#3973);
#3504=AXIS2_PLACEMENT_3D('',#4961,#3975,#3976);
#3505=AXIS2_PLACEMENT_3D('',#4988,#3979,#3980);
#3506=AXIS2_PLACEMENT_3D('',#5025,#3985,#3986);
#3507=AXIS2_PLACEMENT_3D('',#5027,#3988,#3989);
#3508=AXIS2_PLACEMENT_3D('',#5056,#3991,#3992);
#3509=AXIS2_PLACEMENT_3D('',#5058,#3994,#3995);
#3510=AXIS2_PLACEMENT_3D('',#5059,#3996,#3997);
#3511=AXIS2_PLACEMENT_3D('',#5061,#3999,#4000);
#3512=AXIS2_PLACEMENT_3D('',#5065,#4003,#4004);
#3513=AXIS2_PLACEMENT_3D('',#5069,#4007,#4008);
#3514=AXIS2_PLACEMENT_3D('',#5071,#4010,#4011);
#3515=AXIS2_PLACEMENT_3D('',#5072,#4012,#4013);
#3516=AXIS2_PLACEMENT_3D('',#5075,#4016,#4017);
#3517=AXIS2_PLACEMENT_3D('',#5081,#4021,#4022);
#3518=AXIS2_PLACEMENT_3D('',#5087,#4026,#4027);
#3519=AXIS2_PLACEMENT_3D('',#5093,#4031,#4032);
#3520=AXIS2_PLACEMENT_3D('',#5099,#4036,#4037);
#3521=AXIS2_PLACEMENT_3D('',#5102,#4040,#4041);
#3522=AXIS2_PLACEMENT_3D('',#5103,#4042,#4043);
#3523=AXIS2_PLACEMENT_3D('',#5105,#4044,#4045);
#3524=AXIS2_PLACEMENT_3D('',#5107,#4046,#4047);
#3525=AXIS2_PLACEMENT_3D('',#5117,#4053,#4054);
#3526=AXIS2_PLACEMENT_3D('',#5127,#4060,#4061);
#3527=AXIS2_PLACEMENT_3D('',#5129,#4063,#4064);
#3528=AXIS2_PLACEMENT_3D('',#5131,#4066,#4067);
#3529=AXIS2_PLACEMENT_3D('',#5133,#4069,#4070);
#3530=AXIS2_PLACEMENT_3D('',#5135,#4072,#4073);
#3531=AXIS2_PLACEMENT_3D('',#5136,#4074,#4075);
#3532=AXIS2_PLACEMENT_3D('',#5138,#4077,#4078);
#3533=AXIS2_PLACEMENT_3D('',#5140,#4080,#4081);
#3534=AXIS2_PLACEMENT_3D('',#5142,#4083,#4084);
#3535=AXIS2_PLACEMENT_3D('',#5144,#4086,#4087);
#3536=AXIS2_PLACEMENT_3D('',#5145,#4088,#4089);
#3537=AXIS2_PLACEMENT_3D('',#5148,#4092,#4093);
#3538=AXIS2_PLACEMENT_3D('',#5181,#4102,#4103);
#3539=AXIS2_PLACEMENT_3D('',#5188,#4108,#4109);
#3540=AXIS2_PLACEMENT_3D('',#5198,#4115,#4116);
#3541=AXIS2_PLACEMENT_3D('',#5201,#4119,#4120);
#3542=AXIS2_PLACEMENT_3D('',#5210,#4125,#4126);
#3543=AXIS2_PLACEMENT_3D('',#5216,#4130,#4131);
#3544=AXIS2_PLACEMENT_3D('',#5219,#4134,#4135);
#3545=AXIS2_PLACEMENT_3D('',#5225,#4139,#4140);
#3546=AXIS2_PLACEMENT_3D('',#5228,#4143,#4144);
#3547=AXIS2_PLACEMENT_3D('',#5233,#4148,#4149);
#3548=AXIS2_PLACEMENT_3D('',#5244,#4156,#4157);
#3549=AXIS2_PLACEMENT_3D('',#5252,#4162,#4163);
#3550=AXIS2_PLACEMENT_3D('',#5260,#4168,#4169);
#3551=AXIS2_PLACEMENT_3D('',#5266,#4173,#4174);
#3552=AXIS2_PLACEMENT_3D('',#5269,#4177,#4178);
#3553=AXIS2_PLACEMENT_3D('',#5285,#4187,#4188);
#3554=AXIS2_PLACEMENT_3D('',#5291,#4192,#4193);
#3555=AXIS2_PLACEMENT_3D('',#5295,#4196,#4197);
#3556=AXIS2_PLACEMENT_3D('',#5297,#4199,#4200);
#3557=AXIS2_PLACEMENT_3D('',#5299,#4202,#4203);
#3558=AXIS2_PLACEMENT_3D('',#5301,#4205,#4206);
#3559=AXIS2_PLACEMENT_3D('',#5303,#4208,#4209);
#3560=AXIS2_PLACEMENT_3D('',#5305,#4211,#4212);
#3561=AXIS2_PLACEMENT_3D('',#5307,#4214,#4215);
#3562=AXIS2_PLACEMENT_3D('',#5309,#4217,#4218);
#3563=AXIS2_PLACEMENT_3D('',#5311,#4220,#4221);
#3564=AXIS2_PLACEMENT_3D('',#5313,#4223,#4224);
#3565=AXIS2_PLACEMENT_3D('',#5322,#4225,#4226);
#3566=AXIS2_PLACEMENT_3D('',#5378,#4231,#4232);
#3567=AXIS2_PLACEMENT_3D('',#5380,#4234,#4235);
#3568=AXIS2_PLACEMENT_3D('',#5425,#4239,#4240);
#3569=AXIS2_PLACEMENT_3D('',#5426,#4241,#4242);
#3570=AXIS2_PLACEMENT_3D('',#5428,#4244,#4245);
#3571=AXIS2_PLACEMENT_3D('',#5432,#4248,#4249);
#3572=AXIS2_PLACEMENT_3D('',#5436,#4252,#4253);
#3573=AXIS2_PLACEMENT_3D('',#5438,#4255,#4256);
#3574=AXIS2_PLACEMENT_3D('',#5439,#4257,#4258);
#3575=AXIS2_PLACEMENT_3D('',#5441,#4260,#4261);
#3576=AXIS2_PLACEMENT_3D('',#5447,#4265,#4266);
#3577=AXIS2_PLACEMENT_3D('',#5453,#4270,#4271);
#3578=AXIS2_PLACEMENT_3D('',#5459,#4275,#4276);
#3579=AXIS2_PLACEMENT_3D('',#5465,#4280,#4281);
#3580=AXIS2_PLACEMENT_3D('',#5468,#4284,#4285);
#3581=AXIS2_PLACEMENT_3D('',#5469,#4286,#4287);
#3582=AXIS2_PLACEMENT_3D('',#5471,#4288,#4289);
#3583=AXIS2_PLACEMENT_3D('',#5473,#4290,#4291);
#3584=AXIS2_PLACEMENT_3D('',#5483,#4297,#4298);
#3585=AXIS2_PLACEMENT_3D('',#5493,#4304,#4305);
#3586=AXIS2_PLACEMENT_3D('',#5495,#4307,#4308);
#3587=AXIS2_PLACEMENT_3D('',#5497,#4310,#4311);
#3588=AXIS2_PLACEMENT_3D('',#5499,#4313,#4314);
#3589=AXIS2_PLACEMENT_3D('',#5501,#4316,#4317);
#3590=AXIS2_PLACEMENT_3D('',#5502,#4318,#4319);
#3591=AXIS2_PLACEMENT_3D('',#5504,#4321,#4322);
#3592=AXIS2_PLACEMENT_3D('',#5506,#4324,#4325);
#3593=AXIS2_PLACEMENT_3D('',#5508,#4327,#4328);
#3594=AXIS2_PLACEMENT_3D('',#5510,#4330,#4331);
#3595=AXIS2_PLACEMENT_3D('',#5511,#4332,#4333);
#3596=AXIS2_PLACEMENT_3D('',#5512,#4334,#4335);
#3597=AXIS2_PLACEMENT_3D('',#5513,#4336,#4337);
#3598=AXIS2_PLACEMENT_3D('',#5515,#4338,#4339);
#3599=AXIS2_PLACEMENT_3D('',#5516,#4340,#4341);
#3600=AXIS2_PLACEMENT_3D('',#5518,#4342,#4343);
#3601=AXIS2_PLACEMENT_3D('',#5519,#4344,#4345);
#3602=AXIS2_PLACEMENT_3D('',#5520,#4346,#4347);
#3603=AXIS2_PLACEMENT_3D('',#5524,#4350,#4351);
#3604=AXIS2_PLACEMENT_3D('',#5527,#4353,#4354);
#3605=AXIS2_PLACEMENT_3D('',#5528,#4355,#4356);
#3606=AXIS2_PLACEMENT_3D('',#5530,#4358,#4359);
#3607=AXIS2_PLACEMENT_3D('',#5532,#4361,#4362);
#3608=AXIS2_PLACEMENT_3D('',#5534,#4364,#4365);
#3609=AXIS2_PLACEMENT_3D('',#5536,#4367,#4368);
#3610=AXIS2_PLACEMENT_3D('',#5538,#4370,#4371);
#3611=AXIS2_PLACEMENT_3D('',#5539,#4372,#4373);
#3612=AXIS2_PLACEMENT_3D('',#5540,#4374,#4375);
#3613=AXIS2_PLACEMENT_3D('',#5541,#4376,#4377);
#3614=AXIS2_PLACEMENT_3D('',#5542,#4378,#4379);
#3615=AXIS2_PLACEMENT_3D('',#5543,#4380,#4381);
#3616=AXIS2_PLACEMENT_3D('',#5544,#4382,#4383);
#3617=AXIS2_PLACEMENT_3D('',#5547,#4386,#4387);
#3618=AXIS2_PLACEMENT_3D('',#5550,#4390,#4391);
#3619=AXIS2_PLACEMENT_3D('',#5552,#4393,#4394);
#3620=AXIS2_PLACEMENT_3D('',#5554,#4396,#4397);
#3621=AXIS2_PLACEMENT_3D('',#5555,#4398,#4399);
#3622=AXIS2_PLACEMENT_3D('',#5557,#4400,#4401);
#3623=AXIS2_PLACEMENT_3D('',#5558,#4402,#4403);
#3624=AXIS2_PLACEMENT_3D('',#5559,#4404,#4405);
#3625=AXIS2_PLACEMENT_3D('',#5561,#4406,#4407);
#3626=AXIS2_PLACEMENT_3D('',#5562,#4408,#4409);
#3627=AXIS2_PLACEMENT_3D('',#5564,#4411,#4412);
#3628=AXIS2_PLACEMENT_3D('',#5565,#4413,#4414);
#3629=AXIS2_PLACEMENT_3D('',#5567,#4416,#4417);
#3630=AXIS2_PLACEMENT_3D('',#5568,#4418,#4419);
#3631=AXIS2_PLACEMENT_3D('',#5577,#4424,#4425);
#3632=AXIS2_PLACEMENT_3D('',#5580,#4428,#4429);
#3633=AXIS2_PLACEMENT_3D('',#5582,#4431,#4432);
#3634=AXIS2_PLACEMENT_3D('',#5584,#4434,#4435);
#3635=AXIS2_PLACEMENT_3D('',#5585,#4436,#4437);
#3636=AXIS2_PLACEMENT_3D('',#5594,#4442,#4443);
#3637=AXIS2_PLACEMENT_3D('',#5597,#4446,#4447);
#3638=AXIS2_PLACEMENT_3D('',#5599,#4449,#4450);
#3639=AXIS2_PLACEMENT_3D('',#5601,#4452,#4453);
#3640=DIRECTION('',(0.,0.,1.));
#3641=DIRECTION('',(1.,0.,0.));
#3642=DIRECTION('',(0.,0.977868461286706,0.209220630963514));
#3643=DIRECTION('',(0.948603435110928,0.0129753139865907,-0.316201145036978));
#3644=DIRECTION('',(0.,1.,0.));
#3645=DIRECTION('',(0.998847166204082,-1.15514908541808E-15,-0.0480035266004068));
#3646=DIRECTION('',(-0.316227766016838,0.,-0.948683298050514));
#3647=DIRECTION('',(-0.948683298050514,0.,0.316227766016838));
#3648=DIRECTION('',(0.,1.,0.));
#3649=DIRECTION('',(0.948683298050514,0.,-0.316227766016838));
#3650=DIRECTION('',(0.,1.,0.));
#3651=DIRECTION('',(0.948363967253599,0.0259440769308354,-0.316121322417867));
#3652=DIRECTION('',(0.,1.,0.));
#3653=DIRECTION('',(0.,0.,1.));
#3654=DIRECTION('',(-1.,0.,0.));
#3655=DIRECTION('',(1.,0.,0.));
#3656=DIRECTION('',(0.,1.,0.));
#3657=DIRECTION('',(-1.,0.,0.));
#3658=DIRECTION('',(0.,-1.,0.));
#3659=DIRECTION('',(-1.,0.,0.));
#3660=DIRECTION('',(0.,-1.,0.));
#3661=DIRECTION('',(0.316227766016838,0.,-0.948683298050514));
#3662=DIRECTION('',(0.948683298050514,0.,0.316227766016838));
#3663=DIRECTION('',(-0.948683298050514,0.,-0.316227766016838));
#3664=DIRECTION('',(0.,1.,0.));
#3665=DIRECTION('',(-0.948603435110928,0.0129753139865907,-0.316201145036978));
#3666=DIRECTION('',(0.,1.,0.));
#3667=DIRECTION('',(-0.948363967253599,0.0259440769308354,-0.316121322417867));
#3668=DIRECTION('',(0.,-0.209220630963514,0.977868461286706));
#3669=DIRECTION('',(0.,-0.977868461286706,-0.209220630963514));
#3670=DIRECTION('',(-1.,0.,0.));
#3671=DIRECTION('',(0.,0.977868461286706,0.209220630963514));
#3672=DIRECTION('',(-1.,0.,0.));
#3673=DIRECTION('',(0.,0.977868461286705,0.209220630963514));
#3674=DIRECTION('',(0.,0.977868461286705,0.209220630963514));
#3675=DIRECTION('',(-1.,0.,0.));
#3676=DIRECTION('',(0.,-0.209220630963514,0.977868461286706));
#3677=DIRECTION('',(0.,-0.977868461286706,-0.209220630963514));
#3678=DIRECTION('',(-1.,0.,0.));
#3679=DIRECTION('',(0.,-0.209220630963514,0.977868461286706));
#3680=DIRECTION('',(0.,-0.977868461286706,-0.209220630963514));
#3681=DIRECTION('',(-1.,0.,0.));
#3682=DIRECTION('',(0.,0.977868461286705,0.209220630963514));
#3683=DIRECTION('',(0.,0.977868461286705,0.209220630963514));
#3684=DIRECTION('',(-1.,0.,0.));
#3685=DIRECTION('',(0.,-0.977868461286706,-0.209220630963514));
#3686=DIRECTION('',(-1.,0.,0.));
#3687=DIRECTION('',(-1.41360948017614E-16,0.977868461286706,0.209220630963514));
#3688=DIRECTION('',(-1.,0.,0.));
#3689=DIRECTION('',(1.41360948017614E-16,-0.977868461286706,-0.209220630963514));
#3690=DIRECTION('',(0.,-2.16840434497101E-16,1.));
#3691=DIRECTION('',(0.,-1.,-2.16840434497101E-16));
#3692=DIRECTION('',(0.,-2.16840434497101E-16,1.));
#3693=DIRECTION('',(0.,-1.,-2.16840434497101E-16));
#3694=DIRECTION('',(0.,-2.16840434497101E-16,1.));
#3695=DIRECTION('',(0.,-1.,-2.16840434497101E-16));
#3696=DIRECTION('',(0.,-2.16840434497101E-16,1.));
#3697=DIRECTION('',(0.,-1.,-2.16840434497101E-16));
#3698=DIRECTION('',(0.707106781186547,-0.707106781186548,-1.53329341668337E-16));
#3699=DIRECTION('',(1.,0.,0.));
#3700=DIRECTION('',(-0.707106781186547,-0.707106781186548,-1.53329341668337E-16));
#3701=DIRECTION('',(-1.92747052886312E-16,-1.,0.));
#3702=DIRECTION('',(0.345052008713346,-0.938583566488826,-2.03522868369275E-16));
#3703=DIRECTION('',(-0.995579502714082,0.0939225945956679,0.));
#3704=DIRECTION('',(0.995579502714082,0.0939225945956679,0.));
#3705=DIRECTION('',(-0.345052008713346,-0.938583566488826,-2.03522868369275E-16));
#3706=DIRECTION('',(1.92747052886312E-16,-1.,0.));
#3707=DIRECTION('',(-1.,0.,0.));
#3708=DIRECTION('',(0.,1.,0.));
#3709=DIRECTION('',(0.999159126181032,0.0410004947428352,-5.7775493080757E-16));
#3710=DIRECTION('',(1.,0.,0.));
#3711=DIRECTION('',(0.,-1.,-2.16840434497101E-16));
#3712=DIRECTION('',(1.,0.,0.));
#3713=DIRECTION('',(1.,0.,0.));
#3714=DIRECTION('',(0.,1.,0.));
#3715=DIRECTION('',(0.,1.,0.));
#3716=DIRECTION('',(0.,1.,0.));
#3717=DIRECTION('',(-1.,0.,0.));
#3718=DIRECTION('',(0.923076923076923,0.384615384615385,8.34001671142697E-17));
#3719=DIRECTION('',(0.,-2.16840434497101E-16,1.));
#3720=DIRECTION('',(0.,-1.,-2.16840434497101E-16));
#3721=DIRECTION('',(-0.923076923076923,0.384615384615385,8.34001671142697E-17));
#3722=DIRECTION('',(1.,0.,0.));
#3723=DIRECTION('',(0.,1.,0.));
#3724=DIRECTION('',(0.,1.,0.));
#3725=DIRECTION('',(0.,1.,0.));
#3726=DIRECTION('',(-1.,0.,0.));
#3727=DIRECTION('',(-1.,0.,0.));
#3728=DIRECTION('',(0.,-1.,-2.16840434497101E-16));
#3729=DIRECTION('',(-1.,0.,0.));
#3730=DIRECTION('',(-0.999159126181032,0.0410004947428352,-5.7775493080757E-16));
#3731=DIRECTION('',(0.,1.,0.));
#3732=DIRECTION('',(0.,1.,0.));
#3733=DIRECTION('',(0.,0.,1.));
#3734=DIRECTION('',(1.,0.,0.));
#3735=DIRECTION('',(0.,0.,1.));
#3736=DIRECTION('',(1.,0.,0.));
#3737=DIRECTION('',(-1.,0.,0.));
#3738=DIRECTION('',(-1.44560289664734E-16,1.,2.16840434497101E-16));
#3739=DIRECTION('',(-1.,0.,0.));
#3740=DIRECTION('',(-1.44560289664734E-16,1.,2.16840434497101E-16));
#3741=DIRECTION('',(0.,-2.16840434497101E-16,1.));
#3742=DIRECTION('',(0.,-1.,-2.16840434497101E-16));
#3743=DIRECTION('',(0.,-2.16840434497101E-16,1.));
#3744=DIRECTION('',(0.,-1.,-2.16840434497101E-16));
#3745=DIRECTION('',(-1.,-1.92747052886312E-16,0.));
#3746=DIRECTION('',(1.92747052886312E-16,-1.,0.));
#3747=DIRECTION('',(0.,0.,-1.));
#3748=DIRECTION('',(0.,2.16840434497101E-16,-1.));
#3749=DIRECTION('',(-1.92747052886312E-16,1.,0.));
#3750=DIRECTION('',(0.,1.,0.));
#3751=DIRECTION('',(0.,1.,0.));
#3752=DIRECTION('',(0.,-1.,0.));
#3753=DIRECTION('',(0.,0.,-1.));
#3754=DIRECTION('',(-0.707106781186548,0.,0.707106781186548));
#3755=DIRECTION('',(1.,0.,0.));
#3756=DIRECTION('',(0.,0.,-1.));
#3757=DIRECTION('',(0.,0.,1.));
#3758=DIRECTION('',(0.,0.,1.));
#3759=DIRECTION('',(0.,-1.,0.));
#3760=DIRECTION('',(0.,0.,-1.));
#3761=DIRECTION('',(0.,0.,-1.));
#3762=DIRECTION('',(1.,0.,0.));
#3763=DIRECTION('',(-0.707106781186548,0.,-0.707106781186548));
#3764=DIRECTION('',(0.,0.,1.));
#3765=DIRECTION('',(0.,0.,1.));
#3766=DIRECTION('',(-0.707106781186548,0.,-0.707106781186548));
#3767=DIRECTION('',(-0.707106781186548,0.,0.707106781186548));
#3768=DIRECTION('',(0.,1.,0.));
#3769=DIRECTION('',(-0.577350269189623,-0.577350269189632,0.577350269189623));
#3770=DIRECTION('',(0.703633244016986,0.098997554658007,-0.703633244016986));
#3771=DIRECTION('',(0.,1.,0.));
#3772=DIRECTION('',(0.699525486073577,-0.14604173604505,-0.699525486073577));
#3773=DIRECTION('',(0.707106781186548,0.,-0.707106781186548));
#3774=DIRECTION('',(0.707106781186548,0.,0.707106781186548));
#3775=DIRECTION('',(-0.703633244016986,0.098997554658007,-0.703633244016986));
#3776=DIRECTION('',(-0.577350269189623,0.577350269189632,-0.577350269189623));
#3777=DIRECTION('',(0.,1.,0.));
#3778=DIRECTION('',(-0.699525486073577,-0.14604173604505,-0.699525486073577));
#3779=DIRECTION('',(0.,1.,0.));
#3780=DIRECTION('',(0.,0.,1.));
#3781=DIRECTION('',(1.,0.,0.));
#3782=DIRECTION('',(-1.44560289664734E-16,1.,0.));
#3783=DIRECTION('',(-1.,0.,0.));
#3784=DIRECTION('',(0.173571576128,0.984821256858544,3.96797784600923E-33));
#3785=DIRECTION('',(0.,1.,0.));
#3786=DIRECTION('',(0.,1.,0.));
#3787=DIRECTION('',(-1.,0.,0.));
#3788=DIRECTION('',(-0.69551652156189,0.718510103084465,0.));
#3789=DIRECTION('',(0.,1.,0.));
#3790=DIRECTION('',(0.69551652156189,0.718510103084465,0.));
#3791=DIRECTION('',(-1.,0.,0.));
#3792=DIRECTION('',(-1.,0.,0.));
#3793=DIRECTION('',(-1.,0.,0.));
#3794=DIRECTION('',(0.,-1.,0.));
#3795=DIRECTION('',(-1.,0.,0.));
#3796=DIRECTION('',(0.,1.,0.));
#3797=DIRECTION('',(-1.,0.,0.));
#3798=DIRECTION('',(-0.923076923076923,0.384615384615385,0.));
#3799=DIRECTION('',(0.,0.,1.));
#3800=DIRECTION('',(1.,0.,0.));
#3801=DIRECTION('',(-0.923076923076923,-0.384615384615385,0.));
#3802=DIRECTION('',(-1.,0.,0.));
#3803=DIRECTION('',(0.,1.,0.));
#3804=DIRECTION('',(0.,1.,0.));
#3805=DIRECTION('',(1.,0.,0.));
#3806=DIRECTION('',(0.,-1.,0.));
#3807=DIRECTION('',(1.,0.,0.));
#3808=DIRECTION('',(1.,0.,0.));
#3809=DIRECTION('',(1.,0.,0.));
#3810=DIRECTION('',(-0.69551652156189,0.718510103084465,0.));
#3811=DIRECTION('',(0.,1.,0.));
#3812=DIRECTION('',(0.69551652156189,0.718510103084465,0.));
#3813=DIRECTION('',(1.,0.,0.));
#3814=DIRECTION('',(0.,1.,0.));
#3815=DIRECTION('',(0.,1.,0.));
#3816=DIRECTION('',(-0.173571576128,0.984821256858544,3.96797784600923E-33));
#3817=DIRECTION('',(1.,0.,0.));
#3818=DIRECTION('',(-1.44560289664734E-16,1.,0.));
#3819=DIRECTION('',(-1.,0.,0.));
#3820=DIRECTION('',(0.,0.,1.));
#3821=DIRECTION('',(1.,0.,0.));
#3822=DIRECTION('',(0.,0.,1.));
#3823=DIRECTION('',(1.,0.,0.));
#3824=DIRECTION('',(0.707106781186547,0.707106781186548,0.));
#3825=DIRECTION('',(1.,0.,0.));
#3826=DIRECTION('',(-0.707106781186547,0.707106781186548,0.));
#3827=DIRECTION('',(-0.345052008713346,-0.938583566488826,-2.03522868369275E-16));
#3828=DIRECTION('',(0.995579502714082,0.0939225945956679,0.));
#3829=DIRECTION('',(-0.995579502714082,0.0939225945956679,0.));
#3830=DIRECTION('',(0.345052008713346,-0.938583566488826,-2.03522868369275E-16));
#3831=DIRECTION('',(0.,1.,0.));
#3832=DIRECTION('',(0.,-2.16840434497101E-16,1.));
#3833=DIRECTION('',(0.,-1.,-2.16840434497101E-16));
#3834=DIRECTION('',(0.,0.,1.));
#3835=DIRECTION('',(1.,0.,0.));
#3836=DIRECTION('',(0.,0.,1.));
#3837=DIRECTION('',(1.,0.,0.));
#3838=DIRECTION('',(-0.707106781186547,0.,-0.707106781186548));
#3839=DIRECTION('',(-0.707106781186548,0.,0.707106781186547));
#3840=DIRECTION('',(0.,1.,0.));
#3841=DIRECTION('',(0.707106781186548,0.,-0.707106781186547));
#3842=DIRECTION('',(0.,-1.,0.));
#3843=DIRECTION('',(0.486305543872937,-0.725957186063265,-0.486305543872937));
#3844=DIRECTION('',(0.568048831567636,-0.595517463983457,-0.568048831567636));
#3845=DIRECTION('',(0.486305543872937,-0.725957186063265,-0.486305543872937));
#3846=DIRECTION('',(0.,0.970142500145332,-0.242535625036333));
#3847=DIRECTION('',(0.712675172520047,1.23629435251635E-15,-0.701494189907173));
#3848=DIRECTION('',(0.,0.358509168131839,-0.933526205505457));
#3849=DIRECTION('',(0.,0.933526205505457,0.358509168131839));
#3850=DIRECTION('',(0.997815510351821,-0.0616707456643553,-0.0236838854611768));
#3851=DIRECTION('',(0.,-0.933526205505457,-0.358509168131839));
#3852=DIRECTION('',(1.,0.,0.));
#3853=DIRECTION('',(0.,-0.933526205505457,-0.358509168131839));
#3854=DIRECTION('',(0.,-0.209220630963514,0.977868461286705));
#3855=DIRECTION('',(0.,-0.977868461286706,-0.209220630963514));
#3856=DIRECTION('',(1.,0.,0.));
#3857=DIRECTION('',(0.,-0.977868461286706,-0.209220630963514));
#3858=DIRECTION('',(-1.,0.,0.));
#3859=DIRECTION('',(1.,0.,0.));
#3860=DIRECTION('',(0.,-0.977868461286706,-0.209220630963514));
#3861=DIRECTION('',(0.,0.,1.));
#3862=DIRECTION('',(1.,0.,0.));
#3863=DIRECTION('',(-1.,0.,0.));
#3864=DIRECTION('',(0.,-1.,0.));
#3865=DIRECTION('',(0.,-1.,0.));
#3866=DIRECTION('',(1.,0.,0.));
#3867=DIRECTION('',(0.,0.242535625036333,0.970142500145332));
#3868=DIRECTION('',(0.,-0.970142500145332,0.242535625036333));
#3869=DIRECTION('',(0.,0.970142500145332,-0.242535625036333));
#3870=DIRECTION('',(0.,-0.970142500145332,0.242535625036333));
#3871=DIRECTION('',(0.,0.209220630963514,-0.977868461286705));
#3872=DIRECTION('',(0.,0.977868461286706,0.209220630963514));
#3873=DIRECTION('',(0.,-0.977868461286706,-0.209220630963514));
#3874=DIRECTION('',(1.,0.,0.));
#3875=DIRECTION('',(0.,-0.977868461286706,-0.209220630963514));
#3876=DIRECTION('',(1.,0.,0.));
#3877=DIRECTION('',(0.,-0.242535625036332,-0.970142500145332));
#3878=DIRECTION('',(0.,0.970142500145332,-0.242535625036332));
#3879=DIRECTION('',(0.,-0.970142500145332,0.242535625036332));
#3880=DIRECTION('',(0.,-0.970142500145332,0.242535625036332));
#3881=DIRECTION('',(1.,0.,0.));
#3882=DIRECTION('',(0.,0.,1.));
#3883=DIRECTION('',(1.,0.,0.));
#3884=DIRECTION('',(0.,1.,0.));
#3885=DIRECTION('',(0.,-1.,0.));
#3886=DIRECTION('',(0.,0.977868461286706,0.209220630963514));
#3887=DIRECTION('',(0.,-0.209220630963514,0.977868461286706));
#3888=DIRECTION('',(0.,0.209220630963514,-0.977868461286706));
#3889=DIRECTION('',(-1.,0.,0.));
#3890=DIRECTION('',(0.,0.209220630963514,-0.977868461286706));
#3891=DIRECTION('',(0.,0.839398747002713,-0.543516093165857));
#3892=DIRECTION('',(1.,0.,0.));
#3893=DIRECTION('',(0.,-0.543516093165857,-0.839398747002713));
#3894=DIRECTION('',(-0.577350269189626,-0.443779031749117,-0.685366206962732));
#3895=DIRECTION('',(0.,-0.358509168131839,0.933526205505457));
#3896=DIRECTION('',(0.,-0.933526205505457,-0.358509168131839));
#3897=DIRECTION('',(0.,0.933526205505457,0.358509168131839));
#3898=DIRECTION('',(0.,-0.933526205505457,-0.358509168131839));
#3899=DIRECTION('',(1.,0.,0.));
#3900=DIRECTION('',(0.,0.,1.));
#3901=DIRECTION('',(1.,0.,0.));
#3902=DIRECTION('',(0.,1.,0.));
#3903=DIRECTION('',(1.,0.,0.));
#3904=DIRECTION('',(0.,-1.,0.));
#3905=DIRECTION('',(1.,0.,0.));
#3906=DIRECTION('',(0.,1.,0.));
#3907=DIRECTION('',(1.,0.,0.));
#3908=DIRECTION('',(0.,0.242535625036333,0.970142500145332));
#3909=DIRECTION('',(0.,-0.970142500145332,0.242535625036333));
#3910=DIRECTION('',(0.,-0.970142500145332,0.242535625036333));
#3911=DIRECTION('',(1.,0.,0.));
#3912=DIRECTION('',(0.710812667545229,-0.682380160843421,0.170595040210856));
#3913=DIRECTION('',(1.,0.,0.));
#3914=DIRECTION('',(0.,0.,1.));
#3915=DIRECTION('',(1.,0.,0.));
#3916=DIRECTION('',(-1.,0.,0.));
#3917=DIRECTION('',(-0.798234174690154,0.602347244001937,0.));
#3918=DIRECTION('',(1.,0.,0.));
#3919=DIRECTION('',(0.,-1.,0.));
#3920=DIRECTION('',(0.,0.970142500145332,-0.242535625036333));
#3921=DIRECTION('',(0.,0.242535625036333,0.970142500145332));
#3922=DIRECTION('',(1.,0.,0.));
#3923=DIRECTION('',(0.,-0.242535625036333,-0.970142500145332));
#3924=DIRECTION('',(0.,-0.242535625036333,-0.970142500145332));
#3925=DIRECTION('',(0.,0.857492925712543,0.514495755427529));
#3926=DIRECTION('',(-1.,0.,0.));
#3927=DIRECTION('',(0.,0.514495755427529,-0.857492925712543));
#3928=DIRECTION('',(0.279161239123944,0.494041586221036,-0.823402643701723));
#3929=DIRECTION('',(-1.,0.,0.));
#3930=DIRECTION('',(0.,0.,1.));
#3931=DIRECTION('',(0.,0.977868461286706,0.209220630963514));
#3932=DIRECTION('',(0.,1.,0.));
#3933=DIRECTION('',(0.,0.970142500145332,-0.242535625036332));
#3934=DIRECTION('',(0.,1.,0.));
#3935=DIRECTION('',(0.,0.933526205505457,0.358509168131839));
#3936=DIRECTION('',(0.,1.,0.));
#3937=DIRECTION('',(0.,0.970142500145332,-0.242535625036333));
#3938=DIRECTION('',(0.,-0.242535625036333,-0.970142500145332));
#3939=DIRECTION('',(0.,-0.242535625036333,-0.970142500145332));
#3940=DIRECTION('',(0.,0.970142500145332,-0.242535625036333));
#3941=DIRECTION('',(-1.,0.,0.));
#3942=DIRECTION('',(0.,-0.970142500145332,0.242535625036333));
#3943=DIRECTION('',(-0.710812667545229,0.682380160843421,-0.170595040210855));
#3944=DIRECTION('',(0.,0.970142500145332,-0.242535625036333));
#3945=DIRECTION('',(0.,0.242535625036333,0.970142500145332));
#3946=DIRECTION('',(1.,0.,0.));
#3947=DIRECTION('',(0.,-0.242535625036333,-0.970142500145332));
#3948=DIRECTION('',(0.703381369995848,0.689589578427301,-0.172397394606826));
#3949=DIRECTION('',(-0.700071410926057,0.714072839144579,0.));
#3950=DIRECTION('',(0.710812667545229,-0.682380160843421,0.170595040210855));
#3951=DIRECTION('',(0.497365736484348,0.659112052284026,0.564090973784657));
#3952=DIRECTION('',(-0.710812667545229,0.682380160843421,-0.170595040210855));
#3953=DIRECTION('',(-0.279161239123946,-0.494041586221035,0.823402643701723));
#3954=DIRECTION('',(0.,0.857492925712544,0.514495755427527));
#3955=DIRECTION('',(-1.,0.,0.));
#3956=DIRECTION('',(0.577350269189627,-0.420084025208403,0.700140042014004));
#3957=DIRECTION('',(-0.707106781186546,0.171498585142509,0.685994340570037));
#3958=DIRECTION('',(0.,-0.970142500145332,0.242535625036333));
#3959=DIRECTION('',(-0.704442861104872,-0.0867208791282103,-0.704442861104868));
#3960=DIRECTION('',(0.707106781186546,0.,-0.707106781186549));
#3961=DIRECTION('',(0.,-1.,0.));
#3962=DIRECTION('',(-0.701106522369205,0.129997263750912,-0.701106522369202));
#3963=DIRECTION('',(-0.707106781186546,-0.253504263903572,0.660102710328257));
#3964=DIRECTION('',(0.,-0.933526205505457,-0.358509168131839));
#3965=DIRECTION('',(-0.701106522369205,0.129997263750912,-0.701106522369202));
#3966=DIRECTION('',(0.707106781186546,0.,-0.707106781186549));
#3967=DIRECTION('',(0.,-1.,0.));
#3968=DIRECTION('',(-0.704442861104872,-0.0867208791282124,-0.704442861104868));
#3969=DIRECTION('',(-0.707106781186546,0.171498585142509,0.685994340570037));
#3970=DIRECTION('',(0.,-0.970142500145332,0.242535625036332));
#3971=DIRECTION('',(-0.704442861104872,-0.0867208791282124,-0.704442861104868));
#3972=DIRECTION('',(0.707106781186546,0.,-0.707106781186549));
#3973=DIRECTION('',(0.,-1.,0.));
#3974=DIRECTION('',(-0.705136983922023,0.0745899980607983,-0.70513698392202));
#3975=DIRECTION('',(-0.707106781186547,-0.147941326918429,0.691457420084285));
#3976=DIRECTION('',(0.,-0.977868461286706,-0.209220630963514));
#3977=DIRECTION('',(0.999718426390127,1.15615668241703E-15,-0.0237290525737602));
#3978=DIRECTION('',(0.743768418497168,-0.0150325281885407,-0.668268331392774));
#3979=DIRECTION('',(-0.707106781186547,0.,-0.707106781186548));
#3980=DIRECTION('',(-0.707106781186548,0.,0.707106781186547));
#3981=DIRECTION('',(0.707106781186548,0.,-0.707106781186547));
#3982=DIRECTION('',(0.,0.,1.));
#3983=DIRECTION('',(0.99654575824488,0.0173748276936673,-0.0812075556013923));
#3984=DIRECTION('',(0.877894629330459,0.431871274720828,-0.206853140811889));
#3985=DIRECTION('',(0.316227766016838,-0.198484118202676,0.927687476913053));
#3986=DIRECTION('',(0.946519326934359,0.,-0.32264711952802));
#3987=DIRECTION('',(0.94815297417247,0.0334321463381931,-0.316050991390823));
#3988=DIRECTION('',(-0.316227766016837,0.,-0.948683298050514));
#3989=DIRECTION('',(-0.948683298050514,0.,0.316227766016837));
#3990=DIRECTION('',(0.948503631142577,-0.0194611210521766,-0.316167877047525));
#3991=DIRECTION('',(0.,-1.,0.));
#3992=DIRECTION('',(0.,0.,-1.));
#3993=DIRECTION('',(0.,0.,1.));
#3994=DIRECTION('',(0.0237290525737602,0.,0.999718426390127));
#3995=DIRECTION('',(0.999718426390127,0.,-0.0237290525737602));
#3996=DIRECTION('',(-0.707106781186548,-0.707106781186547,0.));
#3997=DIRECTION('',(0.,0.,1.));
#3998=DIRECTION('',(-2.16840434497101E-16,2.16840434497101E-16,-1.));
#3999=DIRECTION('',(0.,-1.,0.));
#4000=DIRECTION('',(0.,0.,-1.));
#4001=DIRECTION('',(0.,0.,1.));
#4002=DIRECTION('',(1.,0.,0.));
#4003=DIRECTION('',(1.,0.,0.));
#4004=DIRECTION('',(0.,0.,-1.));
#4005=DIRECTION('',(0.,0.,1.));
#4006=DIRECTION('',(0.,1.,0.));
#4007=DIRECTION('',(0.,-1.,0.));
#4008=DIRECTION('',(0.,0.,-1.));
#4009=DIRECTION('',(1.,0.,0.));
#4010=DIRECTION('',(0.,0.,-1.));
#4011=DIRECTION('',(1.,0.,0.));
#4012=DIRECTION('',(-0.0939225945956679,0.995579502714081,0.));
#4013=DIRECTION('',(-0.995579502714082,-0.0939225945956679,0.));
#4014=DIRECTION('',(0.,0.,-1.));
#4015=DIRECTION('',(0.,0.,-1.));
#4016=DIRECTION('',(0.,0.967998248843174,0.250956948970432));
#4017=DIRECTION('',(0.,-0.250956948970432,0.967998248843174));
#4018=DIRECTION('',(0.,-0.250956948970432,0.967998248843174));
#4019=DIRECTION('',(1.,0.,0.));
#4020=DIRECTION('',(0.,0.250956948970432,-0.967998248843174));
#4021=DIRECTION('',(0.,0.866025403784439,0.5));
#4022=DIRECTION('',(0.,-0.5,0.866025403784439));
#4023=DIRECTION('',(0.,-0.5,0.866025403784439));
#4024=DIRECTION('',(1.,0.,0.));
#4025=DIRECTION('',(0.,0.5,-0.866025403784439));
#4026=DIRECTION('',(0.,0.,1.));
#4027=DIRECTION('',(1.,0.,0.));
#4028=DIRECTION('',(0.,-1.,0.));
#4029=DIRECTION('',(1.,0.,0.));
#4030=DIRECTION('',(0.,1.,0.));
#4031=DIRECTION('',(0.,-0.866025403784439,0.5));
#4032=DIRECTION('',(0.,-0.5,-0.866025403784439));
#4033=DIRECTION('',(0.,-0.5,-0.866025403784439));
#4034=DIRECTION('',(1.,0.,0.));
#4035=DIRECTION('',(0.,0.5,0.866025403784439));
#4036=DIRECTION('',(0.,-0.967998248843173,0.250956948970436));
#4037=DIRECTION('',(0.,-0.250956948970436,-0.967998248843173));
#4038=DIRECTION('',(0.,-0.250956948970436,-0.967998248843173));
#4039=DIRECTION('',(0.,0.250956948970436,0.967998248843173));
#4040=DIRECTION('',(1.,0.,0.));
#4041=DIRECTION('',(0.,0.,-1.));
#4042=DIRECTION('',(1.,0.,0.));
#4043=DIRECTION('',(0.,0.,-1.));
#4044=DIRECTION('',(1.,0.,0.));
#4045=DIRECTION('',(0.,0.,-1.));
#4046=DIRECTION('',(1.,0.,0.));
#4047=DIRECTION('',(0.,1.,0.));
#4048=DIRECTION('',(0.,0.250956948970436,0.967998248843173));
#4049=DIRECTION('',(0.,0.5,0.866025403784439));
#4050=DIRECTION('',(0.,1.,0.));
#4051=DIRECTION('',(0.,0.5,-0.866025403784439));
#4052=DIRECTION('',(0.,0.250956948970432,-0.967998248843174));
#4053=DIRECTION('',(1.,0.,0.));
#4054=DIRECTION('',(0.,1.,0.));
#4055=DIRECTION('',(0.,-0.5,-0.866025403784439));
#4056=DIRECTION('',(0.,-0.250956948970436,-0.967998248843173));
#4057=DIRECTION('',(0.,-0.250956948970432,0.967998248843174));
#4058=DIRECTION('',(0.,-0.5,0.866025403784439));
#4059=DIRECTION('',(0.,-1.,0.));
#4060=DIRECTION('',(-0.707106781186548,0.684478125933711,0.177453360402879));
#4061=DIRECTION('',(0.,0.250956948970432,-0.967998248843174));
#4062=DIRECTION('',(0.703869550685761,0.657358322896363,0.269161087336758));
#4063=DIRECTION('',(-0.707106781186549,0.612372435695794,0.353553390593273));
#4064=DIRECTION('',(0.,0.5,-0.866025403784439));
#4065=DIRECTION('',(0.654653670707977,0.37796447300923,0.654653670707977));
#4066=DIRECTION('',(-0.707106781186548,0.,0.707106781186548));
#4067=DIRECTION('',(0.,1.,0.));
#4068=DIRECTION('',(0.654653670707977,-0.377964473009229,0.654653670707977));
#4069=DIRECTION('',(-0.707106781186548,-0.612372435695794,0.353553390593273));
#4070=DIRECTION('',(0.,0.5,0.866025403784439));
#4071=DIRECTION('',(0.703869550685762,-0.657358322896362,0.269161087336759));
#4072=DIRECTION('',(-0.707106781186548,-0.684478125933711,0.177453360402882));
#4073=DIRECTION('',(0.,0.250956948970436,0.967998248843173));
#4074=DIRECTION('',(-0.707106781186548,-0.684478125933711,-0.177453360402879));
#4075=DIRECTION('',(0.,-0.250956948970432,0.967998248843174));
#4076=DIRECTION('',(0.703869550685761,-0.657358322896363,-0.269161087336758));
#4077=DIRECTION('',(-0.707106781186549,-0.612372435695794,-0.353553390593273));
#4078=DIRECTION('',(0.,-0.5,0.866025403784439));
#4079=DIRECTION('',(0.654653670707977,-0.37796447300923,-0.654653670707977));
#4080=DIRECTION('',(-0.707106781186548,0.,-0.707106781186548));
#4081=DIRECTION('',(0.,-1.,0.));
#4082=DIRECTION('',(0.654653670707977,0.377964473009229,-0.654653670707977));
#4083=DIRECTION('',(-0.707106781186548,0.612372435695794,-0.353553390593273));
#4084=DIRECTION('',(0.,-0.5,-0.866025403784439));
#4085=DIRECTION('',(0.703869550685762,0.657358322896362,-0.269161087336759));
#4086=DIRECTION('',(-0.707106781186548,0.684478125933711,-0.177453360402882));
#4087=DIRECTION('',(0.,-0.250956948970436,-0.967998248843173));
#4088=DIRECTION('',(1.,-1.92747052886312E-16,0.));
#4089=DIRECTION('',(-1.92747052886312E-16,-1.,0.));
#4090=DIRECTION('',(0.,2.16840434497101E-16,-1.));
#4091=DIRECTION('',(0.,0.,-1.));
#4092=DIRECTION('',(0.707106781186547,0.,-0.707106781186548));
#4093=DIRECTION('',(0.707106781186548,0.,0.707106781186547));
#4094=DIRECTION('',(0.,1.,0.));
#4095=DIRECTION('',(-0.568048831567636,-0.595517463983457,-0.568048831567636));
#4096=DIRECTION('',(-0.486305543872937,-0.725957186063265,-0.486305543872937));
#4097=DIRECTION('',(0.,-1.,0.));
#4098=DIRECTION('',(-0.707106781186548,0.,-0.707106781186547));
#4099=DIRECTION('',(-0.712675172520047,1.23629435251635E-15,-0.701494189907173));
#4100=DIRECTION('',(0.,0.970142500145332,-0.242535625036333));
#4101=DIRECTION('',(-0.486305543872937,-0.725957186063265,-0.486305543872937));
#4102=DIRECTION('',(0.,0.358509168131839,-0.933526205505457));
#4103=DIRECTION('',(0.,0.933526205505457,0.358509168131839));
#4104=DIRECTION('',(-0.997815510351821,-0.0616707456643553,-0.0236838854611768));
#4105=DIRECTION('',(0.,-0.933526205505457,-0.358509168131839));
#4106=DIRECTION('',(-1.,0.,0.));
#4107=DIRECTION('',(0.,-0.933526205505457,-0.358509168131839));
#4108=DIRECTION('',(0.,-0.209220630963514,0.977868461286705));
#4109=DIRECTION('',(0.,-0.977868461286706,-0.209220630963514));
#4110=DIRECTION('',(0.,0.977868461286706,0.209220630963514));
#4111=DIRECTION('',(1.,0.,0.));
#4112=DIRECTION('',(0.,-0.977868461286706,-0.209220630963514));
#4113=DIRECTION('',(0.,-0.977868461286706,-0.209220630963514));
#4114=DIRECTION('',(-1.,0.,0.));
#4115=DIRECTION('',(0.,0.242535625036333,0.970142500145332));
#4116=DIRECTION('',(0.,-0.970142500145332,0.242535625036333));
#4117=DIRECTION('',(0.,0.970142500145332,-0.242535625036333));
#4118=DIRECTION('',(0.,-0.970142500145332,0.242535625036333));
#4119=DIRECTION('',(0.,0.209220630963514,-0.977868461286705));
#4120=DIRECTION('',(0.,0.977868461286706,0.209220630963514));
#4121=DIRECTION('',(0.,-0.977868461286706,-0.209220630963514));
#4122=DIRECTION('',(-1.,0.,0.));
#4123=DIRECTION('',(0.,-0.977868461286706,-0.209220630963514));
#4124=DIRECTION('',(-1.,0.,0.));
#4125=DIRECTION('',(0.,-0.242535625036332,-0.970142500145332));
#4126=DIRECTION('',(0.,0.970142500145332,-0.242535625036332));
#4127=DIRECTION('',(0.,-0.970142500145332,0.242535625036332));
#4128=DIRECTION('',(-1.,0.,0.));
#4129=DIRECTION('',(0.,-0.970142500145332,0.242535625036332));
#4130=DIRECTION('',(0.,0.,1.));
#4131=DIRECTION('',(-1.,0.,0.));
#4132=DIRECTION('',(0.,-1.,0.));
#4133=DIRECTION('',(0.,1.,0.));
#4134=DIRECTION('',(0.,0.977868461286706,0.209220630963514));
#4135=DIRECTION('',(0.,-0.209220630963514,0.977868461286706));
#4136=DIRECTION('',(0.,0.209220630963514,-0.977868461286706));
#4137=DIRECTION('',(0.,0.209220630963514,-0.977868461286706));
#4138=DIRECTION('',(1.,0.,0.));
#4139=DIRECTION('',(0.,0.839398747002713,-0.543516093165857));
#4140=DIRECTION('',(-1.,0.,0.));
#4141=DIRECTION('',(0.577350269189626,-0.443779031749117,-0.685366206962732));
#4142=DIRECTION('',(0.,-0.543516093165857,-0.839398747002713));
#4143=DIRECTION('',(0.,-0.358509168131839,0.933526205505457));
#4144=DIRECTION('',(0.,-0.933526205505457,-0.358509168131839));
#4145=DIRECTION('',(0.,0.933526205505457,0.358509168131839));
#4146=DIRECTION('',(-1.,0.,0.));
#4147=DIRECTION('',(0.,-0.933526205505457,-0.358509168131839));
#4148=DIRECTION('',(0.,0.,1.));
#4149=DIRECTION('',(-1.,0.,0.));
#4150=DIRECTION('',(0.,1.,0.));
#4151=DIRECTION('',(-1.,0.,0.));
#4152=DIRECTION('',(0.,1.,0.));
#4153=DIRECTION('',(-1.,0.,0.));
#4154=DIRECTION('',(0.,-1.,0.));
#4155=DIRECTION('',(-1.,0.,0.));
#4156=DIRECTION('',(0.,0.242535625036333,0.970142500145332));
#4157=DIRECTION('',(0.,-0.970142500145332,0.242535625036333));
#4158=DIRECTION('',(-1.,0.,0.));
#4159=DIRECTION('',(-0.710812667545229,-0.682380160843421,0.170595040210856));
#4160=DIRECTION('',(-1.,0.,0.));
#4161=DIRECTION('',(0.,-0.970142500145332,0.242535625036333));
#4162=DIRECTION('',(0.,0.,1.));
#4163=DIRECTION('',(-1.,0.,0.));
#4164=DIRECTION('',(0.,-1.,0.));
#4165=DIRECTION('',(-1.,0.,0.));
#4166=DIRECTION('',(0.798234174690154,0.602347244001937,0.));
#4167=DIRECTION('',(1.,0.,0.));
#4168=DIRECTION('',(0.,0.970142500145332,-0.242535625036333));
#4169=DIRECTION('',(0.,0.242535625036333,0.970142500145332));
#4170=DIRECTION('',(-1.,0.,0.));
#4171=DIRECTION('',(0.,-0.242535625036333,-0.970142500145332));
#4172=DIRECTION('',(0.,-0.242535625036333,-0.970142500145332));
#4173=DIRECTION('',(0.,0.857492925712543,0.514495755427529));
#4174=DIRECTION('',(1.,0.,0.));
#4175=DIRECTION('',(-0.279161239123944,0.494041586221036,-0.823402643701723));
#4176=DIRECTION('',(0.,0.514495755427529,-0.857492925712543));
#4177=DIRECTION('',(1.,0.,0.));
#4178=DIRECTION('',(0.,0.,1.));
#4179=DIRECTION('',(0.,-0.242535625036333,-0.970142500145332));
#4180=DIRECTION('',(0.,0.970142500145332,-0.242535625036333));
#4181=DIRECTION('',(0.,1.,0.));
#4182=DIRECTION('',(0.,0.933526205505457,0.358509168131839));
#4183=DIRECTION('',(0.,1.,0.));
#4184=DIRECTION('',(0.,0.970142500145332,-0.242535625036332));
#4185=DIRECTION('',(0.,1.,0.));
#4186=DIRECTION('',(0.,0.977868461286706,0.209220630963514));
#4187=DIRECTION('',(0.,-0.242535625036333,-0.970142500145332));
#4188=DIRECTION('',(0.,0.970142500145332,-0.242535625036333));
#4189=DIRECTION('',(1.,0.,0.));
#4190=DIRECTION('',(0.710812667545229,0.682380160843421,-0.170595040210855));
#4191=DIRECTION('',(0.,-0.970142500145332,0.242535625036333));
#4192=DIRECTION('',(0.,0.970142500145332,-0.242535625036333));
#4193=DIRECTION('',(0.,0.242535625036333,0.970142500145332));
#4194=DIRECTION('',(0.,-0.242535625036333,-0.970142500145332));
#4195=DIRECTION('',(-1.,0.,0.));
#4196=DIRECTION('',(-0.703381369995848,0.689589578427301,-0.172397394606826));
#4197=DIRECTION('',(0.700071410926057,0.714072839144579,0.));
#4198=DIRECTION('',(-0.710812667545229,-0.682380160843421,0.170595040210855));
#4199=DIRECTION('',(-0.497365736484348,0.659112052284026,0.564090973784657));
#4200=DIRECTION('',(0.710812667545229,0.682380160843421,-0.170595040210855));
#4201=DIRECTION('',(0.279161239123946,-0.494041586221035,0.823402643701723));
#4202=DIRECTION('',(0.,0.857492925712544,0.514495755427527));
#4203=DIRECTION('',(1.,0.,0.));
#4204=DIRECTION('',(-0.577350269189627,-0.420084025208403,0.700140042014004));
#4205=DIRECTION('',(0.707106781186546,0.171498585142509,0.685994340570037));
#4206=DIRECTION('',(0.,-0.970142500145332,0.242535625036333));
#4207=DIRECTION('',(0.704442861104872,-0.0867208791282103,-0.704442861104868));
#4208=DIRECTION('',(-0.707106781186546,0.,-0.707106781186549));
#4209=DIRECTION('',(0.,-1.,0.));
#4210=DIRECTION('',(0.701106522369205,0.129997263750912,-0.701106522369202));
#4211=DIRECTION('',(0.707106781186546,-0.253504263903572,0.660102710328257));
#4212=DIRECTION('',(0.,-0.933526205505457,-0.358509168131839));
#4213=DIRECTION('',(0.701106522369205,0.129997263750912,-0.701106522369202));
#4214=DIRECTION('',(-0.707106781186546,0.,-0.707106781186549));
#4215=DIRECTION('',(0.,-1.,0.));
#4216=DIRECTION('',(0.704442861104872,-0.0867208791282124,-0.704442861104868));
#4217=DIRECTION('',(0.707106781186546,0.171498585142509,0.685994340570037));
#4218=DIRECTION('',(0.,-0.970142500145332,0.242535625036332));
#4219=DIRECTION('',(0.704442861104872,-0.0867208791282124,-0.704442861104868));
#4220=DIRECTION('',(-0.707106781186546,0.,-0.707106781186549));
#4221=DIRECTION('',(0.,-1.,0.));
#4222=DIRECTION('',(0.705136983922023,0.0745899980607983,-0.70513698392202));
#4223=DIRECTION('',(0.707106781186547,-0.147941326918429,0.691457420084285));
#4224=DIRECTION('',(0.,-0.977868461286706,-0.209220630963514));
#4225=DIRECTION('',(0.707106781186547,0.,-0.707106781186548));
#4226=DIRECTION('',(0.707106781186548,0.,0.707106781186547));
#4227=DIRECTION('',(-0.707106781186548,0.,-0.707106781186547));
#4228=DIRECTION('',(-0.743768418497168,-0.0150325281885407,-0.668268331392774));
#4229=DIRECTION('',(-0.999718426390127,1.15615668241703E-15,-0.0237290525737602));
#4230=DIRECTION('',(-0.948503631142577,-0.0194611210521766,-0.316167877047525));
#4231=DIRECTION('',(0.316227766016837,0.,-0.948683298050514));
#4232=DIRECTION('',(0.948683298050514,0.,0.316227766016837));
#4233=DIRECTION('',(-0.94815297417247,0.0334321463381931,-0.316050991390823));
#4234=DIRECTION('',(-0.316227766016838,-0.198484118202676,0.927687476913053));
#4235=DIRECTION('',(-0.946519326934359,0.,-0.32264711952802));
#4236=DIRECTION('',(-0.877894629330459,0.431871274720828,-0.206853140811889));
#4237=DIRECTION('',(-0.99654575824488,0.0173748276936673,-0.0812075556013923));
#4238=DIRECTION('',(-0.998847166204082,-1.15514908541808E-15,-0.0480035266004068));
#4239=DIRECTION('',(-0.0237290525737602,0.,0.999718426390127));
#4240=DIRECTION('',(-0.999718426390127,0.,-0.0237290525737602));
#4241=DIRECTION('',(0.707106781186548,-0.707106781186547,0.));
#4242=DIRECTION('',(0.,0.,1.));
#4243=DIRECTION('',(-2.16840434497101E-16,-2.16840434497101E-16,1.));
#4244=DIRECTION('',(0.,-1.,0.));
#4245=DIRECTION('',(0.,0.,-1.));
#4246=DIRECTION('',(-1.,0.,0.));
#4247=DIRECTION('',(0.,0.,1.));
#4248=DIRECTION('',(-1.,0.,0.));
#4249=DIRECTION('',(0.,0.,-1.));
#4250=DIRECTION('',(0.,1.,0.));
#4251=DIRECTION('',(0.,0.,1.));
#4252=DIRECTION('',(0.,-1.,0.));
#4253=DIRECTION('',(0.,0.,-1.));
#4254=DIRECTION('',(-1.,0.,0.));
#4255=DIRECTION('',(0.,0.,-1.));
#4256=DIRECTION('',(-1.,0.,0.));
#4257=DIRECTION('',(0.0939225945956679,0.995579502714081,0.));
#4258=DIRECTION('',(0.995579502714082,-0.0939225945956679,0.));
#4259=DIRECTION('',(0.,0.,-1.));
#4260=DIRECTION('',(0.,0.967998248843174,0.250956948970432));
#4261=DIRECTION('',(0.,-0.250956948970432,0.967998248843174));
#4262=DIRECTION('',(0.,0.250956948970432,-0.967998248843174));
#4263=DIRECTION('',(-1.,0.,0.));
#4264=DIRECTION('',(0.,-0.250956948970432,0.967998248843174));
#4265=DIRECTION('',(0.,0.866025403784439,0.5));
#4266=DIRECTION('',(0.,-0.5,0.866025403784439));
#4267=DIRECTION('',(0.,0.5,-0.866025403784439));
#4268=DIRECTION('',(-1.,0.,0.));
#4269=DIRECTION('',(0.,-0.5,0.866025403784439));
#4270=DIRECTION('',(0.,0.,1.));
#4271=DIRECTION('',(-1.,0.,0.));
#4272=DIRECTION('',(0.,1.,0.));
#4273=DIRECTION('',(-1.,0.,0.));
#4274=DIRECTION('',(0.,-1.,0.));
#4275=DIRECTION('',(0.,-0.866025403784439,0.5));
#4276=DIRECTION('',(0.,-0.5,-0.866025403784439));
#4277=DIRECTION('',(0.,0.5,0.866025403784439));
#4278=DIRECTION('',(-1.,0.,0.));
#4279=DIRECTION('',(0.,-0.5,-0.866025403784439));
#4280=DIRECTION('',(0.,-0.967998248843173,0.250956948970436));
#4281=DIRECTION('',(0.,-0.250956948970436,-0.967998248843173));
#4282=DIRECTION('',(0.,0.250956948970436,0.967998248843173));
#4283=DIRECTION('',(0.,-0.250956948970436,-0.967998248843173));
#4284=DIRECTION('',(-1.,0.,0.));
#4285=DIRECTION('',(0.,0.,-1.));
#4286=DIRECTION('',(1.,0.,0.));
#4287=DIRECTION('',(0.,0.,-1.));
#4288=DIRECTION('',(1.,0.,0.));
#4289=DIRECTION('',(0.,0.,-1.));
#4290=DIRECTION('',(-1.,0.,0.));
#4291=DIRECTION('',(0.,1.,0.));
#4292=DIRECTION('',(0.,0.250956948970432,-0.967998248843174));
#4293=DIRECTION('',(0.,0.5,-0.866025403784439));
#4294=DIRECTION('',(0.,1.,0.));
#4295=DIRECTION('',(0.,0.5,0.866025403784439));
#4296=DIRECTION('',(0.,0.250956948970436,0.967998248843173));
#4297=DIRECTION('',(-1.,0.,0.));
#4298=DIRECTION('',(0.,1.,0.));
#4299=DIRECTION('',(0.,-0.5,-0.866025403784439));
#4300=DIRECTION('',(0.,-1.,0.));
#4301=DIRECTION('',(0.,-0.5,0.866025403784439));
#4302=DIRECTION('',(0.,-0.250956948970432,0.967998248843174));
#4303=DIRECTION('',(0.,-0.250956948970436,-0.967998248843173));
#4304=DIRECTION('',(0.707106781186548,0.684478125933711,0.177453360402879));
#4305=DIRECTION('',(0.,0.250956948970432,-0.967998248843174));
#4306=DIRECTION('',(-0.703869550685761,0.657358322896363,0.269161087336758));
#4307=DIRECTION('',(0.707106781186549,0.612372435695794,0.353553390593273));
#4308=DIRECTION('',(0.,0.5,-0.866025403784439));
#4309=DIRECTION('',(-0.654653670707977,0.37796447300923,0.654653670707977));
#4310=DIRECTION('',(0.707106781186548,0.,0.707106781186548));
#4311=DIRECTION('',(0.,1.,0.));
#4312=DIRECTION('',(-0.654653670707977,-0.377964473009229,0.654653670707977));
#4313=DIRECTION('',(0.707106781186548,-0.612372435695794,0.353553390593273));
#4314=DIRECTION('',(0.,0.5,0.866025403784439));
#4315=DIRECTION('',(-0.703869550685762,-0.657358322896362,0.269161087336759));
#4316=DIRECTION('',(0.707106781186548,-0.684478125933711,0.177453360402882));
#4317=DIRECTION('',(0.,0.250956948970436,0.967998248843173));
#4318=DIRECTION('',(0.707106781186548,-0.684478125933711,-0.177453360402879));
#4319=DIRECTION('',(0.,-0.250956948970432,0.967998248843174));
#4320=DIRECTION('',(-0.703869550685761,-0.657358322896363,-0.269161087336758));
#4321=DIRECTION('',(0.707106781186549,-0.612372435695794,-0.353553390593273));
#4322=DIRECTION('',(0.,-0.5,0.866025403784439));
#4323=DIRECTION('',(-0.654653670707977,-0.37796447300923,-0.654653670707977));
#4324=DIRECTION('',(0.707106781186548,0.,-0.707106781186548));
#4325=DIRECTION('',(0.,-1.,0.));
#4326=DIRECTION('',(-0.654653670707977,0.377964473009229,-0.654653670707977));
#4327=DIRECTION('',(0.707106781186548,0.612372435695794,-0.353553390593273));
#4328=DIRECTION('',(0.,-0.5,-0.866025403784439));
#4329=DIRECTION('',(-0.703869550685762,0.657358322896362,-0.269161087336759));
#4330=DIRECTION('',(0.707106781186548,0.684478125933711,-0.177453360402882));
#4331=DIRECTION('',(0.,-0.250956948970436,-0.967998248843173));
#4332=DIRECTION('',(0.,2.16840434497101E-16,-1.));
#4333=DIRECTION('',(0.,1.,2.16840434497101E-16));
#4334=DIRECTION('',(0.,2.16840434497101E-16,-1.));
#4335=DIRECTION('',(0.,1.,2.16840434497101E-16));
#4336=DIRECTION('',(0.,-2.16840434497101E-16,1.));
#4337=DIRECTION('',(0.,-1.,-2.16840434497101E-16));
#4338=DIRECTION('',(0.,2.16840434497101E-16,-1.));
#4339=DIRECTION('',(0.,1.,2.16840434497101E-16));
#4340=DIRECTION('',(0.,-2.16840434497101E-16,1.));
#4341=DIRECTION('',(0.,-1.,-2.16840434497101E-16));
#4342=DIRECTION('',(0.,2.16840434497101E-16,-1.));
#4343=DIRECTION('',(0.,1.,2.16840434497101E-16));
#4344=DIRECTION('',(0.,2.16840434497101E-16,-1.));
#4345=DIRECTION('',(0.,1.,2.16840434497101E-16));
#4346=DIRECTION('',(-0.384615384615385,-0.923076923076923,0.));
#4347=DIRECTION('',(0.923076923076923,-0.384615384615385,0.));
#4348=DIRECTION('',(0.,0.,-1.));
#4349=DIRECTION('',(0.923076923076923,-0.384615384615385,0.));
#4350=DIRECTION('',(0.,0.,-1.));
#4351=DIRECTION('',(-1.,0.,0.));
#4352=DIRECTION('',(0.,0.,-1.));
#4353=DIRECTION('',(0.,0.,1.));
#4354=DIRECTION('',(1.,0.,0.));
#4355=DIRECTION('',(-0.384615384615385,0.923076923076923,0.));
#4356=DIRECTION('',(-0.923076923076923,-0.384615384615385,0.));
#4357=DIRECTION('',(0.923076923076923,0.384615384615385,0.));
#4358=DIRECTION('',(0.,0.707106781186542,0.707106781186553));
#4359=DIRECTION('',(-1.,0.,0.));
#4360=DIRECTION('',(0.140028008402809,-0.70014004201401,0.700140042013999));
#4361=DIRECTION('',(0.271964146610209,-0.652713951864499,-0.707106781186554));
#4362=DIRECTION('',(0.923076923076923,0.384615384615385,0.));
#4363=DIRECTION('',(0.271964146610214,-0.652713951864511,0.707106781186541));
#4364=DIRECTION('',(0.,0.,-1.));
#4365=DIRECTION('',(-1.,0.,0.));
#4366=DIRECTION('',(-0.271964146610213,-0.652713951864511,0.707106781186541));
#4367=DIRECTION('',(0.271964146610209,0.6527139518645,0.707106781186553));
#4368=DIRECTION('',(0.923076923076923,-0.384615384615385,0.));
#4369=DIRECTION('',(0.140028008402802,0.70014004201401,-0.700140042013999));
#4370=DIRECTION('',(0.,0.707106781186542,0.707106781186553));
#4371=DIRECTION('',(1.,0.,0.));
#4372=DIRECTION('',(0.,1.,2.16840434497101E-16));
#4373=DIRECTION('',(0.,-2.16840434497101E-16,1.));
#4374=DIRECTION('',(0.938583566488826,0.345052008713346,7.48212274934994E-17));
#4375=DIRECTION('',(-0.345052008713346,0.938583566488826,0.));
#4376=DIRECTION('',(0.938583566488826,-0.345052008713346,-7.48212274934993E-17));
#4377=DIRECTION('',(0.345052008713346,0.938583566488826,0.));
#4378=DIRECTION('',(0.,0.,1.));
#4379=DIRECTION('',(1.,0.,0.));
#4380=DIRECTION('',(0.,0.,1.));
#4381=DIRECTION('',(1.,0.,0.));
#4382=DIRECTION('',(0.,1.,0.));
#4383=DIRECTION('',(0.,0.,1.));
#4384=DIRECTION('',(0.,0.,1.));
#4385=DIRECTION('',(0.,0.,1.));
#4386=DIRECTION('',(0.,1.,0.));
#4387=DIRECTION('',(0.,0.,1.));
#4388=DIRECTION('',(0.,0.,1.));
#4389=DIRECTION('',(0.,0.,1.));
#4390=DIRECTION('',(1.,1.44560289664734E-16,0.));
#4391=DIRECTION('',(-1.44560289664734E-16,1.,0.));
#4392=DIRECTION('',(7.85708438655008E-17,-0.543516093165857,-0.839398747002712));
#4393=DIRECTION('',(1.,1.44560289664734E-16,0.));
#4394=DIRECTION('',(-1.44560289664734E-16,1.,0.));
#4395=DIRECTION('',(7.85708438655008E-17,-0.543516093165857,-0.839398747002712));
#4396=DIRECTION('',(0.,2.16840434497101E-16,-1.));
#4397=DIRECTION('',(0.,1.,2.16840434497101E-16));
#4398=DIRECTION('',(0.,2.16840434497101E-16,-1.));
#4399=DIRECTION('',(0.,1.,2.16840434497101E-16));
#4400=DIRECTION('',(0.,2.16840434497101E-16,-1.));
#4401=DIRECTION('',(1.,0.,0.));
#4402=DIRECTION('',(0.,2.16840434497101E-16,-1.));
#4403=DIRECTION('',(0.,1.,2.16840434497101E-16));
#4404=DIRECTION('',(0.,2.16840434497101E-16,-1.));
#4405=DIRECTION('',(0.,1.,2.16840434497101E-16));
#4406=DIRECTION('',(0.,2.16840434497101E-16,-1.));
#4407=DIRECTION('',(1.,0.,0.));
#4408=DIRECTION('',(0.,0.839398747002712,-0.543516093165857));
#4409=DIRECTION('',(-1.,0.,0.));
#4410=DIRECTION('',(-0.511754306176535,-0.466951984862998,-0.721154195676819));
#4411=DIRECTION('',(-0.764801345999665,-0.134793775139893,0.630007570859776));
#4412=DIRECTION('',(0.,0.977868461286706,0.209220630963514));
#4413=DIRECTION('',(0.,-0.839398747002712,0.543516093165857));
#4414=DIRECTION('',(-1.,0.,0.));
#4415=DIRECTION('',(-0.511754306176535,0.466951984862998,0.721154195676819));
#4416=DIRECTION('',(-0.764801345999665,0.134793775139893,-0.630007570859776));
#4417=DIRECTION('',(0.,-0.977868461286706,-0.209220630963514));
#4418=DIRECTION('',(0.,0.,-1.));
#4419=DIRECTION('',(1.,0.,0.));
#4420=DIRECTION('',(0.,-1.,0.));
#4421=DIRECTION('',(1.,0.,0.));
#4422=DIRECTION('',(0.,-1.,0.));
#4423=DIRECTION('',(1.,0.,0.));
#4424=DIRECTION('',(0.,1.,0.));
#4425=DIRECTION('',(0.,0.,1.));
#4426=DIRECTION('',(0.,0.,-1.));
#4427=DIRECTION('',(0.,0.,-1.));
#4428=DIRECTION('',(1.,0.,0.));
#4429=DIRECTION('',(0.,0.,-1.));
#4430=DIRECTION('',(0.,0.,-1.));
#4431=DIRECTION('',(0.,1.,0.));
#4432=DIRECTION('',(0.,0.,1.));
#4433=DIRECTION('',(0.,0.,-1.));
#4434=DIRECTION('',(1.,0.,0.));
#4435=DIRECTION('',(0.,0.,-1.));
#4436=DIRECTION('',(0.,0.,-1.));
#4437=DIRECTION('',(-1.,0.,0.));
#4438=DIRECTION('',(0.,-1.,0.));
#4439=DIRECTION('',(-1.,0.,0.));
#4440=DIRECTION('',(0.,-1.,0.));
#4441=DIRECTION('',(-1.,0.,0.));
#4442=DIRECTION('',(0.,-1.,0.));
#4443=DIRECTION('',(0.,0.,-1.));
#4444=DIRECTION('',(0.,0.,-1.));
#4445=DIRECTION('',(0.,0.,-1.));
#4446=DIRECTION('',(1.,0.,0.));
#4447=DIRECTION('',(0.,0.,-1.));
#4448=DIRECTION('',(0.,0.,-1.));
#4449=DIRECTION('',(0.,-1.,0.));
#4450=DIRECTION('',(0.,0.,-1.));
#4451=DIRECTION('',(0.,0.,-1.));
#4452=DIRECTION('',(1.,0.,0.));
#4453=DIRECTION('',(0.,0.,-1.));
#4454=CARTESIAN_POINT('',(0.,0.,0.));
#4455=CARTESIAN_POINT('',(-0.02,-0.04,0.0142883535833585));
#4456=CARTESIAN_POINT('',(-0.014,-0.04,0.014));
#4457=CARTESIAN_POINT('',(-0.02,-0.0373333333333333,0.0148589023889057));
#4458=CARTESIAN_POINT('',(-0.014,-0.0373059766666667,0.014));
#4459=CARTESIAN_POINT('',(-0.02,-0.0346666666666667,0.0154294511944528));
#4460=CARTESIAN_POINT('',(-0.014,-0.0346119533333333,0.014));
#4461=CARTESIAN_POINT('',(-0.02,-0.032,0.016));
#4462=CARTESIAN_POINT('',(-0.014,-0.03191793,0.014));
#4463=CARTESIAN_POINT('',(-0.02,-0.041347725,0.014));
#4464=CARTESIAN_POINT('',(-0.02,-0.04,0.0142883535833585));
#4465=CARTESIAN_POINT('',(-0.02,-0.038,0.0147162651875189));
#4466=CARTESIAN_POINT('',(-0.02,-0.038,0.0147162651875189));
#4467=CARTESIAN_POINT('',(-0.018166811803931,-0.038,0.0144960824730974));
#4468=CARTESIAN_POINT('',(-0.0163334766789209,-0.038,0.014277123986724));
#4469=CARTESIAN_POINT('',(-0.0145,-0.038,0.0140593565548283));
#4470=CARTESIAN_POINT('',(-0.0145,-0.038,0.0140593565548283));
#4471=CARTESIAN_POINT('',(-0.0145,-0.038,0.0140593565548283));
#4472=CARTESIAN_POINT('',(-0.0145,-0.0359749230555556,0.0140951265921078));
#4473=CARTESIAN_POINT('',(-0.0145,-0.0339498461111111,0.0141308966293872));
#4474=CARTESIAN_POINT('',(-0.0145,-0.0319247691666667,0.0141666666666667));
#4475=CARTESIAN_POINT('',(-0.0145,-0.0319247691666667,0.0141666666666667));
#4476=CARTESIAN_POINT('',(-0.017,-0.031958965,0.015));
#4477=CARTESIAN_POINT('',(-0.014,-0.03191793,0.014));
#4478=CARTESIAN_POINT('',(-0.014,-0.027876895,0.014));
#4479=CARTESIAN_POINT('',(-0.014,-0.04,0.014));
#4480=CARTESIAN_POINT('',(-0.017,-0.04,0.0141441767916792));
#4481=CARTESIAN_POINT('',(0.0028,0.,0.0084));
#4482=CARTESIAN_POINT('',(-0.0145,-0.02925,0.0141666666666667));
#4483=CARTESIAN_POINT('',(-0.0145,-0.028,0.0141666666666667));
#4484=CARTESIAN_POINT('',(-0.0168506,-0.028,0.0149502));
#4485=CARTESIAN_POINT('',(-0.02,-0.028,0.016));
#4486=CARTESIAN_POINT('',(-0.02,-0.028,0.016));
#4487=CARTESIAN_POINT('',(-0.02,-0.024,0.016));
#4488=CARTESIAN_POINT('',(-0.02,-0.024,0.016));
#4489=CARTESIAN_POINT('',(-0.014,-0.02383586,0.014));
#4490=CARTESIAN_POINT('',(-0.014,-0.027876895,0.014));
#4491=CARTESIAN_POINT('',(0.040002,-0.028,0.016));
#4492=CARTESIAN_POINT('',(0.0145,-0.028,0.016));
#4493=CARTESIAN_POINT('',(0.02,-0.028,0.016));
#4494=CARTESIAN_POINT('',(0.038,-0.028,0.016));
#4495=CARTESIAN_POINT('',(0.02,-0.028,0.016));
#4496=CARTESIAN_POINT('',(0.02,-0.024,0.016));
#4497=CARTESIAN_POINT('',(0.040002,-0.024,0.016));
#4498=CARTESIAN_POINT('',(0.04,-0.024,0.016));
#4499=CARTESIAN_POINT('',(0.04,-0.028,0.016));
#4500=CARTESIAN_POINT('',(0.04,-0.032,0.016));
#4501=CARTESIAN_POINT('',(0.040002,-0.032,0.016));
#4502=CARTESIAN_POINT('',(0.038,-0.032,0.016));
#4503=CARTESIAN_POINT('',(0.038,-0.02925,0.016));
#4504=CARTESIAN_POINT('',(-0.0028,0.,0.0084));
#4505=CARTESIAN_POINT('',(0.0168506,-0.028,0.0149502));
#4506=CARTESIAN_POINT('',(0.0145,-0.028,0.0141666666666667));
#4507=CARTESIAN_POINT('',(0.0145,-0.02925,0.0141666666666667));
#4508=CARTESIAN_POINT('',(0.0145,-0.0319247691666667,0.0141666666666667));
#4509=CARTESIAN_POINT('',(0.017,-0.031958965,0.015));
#4510=CARTESIAN_POINT('',(0.014,-0.03191793,0.014));
#4511=CARTESIAN_POINT('',(0.014,-0.027876895,0.014));
#4512=CARTESIAN_POINT('',(0.014,-0.02383586,0.014));
#4513=CARTESIAN_POINT('',(0.02,-0.024,0.016));
#4514=CARTESIAN_POINT('',(2.00000000000027E-6,-0.036,0.0151441767916793));
#4515=CARTESIAN_POINT('',(2.00000000000027E-6,-0.0354889342306434,0.0152535222782777));
#4516=CARTESIAN_POINT('',(-0.0055,-0.0354889342306434,0.0152535222782777));
#4517=CARTESIAN_POINT('',(-0.0101504929569498,-0.0354889342306434,0.0152535222782777));
#4518=CARTESIAN_POINT('',(-0.0101504929569498,-0.032,0.016));
#4519=CARTESIAN_POINT('',(-0.0101504929569498,-0.032,0.016));
#4520=CARTESIAN_POINT('',(2.00000000000027E-6,-0.032,0.016));
#4521=CARTESIAN_POINT('',(-0.014,-0.032,0.016));
#4522=CARTESIAN_POINT('',(-0.014,-0.036,0.0151441767916793));
#4523=CARTESIAN_POINT('',(-0.014,-0.036,0.0151441767916793));
#4524=CARTESIAN_POINT('',(-0.014,-0.036,0.0151441767916793));
#4525=CARTESIAN_POINT('',(-0.014,-0.04,0.0142883535833585));
#4526=CARTESIAN_POINT('',(2.00000000000027E-6,-0.04,0.0142883535833585));
#4527=CARTESIAN_POINT('',(-0.0111,-0.04,0.0142883535833585));
#4528=CARTESIAN_POINT('',(-0.0111,-0.038,0.0147162651875189));
#4529=CARTESIAN_POINT('',(2.00000000000027E-6,-0.04,0.0142883535833585));
#4530=CARTESIAN_POINT('',(0.0111,-0.04,0.0142883535833585));
#4531=CARTESIAN_POINT('',(0.0111,-0.038,0.0147162651875189));
#4532=CARTESIAN_POINT('',(2.00000000000027E-6,-0.04,0.0142883535833585));
#4533=CARTESIAN_POINT('',(0.014,-0.04,0.0142883535833585));
#4534=CARTESIAN_POINT('',(0.014,-0.036,0.0151441767916793));
#4535=CARTESIAN_POINT('',(0.014,-0.036,0.0151441767916793));
#4536=CARTESIAN_POINT('',(0.014,-0.036,0.0151441767916793));
#4537=CARTESIAN_POINT('',(0.014,-0.032,0.016));
#4538=CARTESIAN_POINT('',(2.00000000000027E-6,-0.032,0.016));
#4539=CARTESIAN_POINT('',(0.0101504929569498,-0.032,0.016));
#4540=CARTESIAN_POINT('',(0.0101504929569498,-0.036,0.0151441767916793));
#4541=CARTESIAN_POINT('',(0.0101504929569498,-0.0354889342306434,0.0152535222782777));
#4542=CARTESIAN_POINT('',(0.0055,-0.0354889342306434,0.0152535222782777));
#4543=CARTESIAN_POINT('',(0.0055,-0.0354889342306434,0.0152535222782777));
#4544=CARTESIAN_POINT('',(0.0055,-0.036,0.0151441767916793));
#4545=CARTESIAN_POINT('',(0.0055,-0.035,0.0153581325937594));
#4546=CARTESIAN_POINT('',(2.00000000000027E-6,-0.035,0.0153581325937594));
#4547=CARTESIAN_POINT('',(-0.0055,-0.035,0.0153581325937594));
#4548=CARTESIAN_POINT('',(-0.0055,-0.0371147564117431,0.0149056681894807));
#4549=CARTESIAN_POINT('',(-0.040002,-0.008,0.014));
#4550=CARTESIAN_POINT('',(-6.12323399573677E-20,0.028,0.014));
#4551=CARTESIAN_POINT('',(-6.12323399573677E-20,0.027,0.014));
#4552=CARTESIAN_POINT('',(-0.0346,-0.013,0.014));
#4553=CARTESIAN_POINT('',(-0.0346,-0.014,0.014));
#4554=CARTESIAN_POINT('',(0.0346,-0.013,0.014));
#4555=CARTESIAN_POINT('',(0.0346,-0.014,0.014));
#4556=CARTESIAN_POINT('',(-0.025027895,0.006974105,0.014));
#4557=CARTESIAN_POINT('',(-0.0053,-0.01275379,0.014));
#4558=CARTESIAN_POINT('',(-0.00305379,-0.015,0.014));
#4559=CARTESIAN_POINT('',(-0.008125,-0.015,0.014));
#4560=CARTESIAN_POINT('',(0.00305379,-0.015,0.014));
#4561=CARTESIAN_POINT('',(0.025027895,0.006974105,0.014));
#4562=CARTESIAN_POINT('',(0.0053,-0.01275379,0.014));
#4563=CARTESIAN_POINT('',(0.0053,0.014,0.014));
#4564=CARTESIAN_POINT('',(0.0053,0.0112517480784391,0.014));
#4565=CARTESIAN_POINT('',(0.00391979196514663,0.0150060823443944,0.014));
#4566=CARTESIAN_POINT('',(0.00253958333333336,0.0187604166666667,0.014));
#4567=CARTESIAN_POINT('',(0.00265,0.01875,0.014));
#4568=CARTESIAN_POINT('',(-2.16840434497101E-19,0.019,0.014));
#4569=CARTESIAN_POINT('',(-0.00265,0.01875,0.014));
#4570=CARTESIAN_POINT('',(-0.00253958333333336,0.0187604166666667,0.014));
#4571=CARTESIAN_POINT('',(-0.00391979196514663,0.0150060823443944,0.014));
#4572=CARTESIAN_POINT('',(-0.0053,0.0112517480784391,0.014));
#4573=CARTESIAN_POINT('',(-0.0053,0.014,0.014));
#4574=CARTESIAN_POINT('',(2.00000000000027E-6,-0.04,0.014));
#4575=CARTESIAN_POINT('',(0.014,-0.04,0.014));
#4576=CARTESIAN_POINT('',(-0.014,-0.027876895,0.014));
#4577=CARTESIAN_POINT('',(-0.014,-0.01575379,0.014));
#4578=CARTESIAN_POINT('',(-0.017,-0.015876895,0.014));
#4579=CARTESIAN_POINT('',(-0.02,-0.0160000000000196,0.014));
#4580=CARTESIAN_POINT('',(-0.040002,-0.016,0.014));
#4581=CARTESIAN_POINT('',(-0.04,-0.016,0.014));
#4582=CARTESIAN_POINT('',(-0.04,-0.008,0.014));
#4583=CARTESIAN_POINT('',(-0.04,-1.7347234759768E-18,0.014));
#4584=CARTESIAN_POINT('',(-0.040002,-1.7347234759768E-18,0.014));
#4585=CARTESIAN_POINT('',(-0.02,0.,0.014));
#4586=CARTESIAN_POINT('',(-0.02,0.,0.014));
#4587=CARTESIAN_POINT('',(-0.014,0.,0.014));
#4588=CARTESIAN_POINT('',(-0.014,0.014,0.014));
#4589=CARTESIAN_POINT('',(-0.014,0.00933333333333334,0.014));
#4590=CARTESIAN_POINT('',(-0.014,0.014,0.014));
#4591=CARTESIAN_POINT('',(-0.014,0.0186666666666667,0.014));
#4592=CARTESIAN_POINT('',(-0.014,0.014,0.014));
#4593=CARTESIAN_POINT('',(-0.014,0.028,0.014));
#4594=CARTESIAN_POINT('',(-0.005298,0.028,0.014));
#4595=CARTESIAN_POINT('',(-0.00649998280776405,0.028,0.014));
#4596=CARTESIAN_POINT('',(-0.00373076923076923,0.0291538461538461,0.014));
#4597=CARTESIAN_POINT('',(-0.000961538461538464,0.0303076923076923,0.014));
#4598=CARTESIAN_POINT('',(2.6074858084755E-17,0.028,0.014));
#4599=CARTESIAN_POINT('',(0.000961538461538464,0.0303076923076923,0.014));
#4600=CARTESIAN_POINT('',(0.00373076923076923,0.0291538461538461,0.014));
#4601=CARTESIAN_POINT('',(0.00649998280776407,0.028,0.014));
#4602=CARTESIAN_POINT('',(-0.040002,0.028,0.014));
#4603=CARTESIAN_POINT('',(0.014,0.028,0.014));
#4604=CARTESIAN_POINT('',(0.014,0.014,0.014));
#4605=CARTESIAN_POINT('',(0.014,0.0186666666666667,0.014));
#4606=CARTESIAN_POINT('',(0.014,0.014,0.014));
#4607=CARTESIAN_POINT('',(0.014,0.00933333333333334,0.014));
#4608=CARTESIAN_POINT('',(0.014,0.014,0.014));
#4609=CARTESIAN_POINT('',(0.014,0.,0.014));
#4610=CARTESIAN_POINT('',(0.02,0.,0.014));
#4611=CARTESIAN_POINT('',(0.02,0.,0.014));
#4612=CARTESIAN_POINT('',(0.040002,-1.7347234759768E-18,0.014));
#4613=CARTESIAN_POINT('',(0.04,-1.7347234759768E-18,0.014));
#4614=CARTESIAN_POINT('',(0.04,-0.008,0.014));
#4615=CARTESIAN_POINT('',(0.04,-0.016,0.014));
#4616=CARTESIAN_POINT('',(0.040002,-0.016,0.014));
#4617=CARTESIAN_POINT('',(0.02,-0.0160000000000196,0.014));
#4618=CARTESIAN_POINT('',(0.017,-0.015876895,0.014));
#4619=CARTESIAN_POINT('',(0.014,-0.01575379,0.014));
#4620=CARTESIAN_POINT('',(0.014,-0.027876895,0.014));
#4621=CARTESIAN_POINT('',(0.014,-0.027876895,0.014));
#4622=CARTESIAN_POINT('',(0.0075,-0.032,0.014));
#4623=CARTESIAN_POINT('',(0.0085,-0.032,0.014));
#4624=CARTESIAN_POINT('',(-0.0075,-0.032,0.014));
#4625=CARTESIAN_POINT('',(-0.0065,-0.032,0.014));
#4626=CARTESIAN_POINT('',(-0.040002,-0.035,0.014));
#4627=CARTESIAN_POINT('',(0.0055,-0.035,0.014));
#4628=CARTESIAN_POINT('',(-0.0055,-0.035,0.014));
#4629=CARTESIAN_POINT('',(0.0055,-0.008,0.014));
#4630=CARTESIAN_POINT('',(0.0055,-0.029,0.014));
#4631=CARTESIAN_POINT('',(-0.040002,-0.029,0.014));
#4632=CARTESIAN_POINT('',(-0.0055,-0.029,0.014));
#4633=CARTESIAN_POINT('',(-0.0055,-0.008,0.014));
#4634=CARTESIAN_POINT('',(0.0111,-0.038,0.014));
#4635=CARTESIAN_POINT('',(0.0111,-0.039,0.014));
#4636=CARTESIAN_POINT('',(-0.0111,-0.038,0.014));
#4637=CARTESIAN_POINT('',(-0.0111,-0.039,0.014));
#4638=CARTESIAN_POINT('',(-0.0053,0.01625,0.018));
#4639=CARTESIAN_POINT('',(-0.0053,-0.01275379,0.018));
#4640=CARTESIAN_POINT('',(-0.0053,-0.01275379,0.016));
#4641=CARTESIAN_POINT('',(-0.0053,0.0112517480784391,0.016));
#4642=CARTESIAN_POINT('',(-0.0053,0.0112517480784391,0.016));
#4643=CARTESIAN_POINT('',(-0.0053,0.014,0.016));
#4644=CARTESIAN_POINT('',(-0.0053,0.,0.016));
#4645=CARTESIAN_POINT('',(-0.0053,-0.01575379,0.016));
#4646=CARTESIAN_POINT('',(-0.0053,-0.000370834558239814,0.016));
#4647=CARTESIAN_POINT('',(-0.0053,-0.01575379,0.016));
#4648=CARTESIAN_POINT('',(-0.005298,0.028,0.015));
#4649=CARTESIAN_POINT('',(0.001,0.028,0.001));
#4650=CARTESIAN_POINT('',(-0.014,0.028,0.016));
#4651=CARTESIAN_POINT('',(-0.013,0.028,0.015));
#4652=CARTESIAN_POINT('',(-0.0065,0.028,0.015));
#4653=CARTESIAN_POINT('',(-0.0065,0.028,0.015));
#4654=CARTESIAN_POINT('',(-0.0065,0.028,0.016));
#4655=CARTESIAN_POINT('',(-0.014,0.028,0.015));
#4656=CARTESIAN_POINT('',(-0.014,0.028,0.015));
#4657=CARTESIAN_POINT('',(-0.014,0.028,0.015));
#4658=CARTESIAN_POINT('',(-0.005298,0.028,0.015));
#4659=CARTESIAN_POINT('',(0.0065,0.028,0.016));
#4660=CARTESIAN_POINT('',(0.0065,0.028,0.015));
#4661=CARTESIAN_POINT('',(0.014,0.028,0.015));
#4662=CARTESIAN_POINT('',(0.013,0.028,0.015));
#4663=CARTESIAN_POINT('',(-0.001,0.028,0.001));
#4664=CARTESIAN_POINT('',(0.014,0.028,0.016));
#4665=CARTESIAN_POINT('',(0.014,0.028,0.015));
#4666=CARTESIAN_POINT('',(0.014,0.028,0.015));
#4667=CARTESIAN_POINT('',(0.014,0.028,0.015));
#4668=CARTESIAN_POINT('',(0.001,0.,0.001));
#4669=CARTESIAN_POINT('',(-0.014,0.014,0.016));
#4670=CARTESIAN_POINT('',(-0.014,0.027,0.016));
#4671=CARTESIAN_POINT('',(-0.014,0.014,0.016));
#4672=CARTESIAN_POINT('',(-0.0104326666666667,0.0305673333333333,0.0124326666666667));
#4673=CARTESIAN_POINT('',(-0.017,0.0275779155312809,0.019));
#4674=CARTESIAN_POINT('',(-0.02,0.0271558310625617,0.022));
#4675=CARTESIAN_POINT('',(-0.02,0.0215611583464978,0.022));
#4676=CARTESIAN_POINT('',(-0.02,0.0152526354417602,0.022));
#4677=CARTESIAN_POINT('',(-0.02,0.0152526354417602,0.022));
#4678=CARTESIAN_POINT('',(-0.001,0.,0.001));
#4679=CARTESIAN_POINT('',(0.017,0.0275779155312809,0.019));
#4680=CARTESIAN_POINT('',(0.02,0.0271558310625617,0.022));
#4681=CARTESIAN_POINT('',(-0.00400066666666649,0.0450006666666668,-0.00200066666666648));
#4682=CARTESIAN_POINT('',(0.014,0.027,0.016));
#4683=CARTESIAN_POINT('',(0.014,0.014,0.016));
#4684=CARTESIAN_POINT('',(0.014,0.014,0.016));
#4685=CARTESIAN_POINT('',(0.02,0.0152526354417602,0.022));
#4686=CARTESIAN_POINT('',(0.02,0.0152526354417602,0.022));
#4687=CARTESIAN_POINT('',(0.02,0.0215611583464978,0.022));
#4688=CARTESIAN_POINT('',(-0.040002,-0.00806231165350225,0.016));
#4689=CARTESIAN_POINT('',(0.0055,-0.032,0.016));
#4690=CARTESIAN_POINT('',(0.0055,-0.03500558509962,0.016));
#4691=CARTESIAN_POINT('',(0.0055,-0.029,0.016));
#4692=CARTESIAN_POINT('',(0.0075,-0.03500558509962,0.016));
#4693=CARTESIAN_POINT('',(0.00962076825889449,-0.03500558509962,0.016));
#4694=CARTESIAN_POINT('',(0.00946674504592065,-0.0358794916318418,0.016));
#4695=CARTESIAN_POINT('',(0.014,-0.023876895,0.016));
#4696=CARTESIAN_POINT('',(0.014,-0.023876895,0.016));
#4697=CARTESIAN_POINT('',(0.014,-0.023876895,0.016));
#4698=CARTESIAN_POINT('',(0.014,-0.02224621,0.016));
#4699=CARTESIAN_POINT('',(0.01725,-0.02224621,0.016));
#4700=CARTESIAN_POINT('',(0.01325,-0.02224621,0.016));
#4701=CARTESIAN_POINT('',(0.0118920234454951,-0.0208433391207109,0.016));
#4702=CARTESIAN_POINT('',(0.01225,-0.0212131502799075,0.016));
#4703=CARTESIAN_POINT('',(0.01225,-0.019,0.016));
#4704=CARTESIAN_POINT('',(0.01225,-0.0167868497200926,0.016));
#4705=CARTESIAN_POINT('',(0.0118920234454951,-0.017156660879289,0.016));
#4706=CARTESIAN_POINT('',(0.01325,-0.01575379,0.016));
#4707=CARTESIAN_POINT('',(0.01725,-0.01575379,0.016));
#4708=CARTESIAN_POINT('',(0.01625,-0.01575379,0.016));
#4709=CARTESIAN_POINT('',(0.040002,-0.0157537887487647,0.016));
#4710=CARTESIAN_POINT('',(0.02,-0.01575379,0.0160000003128089));
#4711=CARTESIAN_POINT('',(0.040002,-0.0157537887487647,0.016));
#4712=CARTESIAN_POINT('',(0.0385,-0.0157537887487647,0.016));
#4713=CARTESIAN_POINT('',(0.0385,-0.00806231165350225,0.016));
#4714=CARTESIAN_POINT('',(0.0385,-0.000370834558239813,0.016));
#4715=CARTESIAN_POINT('',(0.040002,-0.000370834558239813,0.016));
#4716=CARTESIAN_POINT('',(0.014,-0.000370834558239813,0.016));
#4717=CARTESIAN_POINT('',(0.014,0.,0.016));
#4718=CARTESIAN_POINT('',(0.014,-0.000123611519413271,0.016));
#4719=CARTESIAN_POINT('',(0.014,-0.000247223038826541,0.016));
#4720=CARTESIAN_POINT('',(0.014,-0.000370834558239812,0.016));
#4721=CARTESIAN_POINT('',(0.014,-8.67361737988403E-19,0.016));
#4722=CARTESIAN_POINT('',(0.014,0.014,0.016));
#4723=CARTESIAN_POINT('',(0.0065,0.027,0.016));
#4724=CARTESIAN_POINT('',(0.0063,0.027,0.016));
#4725=CARTESIAN_POINT('',(0.000576923076923078,0.0293846153846154,0.016));
#4726=CARTESIAN_POINT('',(0.000576923076923085,0.0293846153846154,0.016));
#4727=CARTESIAN_POINT('',(2.6074858084755E-17,0.028,0.016));
#4728=CARTESIAN_POINT('',(-0.000576923076923078,0.0293846153846154,0.016));
#4729=CARTESIAN_POINT('',(-0.0474646550249121,0.00984806040628661,0.016));
#4730=CARTESIAN_POINT('',(-0.0063,0.027,0.016));
#4731=CARTESIAN_POINT('',(-0.014,0.027,0.016));
#4732=CARTESIAN_POINT('',(-0.014,0.014,0.016));
#4733=CARTESIAN_POINT('',(-0.0140000000000002,0.,0.016));
#4734=CARTESIAN_POINT('',(-0.0139999999999998,-0.002,0.016));
#4735=CARTESIAN_POINT('',(-0.0140000000000002,-0.000370834558239813,0.016));
#4736=CARTESIAN_POINT('',(-0.040002,-0.000370834558239813,0.016));
#4737=CARTESIAN_POINT('',(-0.0385,-0.000370834558239813,0.016));
#4738=CARTESIAN_POINT('',(-0.0385,-0.00806231165350225,0.016));
#4739=CARTESIAN_POINT('',(-0.0385,-0.0157537887487647,0.016));
#4740=CARTESIAN_POINT('',(-0.040002,-0.0157537887487647,0.016));
#4741=CARTESIAN_POINT('',(-0.02,-0.01575379,0.0160000003128089));
#4742=CARTESIAN_POINT('',(-0.040002,-0.0157537887487647,0.016));
#4743=CARTESIAN_POINT('',(-0.01625,-0.01575379,0.016));
#4744=CARTESIAN_POINT('',(-0.01725,-0.01575379,0.016));
#4745=CARTESIAN_POINT('',(-0.01325,-0.01575379,0.016));
#4746=CARTESIAN_POINT('',(-0.0118920234454951,-0.017156660879289,0.016));
#4747=CARTESIAN_POINT('',(-0.01225,-0.0167868497200926,0.016));
#4748=CARTESIAN_POINT('',(-0.01225,-0.019,0.016));
#4749=CARTESIAN_POINT('',(-0.01225,-0.0212131502799075,0.016));
#4750=CARTESIAN_POINT('',(-0.0118920234454951,-0.0208433391207109,0.016));
#4751=CARTESIAN_POINT('',(-0.01325,-0.02224621,0.016));
#4752=CARTESIAN_POINT('',(-0.01725,-0.02224621,0.016));
#4753=CARTESIAN_POINT('',(-0.014,-0.02224621,0.016));
#4754=CARTESIAN_POINT('',(-0.014,-0.023876895,0.016));
#4755=CARTESIAN_POINT('',(-0.014,-0.023876895,0.016));
#4756=CARTESIAN_POINT('',(-0.014,-0.023876895,0.016));
#4757=CARTESIAN_POINT('',(-0.01006830709524,-0.0324663112787853,0.016));
#4758=CARTESIAN_POINT('',(-0.00962076825889449,-0.03500558509962,0.016));
#4759=CARTESIAN_POINT('',(2.00000000000027E-6,-0.03500558509962,0.016));
#4760=CARTESIAN_POINT('',(-0.0055,-0.03500558509962,0.016));
#4761=CARTESIAN_POINT('',(-0.0055,-0.032,0.016));
#4762=CARTESIAN_POINT('',(-0.0055,-0.029,0.016));
#4763=CARTESIAN_POINT('',(-1.7347234759768E-18,-0.029,0.016));
#4764=CARTESIAN_POINT('',(0.0075,-0.032,0.016));
#4765=CARTESIAN_POINT('',(0.0085,-0.032,0.016));
#4766=CARTESIAN_POINT('',(-0.0075,-0.032,0.016));
#4767=CARTESIAN_POINT('',(-0.0065,-0.032,0.016));
#4768=CARTESIAN_POINT('',(0.0023,-0.01575379,0.016));
#4769=CARTESIAN_POINT('',(0.00305379,-0.015,0.016));
#4770=CARTESIAN_POINT('',(0.0053,-0.01275379,0.016));
#4771=CARTESIAN_POINT('',(-0.008125,-0.015,0.016));
#4772=CARTESIAN_POINT('',(-0.00305379,-0.015,0.016));
#4773=CARTESIAN_POINT('',(-0.0023,-0.01575379,0.016));
#4774=CARTESIAN_POINT('',(-0.00391979196514663,0.0150060823443944,0.016));
#4775=CARTESIAN_POINT('',(-0.00253958333333336,0.0187604166666667,0.016));
#4776=CARTESIAN_POINT('',(-0.00265,0.01875,0.016));
#4777=CARTESIAN_POINT('',(2.16840434497101E-19,0.019,0.016));
#4778=CARTESIAN_POINT('',(0.00265,0.01875,0.016));
#4779=CARTESIAN_POINT('',(0.00253958333333336,0.0187604166666667,0.016));
#4780=CARTESIAN_POINT('',(0.00391979196514663,0.0150060823443944,0.016));
#4781=CARTESIAN_POINT('',(0.0053,0.0112517480784391,0.016));
#4782=CARTESIAN_POINT('',(0.0053,-0.01575379,0.016));
#4783=CARTESIAN_POINT('',(-6.12323399573677E-20,0.028,0.016));
#4784=CARTESIAN_POINT('',(-6.12323399573677E-20,0.027,0.016));
#4785=CARTESIAN_POINT('',(-0.0346,-0.013,0.016));
#4786=CARTESIAN_POINT('',(-0.0336,-0.013,0.016));
#4787=CARTESIAN_POINT('',(0.0346,-0.013,0.016));
#4788=CARTESIAN_POINT('',(0.0356,-0.013,0.016));
#4789=CARTESIAN_POINT('',(6.13317366673349E-18,0.,6.1331736667335E-18));
#4790=CARTESIAN_POINT('',(-0.02,0.02162347,0.02));
#4791=CARTESIAN_POINT('',(-0.02,0.01562347,0.02));
#4792=CARTESIAN_POINT('',(-0.02,0.016,0.02));
#4793=CARTESIAN_POINT('',(-0.015999,0.016,0.015999));
#4794=CARTESIAN_POINT('',(-0.016,0.016,0.016));
#4795=CARTESIAN_POINT('',(-0.016,0.02162347,0.016));
#4796=CARTESIAN_POINT('',(-0.016,0.0216522677777777,0.016));
#4797=CARTESIAN_POINT('',(-0.02,0.02762347,0.02));
#4798=CARTESIAN_POINT('',(-0.017,0.0124784016666667,0.017));
#4799=CARTESIAN_POINT('',(-0.02,0.02762347,0.02));
#4800=CARTESIAN_POINT('',(-0.014,0.0186666666666667,0.014));
#4801=CARTESIAN_POINT('',(-0.02,0.02774898,0.0199686225));
#4802=CARTESIAN_POINT('',(-0.014,0.0217777777777778,0.014));
#4803=CARTESIAN_POINT('',(-0.02,0.02787449,0.019937245));
#4804=CARTESIAN_POINT('',(-0.014,0.0248888888888889,0.014));
#4805=CARTESIAN_POINT('',(-0.02,0.028,0.0199058675));
#4806=CARTESIAN_POINT('',(-0.014,0.028,0.014));
#4807=CARTESIAN_POINT('',(-0.016,0.0216522677777777,0.016));
#4808=CARTESIAN_POINT('',(-0.0160071112921211,0.0231015124131481,0.016));
#4809=CARTESIAN_POINT('',(-0.0160143332404629,0.0245507565035911,0.016));
#4810=CARTESIAN_POINT('',(-0.0160216729869151,0.026,0.016));
#4811=CARTESIAN_POINT('',(-0.0160216729869151,0.026,0.016));
#4812=CARTESIAN_POINT('',(-0.0160216729869151,0.026,0.016));
#4813=CARTESIAN_POINT('',(-0.0169929687317041,0.026,0.0169631892705404));
#4814=CARTESIAN_POINT('',(-0.0179725817406035,0.026,0.0179185144545791));
#4815=CARTESIAN_POINT('',(-0.0189124669106277,0.026,0.0189124669106277));
#4816=CARTESIAN_POINT('',(-0.0189124669106277,0.026,0.0189124669106277));
#4817=CARTESIAN_POINT('',(-0.02,0.02762347,0.02));
#4818=CARTESIAN_POINT('',(-0.02,0.02762347,0.02));
#4819=CARTESIAN_POINT('',(-0.02,0.03562347,0.018));
#4820=CARTESIAN_POINT('',(-0.02,0.028,0.0199058675));
#4821=CARTESIAN_POINT('',(-0.017,0.028,0.01695293375));
#4822=CARTESIAN_POINT('',(-0.040002,0.0074409004417602,0.019));
#4823=CARTESIAN_POINT('',(-0.0404401214589571,0.00126331723526667,0.0166275757409231));
#4824=CARTESIAN_POINT('',(-0.02,-1.7347234759768E-18,0.0161424144155837));
#4825=CARTESIAN_POINT('',(-0.02,0.0074409004417602,0.019));
#4826=CARTESIAN_POINT('',(-0.040002,0.0152526354417602,0.022));
#4827=CARTESIAN_POINT('',(-0.0385,0.0152526354417602,0.022));
#4828=CARTESIAN_POINT('',(-0.0385,-0.000370834558239813,0.016));
#4829=CARTESIAN_POINT('',(-0.040002,-0.041347725,0.014));
#4830=CARTESIAN_POINT('',(-0.040002,-0.032,0.016));
#4831=CARTESIAN_POINT('',(-0.04,-0.032,0.016));
#4832=CARTESIAN_POINT('',(-0.038,-0.032,0.016));
#4833=CARTESIAN_POINT('',(-0.038,-0.0281424257798259,0.0168253503863612));
#4834=CARTESIAN_POINT('',(-0.038,-0.038,0.0147162651875189));
#4835=CARTESIAN_POINT('',(-0.0145,-0.038,0.0147162651875189));
#4836=CARTESIAN_POINT('',(-0.02,-0.04,0.0142883535833585));
#4837=CARTESIAN_POINT('',(-0.04,-0.04,0.0142883535833585));
#4838=CARTESIAN_POINT('',(-0.04,-0.041347725,0.014));
#4839=CARTESIAN_POINT('',(-0.040002,-0.028,0.016));
#4840=CARTESIAN_POINT('',(-0.0145,-0.028,0.016));
#4841=CARTESIAN_POINT('',(-0.038,-0.028,0.016));
#4842=CARTESIAN_POINT('',(-0.038,-0.02925,0.016));
#4843=CARTESIAN_POINT('',(-0.04,-0.028,0.016));
#4844=CARTESIAN_POINT('',(-0.04,-0.024,0.016));
#4845=CARTESIAN_POINT('',(-0.040002,-0.024,0.016));
#4846=CARTESIAN_POINT('',(-0.040002,-0.02,0.015));
#4847=CARTESIAN_POINT('',(-0.02,-0.02,0.015));
#4848=CARTESIAN_POINT('',(-0.04,-0.02,0.015));
#4849=CARTESIAN_POINT('',(-0.040002,-0.0416627264930677,0.0159778684612867));
#4850=CARTESIAN_POINT('',(-0.02,-0.0416627264930677,0.0159778684612867));
#4851=CARTESIAN_POINT('',(-0.02,-0.0322115617242083,0.018));
#4852=CARTESIAN_POINT('',(-0.02,-0.038951638569997,0.0165579214523772));
#4853=CARTESIAN_POINT('',(-0.040002,-0.0322115617242083,0.018));
#4854=CARTESIAN_POINT('',(-0.0385,-0.0322115617242083,0.018));
#4855=CARTESIAN_POINT('',(-0.0385,-0.040418441261927,0.0162440905059319));
#4856=CARTESIAN_POINT('',(-0.0385,-0.038951638569997,0.0165579214523772));
#4857=CARTESIAN_POINT('',(-0.040002,-0.038951638569997,0.0165579214523772));
#4858=CARTESIAN_POINT('',(-0.040002,-0.0197537887487647,0.017));
#4859=CARTESIAN_POINT('',(-0.02,-0.0197537887487647,0.017));
#4860=CARTESIAN_POINT('',(-0.02,-0.0237537887487647,0.018));
#4861=CARTESIAN_POINT('',(-0.0385,-0.0237537887487647,0.018));
#4862=CARTESIAN_POINT('',(-0.0385,-0.0237537887487647,0.018));
#4863=CARTESIAN_POINT('',(-0.040002,-0.0237537887487647,0.018));
#4864=CARTESIAN_POINT('',(-0.040002,-0.0279826752364865,0.018));
#4865=CARTESIAN_POINT('',(-0.02,-0.0279826752364865,0.018));
#4866=CARTESIAN_POINT('',(-0.0385,-0.0279826752364865,0.018));
#4867=CARTESIAN_POINT('',(-0.02,-0.0452305157740879,0.0387350651155262));
#4868=CARTESIAN_POINT('',(-0.02,-0.0452305157740879,0.0387350651155262));
#4869=CARTESIAN_POINT('',(-0.02,-0.0401046103154818,0.0147772878140019));
#4870=CARTESIAN_POINT('',(-0.02,-0.0401046103154818,0.0147772878140019));
#4871=CARTESIAN_POINT('',(-0.04,-0.0401046103154818,0.0147772878140019));
#4872=CARTESIAN_POINT('',(-0.04,-0.0452305157740879,0.0387350651155262));
#4873=CARTESIAN_POINT('',(-0.040002,-0.038951638569997,0.0165579214523772));
#4874=CARTESIAN_POINT('',(-0.02,-0.038951638569997,0.0165579214523772));
#4875=CARTESIAN_POINT('',(-0.0220580276566643,-0.0263135522020581,0.0360760074762307));
#4876=CARTESIAN_POINT('',(-0.040002,0.007811735,0.017));
#4877=CARTESIAN_POINT('',(-0.02,0.007811735,0.017));
#4878=CARTESIAN_POINT('',(-0.04,0.007811735,0.017));
#4879=CARTESIAN_POINT('',(-0.04,0.01562347,0.02));
#4880=CARTESIAN_POINT('',(-0.040002,0.01562347,0.02));
#4881=CARTESIAN_POINT('',(-0.040002,0.02162347,0.02));
#4882=CARTESIAN_POINT('',(-0.038,0.021,0.02));
#4883=CARTESIAN_POINT('',(-0.038,0.016,0.02));
#4884=CARTESIAN_POINT('',(-0.038,0.026,0.02));
#4885=CARTESIAN_POINT('',(-0.029,0.016,0.02));
#4886=CARTESIAN_POINT('',(-0.04,0.02162347,0.02));
#4887=CARTESIAN_POINT('',(-0.04,0.02762347,0.02));
#4888=CARTESIAN_POINT('',(-0.040002,0.02762347,0.02));
#4889=CARTESIAN_POINT('',(-0.02,0.02162347,0.02));
#4890=CARTESIAN_POINT('',(-0.02,0.026,0.02));
#4891=CARTESIAN_POINT('',(-0.029,0.026,0.02));
#4892=CARTESIAN_POINT('',(-0.040002,0.03562347,0.018));
#4893=CARTESIAN_POINT('',(-0.04,0.03562347,0.018));
#4894=CARTESIAN_POINT('',(-0.04,0.0359741371303777,0.0179123332174055));
#4895=CARTESIAN_POINT('',(-0.0371812079449399,0.0359741371303777,0.0179123332174055));
#4896=CARTESIAN_POINT('',(-0.0343624158898798,0.0359741371303777,0.0179123332174055));
#4897=CARTESIAN_POINT('',(-0.0302092194678081,0.0319870685651888,0.0189091003587028));
#4898=CARTESIAN_POINT('',(-0.0260560230457364,0.028,0.0199058675));
#4899=CARTESIAN_POINT('',(-0.0130280115228682,0.028,0.0199058675));
#4900=CARTESIAN_POINT('',(-0.040002,0.0215611583464978,0.022));
#4901=CARTESIAN_POINT('',(-0.040002,0.0271558310625617,0.022));
#4902=CARTESIAN_POINT('',(-0.0266015490235698,0.0271558310625617,0.022));
#4903=CARTESIAN_POINT('',(-0.0324500210286039,0.0315690861016888,0.022));
#4904=CARTESIAN_POINT('',(-0.0275475475682339,0.0278696812512353,0.022));
#4905=CARTESIAN_POINT('',(-0.040002,0.0278696812512353,0.022));
#4906=CARTESIAN_POINT('',(-0.0385,0.0278696812512353,0.022));
#4907=CARTESIAN_POINT('',(-0.0385,0.0215611583464978,0.022));
#4908=CARTESIAN_POINT('',(-0.0130280115228682,0.0340633906259084,0.0441594300036333));
#4909=CARTESIAN_POINT('',(0.,0.0281212678125181,0.0203909387500727));
#4910=CARTESIAN_POINT('',(-0.0260560230457364,0.0281212678125181,0.0203909387500727));
#4911=CARTESIAN_POINT('',(-0.02,0.0281212678125181,0.0203909387500727));
#4912=CARTESIAN_POINT('',(-0.02,0.0340633906259084,0.0441594300036333));
#4913=CARTESIAN_POINT('',(-0.0260560230457364,0.0340633906259084,0.0441594300036333));
#4914=CARTESIAN_POINT('',(-0.0130280115228682,0.0281212678125181,0.0203909387500727));
#4915=CARTESIAN_POINT('',(-0.02,0.0281212678125181,0.0203909387500727));
#4916=CARTESIAN_POINT('',(-0.0250407371132399,0.0299180554830864,0.0173962926324591));
#4917=CARTESIAN_POINT('',(-0.04,0.01425,0.018));
#4918=CARTESIAN_POINT('',(-0.04,-0.0318977307777631,0.01653319730807));
#4919=CARTESIAN_POINT('',(-0.04,-0.0320528904310521,0.0165));
#4920=CARTESIAN_POINT('',(-0.04,0.01425,0.0165));
#4921=CARTESIAN_POINT('',(-0.04,-0.0239384471871912,0.0165));
#4922=CARTESIAN_POINT('',(-0.04,-0.0161175921863192,0.014544786249782));
#4923=CARTESIAN_POINT('',(-0.04,-0.0159384471871912,0.0145));
#4924=CARTESIAN_POINT('',(-0.04,0.01425,0.0145));
#4925=CARTESIAN_POINT('',(-0.04,-9.27086395599606E-5,0.0145));
#4926=CARTESIAN_POINT('',(-0.04,0.0157903991939579,0.0205997106917418));
#4927=CARTESIAN_POINT('',(-0.04,0.0155307613604401,0.0205));
#4928=CARTESIAN_POINT('',(-0.04,0.01425,0.0205));
#4929=CARTESIAN_POINT('',(-0.04,0.0276850228128089,0.0205));
#4930=CARTESIAN_POINT('',(-0.04,0.0360954049428959,0.0183974044674782));
#4931=CARTESIAN_POINT('',(-0.04,0.0360954049428959,0.0183974044674782));
#4932=CARTESIAN_POINT('',(-0.04,0.0420375277562861,0.0421658957210388));
#4933=CARTESIAN_POINT('',(-0.040002,0.035989111250654,0.0199701425001453));
#4934=CARTESIAN_POINT('',(-0.04,0.0350039946302324,0.0202164216552508));
#4935=CARTESIAN_POINT('',(-0.0349791240046892,0.0350039946302324,0.0202164216552508));
#4936=CARTESIAN_POINT('',(-0.0385,0.0350039946302324,0.0202164216552508));
#4937=CARTESIAN_POINT('',(-0.0385,0.0278696812512353,0.022));
#4938=CARTESIAN_POINT('',(-0.0354174879448736,0.0354248240128094,0.0201112143096065));
#4939=CARTESIAN_POINT('',(-0.0371812079449399,0.0420375277562861,0.0421658957210388));
#4940=CARTESIAN_POINT('',(-0.0343624158898798,0.0360954049428959,0.0183974044674782));
#4941=CARTESIAN_POINT('',(-0.0343624158898798,0.0360954049428959,0.0183974044674782));
#4942=CARTESIAN_POINT('',(-0.0343624158898798,0.0420375277562861,0.0421658957210388));
#4943=CARTESIAN_POINT('',(-0.0302092194678081,0.0380504591910972,0.0431626628623361));
#4944=CARTESIAN_POINT('',(-0.0260560230457364,0.0281212678125181,0.0203909387500727));
#4945=CARTESIAN_POINT('',(-0.0302092194678081,0.032108336377707,0.0193941716087754));
#4946=CARTESIAN_POINT('',(-0.034817757718282,0.0352895702937785,0.0197404622160072));
#4947=CARTESIAN_POINT('',(-0.0371812079449399,0.0360954049428959,0.0183974044674782));
#4948=CARTESIAN_POINT('',(-0.0390604026483133,0.0354117474499744,0.0195368336223474));
#4949=CARTESIAN_POINT('',(-0.04,0.0156285307536946,0.0235141230147786));
#4950=CARTESIAN_POINT('',(-0.0392408023100763,0.0277784843193944,0.0212591976899238));
#4951=CARTESIAN_POINT('',(-0.0385,0.0215611583464978,0.022));
#4952=CARTESIAN_POINT('',(-0.0390749709498701,0.0153592449908581,0.02142502905013));
#4953=CARTESIAN_POINT('',(-0.04,0.0135779204926014,0.0197500356702428));
#4954=CARTESIAN_POINT('',(-0.0377989839367872,-0.000500815049300061,0.0167010160632128));
#4955=CARTESIAN_POINT('',(-0.0385,-0.00806231165350225,0.016));
#4956=CARTESIAN_POINT('',(-0.0417372881932704,-0.016152317137102,0.0127627118067296));
#4957=CARTESIAN_POINT('',(-0.04,0.0116506795772241,0.0076027183088962));
#4958=CARTESIAN_POINT('',(-0.0422410484487088,-0.0242143328585089,0.0142589515512912));
#4959=CARTESIAN_POINT('',(-0.0385,-0.0279826752364865,0.018));
#4960=CARTESIAN_POINT('',(-0.038722423216817,-0.0321880336045815,0.017777576783183));
#4961=CARTESIAN_POINT('',(-0.04,0.012530056347997,0.0260387801372097));
#4962=CARTESIAN_POINT('',(-0.02,0.0152526354417602,0.022));
#4963=CARTESIAN_POINT('',(-0.014,0.014,0.016));
#4964=CARTESIAN_POINT('',(-0.02,0.0101684236278401,0.0200474714718612));
#4965=CARTESIAN_POINT('',(-0.014,0.00933333333333334,0.016));
#4966=CARTESIAN_POINT('',(-0.02,0.00508421181392008,0.0180949429437225));
#4967=CARTESIAN_POINT('',(-0.014,0.00466666666666666,0.016));
#4968=CARTESIAN_POINT('',(-0.02,-6.93889390390723E-18,0.0161424144155837));
#4969=CARTESIAN_POINT('',(-0.014,0.,0.016));
#4970=CARTESIAN_POINT('',(-0.017,-3.46944695195361E-18,0.0160712072077919));
#4971=CARTESIAN_POINT('',(-0.02,0.0281212678125181,0.0203909387500727));
#4972=CARTESIAN_POINT('',(-0.014,0.028,0.015));
#4973=CARTESIAN_POINT('',(-0.02,0.0277994555625327,0.0209272925000485));
#4974=CARTESIAN_POINT('',(-0.014,0.028,0.0153333333333333));
#4975=CARTESIAN_POINT('',(-0.02,0.0274776433125472,0.0214636462500243));
#4976=CARTESIAN_POINT('',(-0.014,0.028,0.0156666666666666));
#4977=CARTESIAN_POINT('',(-0.02,0.0271558310625617,0.022));
#4978=CARTESIAN_POINT('',(-0.014,0.028,0.016));
#4979=CARTESIAN_POINT('',(-0.017,0.0280606339062591,0.0176954693750364));
#4980=CARTESIAN_POINT('',(-0.02,0.028,0.0199058675));
#4981=CARTESIAN_POINT('',(-0.014,0.028,0.014));
#4982=CARTESIAN_POINT('',(-0.02,0.0280404226041727,0.0200675579166909));
#4983=CARTESIAN_POINT('',(-0.014,0.028,0.0143333333333333));
#4984=CARTESIAN_POINT('',(-0.02,0.0280808452083454,0.0202292483333818));
#4985=CARTESIAN_POINT('',(-0.014,0.028,0.0146666666666667));
#4986=CARTESIAN_POINT('',(-0.02,0.0281212678125181,0.0203909387500727));
#4987=CARTESIAN_POINT('',(-0.014,0.028,0.015));
#4988=CARTESIAN_POINT('',(6.13317366673349E-18,0.,6.1331736667335E-18));
#4989=CARTESIAN_POINT('',(-0.015999,0.026,0.015999));
#4990=CARTESIAN_POINT('',(-0.02,-5.20417042793042E-18,0.014));
#4991=CARTESIAN_POINT('',(-0.014,0.,0.014));
#4992=CARTESIAN_POINT('',(-0.02,0.00520782333333333,0.016));
#4993=CARTESIAN_POINT('',(-0.014,0.00311111111111111,0.014));
#4994=CARTESIAN_POINT('',(-0.02,0.0104156466666667,0.018));
#4995=CARTESIAN_POINT('',(-0.014,0.00622222222222223,0.014));
#4996=CARTESIAN_POINT('',(-0.02,0.01562347,0.02));
#4997=CARTESIAN_POINT('',(-0.014,0.00933333333333333,0.014));
#4998=CARTESIAN_POINT('',(-0.02,-0.024,0.016));
#4999=CARTESIAN_POINT('',(-0.014,-0.02383586,0.014));
#5000=CARTESIAN_POINT('',(-0.02,-0.0213333333333333,0.0153333333333333));
#5001=CARTESIAN_POINT('',(-0.014,-0.0211418366666667,0.014));
#5002=CARTESIAN_POINT('',(-0.02,-0.0186666666666667,0.0146666666666667));
#5003=CARTESIAN_POINT('',(-0.014,-0.0184478133333333,0.014));
#5004=CARTESIAN_POINT('',(-0.02,-0.016,0.014));
#5005=CARTESIAN_POINT('',(-0.014,-0.01575379,0.014));
#5006=CARTESIAN_POINT('',(-0.02,-0.0401046103154818,0.0147772878140019));
#5007=CARTESIAN_POINT('',(-0.014,-0.04,0.0142883535833585));
#5008=CARTESIAN_POINT('',(-0.02,-0.0400697402103211,0.0146143097371207));
#5009=CARTESIAN_POINT('',(-0.014,-0.04,0.014192235722239));
#5010=CARTESIAN_POINT('',(-0.02,-0.0400348701051606,0.0144513316602396));
#5011=CARTESIAN_POINT('',(-0.014,-0.04,0.0140961178611195));
#5012=CARTESIAN_POINT('',(-0.02,-0.04,0.0142883535833585));
#5013=CARTESIAN_POINT('',(-0.014,-0.04,0.014));
#5014=CARTESIAN_POINT('',(-0.014,-0.04,0.0141441767916793));
#5015=CARTESIAN_POINT('',(-0.017,-0.0400523051577409,0.0145328206986802));
#5016=CARTESIAN_POINT('',(-0.02,-0.038951638569997,0.0165579214523772));
#5017=CARTESIAN_POINT('',(-0.014,-0.036,0.0151441767916793));
#5018=CARTESIAN_POINT('',(-0.02,-0.0393359624851585,0.0159643769062521));
#5019=CARTESIAN_POINT('',(-0.014,-0.0373333333333334,0.0148589023889057));
#5020=CARTESIAN_POINT('',(-0.02,-0.0397202864003201,0.015370832360127));
#5021=CARTESIAN_POINT('',(-0.014,-0.0386666666666667,0.0145736279861321));
#5022=CARTESIAN_POINT('',(-0.02,-0.0401046103154818,0.0147772878140019));
#5023=CARTESIAN_POINT('',(-0.014,-0.04,0.0142883535833585));
#5024=CARTESIAN_POINT('',(-0.02,-0.038951638569997,0.0165579214523772));
#5025=CARTESIAN_POINT('',(0.00530228667142592,-0.00332804328883548,0.0155548167260648));
#5026=CARTESIAN_POINT('',(-0.02,-0.0322115617242084,0.018));
#5027=CARTESIAN_POINT('',(0.0034,0.,0.0102));
#5028=CARTESIAN_POINT('',(-0.017,-0.0238153418743824,0.017));
#5029=CARTESIAN_POINT('',(-0.02,-0.01575379,0.0160000003128089));
#5030=CARTESIAN_POINT('',(-0.014,-0.01575379,0.016));
#5031=CARTESIAN_POINT('',(-0.02,-0.0184204562495883,0.0166666668752059));
#5032=CARTESIAN_POINT('',(-0.014,-0.0184614916666667,0.016));
#5033=CARTESIAN_POINT('',(-0.02,-0.0210871224991764,0.0173333334376029));
#5034=CARTESIAN_POINT('',(-0.014,-0.0211691933333333,0.016));
#5035=CARTESIAN_POINT('',(-0.02,-0.0237537887487647,0.018));
#5036=CARTESIAN_POINT('',(-0.014,-0.023876895,0.016));
#5037=CARTESIAN_POINT('',(-0.01625,-0.0220935889089812,0.0165886943933962));
#5038=CARTESIAN_POINT('',(-0.0154990897130429,-0.0221436112680014,0.0163957467339145));
#5039=CARTESIAN_POINT('',(-0.0147490664321689,-0.0221944721601828,0.0161995646605819));
#5040=CARTESIAN_POINT('',(-0.014,-0.02224621,0.016));
#5041=CARTESIAN_POINT('',(-0.01625,-0.0220935889089812,0.0165886943933962));
#5042=CARTESIAN_POINT('',(-0.01625,-0.0220935889089812,0.0165886943933962));
#5043=CARTESIAN_POINT('',(-0.0165807314843093,-0.0217379233744384,0.0166426962066859));
#5044=CARTESIAN_POINT('',(-0.0169140446119909,-0.0213831338119371,0.0166830319996135));
#5045=CARTESIAN_POINT('',(-0.0172499999999997,-0.0210292407892898,0.0167093808941898));
#5046=CARTESIAN_POINT('',(-0.01725,-0.0210292407892897,0.0167093808941899));
#5047=CARTESIAN_POINT('',(-0.01725,-0.0210292407892897,0.0167093808941899));
#5048=CARTESIAN_POINT('',(-0.01725,-0.0196275486881899,0.0165208977866276));
#5049=CARTESIAN_POINT('',(-0.01725,-0.0182258565870901,0.0163324146790654));
#5050=CARTESIAN_POINT('',(-0.01725,-0.0168241644859902,0.0161439315715032));
#5051=CARTESIAN_POINT('',(-0.01725,-0.0168241644859902,0.0161439315715031));
#5052=CARTESIAN_POINT('',(-0.01725,-0.0168241644859902,0.0161439315715031));
#5053=CARTESIAN_POINT('',(-0.0169196399188502,-0.0164665929462107,0.0160810979131503));
#5054=CARTESIAN_POINT('',(-0.0165863185218629,-0.0161097974894653,0.0160330578792438));
#5055=CARTESIAN_POINT('',(-0.0162499993481478,-0.0157537893411482,0.0160000000561244));
#5056=CARTESIAN_POINT('',(2.00000000000027E-6,-0.04,0.0141441767916793));
#5057=CARTESIAN_POINT('',(0.014,-0.04,0.0141441767916793));
#5058=CARTESIAN_POINT('',(-0.017,-0.002,0.0160712072077919));
#5059=CARTESIAN_POINT('',(-0.0023,-0.01575379,0.019));
#5060=CARTESIAN_POINT('',(-0.00305379,-0.015,0.019));
#5061=CARTESIAN_POINT('',(-0.029,0.016,0.016));
#5062=CARTESIAN_POINT('',(-0.038,0.016,0.016));
#5063=CARTESIAN_POINT('',(-0.038,0.016,0.016));
#5064=CARTESIAN_POINT('',(-0.029,0.016,0.016));
#5065=CARTESIAN_POINT('',(-0.038,0.021,0.016));
#5066=CARTESIAN_POINT('',(-0.038,0.026,0.016));
#5067=CARTESIAN_POINT('',(-0.038,0.026,0.016));
#5068=CARTESIAN_POINT('',(-0.038,0.021,0.016));
#5069=CARTESIAN_POINT('',(-0.029,0.026,0.016));
#5070=CARTESIAN_POINT('',(-0.029,0.026,0.016));
#5071=CARTESIAN_POINT('',(-0.0299999609611797,0.02162347,0.016));
#5072=CARTESIAN_POINT('',(-0.00265,0.01875,0.016002));
#5073=CARTESIAN_POINT('',(-0.00253958333333336,0.0187604166666667,0.016002));
#5074=CARTESIAN_POINT('',(2.16840434497101E-19,0.019,0.016002));
#5075=CARTESIAN_POINT('',(-0.01725,-0.0160778568943233,0.01725));
#5076=CARTESIAN_POINT('',(-0.01625,-0.0164019237886467,0.0185));
#5077=CARTESIAN_POINT('',(-0.01625,-0.0164019237886467,0.0185));
#5078=CARTESIAN_POINT('',(-0.01725,-0.0164019237886467,0.0185));
#5079=CARTESIAN_POINT('',(-0.01325,-0.0164019237886467,0.0185));
#5080=CARTESIAN_POINT('',(-0.01325,-0.0160778568943233,0.01725));
#5081=CARTESIAN_POINT('',(-0.01725,-0.017051442841485,0.019625));
#5082=CARTESIAN_POINT('',(-0.01625,-0.0177009618943233,0.02075));
#5083=CARTESIAN_POINT('',(-0.01625,-0.0177009618943233,0.02075));
#5084=CARTESIAN_POINT('',(-0.01725,-0.0177009618943233,0.02075));
#5085=CARTESIAN_POINT('',(-0.01325,-0.0177009618943233,0.02075));
#5086=CARTESIAN_POINT('',(-0.01325,-0.017051442841485,0.019625));
#5087=CARTESIAN_POINT('',(-0.01725,-0.019,0.02075));
#5088=CARTESIAN_POINT('',(-0.01625,-0.0202990381056766,0.02075));
#5089=CARTESIAN_POINT('',(-0.01625,-0.0202990381056766,0.02075));
#5090=CARTESIAN_POINT('',(-0.01725,-0.0202990381056766,0.02075));
#5091=CARTESIAN_POINT('',(-0.01325,-0.0202990381056766,0.02075));
#5092=CARTESIAN_POINT('',(-0.01325,-0.019,0.02075));
#5093=CARTESIAN_POINT('',(-0.01725,-0.020948557158515,0.019625));
#5094=CARTESIAN_POINT('',(-0.01625,-0.0215980762113533,0.0185));
#5095=CARTESIAN_POINT('',(-0.01625,-0.0215980762113533,0.0185));
#5096=CARTESIAN_POINT('',(-0.01725,-0.0215980762113533,0.0185));
#5097=CARTESIAN_POINT('',(-0.01325,-0.0215980762113533,0.0185));
#5098=CARTESIAN_POINT('',(-0.01325,-0.020948557158515,0.019625));
#5099=CARTESIAN_POINT('',(-0.01725,-0.0219221431056766,0.01725));
#5100=CARTESIAN_POINT('',(-0.01625,-0.0220274998306752,0.0168436150573998));
#5101=CARTESIAN_POINT('',(-0.01325,-0.0219221431056766,0.01725));
#5102=CARTESIAN_POINT('',(-0.01725,-0.019,0.0185));
#5103=CARTESIAN_POINT('',(-0.01725,-0.019,0.0185));
#5104=CARTESIAN_POINT('',(-0.01725,-0.019,0.0175));
#5105=CARTESIAN_POINT('',(-0.01225,-0.019,0.0185));
#5106=CARTESIAN_POINT('',(-0.01225,-0.019,0.0175));
#5107=CARTESIAN_POINT('',(-0.01725,-0.019,0.018375));
#5108=CARTESIAN_POINT('',(-0.01725,-0.0206300779625101,0.0182490430510296));
#5109=CARTESIAN_POINT('',(-0.01725,-0.0206641555406041,0.0181175980519764));
#5110=CARTESIAN_POINT('',(-0.01725,-0.0194330127018922,0.02025));
#5111=CARTESIAN_POINT('',(-0.01725,-0.0197216878364871,0.01975));
#5112=CARTESIAN_POINT('',(-0.01725,-0.0177009618943233,0.01975));
#5113=CARTESIAN_POINT('',(-0.01725,-0.018278312163513,0.01975));
#5114=CARTESIAN_POINT('',(-0.01725,-0.0172679491924311,0.018));
#5115=CARTESIAN_POINT('',(-0.01725,-0.0173358444593958,0.0181175980519763));
#5116=CARTESIAN_POINT('',(-0.01725,-0.0167217881700412,0.0157490427470721));
#5117=CARTESIAN_POINT('',(-0.01225,-0.019,0.018375));
#5118=CARTESIAN_POINT('',(-0.01225,-0.0201366583424671,0.01903125));
#5119=CARTESIAN_POINT('',(-0.01225,-0.0197216878364871,0.01975));
#5120=CARTESIAN_POINT('',(-0.01225,-0.0206641555406041,0.0181175980519763));
#5121=CARTESIAN_POINT('',(-0.01225,-0.0204968184428233,0.0187630554433053));
#5122=CARTESIAN_POINT('',(-0.01225,-0.0175031815571767,0.0187630554433053));
#5123=CARTESIAN_POINT('',(-0.01225,-0.0173358444593958,0.0181175980519763));
#5124=CARTESIAN_POINT('',(-0.01225,-0.0178633416575329,0.01903125));
#5125=CARTESIAN_POINT('',(-0.01225,-0.018278312163513,0.01975));
#5126=CARTESIAN_POINT('',(-0.01225,-0.019,0.01975));
#5127=CARTESIAN_POINT('',(-0.01625,-0.0160778568943233,0.01725));
#5128=CARTESIAN_POINT('',(-0.0163368738949813,-0.0164830571149182,0.0184667792533267));
#5129=CARTESIAN_POINT('',(-0.01625,-0.017051442841485,0.019625));
#5130=CARTESIAN_POINT('',(-0.0165714285714286,-0.0178865387665629,0.0204285714285714));
#5131=CARTESIAN_POINT('',(-0.01625,-0.019,0.02075));
#5132=CARTESIAN_POINT('',(-0.0165714285714286,-0.0201134612334372,0.0204285714285714));
#5133=CARTESIAN_POINT('',(-0.01625,-0.020948557158515,0.019625));
#5134=CARTESIAN_POINT('',(-0.0163373928178782,-0.0215164582522619,0.0184665808162001));
#5135=CARTESIAN_POINT('',(-0.01625,-0.0219221431056766,0.01725));
#5136=CARTESIAN_POINT('',(-0.01225,-0.0175031815571767,0.0187630554433053));
#5137=CARTESIAN_POINT('',(-0.0122948587181034,-0.0172939499752958,0.018134752113165));
#5138=CARTESIAN_POINT('',(-0.01225,-0.0178633416575329,0.01903125));
#5139=CARTESIAN_POINT('',(-0.0120446428571429,-0.0183968751652215,0.0195446428571428));
#5140=CARTESIAN_POINT('',(-0.01225,-0.019,0.01975));
#5141=CARTESIAN_POINT('',(-0.0120714285714286,-0.0196185895741318,0.0195714285714286));
#5142=CARTESIAN_POINT('',(-0.01225,-0.0201366583424671,0.01903125));
#5143=CARTESIAN_POINT('',(-0.0121790252281798,-0.0205978707340995,0.0180904571609718));
#5144=CARTESIAN_POINT('',(-0.01225,-0.0204968184428233,0.0187630554433053));
#5145=CARTESIAN_POINT('',(0.0053,0.01625,0.018));
#5146=CARTESIAN_POINT('',(0.0053,0.0112517480784391,0.016));
#5147=CARTESIAN_POINT('',(0.0053,-0.01275379,0.018));
#5148=CARTESIAN_POINT('',(-6.13317366673349E-18,0.,6.1331736667335E-18));
#5149=CARTESIAN_POINT('',(0.02,0.02162347,0.02));
#5150=CARTESIAN_POINT('',(0.02,0.01562347,0.02));
#5151=CARTESIAN_POINT('',(0.02,0.016,0.02));
#5152=CARTESIAN_POINT('',(0.017,0.0124784016666667,0.017));
#5153=CARTESIAN_POINT('',(0.02,0.02762347,0.02));
#5154=CARTESIAN_POINT('',(0.016,0.0216522677777777,0.016));
#5155=CARTESIAN_POINT('',(0.016,0.02162347,0.016));
#5156=CARTESIAN_POINT('',(0.016,0.016,0.016));
#5157=CARTESIAN_POINT('',(0.015999,0.016,0.015999));
#5158=CARTESIAN_POINT('',(0.02,0.02762347,0.02));
#5159=CARTESIAN_POINT('',(0.014,0.0186666666666667,0.014));
#5160=CARTESIAN_POINT('',(0.02,0.02774898,0.0199686225));
#5161=CARTESIAN_POINT('',(0.014,0.0217777777777778,0.014));
#5162=CARTESIAN_POINT('',(0.02,0.02787449,0.019937245));
#5163=CARTESIAN_POINT('',(0.014,0.0248888888888889,0.014));
#5164=CARTESIAN_POINT('',(0.02,0.028,0.0199058675));
#5165=CARTESIAN_POINT('',(0.014,0.028,0.014));
#5166=CARTESIAN_POINT('',(0.017,0.028,0.01695293375));
#5167=CARTESIAN_POINT('',(0.02,0.028,0.0199058675));
#5168=CARTESIAN_POINT('',(0.02,0.03562347,0.018));
#5169=CARTESIAN_POINT('',(0.02,0.02762347,0.02));
#5170=CARTESIAN_POINT('',(0.02,0.02762347,0.02));
#5171=CARTESIAN_POINT('',(0.0189124669106277,0.026,0.0189124669106277));
#5172=CARTESIAN_POINT('',(0.0160216729869151,0.026,0.016));
#5173=CARTESIAN_POINT('',(0.0169929687317041,0.026,0.0169631892705404));
#5174=CARTESIAN_POINT('',(0.0179725817406035,0.026,0.0179185144545791));
#5175=CARTESIAN_POINT('',(0.0189124669106277,0.026,0.0189124669106277));
#5176=CARTESIAN_POINT('',(0.0160216729869151,0.026,0.016));
#5177=CARTESIAN_POINT('',(0.016,0.0216522677777777,0.016));
#5178=CARTESIAN_POINT('',(0.0160071112921211,0.0231015124131481,0.016));
#5179=CARTESIAN_POINT('',(0.0160143332404629,0.0245507565035911,0.016));
#5180=CARTESIAN_POINT('',(0.0160216729869151,0.026,0.016));
#5181=CARTESIAN_POINT('',(0.040002,0.0074409004417602,0.019));
#5182=CARTESIAN_POINT('',(0.0404401214589571,0.00126331723526667,0.0166275757409231));
#5183=CARTESIAN_POINT('',(0.02,-1.7347234759768E-18,0.0161424144155837));
#5184=CARTESIAN_POINT('',(0.0385,-0.000370834558239813,0.016));
#5185=CARTESIAN_POINT('',(0.0385,0.0152526354417602,0.022));
#5186=CARTESIAN_POINT('',(0.040002,0.0152526354417602,0.022));
#5187=CARTESIAN_POINT('',(0.02,0.0074409004417602,0.019));
#5188=CARTESIAN_POINT('',(0.040002,-0.041347725,0.014));
#5189=CARTESIAN_POINT('',(0.02,-0.041347725,0.014));
#5190=CARTESIAN_POINT('',(0.02,-0.04,0.0142883535833585));
#5191=CARTESIAN_POINT('',(0.02,-0.038,0.0147162651875189));
#5192=CARTESIAN_POINT('',(0.0145,-0.038,0.0147162651875189));
#5193=CARTESIAN_POINT('',(0.038,-0.038,0.0147162651875189));
#5194=CARTESIAN_POINT('',(0.038,-0.0281424257798259,0.0168253503863612));
#5195=CARTESIAN_POINT('',(0.04,-0.041347725,0.014));
#5196=CARTESIAN_POINT('',(0.04,-0.04,0.0142883535833585));
#5197=CARTESIAN_POINT('',(0.02,-0.04,0.0142883535833585));
#5198=CARTESIAN_POINT('',(0.040002,-0.02,0.015));
#5199=CARTESIAN_POINT('',(0.02,-0.02,0.015));
#5200=CARTESIAN_POINT('',(0.04,-0.02,0.015));
#5201=CARTESIAN_POINT('',(0.040002,-0.0416627264930677,0.0159778684612867));
#5202=CARTESIAN_POINT('',(0.02,-0.0416627264930677,0.0159778684612867));
#5203=CARTESIAN_POINT('',(0.02,-0.0322115617242083,0.018));
#5204=CARTESIAN_POINT('',(0.02,-0.038951638569997,0.0165579214523772));
#5205=CARTESIAN_POINT('',(0.040002,-0.038951638569997,0.0165579214523772));
#5206=CARTESIAN_POINT('',(0.0385,-0.038951638569997,0.0165579214523772));
#5207=CARTESIAN_POINT('',(0.0385,-0.040418441261927,0.0162440905059319));
#5208=CARTESIAN_POINT('',(0.0385,-0.0322115617242083,0.018));
#5209=CARTESIAN_POINT('',(0.040002,-0.0322115617242083,0.018));
#5210=CARTESIAN_POINT('',(0.040002,-0.0197537887487647,0.017));
#5211=CARTESIAN_POINT('',(0.02,-0.0197537887487647,0.017));
#5212=CARTESIAN_POINT('',(0.02,-0.0237537887487647,0.018));
#5213=CARTESIAN_POINT('',(0.040002,-0.0237537887487647,0.018));
#5214=CARTESIAN_POINT('',(0.0385,-0.0237537887487647,0.018));
#5215=CARTESIAN_POINT('',(0.0385,-0.0237537887487647,0.018));
#5216=CARTESIAN_POINT('',(0.040002,-0.0279826752364865,0.018));
#5217=CARTESIAN_POINT('',(0.0385,-0.0279826752364865,0.018));
#5218=CARTESIAN_POINT('',(0.02,-0.0279826752364865,0.018));
#5219=CARTESIAN_POINT('',(0.02,-0.0452305157740879,0.0387350651155262));
#5220=CARTESIAN_POINT('',(0.02,-0.0452305157740879,0.0387350651155262));
#5221=CARTESIAN_POINT('',(0.02,-0.0401046103154818,0.0147772878140019));
#5222=CARTESIAN_POINT('',(0.04,-0.0452305157740879,0.0387350651155262));
#5223=CARTESIAN_POINT('',(0.04,-0.0401046103154818,0.0147772878140019));
#5224=CARTESIAN_POINT('',(0.02,-0.0401046103154818,0.0147772878140019));
#5225=CARTESIAN_POINT('',(0.040002,-0.038951638569997,0.0165579214523772));
#5226=CARTESIAN_POINT('',(0.0220580276566643,-0.0263135522020581,0.0360760074762307));
#5227=CARTESIAN_POINT('',(0.02,-0.038951638569997,0.0165579214523772));
#5228=CARTESIAN_POINT('',(0.040002,0.007811735,0.017));
#5229=CARTESIAN_POINT('',(0.02,0.007811735,0.017));
#5230=CARTESIAN_POINT('',(0.040002,0.01562347,0.02));
#5231=CARTESIAN_POINT('',(0.04,0.01562347,0.02));
#5232=CARTESIAN_POINT('',(0.04,0.007811735,0.017));
#5233=CARTESIAN_POINT('',(0.040002,0.02162347,0.02));
#5234=CARTESIAN_POINT('',(0.038,0.021,0.02));
#5235=CARTESIAN_POINT('',(0.038,0.016,0.02));
#5236=CARTESIAN_POINT('',(0.038,0.026,0.02));
#5237=CARTESIAN_POINT('',(0.029,0.026,0.02));
#5238=CARTESIAN_POINT('',(0.02,0.026,0.02));
#5239=CARTESIAN_POINT('',(0.02,0.02162347,0.02));
#5240=CARTESIAN_POINT('',(0.040002,0.02762347,0.02));
#5241=CARTESIAN_POINT('',(0.04,0.02762347,0.02));
#5242=CARTESIAN_POINT('',(0.04,0.02162347,0.02));
#5243=CARTESIAN_POINT('',(0.029,0.016,0.02));
#5244=CARTESIAN_POINT('',(0.040002,0.03562347,0.018));
#5245=CARTESIAN_POINT('',(0.0130280115228682,0.028,0.0199058675));
#5246=CARTESIAN_POINT('',(0.0260560230457364,0.028,0.0199058675));
#5247=CARTESIAN_POINT('',(0.0302092194678081,0.0319870685651888,0.0189091003587028));
#5248=CARTESIAN_POINT('',(0.0343624158898798,0.0359741371303777,0.0179123332174055));
#5249=CARTESIAN_POINT('',(0.0371812079449399,0.0359741371303777,0.0179123332174055));
#5250=CARTESIAN_POINT('',(0.04,0.0359741371303777,0.0179123332174055));
#5251=CARTESIAN_POINT('',(0.04,0.03562347,0.018));
#5252=CARTESIAN_POINT('',(0.040002,0.0215611583464978,0.022));
#5253=CARTESIAN_POINT('',(0.0385,0.0215611583464978,0.022));
#5254=CARTESIAN_POINT('',(0.0385,0.0278696812512353,0.022));
#5255=CARTESIAN_POINT('',(0.040002,0.0278696812512353,0.022));
#5256=CARTESIAN_POINT('',(0.0275475475682339,0.0278696812512353,0.022));
#5257=CARTESIAN_POINT('',(0.0324500210286039,0.0315690861016888,0.022));
#5258=CARTESIAN_POINT('',(0.0266015490235698,0.0271558310625617,0.022));
#5259=CARTESIAN_POINT('',(0.040002,0.0271558310625617,0.022));
#5260=CARTESIAN_POINT('',(0.0130280115228682,0.0340633906259084,0.0441594300036333));
#5261=CARTESIAN_POINT('',(0.,0.0281212678125181,0.0203909387500727));
#5262=CARTESIAN_POINT('',(0.0260560230457364,0.0281212678125181,0.0203909387500727));
#5263=CARTESIAN_POINT('',(0.02,0.0281212678125181,0.0203909387500727));
#5264=CARTESIAN_POINT('',(0.0260560230457364,0.0340633906259084,0.0441594300036333));
#5265=CARTESIAN_POINT('',(0.02,0.0340633906259084,0.0441594300036333));
#5266=CARTESIAN_POINT('',(0.0130280115228682,0.0281212678125181,0.0203909387500727));
#5267=CARTESIAN_POINT('',(0.0250407371132399,0.0299180554830864,0.0173962926324591));
#5268=CARTESIAN_POINT('',(0.02,0.0281212678125181,0.0203909387500727));
#5269=CARTESIAN_POINT('',(0.04,0.01425,0.018));
#5270=CARTESIAN_POINT('',(0.04,0.0420375277562861,0.0421658957210388));
#5271=CARTESIAN_POINT('',(0.04,0.0360954049428959,0.0183974044674782));
#5272=CARTESIAN_POINT('',(0.04,0.0360954049428959,0.0183974044674782));
#5273=CARTESIAN_POINT('',(0.04,0.0276850228128089,0.0205));
#5274=CARTESIAN_POINT('',(0.04,0.01425,0.0205));
#5275=CARTESIAN_POINT('',(0.04,0.0155307613604401,0.0205));
#5276=CARTESIAN_POINT('',(0.04,0.0157903991939579,0.0205997106917418));
#5277=CARTESIAN_POINT('',(0.04,-9.27086395599606E-5,0.0145));
#5278=CARTESIAN_POINT('',(0.04,0.01425,0.0145));
#5279=CARTESIAN_POINT('',(0.04,-0.0159384471871912,0.0145));
#5280=CARTESIAN_POINT('',(0.04,-0.0161175921863192,0.014544786249782));
#5281=CARTESIAN_POINT('',(0.04,-0.0239384471871912,0.0165));
#5282=CARTESIAN_POINT('',(0.04,0.01425,0.0165));
#5283=CARTESIAN_POINT('',(0.04,-0.0320528904310521,0.0165));
#5284=CARTESIAN_POINT('',(0.04,-0.0318977307777631,0.01653319730807));
#5285=CARTESIAN_POINT('',(0.040002,0.035989111250654,0.0199701425001453));
#5286=CARTESIAN_POINT('',(0.04,0.0350039946302324,0.0202164216552508));
#5287=CARTESIAN_POINT('',(0.0349791240046892,0.0350039946302324,0.0202164216552508));
#5288=CARTESIAN_POINT('',(0.0385,0.0350039946302324,0.0202164216552508));
#5289=CARTESIAN_POINT('',(0.0354174879448736,0.0354248240128094,0.0201112143096065));
#5290=CARTESIAN_POINT('',(0.0385,0.0278696812512353,0.022));
#5291=CARTESIAN_POINT('',(0.0371812079449399,0.0420375277562861,0.0421658957210388));
#5292=CARTESIAN_POINT('',(0.0343624158898798,0.0420375277562861,0.0421658957210388));
#5293=CARTESIAN_POINT('',(0.0343624158898798,0.0360954049428959,0.0183974044674782));
#5294=CARTESIAN_POINT('',(0.0343624158898798,0.0360954049428959,0.0183974044674782));
#5295=CARTESIAN_POINT('',(0.0302092194678081,0.0380504591910972,0.0431626628623361));
#5296=CARTESIAN_POINT('',(0.0260560230457364,0.0281212678125181,0.0203909387500727));
#5297=CARTESIAN_POINT('',(0.0302092194678081,0.032108336377707,0.0193941716087754));
#5298=CARTESIAN_POINT('',(0.034817757718282,0.0352895702937785,0.0197404622160072));
#5299=CARTESIAN_POINT('',(0.0371812079449399,0.0360954049428959,0.0183974044674782));
#5300=CARTESIAN_POINT('',(0.0390604026483133,0.0354117474499744,0.0195368336223474));
#5301=CARTESIAN_POINT('',(0.04,0.0156285307536946,0.0235141230147786));
#5302=CARTESIAN_POINT('',(0.0392408023100763,0.0277784843193944,0.0212591976899238));
#5303=CARTESIAN_POINT('',(0.0385,0.0215611583464978,0.022));
#5304=CARTESIAN_POINT('',(0.0390749709498701,0.0153592449908581,0.02142502905013));
#5305=CARTESIAN_POINT('',(0.04,0.0135779204926014,0.0197500356702428));
#5306=CARTESIAN_POINT('',(0.0377989839367872,-0.000500815049300061,0.0167010160632128));
#5307=CARTESIAN_POINT('',(0.0385,-0.00806231165350225,0.016));
#5308=CARTESIAN_POINT('',(0.0417372881932704,-0.016152317137102,0.0127627118067296));
#5309=CARTESIAN_POINT('',(0.04,0.0116506795772241,0.0076027183088962));
#5310=CARTESIAN_POINT('',(0.0422410484487088,-0.0242143328585089,0.0142589515512912));
#5311=CARTESIAN_POINT('',(0.0385,-0.0279826752364865,0.018));
#5312=CARTESIAN_POINT('',(0.038722423216817,-0.0321880336045815,0.017777576783183));
#5313=CARTESIAN_POINT('',(0.04,0.012530056347997,0.0260387801372097));
#5314=CARTESIAN_POINT('',(0.02,-5.20417042793042E-18,0.014));
#5315=CARTESIAN_POINT('',(0.014,0.,0.014));
#5316=CARTESIAN_POINT('',(0.02,0.00520782333333333,0.016));
#5317=CARTESIAN_POINT('',(0.014,0.00311111111111111,0.014));
#5318=CARTESIAN_POINT('',(0.02,0.0104156466666667,0.018));
#5319=CARTESIAN_POINT('',(0.014,0.00622222222222223,0.014));
#5320=CARTESIAN_POINT('',(0.02,0.01562347,0.02));
#5321=CARTESIAN_POINT('',(0.014,0.00933333333333333,0.014));
#5322=CARTESIAN_POINT('',(-6.13317366673349E-18,0.,6.1331736667335E-18));
#5323=CARTESIAN_POINT('',(0.015999,0.026,0.015999));
#5324=CARTESIAN_POINT('',(0.02,0.028,0.0199058675));
#5325=CARTESIAN_POINT('',(0.014,0.028,0.014));
#5326=CARTESIAN_POINT('',(0.02,0.0280404226041727,0.0200675579166909));
#5327=CARTESIAN_POINT('',(0.014,0.028,0.0143333333333333));
#5328=CARTESIAN_POINT('',(0.02,0.0280808452083454,0.0202292483333818));
#5329=CARTESIAN_POINT('',(0.014,0.028,0.0146666666666667));
#5330=CARTESIAN_POINT('',(0.02,0.0281212678125181,0.0203909387500727));
#5331=CARTESIAN_POINT('',(0.014,0.028,0.015));
#5332=CARTESIAN_POINT('',(0.017,0.0280606339062591,0.0176954693750364));
#5333=CARTESIAN_POINT('',(0.02,0.0281212678125181,0.0203909387500727));
#5334=CARTESIAN_POINT('',(0.014,0.028,0.015));
#5335=CARTESIAN_POINT('',(0.02,0.0277994555625327,0.0209272925000485));
#5336=CARTESIAN_POINT('',(0.014,0.028,0.0153333333333333));
#5337=CARTESIAN_POINT('',(0.02,0.0274776433125472,0.0214636462500243));
#5338=CARTESIAN_POINT('',(0.014,0.028,0.0156666666666666));
#5339=CARTESIAN_POINT('',(0.02,0.0271558310625617,0.022));
#5340=CARTESIAN_POINT('',(0.014,0.028,0.016));
#5341=CARTESIAN_POINT('',(0.02,0.0152526354417602,0.022));
#5342=CARTESIAN_POINT('',(0.014,0.014,0.016));
#5343=CARTESIAN_POINT('',(0.02,0.0101684236278401,0.0200474714718612));
#5344=CARTESIAN_POINT('',(0.014,0.00933333333333334,0.016));
#5345=CARTESIAN_POINT('',(0.02,0.00508421181392008,0.0180949429437225));
#5346=CARTESIAN_POINT('',(0.014,0.00466666666666666,0.016));
#5347=CARTESIAN_POINT('',(0.02,-6.93889390390723E-18,0.0161424144155837));
#5348=CARTESIAN_POINT('',(0.014,0.,0.016));
#5349=CARTESIAN_POINT('',(0.017,-3.46944695195361E-18,0.0160712072077919));
#5350=CARTESIAN_POINT('',(0.02,-0.01575379,0.0160000003128089));
#5351=CARTESIAN_POINT('',(0.014,-0.01575379,0.016));
#5352=CARTESIAN_POINT('',(0.02,-0.0184204562495883,0.0166666668752059));
#5353=CARTESIAN_POINT('',(0.014,-0.0184614916666667,0.016));
#5354=CARTESIAN_POINT('',(0.02,-0.0210871224991764,0.0173333334376029));
#5355=CARTESIAN_POINT('',(0.014,-0.0211691933333333,0.016));
#5356=CARTESIAN_POINT('',(0.02,-0.0237537887487647,0.018));
#5357=CARTESIAN_POINT('',(0.014,-0.023876895,0.016));
#5358=CARTESIAN_POINT('',(0.01625,-0.0220935889089812,0.0165886943933962));
#5359=CARTESIAN_POINT('',(0.0154990897130429,-0.0221436112680014,0.0163957467339145));
#5360=CARTESIAN_POINT('',(0.0147490664321689,-0.0221944721601828,0.0161995646605819));
#5361=CARTESIAN_POINT('',(0.014,-0.02224621,0.016));
#5362=CARTESIAN_POINT('',(0.01625,-0.0220935889089812,0.0165886943933962));
#5363=CARTESIAN_POINT('',(0.017,-0.0238153418743824,0.017));
#5364=CARTESIAN_POINT('',(0.01725,-0.0168241644859902,0.0161439315715031));
#5365=CARTESIAN_POINT('',(0.0169196399188502,-0.0164665929462107,0.0160810979131503));
#5366=CARTESIAN_POINT('',(0.0165863185218629,-0.0161097974894653,0.0160330578792438));
#5367=CARTESIAN_POINT('',(0.0162499993481478,-0.0157537893411482,0.0160000000561244));
#5368=CARTESIAN_POINT('',(0.01725,-0.0168241644859902,0.0161439315715031));
#5369=CARTESIAN_POINT('',(0.01725,-0.0210292407892897,0.0167093808941899));
#5370=CARTESIAN_POINT('',(0.01725,-0.0196275486881899,0.0165208977866276));
#5371=CARTESIAN_POINT('',(0.01725,-0.0182258565870901,0.0163324146790654));
#5372=CARTESIAN_POINT('',(0.01725,-0.0168241644859902,0.0161439315715032));
#5373=CARTESIAN_POINT('',(0.01725,-0.0210292407892897,0.0167093808941899));
#5374=CARTESIAN_POINT('',(0.01625,-0.0220935889089812,0.0165886943933962));
#5375=CARTESIAN_POINT('',(0.0165807314843093,-0.0217379233744384,0.0166426962066859));
#5376=CARTESIAN_POINT('',(0.0169140446119909,-0.0213831338119371,0.0166830319996135));
#5377=CARTESIAN_POINT('',(0.0172499999999997,-0.0210292407892898,0.0167093808941898));
#5378=CARTESIAN_POINT('',(-0.0034,0.,0.0102));
#5379=CARTESIAN_POINT('',(0.02,-0.0322115617242084,0.018));
#5380=CARTESIAN_POINT('',(-0.00530228667142592,-0.00332804328883548,0.0155548167260648));
#5381=CARTESIAN_POINT('',(0.02,-0.038951638569997,0.0165579214523772));
#5382=CARTESIAN_POINT('',(0.02,-0.038951638569997,0.0165579214523772));
#5383=CARTESIAN_POINT('',(0.014,-0.036,0.0151441767916793));
#5384=CARTESIAN_POINT('',(0.02,-0.0393359624851585,0.0159643769062521));
#5385=CARTESIAN_POINT('',(0.014,-0.0373333333333334,0.0148589023889057));
#5386=CARTESIAN_POINT('',(0.02,-0.0397202864003201,0.015370832360127));
#5387=CARTESIAN_POINT('',(0.014,-0.0386666666666667,0.0145736279861321));
#5388=CARTESIAN_POINT('',(0.02,-0.0401046103154818,0.0147772878140019));
#5389=CARTESIAN_POINT('',(0.014,-0.04,0.0142883535833585));
#5390=CARTESIAN_POINT('',(0.017,-0.0400523051577409,0.0145328206986802));
#5391=CARTESIAN_POINT('',(0.02,-0.0401046103154818,0.0147772878140019));
#5392=CARTESIAN_POINT('',(0.014,-0.04,0.0142883535833585));
#5393=CARTESIAN_POINT('',(0.02,-0.0400697402103211,0.0146143097371207));
#5394=CARTESIAN_POINT('',(0.014,-0.04,0.014192235722239));
#5395=CARTESIAN_POINT('',(0.02,-0.0400348701051606,0.0144513316602396));
#5396=CARTESIAN_POINT('',(0.014,-0.04,0.0140961178611195));
#5397=CARTESIAN_POINT('',(0.02,-0.04,0.0142883535833585));
#5398=CARTESIAN_POINT('',(0.014,-0.04,0.014));
#5399=CARTESIAN_POINT('',(0.017,-0.04,0.0141441767916792));
#5400=CARTESIAN_POINT('',(0.02,-0.04,0.0142883535833585));
#5401=CARTESIAN_POINT('',(0.014,-0.04,0.014));
#5402=CARTESIAN_POINT('',(0.02,-0.0373333333333333,0.0148589023889057));
#5403=CARTESIAN_POINT('',(0.014,-0.0373059766666667,0.014));
#5404=CARTESIAN_POINT('',(0.02,-0.0346666666666667,0.0154294511944528));
#5405=CARTESIAN_POINT('',(0.014,-0.0346119533333333,0.014));
#5406=CARTESIAN_POINT('',(0.02,-0.032,0.016));
#5407=CARTESIAN_POINT('',(0.014,-0.03191793,0.014));
#5408=CARTESIAN_POINT('',(0.02,-0.038,0.0147162651875189));
#5409=CARTESIAN_POINT('',(0.018166811803931,-0.038,0.0144960824730974));
#5410=CARTESIAN_POINT('',(0.0163334766789209,-0.038,0.014277123986724));
#5411=CARTESIAN_POINT('',(0.0145,-0.038,0.0140593565548283));
#5412=CARTESIAN_POINT('',(0.0145,-0.038,0.0140593565548283));
#5413=CARTESIAN_POINT('',(0.0145,-0.038,0.0140593565548283));
#5414=CARTESIAN_POINT('',(0.0145,-0.0359749230555556,0.0140951265921078));
#5415=CARTESIAN_POINT('',(0.0145,-0.0339498461111111,0.0141308966293872));
#5416=CARTESIAN_POINT('',(0.0145,-0.0319247691666667,0.0141666666666667));
#5417=CARTESIAN_POINT('',(0.02,-0.024,0.016));
#5418=CARTESIAN_POINT('',(0.014,-0.02383586,0.014));
#5419=CARTESIAN_POINT('',(0.02,-0.0213333333333333,0.0153333333333333));
#5420=CARTESIAN_POINT('',(0.014,-0.0211418366666667,0.014));
#5421=CARTESIAN_POINT('',(0.02,-0.0186666666666667,0.0146666666666667));
#5422=CARTESIAN_POINT('',(0.014,-0.0184478133333333,0.014));
#5423=CARTESIAN_POINT('',(0.02,-0.016,0.014));
#5424=CARTESIAN_POINT('',(0.014,-0.01575379,0.014));
#5425=CARTESIAN_POINT('',(0.017,-0.002,0.0160712072077919));
#5426=CARTESIAN_POINT('',(0.0023,-0.01575379,0.019));
#5427=CARTESIAN_POINT('',(0.00305379,-0.015,0.019));
#5428=CARTESIAN_POINT('',(0.029,0.016,0.016));
#5429=CARTESIAN_POINT('',(0.029,0.016,0.016));
#5430=CARTESIAN_POINT('',(0.038,0.016,0.016));
#5431=CARTESIAN_POINT('',(0.038,0.016,0.016));
#5432=CARTESIAN_POINT('',(0.038,0.021,0.016));
#5433=CARTESIAN_POINT('',(0.038,0.021,0.016));
#5434=CARTESIAN_POINT('',(0.038,0.026,0.016));
#5435=CARTESIAN_POINT('',(0.038,0.026,0.016));
#5436=CARTESIAN_POINT('',(0.029,0.026,0.016));
#5437=CARTESIAN_POINT('',(0.029,0.026,0.016));
#5438=CARTESIAN_POINT('',(0.0299999609611797,0.02162347,0.016));
#5439=CARTESIAN_POINT('',(0.00265,0.01875,0.016002));
#5440=CARTESIAN_POINT('',(0.00253958333333336,0.0187604166666667,0.016002));
#5441=CARTESIAN_POINT('',(0.01725,-0.0160778568943233,0.01725));
#5442=CARTESIAN_POINT('',(0.01325,-0.0160778568943233,0.01725));
#5443=CARTESIAN_POINT('',(0.01325,-0.0164019237886467,0.0185));
#5444=CARTESIAN_POINT('',(0.01725,-0.0164019237886467,0.0185));
#5445=CARTESIAN_POINT('',(0.01625,-0.0164019237886467,0.0185));
#5446=CARTESIAN_POINT('',(0.01625,-0.0164019237886467,0.0185));
#5447=CARTESIAN_POINT('',(0.01725,-0.017051442841485,0.019625));
#5448=CARTESIAN_POINT('',(0.01325,-0.017051442841485,0.019625));
#5449=CARTESIAN_POINT('',(0.01325,-0.0177009618943233,0.02075));
#5450=CARTESIAN_POINT('',(0.01725,-0.0177009618943233,0.02075));
#5451=CARTESIAN_POINT('',(0.01625,-0.0177009618943233,0.02075));
#5452=CARTESIAN_POINT('',(0.01625,-0.0177009618943233,0.02075));
#5453=CARTESIAN_POINT('',(0.01725,-0.019,0.02075));
#5454=CARTESIAN_POINT('',(0.01325,-0.019,0.02075));
#5455=CARTESIAN_POINT('',(0.01325,-0.0202990381056766,0.02075));
#5456=CARTESIAN_POINT('',(0.01725,-0.0202990381056766,0.02075));
#5457=CARTESIAN_POINT('',(0.01625,-0.0202990381056766,0.02075));
#5458=CARTESIAN_POINT('',(0.01625,-0.0202990381056766,0.02075));
#5459=CARTESIAN_POINT('',(0.01725,-0.020948557158515,0.019625));
#5460=CARTESIAN_POINT('',(0.01325,-0.020948557158515,0.019625));
#5461=CARTESIAN_POINT('',(0.01325,-0.0215980762113533,0.0185));
#5462=CARTESIAN_POINT('',(0.01725,-0.0215980762113533,0.0185));
#5463=CARTESIAN_POINT('',(0.01625,-0.0215980762113533,0.0185));
#5464=CARTESIAN_POINT('',(0.01625,-0.0215980762113533,0.0185));
#5465=CARTESIAN_POINT('',(0.01725,-0.0219221431056766,0.01725));
#5466=CARTESIAN_POINT('',(0.01325,-0.0219221431056766,0.01725));
#5467=CARTESIAN_POINT('',(0.01625,-0.0220274998306752,0.0168436150573998));
#5468=CARTESIAN_POINT('',(0.01725,-0.019,0.0185));
#5469=CARTESIAN_POINT('',(0.01725,-0.019,0.0185));
#5470=CARTESIAN_POINT('',(0.01725,-0.019,0.0175));
#5471=CARTESIAN_POINT('',(0.01225,-0.019,0.0185));
#5472=CARTESIAN_POINT('',(0.01225,-0.019,0.0175));
#5473=CARTESIAN_POINT('',(0.01725,-0.019,0.018375));
#5474=CARTESIAN_POINT('',(0.01725,-0.0167217881700412,0.0157490427470721));
#5475=CARTESIAN_POINT('',(0.01725,-0.0173358444593958,0.0181175980519763));
#5476=CARTESIAN_POINT('',(0.01725,-0.0172679491924311,0.018));
#5477=CARTESIAN_POINT('',(0.01725,-0.018278312163513,0.01975));
#5478=CARTESIAN_POINT('',(0.01725,-0.0177009618943233,0.01975));
#5479=CARTESIAN_POINT('',(0.01725,-0.0197216878364871,0.01975));
#5480=CARTESIAN_POINT('',(0.01725,-0.0194330127018922,0.02025));
#5481=CARTESIAN_POINT('',(0.01725,-0.0206641555406041,0.0181175980519764));
#5482=CARTESIAN_POINT('',(0.01725,-0.0206300779625101,0.0182490430510296));
#5483=CARTESIAN_POINT('',(0.01225,-0.019,0.018375));
#5484=CARTESIAN_POINT('',(0.01225,-0.0201366583424671,0.01903125));
#5485=CARTESIAN_POINT('',(0.01225,-0.0197216878364871,0.01975));
#5486=CARTESIAN_POINT('',(0.01225,-0.0206641555406041,0.0181175980519763));
#5487=CARTESIAN_POINT('',(0.01225,-0.019,0.01975));
#5488=CARTESIAN_POINT('',(0.01225,-0.018278312163513,0.01975));
#5489=CARTESIAN_POINT('',(0.01225,-0.0178633416575329,0.01903125));
#5490=CARTESIAN_POINT('',(0.01225,-0.0173358444593958,0.0181175980519763));
#5491=CARTESIAN_POINT('',(0.01225,-0.0175031815571767,0.0187630554433053));
#5492=CARTESIAN_POINT('',(0.01225,-0.0204968184428233,0.0187630554433053));
#5493=CARTESIAN_POINT('',(0.01625,-0.0160778568943233,0.01725));
#5494=CARTESIAN_POINT('',(0.0163368738949813,-0.0164830571149182,0.0184667792533267));
#5495=CARTESIAN_POINT('',(0.01625,-0.017051442841485,0.019625));
#5496=CARTESIAN_POINT('',(0.0165714285714286,-0.0178865387665629,0.0204285714285714));
#5497=CARTESIAN_POINT('',(0.01625,-0.019,0.02075));
#5498=CARTESIAN_POINT('',(0.0165714285714286,-0.0201134612334372,0.0204285714285714));
#5499=CARTESIAN_POINT('',(0.01625,-0.020948557158515,0.019625));
#5500=CARTESIAN_POINT('',(0.0163373928178782,-0.0215164582522619,0.0184665808162001));
#5501=CARTESIAN_POINT('',(0.01625,-0.0219221431056766,0.01725));
#5502=CARTESIAN_POINT('',(0.01225,-0.0175031815571767,0.0187630554433053));
#5503=CARTESIAN_POINT('',(0.0122948587181034,-0.0172939499752958,0.018134752113165));
#5504=CARTESIAN_POINT('',(0.01225,-0.0178633416575329,0.01903125));
#5505=CARTESIAN_POINT('',(0.0120446428571429,-0.0183968751652215,0.0195446428571428));
#5506=CARTESIAN_POINT('',(0.01225,-0.019,0.01975));
#5507=CARTESIAN_POINT('',(0.0120714285714286,-0.0196185895741318,0.0195714285714286));
#5508=CARTESIAN_POINT('',(0.01225,-0.0201366583424671,0.01903125));
#5509=CARTESIAN_POINT('',(0.0121790252281798,-0.0205978707340995,0.0180904571609718));
#5510=CARTESIAN_POINT('',(0.01225,-0.0204968184428233,0.0187630554433053));
#5511=CARTESIAN_POINT('',(-6.12323399573677E-20,0.028,0.033));
#5512=CARTESIAN_POINT('',(0.0111,-0.038,0.033));
#5513=CARTESIAN_POINT('',(0.0111,-0.038,0.016));
#5514=CARTESIAN_POINT('',(0.0111,-0.039,0.016));
#5515=CARTESIAN_POINT('',(-0.0111,-0.038,0.033));
#5516=CARTESIAN_POINT('',(-0.0111,-0.038,0.016));
#5517=CARTESIAN_POINT('',(-0.0111,-0.039,0.016));
#5518=CARTESIAN_POINT('',(0.0346,-0.013,0.033));
#5519=CARTESIAN_POINT('',(-0.0346,-0.013,0.033));
#5520=CARTESIAN_POINT('',(0.00373076923076923,0.0291538461538461,0.016));
#5521=CARTESIAN_POINT('',(0.000961538461538464,0.0303076923076923,0.016));
#5522=CARTESIAN_POINT('',(0.000961538461538464,0.0303076923076923,0.015));
#5523=CARTESIAN_POINT('',(0.0065,0.028,0.015));
#5524=CARTESIAN_POINT('',(2.6074858084755E-17,0.028,0.016));
#5525=CARTESIAN_POINT('',(-0.000961538461538464,0.0303076923076923,0.016));
#5526=CARTESIAN_POINT('',(-0.000961538461538464,0.0303076923076923,0.015));
#5527=CARTESIAN_POINT('',(2.6074858084755E-17,0.028,0.015));
#5528=CARTESIAN_POINT('',(-0.00373076923076923,0.0291538461538461,0.016));
#5529=CARTESIAN_POINT('',(-0.00373076923076923,0.0291538461538461,0.015));
#5530=CARTESIAN_POINT('',(-0.005298,0.028,0.015));
#5531=CARTESIAN_POINT('',(-0.00655882352941174,0.0282941176470588,0.0147058823529412));
#5532=CARTESIAN_POINT('',(-0.00373076923076923,0.0291538461538461,0.015));
#5533=CARTESIAN_POINT('',(-0.000961538461538464,0.0303076923076923,0.015));
#5534=CARTESIAN_POINT('',(2.6074858084755E-17,0.028,0.016));
#5535=CARTESIAN_POINT('',(0.000961538461538471,0.0303076923076923,0.015));
#5536=CARTESIAN_POINT('',(-0.0207044337324844,0.0382518473885352,0.016));
#5537=CARTESIAN_POINT('',(0.00539211764705878,0.022460588235294,0.0205394117647059));
#5538=CARTESIAN_POINT('',(-0.040002,0.027,0.016));
#5539=CARTESIAN_POINT('',(-0.008125,-0.015,0.016));
#5540=CARTESIAN_POINT('',(0.00391979196514663,0.0150060823443944,0.016));
#5541=CARTESIAN_POINT('',(-0.00391979196514663,0.0150060823443944,0.016));
#5542=CARTESIAN_POINT('',(0.0075,-0.032,0.014));
#5543=CARTESIAN_POINT('',(-0.0075,-0.032,0.014));
#5544=CARTESIAN_POINT('',(-1.7347234759768E-18,-0.029,-0.009));
#5545=CARTESIAN_POINT('',(0.0055,-0.029,-0.009));
#5546=CARTESIAN_POINT('',(-0.0055,-0.029,-0.009));
#5547=CARTESIAN_POINT('',(8.67361737988404E-19,-0.035,-0.009));
#5548=CARTESIAN_POINT('',(-0.0055,-0.035,-0.009));
#5549=CARTESIAN_POINT('',(0.0055,-0.035,-0.009));
#5550=CARTESIAN_POINT('',(0.0055,-0.032,-0.009));
#5551=CARTESIAN_POINT('',(0.0055,-0.0455233741656636,-0.000243528157282569));
#5552=CARTESIAN_POINT('',(-0.0055,-0.032,-0.009));
#5553=CARTESIAN_POINT('',(-0.0055,-0.0354889342306434,0.0152535222782777));
#5554=CARTESIAN_POINT('',(0.0111,-0.038,0.016));
#5555=CARTESIAN_POINT('',(0.0111,-0.038,0.016));
#5556=CARTESIAN_POINT('',(0.0111,-0.036,0.016));
#5557=CARTESIAN_POINT('',(0.,-0.00475005153882034,0.016));
#5558=CARTESIAN_POINT('',(-0.0111,-0.038,0.016));
#5559=CARTESIAN_POINT('',(-0.0111,-0.038,0.016));
#5560=CARTESIAN_POINT('',(-0.0111,-0.036,0.016));
#5561=CARTESIAN_POINT('',(0.,-0.00475005153882034,0.016));
#5562=CARTESIAN_POINT('',(2.00000000000027E-6,-0.0354889342306434,0.0152535222782777));
#5563=CARTESIAN_POINT('',(-0.00869588891570817,-0.0341616757473249,0.0173033219472384));
#5564=CARTESIAN_POINT('',(-0.0095,-0.0323661489827762,0.0167113300000108));
#5565=CARTESIAN_POINT('',(0.0075,-0.035,0.0160086255507092));
#5566=CARTESIAN_POINT('',(0.0103129739931196,-0.0356371906134942,0.015024557168385));
#5567=CARTESIAN_POINT('',(0.0101504929569498,-0.036,0.0151441767916793));
#5568=CARTESIAN_POINT('',(0.0145,-0.02925,0.014));
#5569=CARTESIAN_POINT('',(0.038,-0.02925,0.014));
#5570=CARTESIAN_POINT('',(0.038,-0.028,0.014));
#5571=CARTESIAN_POINT('',(0.038,-0.038,0.014));
#5572=CARTESIAN_POINT('',(0.0145,-0.038,0.014));
#5573=CARTESIAN_POINT('',(0.0145,-0.038,0.014));
#5574=CARTESIAN_POINT('',(0.0145,-0.02925,0.014));
#5575=CARTESIAN_POINT('',(0.0145,-0.028,0.014));
#5576=CARTESIAN_POINT('',(0.0145,-0.028,0.014));
#5577=CARTESIAN_POINT('',(0.0145,-0.038,0.022002));
#5578=CARTESIAN_POINT('',(0.0145,-0.038,0.022002));
#5579=CARTESIAN_POINT('',(0.038,-0.038,0.022002));
#5580=CARTESIAN_POINT('',(0.0145,-0.02925,0.022002));
#5581=CARTESIAN_POINT('',(0.0145,-0.028,0.022002));
#5582=CARTESIAN_POINT('',(0.0145,-0.028,0.022002));
#5583=CARTESIAN_POINT('',(0.038,-0.028,0.022002));
#5584=CARTESIAN_POINT('',(0.038,-0.02925,0.022002));
#5585=CARTESIAN_POINT('',(-0.0145,-0.02925,0.014));
#5586=CARTESIAN_POINT('',(-0.038,-0.02925,0.014));
#5587=CARTESIAN_POINT('',(-0.038,-0.028,0.014));
#5588=CARTESIAN_POINT('',(-0.038,-0.038,0.014));
#5589=CARTESIAN_POINT('',(-0.0145,-0.028,0.014));
#5590=CARTESIAN_POINT('',(-0.0145,-0.028,0.014));
#5591=CARTESIAN_POINT('',(-0.0145,-0.02925,0.014));
#5592=CARTESIAN_POINT('',(-0.0145,-0.038,0.014));
#5593=CARTESIAN_POINT('',(-0.0145,-0.038,0.014));
#5594=CARTESIAN_POINT('',(-0.0145,-0.028,0.022002));
#5595=CARTESIAN_POINT('',(-0.0145,-0.028,0.022002));
#5596=CARTESIAN_POINT('',(-0.038,-0.028,0.022002));
#5597=CARTESIAN_POINT('',(-0.0145,-0.02925,0.022002));
#5598=CARTESIAN_POINT('',(-0.0145,-0.038,0.022002));
#5599=CARTESIAN_POINT('',(-0.0145,-0.038,0.022002));
#5600=CARTESIAN_POINT('',(-0.038,-0.038,0.022002));
#5601=CARTESIAN_POINT('',(-0.038,-0.02925,0.022002));
#5602=MECHANICAL_DESIGN_GEOMETRIC_PRESENTATION_REPRESENTATION('',(#3437),
#5603);
#5603=(
GEOMETRIC_REPRESENTATION_CONTEXT(3)
GLOBAL_UNCERTAINTY_ASSIGNED_CONTEXT((#5604))
GLOBAL_UNIT_ASSIGNED_CONTEXT((#5607,#5606,#5605))
REPRESENTATION_CONTEXT('Part 5','TOP_LEVEL_ASSEMBLY_PART')
);
#5604=UNCERTAINTY_MEASURE_WITH_UNIT(LENGTH_MEASURE(2.E-5),#5607,
'DISTANCE_ACCURACY_VALUE','Maximum Tolerance applied to model');
#5605=(
NAMED_UNIT(*)
SI_UNIT($,.STERADIAN.)
SOLID_ANGLE_UNIT()
);
#5606=(
NAMED_UNIT(*)
PLANE_ANGLE_UNIT()
SI_UNIT($,.RADIAN.)
);
#5607=(
LENGTH_UNIT()
NAMED_UNIT(*)
SI_UNIT($,.METRE.)
);
#5608=PRODUCT_DEFINITION_SHAPE('','',#5609);
#5609=PRODUCT_DEFINITION('','',#5611,#5610);
#5610=PRODUCT_DEFINITION_CONTEXT('',#5617,'design');
#5611=PRODUCT_DEFINITION_FORMATION_WITH_SPECIFIED_SOURCE('','',#5613,
 .NOT_KNOWN.);
#5612=PRODUCT_RELATED_PRODUCT_CATEGORY('','',(#5613));
#5613=PRODUCT('Part 5','Part 5','Part 5',(#5615));
#5614=PRODUCT_CATEGORY('','');
#5615=PRODUCT_CONTEXT('',#5617,'mechanical');
#5616=APPLICATION_PROTOCOL_DEFINITION('international standard',
'ap242_managed_model_based_3d_engineering',2020,#5617);
#5617=APPLICATION_CONTEXT('managed model based 3d engineering');
ENDSEC;
END-ISO-10303-21;
